solid STL file created by Vectorworks 2026 Update 4 (Build 854846)
 facet normal 0.00000000000000 0.00000000000000 1.00000000000000
  outer loop
   vertex 46.51335396849680 142.24999999996936 1.52942497472077
   vertex 45.52667671667158 141.89087884947739 1.52942497472077
   vertex 45.70900730322186 141.57507300979847 1.52942497472077
  endloop
 endfacet
 facet normal -0.00000000000000 0.00000000000000 1.00000000000000
  outer loop
   vertex 45.70900730322186 141.57507300979847 1.52942497472077
   vertex 45.98835396849679 141.34067332599568 1.52942497472077
   vertex 46.51335396849680 142.24999999996936 1.52942497472077
  endloop
 endfacet
 facet normal -0.00000000000000 0.00000000000000 1.00000000000000
  outer loop
   vertex 45.98835396849679 141.34067332599568 1.52942497472077
   vertex 46.33102338194651 141.21595185930653 1.52942497472077
   vertex 46.51335396849680 142.24999999996936 1.52942497472077
  endloop
 endfacet
 facet normal 0.00000000000000 0.00000000000000 1.00000000000000
  outer loop
   vertex 46.33102338194651 141.21595185930653 1.52942497472077
   vertex 46.69568455504708 141.21595185930653 1.52942497472077
   vertex 46.51335396849680 142.24999999996936 1.52942497472077
  endloop
 endfacet
 facet normal 0.00000000000000 -0.00000000000000 1.00000000000000
  outer loop
   vertex 46.69568455504708 141.21595185930653 1.52942497472077
   vertex 47.03835396849680 141.34067332599568 1.52942497472077
   vertex 46.51335396849680 142.24999999996936 1.52942497472077
  endloop
 endfacet
 facet normal 0.00000000000000 -0.00000000000000 1.00000000000000
  outer loop
   vertex 47.03835396849680 141.34067332599568 1.52942497472077
   vertex 47.31770063377173 141.57507300979847 1.52942497472077
   vertex 46.51335396849680 142.24999999996936 1.52942497472077
  endloop
 endfacet
 facet normal 0.00000000000000 -0.00000000000000 1.00000000000000
  outer loop
   vertex 47.31770063377173 141.57507300979847 1.52942497472077
   vertex 47.50003122032201 141.89087884947739 1.52942497472077
   vertex 46.51335396849680 142.24999999996936 1.52942497472077
  endloop
 endfacet
 facet normal 0.00000000000000 -0.00000000000000 1.00000000000000
  outer loop
   vertex 47.50003122032201 141.89087884947739 1.52942497472077
   vertex 47.56335396849680 142.24999999996936 1.52942497472077
   vertex 46.51335396849680 142.24999999996936 1.52942497472077
  endloop
 endfacet
 facet normal 0.00000000000000 0.00000000000000 1.00000000000000
  outer loop
   vertex 47.56335396849680 142.24999999996936 1.52942497472077
   vertex 47.50003122032201 142.60912115046131 1.52942497472077
   vertex 46.51335396849680 142.24999999996936 1.52942497472077
  endloop
 endfacet
 facet normal 0.00000000000000 0.00000000000000 1.00000000000000
  outer loop
   vertex 47.50003122032201 142.60912115046131 1.52942497472077
   vertex 47.31770063377173 142.92492699014022 1.52942497472077
   vertex 46.51335396849680 142.24999999996936 1.52942497472077
  endloop
 endfacet
 facet normal 0.00000000000000 0.00000000000000 1.00000000000000
  outer loop
   vertex 47.31770063377173 142.92492699014022 1.52942497472077
   vertex 47.03835396849680 143.15932667394301 1.52942497472077
   vertex 46.51335396849680 142.24999999996936 1.52942497472077
  endloop
 endfacet
 facet normal 0.00000000000000 0.00000000000000 1.00000000000000
  outer loop
   vertex 47.03835396849680 143.15932667394301 1.52942497472077
   vertex 46.69568455504708 143.28404814063217 1.52942497472077
   vertex 46.51335396849680 142.24999999996936 1.52942497472077
  endloop
 endfacet
 facet normal 0.00000000000000 0.00000000000000 1.00000000000000
  outer loop
   vertex 46.69568455504708 143.28404814063217 1.52942497472077
   vertex 46.33102338194651 143.28404814063217 1.52942497472077
   vertex 46.51335396849680 142.24999999996936 1.52942497472077
  endloop
 endfacet
 facet normal 0.00000000000000 0.00000000000000 1.00000000000000
  outer loop
   vertex 46.33102338194651 143.28404814063217 1.52942497472077
   vertex 45.98835396849679 143.15932667394301 1.52942497472077
   vertex 46.51335396849680 142.24999999996936 1.52942497472077
  endloop
 endfacet
 facet normal 0.00000000000000 0.00000000000000 1.00000000000000
  outer loop
   vertex 45.98835396849679 143.15932667394301 1.52942497472077
   vertex 45.70900730322186 142.92492699014022 1.52942497472077
   vertex 46.51335396849680 142.24999999996936 1.52942497472077
  endloop
 endfacet
 facet normal 0.00000000000000 0.00000000000000 1.00000000000000
  outer loop
   vertex 45.70900730322186 142.92492699014022 1.52942497472077
   vertex 45.52667671667158 142.60912115046131 1.52942497472077
   vertex 46.51335396849680 142.24999999996936 1.52942497472077
  endloop
 endfacet
 facet normal -0.00000000000000 -0.00000000000000 1.00000000000000
  outer loop
   vertex 45.52667671667158 142.60912115046131 1.52942497472077
   vertex 45.46335396849678 142.24999999996936 1.52942497472077
   vertex 46.51335396849680 142.24999999996936 1.52942497472077
  endloop
 endfacet
 facet normal -0.00000000000000 0.00000000000000 1.00000000000000
  outer loop
   vertex 45.46335396849678 142.24999999996936 1.52942497472077
   vertex 45.52667671667158 141.89087884947739 1.52942497472077
   vertex 46.51335396849680 142.24999999996936 1.52942497472077
  endloop
 endfacet
 facet normal -0.98480775301221 -0.17364817766690 0.00000000000000
  outer loop
   vertex 47.50003122032201 142.60912115046131 1.52942497472077
   vertex 47.56335396849680 142.24999999996936 1.52942497472077
   vertex 47.56335396849680 142.24999999996936 4.52942497472077
  endloop
 endfacet
 facet normal -0.86602540378443 -0.50000000000002 -0.00000000000000
  outer loop
   vertex 47.31770063377173 142.92492699014022 1.52942497472077
   vertex 47.50003122032201 142.60912115046131 1.52942497472077
   vertex 47.50003122032201 142.60912115046131 4.52942497472077
  endloop
 endfacet
 facet normal -0.64278760968653 -0.76604444311898 -0.00000000000000
  outer loop
   vertex 47.03835396849680 143.15932667394301 1.52942497472077
   vertex 47.31770063377173 142.92492699014022 1.52942497472077
   vertex 47.31770063377173 142.92492699014022 4.52942497472077
  endloop
 endfacet
 facet normal -0.34202014332566 -0.93969262078591 -0.00000000000000
  outer loop
   vertex 46.69568455504708 143.28404814063217 1.52942497472077
   vertex 47.03835396849680 143.15932667394301 1.52942497472077
   vertex 47.03835396849680 143.15932667394301 4.52942497472077
  endloop
 endfacet
 facet normal 0.00000000000000 -1.00000000000000 0.00000000000000
  outer loop
   vertex 46.33102338194651 143.28404814063217 1.52942497472077
   vertex 46.69568455504708 143.28404814063217 1.52942497472077
   vertex 46.69568455504708 143.28404814063217 4.52942497472077
  endloop
 endfacet
 facet normal 0.34202014332566 -0.93969262078591 0.00000000000000
  outer loop
   vertex 45.98835396849679 143.15932667394301 1.52942497472077
   vertex 46.33102338194651 143.28404814063217 1.52942497472077
   vertex 46.33102338194651 143.28404814063217 4.52942497472077
  endloop
 endfacet
 facet normal 0.64278760968653 -0.76604444311898 0.00000000000000
  outer loop
   vertex 45.70900730322186 142.92492699014022 1.52942497472077
   vertex 45.98835396849679 143.15932667394301 1.52942497472077
   vertex 45.98835396849679 143.15932667394301 4.52942497472077
  endloop
 endfacet
 facet normal 0.86602540378444 -0.50000000000000 -0.00000000000000
  outer loop
   vertex 45.52667671667158 142.60912115046131 1.52942497472077
   vertex 45.70900730322186 142.92492699014022 1.52942497472077
   vertex 45.70900730322186 142.92492699014022 4.52942497472077
  endloop
 endfacet
 facet normal 0.98480775301221 -0.17364817766694 0.00000000000000
  outer loop
   vertex 45.46335396849678 142.24999999996936 1.52942497472077
   vertex 45.52667671667158 142.60912115046131 1.52942497472077
   vertex 45.52667671667158 142.60912115046131 4.52942497472077
  endloop
 endfacet
 facet normal 0.98480775301221 0.17364817766693 -0.00000000000000
  outer loop
   vertex 45.52667671667158 141.89087884947739 1.52942497472077
   vertex 45.46335396849678 142.24999999996936 1.52942497472077
   vertex 45.46335396849678 142.24999999996936 4.52942497472077
  endloop
 endfacet
 facet normal 0.86602540378444 0.50000000000000 0.00000000000000
  outer loop
   vertex 45.70900730322186 141.57507300979847 1.52942497472077
   vertex 45.52667671667158 141.89087884947739 1.52942497472077
   vertex 45.52667671667158 141.89087884947739 4.52942497472077
  endloop
 endfacet
 facet normal 0.64278760968653 0.76604444311898 -0.00000000000000
  outer loop
   vertex 45.98835396849679 141.34067332599568 1.52942497472077
   vertex 45.70900730322186 141.57507300979847 1.52942497472077
   vertex 45.70900730322186 141.57507300979847 4.52942497472077
  endloop
 endfacet
 facet normal 0.34202014332566 0.93969262078591 -0.00000000000000
  outer loop
   vertex 46.33102338194651 141.21595185930653 1.52942497472077
   vertex 45.98835396849679 141.34067332599568 1.52942497472077
   vertex 45.98835396849679 141.34067332599568 4.52942497472077
  endloop
 endfacet
 facet normal 0.00000000000000 1.00000000000000 0.00000000000000
  outer loop
   vertex 46.69568455504708 141.21595185930653 1.52942497472077
   vertex 46.33102338194651 141.21595185930653 1.52942497472077
   vertex 46.33102338194651 141.21595185930653 4.52942497472077
  endloop
 endfacet
 facet normal -0.34202014332566 0.93969262078591 0.00000000000000
  outer loop
   vertex 47.03835396849680 141.34067332599568 1.52942497472077
   vertex 46.69568455504708 141.21595185930653 1.52942497472077
   vertex 46.69568455504708 141.21595185930653 4.52942497472077
  endloop
 endfacet
 facet normal -0.64278760968653 0.76604444311898 0.00000000000000
  outer loop
   vertex 47.31770063377173 141.57507300979847 1.52942497472077
   vertex 47.03835396849680 141.34067332599568 1.52942497472077
   vertex 47.03835396849680 141.34067332599568 4.52942497472077
  endloop
 endfacet
 facet normal -0.86602540378443 0.50000000000002 0.00000000000000
  outer loop
   vertex 47.50003122032201 141.89087884947739 1.52942497472077
   vertex 47.31770063377173 141.57507300979847 1.52942497472077
   vertex 47.31770063377173 141.57507300979847 4.52942497472077
  endloop
 endfacet
 facet normal -0.98480775301222 0.17364817766689 0.00000000000000
  outer loop
   vertex 47.56335396849680 142.24999999996936 1.52942497472077
   vertex 47.50003122032201 141.89087884947739 1.52942497472077
   vertex 47.50003122032201 141.89087884947739 4.52942497472077
  endloop
 endfacet
 facet normal -0.98480775301222 0.17364817766689 0.00000000000000
  outer loop
   vertex 47.50003122032201 141.89087884947739 4.52942497472077
   vertex 47.56335396849680 142.24999999996936 4.52942497472077
   vertex 47.56335396849680 142.24999999996936 1.52942497472077
  endloop
 endfacet
 facet normal -0.86602540378443 0.50000000000002 0.00000000000000
  outer loop
   vertex 47.31770063377173 141.57507300979847 4.52942497472077
   vertex 47.50003122032201 141.89087884947739 4.52942497472077
   vertex 47.50003122032201 141.89087884947739 1.52942497472077
  endloop
 endfacet
 facet normal -0.64278760968653 0.76604444311898 0.00000000000000
  outer loop
   vertex 47.03835396849680 141.34067332599568 4.52942497472077
   vertex 47.31770063377173 141.57507300979847 4.52942497472077
   vertex 47.31770063377173 141.57507300979847 1.52942497472077
  endloop
 endfacet
 facet normal -0.34202014332566 0.93969262078591 0.00000000000000
  outer loop
   vertex 46.69568455504708 141.21595185930653 4.52942497472077
   vertex 47.03835396849680 141.34067332599568 4.52942497472077
   vertex 47.03835396849680 141.34067332599568 1.52942497472077
  endloop
 endfacet
 facet normal -0.00000000000000 1.00000000000000 0.00000000000000
  outer loop
   vertex 46.33102338194651 141.21595185930653 4.52942497472077
   vertex 46.69568455504708 141.21595185930653 4.52942497472077
   vertex 46.69568455504708 141.21595185930653 1.52942497472077
  endloop
 endfacet
 facet normal 0.34202014332566 0.93969262078591 -0.00000000000000
  outer loop
   vertex 45.98835396849679 141.34067332599568 4.52942497472077
   vertex 46.33102338194651 141.21595185930653 4.52942497472077
   vertex 46.33102338194651 141.21595185930653 1.52942497472077
  endloop
 endfacet
 facet normal 0.64278760968653 0.76604444311898 -0.00000000000000
  outer loop
   vertex 45.70900730322186 141.57507300979847 4.52942497472077
   vertex 45.98835396849679 141.34067332599568 4.52942497472077
   vertex 45.98835396849679 141.34067332599568 1.52942497472077
  endloop
 endfacet
 facet normal 0.86602540378444 0.50000000000000 0.00000000000000
  outer loop
   vertex 45.52667671667158 141.89087884947739 4.52942497472077
   vertex 45.70900730322186 141.57507300979847 4.52942497472077
   vertex 45.70900730322186 141.57507300979847 1.52942497472077
  endloop
 endfacet
 facet normal 0.98480775301221 0.17364817766693 -0.00000000000000
  outer loop
   vertex 45.46335396849678 142.24999999996936 4.52942497472077
   vertex 45.52667671667158 141.89087884947739 4.52942497472077
   vertex 45.52667671667158 141.89087884947739 1.52942497472077
  endloop
 endfacet
 facet normal 0.98480775301221 -0.17364817766694 0.00000000000000
  outer loop
   vertex 45.52667671667158 142.60912115046131 4.52942497472077
   vertex 45.46335396849678 142.24999999996936 4.52942497472077
   vertex 45.46335396849678 142.24999999996936 1.52942497472077
  endloop
 endfacet
 facet normal 0.86602540378444 -0.50000000000000 -0.00000000000000
  outer loop
   vertex 45.70900730322186 142.92492699014022 4.52942497472077
   vertex 45.52667671667158 142.60912115046131 4.52942497472077
   vertex 45.52667671667158 142.60912115046131 1.52942497472077
  endloop
 endfacet
 facet normal 0.64278760968653 -0.76604444311898 0.00000000000000
  outer loop
   vertex 45.98835396849679 143.15932667394301 4.52942497472077
   vertex 45.70900730322186 142.92492699014022 4.52942497472077
   vertex 45.70900730322186 142.92492699014022 1.52942497472077
  endloop
 endfacet
 facet normal 0.34202014332566 -0.93969262078591 0.00000000000000
  outer loop
   vertex 46.33102338194651 143.28404814063217 4.52942497472077
   vertex 45.98835396849679 143.15932667394301 4.52942497472077
   vertex 45.98835396849679 143.15932667394301 1.52942497472077
  endloop
 endfacet
 facet normal -0.00000000000000 -1.00000000000000 0.00000000000000
  outer loop
   vertex 46.69568455504708 143.28404814063217 4.52942497472077
   vertex 46.33102338194651 143.28404814063217 4.52942497472077
   vertex 46.33102338194651 143.28404814063217 1.52942497472077
  endloop
 endfacet
 facet normal -0.34202014332566 -0.93969262078591 -0.00000000000000
  outer loop
   vertex 47.03835396849680 143.15932667394301 4.52942497472077
   vertex 46.69568455504708 143.28404814063217 4.52942497472077
   vertex 46.69568455504708 143.28404814063217 1.52942497472077
  endloop
 endfacet
 facet normal -0.64278760968653 -0.76604444311898 -0.00000000000000
  outer loop
   vertex 47.31770063377173 142.92492699014022 4.52942497472077
   vertex 47.03835396849680 143.15932667394301 4.52942497472077
   vertex 47.03835396849680 143.15932667394301 1.52942497472077
  endloop
 endfacet
 facet normal -0.86602540378443 -0.50000000000002 -0.00000000000000
  outer loop
   vertex 47.50003122032201 142.60912115046131 4.52942497472077
   vertex 47.31770063377173 142.92492699014022 4.52942497472077
   vertex 47.31770063377173 142.92492699014022 1.52942497472077
  endloop
 endfacet
 facet normal -0.98480775301221 -0.17364817766690 0.00000000000000
  outer loop
   vertex 47.56335396849680 142.24999999996936 4.52942497472077
   vertex 47.50003122032201 142.60912115046131 4.52942497472077
   vertex 47.50003122032201 142.60912115046131 1.52942497472077
  endloop
 endfacet
 facet normal 0.00000000000000 0.00000000000000 1.00000000000000
  outer loop
   vertex 45.70900730322186 141.57507300979847 4.52942497472077
   vertex 44.96269094262071 140.04894348367301 4.52942497472077
   vertex 45.27170793699565 139.99999999996820 4.52942497472077
  endloop
 endfacet
 facet normal 0.00000000000000 0.00000000000000 1.00000000000000
  outer loop
   vertex 45.70900730322186 141.57507300979847 4.52942497472077
   vertex 44.68392268470317 140.19098300559321 4.52942497472077
   vertex 44.96269094262071 140.04894348367301 4.52942497472077
  endloop
 endfacet
 facet normal 0.00000000000000 0.00000000000000 1.00000000000000
  outer loop
   vertex 47.31770063377173 142.92492699014022 4.52942497472077
   vertex 48.01887304996328 144.46455741842834 4.52942497472077
   vertex 47.75499999999792 144.49999999997050 4.52942497472077
  endloop
 endfacet
 facet normal 0.00000000000000 0.00000000000000 1.00000000000000
  outer loop
   vertex 47.31770063377173 142.92492699014022 4.52942497472077
   vertex 48.57314971742292 144.07500525201382 4.52942497472077
   vertex 48.33000525204120 144.31814971739553 4.52942497472077
  endloop
 endfacet
 facet normal 0.00000000000000 0.00000000000000 1.00000000000000
  outer loop
   vertex 45.70900730322186 142.92492699014022 4.52942497472077
   vertex 44.32065142070052 143.80901699434543 4.52942497472077
   vertex 44.27170793699566 143.49999999997053 4.52942497472077
  endloop
 endfacet
 facet normal 0.00000000000000 0.00000000000000 1.00000000000000
  outer loop
   vertex 44.27170793699566 143.49999999997053 4.52942497472077
   vertex 44.27170793699566 140.99999999996817 4.52942497472077
   vertex 45.46335396849678 142.24999999996936 4.52942497472077
  endloop
 endfacet
 facet normal 0.00000000000000 0.00000000000000 1.00000000000000
  outer loop
   vertex 45.70900730322186 141.57507300979847 4.52942497472077
   vertex 44.46269094262070 140.41221474767570 4.52942497472077
   vertex 44.68392268470317 140.19098300559321 4.52942497472077
  endloop
 endfacet
 facet normal 0.00000000000000 0.00000000000000 1.00000000000000
  outer loop
   vertex 47.31770063377173 141.57507300979847 4.52942497472077
   vertex 48.01887304996328 140.03544258151038 4.52942497472077
   vertex 48.33000525204120 140.18185028254317 4.52942497472077
  endloop
 endfacet
 facet normal 0.00000000000000 0.00000000000000 1.00000000000000
  outer loop
   vertex 47.31770063377173 141.57507300979847 4.52942497472077
   vertex 47.03835396849680 141.34067332599568 4.52942497472077
   vertex 47.75499999999792 139.99999999996820 4.52942497472077
  endloop
 endfacet
 facet normal 0.00000000000000 0.00000000000000 1.00000000000000
  outer loop
   vertex 48.33000525204120 144.31814971739553 4.52942497472077
   vertex 48.01887304996328 144.46455741842834 4.52942497472077
   vertex 47.31770063377173 142.92492699014022 4.52942497472077
  endloop
 endfacet
 facet normal 0.00000000000000 0.00000000000000 1.00000000000000
  outer loop
   vertex 45.70900730322186 142.92492699014022 4.52942497472077
   vertex 44.96269094262072 144.45105651626562 4.52942497472077
   vertex 44.68392268470321 144.30901699434540 4.52942497472077
  endloop
 endfacet
 facet normal 0.00000000000000 -0.00000000000000 1.00000000000000
  outer loop
   vertex 45.70900730322186 142.92492699014022 4.52942497472077
   vertex 45.98835396849679 143.15932667394301 4.52942497472077
   vertex 45.27170793699565 144.49999999997050 4.52942497472077
  endloop
 endfacet
 facet normal 0.00000000000000 0.00000000000000 1.00000000000000
  outer loop
   vertex 45.70900730322186 142.92492699014022 4.52942497472077
   vertex 44.46269094262072 144.08778525226293 4.52942497472077
   vertex 44.32065142070052 143.80901699434543 4.52942497472077
  endloop
 endfacet
 facet normal 0.00000000000000 0.00000000000000 1.00000000000000
  outer loop
   vertex 44.27170793699566 140.99999999996817 4.52942497472077
   vertex 45.52667671667158 141.89087884947739 4.52942497472077
   vertex 45.46335396849678 142.24999999996936 4.52942497472077
  endloop
 endfacet
 facet normal 0.00000000000000 0.00000000000000 1.00000000000000
  outer loop
   vertex 45.70900730322186 141.57507300979847 4.52942497472077
   vertex 45.52667671667158 141.89087884947739 4.52942497472077
   vertex 44.27170793699566 140.99999999996817 4.52942497472077
  endloop
 endfacet
 facet normal 0.00000000000000 0.00000000000000 1.00000000000000
  outer loop
   vertex 45.27170793699565 139.99999999996820 4.52942497472077
   vertex 46.33102338194651 141.21595185930653 4.52942497472077
   vertex 45.98835396849679 141.34067332599568 4.52942497472077
  endloop
 endfacet
 facet normal 0.00000000000000 0.00000000000000 1.00000000000000
  outer loop
   vertex 47.75499999999792 139.99999999996820 4.52942497472077
   vertex 46.69568455504708 141.21595185930653 4.52942497472077
   vertex 46.33102338194651 141.21595185930653 4.52942497472077
  endloop
 endfacet
 facet normal 0.00000000000000 -0.00000000000000 1.00000000000000
  outer loop
   vertex 47.75499999999792 139.99999999996820 4.52942497472077
   vertex 48.01887304996328 140.03544258151038 4.52942497472077
   vertex 47.31770063377173 141.57507300979847 4.52942497472077
  endloop
 endfacet
 facet normal -0.00000000000000 0.00000000000000 1.00000000000000
  outer loop
   vertex 47.31770063377173 142.92492699014022 4.52942497472077
   vertex 47.50003122032201 142.60912115046131 4.52942497472077
   vertex 48.75499999999792 143.49999999997053 4.52942497472077
  endloop
 endfacet
 facet normal 0.00000000000000 0.00000000000000 1.00000000000000
  outer loop
   vertex 47.75499999999792 144.49999999997050 4.52942497472077
   vertex 46.69568455504708 143.28404814063217 4.52942497472077
   vertex 47.03835396849680 143.15932667394301 4.52942497472077
  endloop
 endfacet
 facet normal 0.00000000000000 0.00000000000000 1.00000000000000
  outer loop
   vertex 47.75499999999792 144.49999999997050 4.52942497472077
   vertex 45.27170793699565 144.49999999997050 4.52942497472077
   vertex 46.33102338194651 143.28404814063217 4.52942497472077
  endloop
 endfacet
 facet normal 0.00000000000000 0.00000000000000 1.00000000000000
  outer loop
   vertex 45.27170793699565 144.49999999997050 4.52942497472077
   vertex 44.96269094262072 144.45105651626562 4.52942497472077
   vertex 45.70900730322186 142.92492699014022 4.52942497472077
  endloop
 endfacet
 facet normal 0.00000000000000 -0.00000000000000 1.00000000000000
  outer loop
   vertex 45.46335396849678 142.24999999996936 4.52942497472077
   vertex 45.52667671667158 142.60912115046131 4.52942497472077
   vertex 44.27170793699566 143.49999999997053 4.52942497472077
  endloop
 endfacet
 facet normal -0.00000000000000 0.00000000000000 1.00000000000000
  outer loop
   vertex 44.27170793699566 140.99999999996817 4.52942497472077
   vertex 44.32065142070049 140.69098300559321 4.52942497472077
   vertex 45.70900730322186 141.57507300979847 4.52942497472077
  endloop
 endfacet
 facet normal 0.00000000000000 0.00000000000000 1.00000000000000
  outer loop
   vertex 46.33102338194651 141.21595185930653 4.52942497472077
   vertex 45.27170793699565 139.99999999996820 4.52942497472077
   vertex 47.75499999999792 139.99999999996820 4.52942497472077
  endloop
 endfacet
 facet normal 0.00000000000000 -0.00000000000000 1.00000000000000
  outer loop
   vertex 48.33000525204120 140.18185028254317 4.52942497472077
   vertex 48.57314971742292 140.42499474792490 4.52942497472077
   vertex 47.31770063377173 141.57507300979847 4.52942497472077
  endloop
 endfacet
 facet normal 0.00000000000000 0.00000000000000 1.00000000000000
  outer loop
   vertex 47.31770063377173 141.57507300979847 4.52942497472077
   vertex 48.71955741845569 140.73612695000281 4.52942497472077
   vertex 48.75499999999792 140.99999999996817 4.52942497472077
  endloop
 endfacet
 facet normal 0.00000000000000 0.00000000000000 1.00000000000000
  outer loop
   vertex 48.75499999999792 143.49999999997053 4.52942497472077
   vertex 48.71955741845571 143.76387304993591 4.52942497472077
   vertex 47.31770063377173 142.92492699014022 4.52942497472077
  endloop
 endfacet
 facet normal 0.00000000000000 0.00000000000000 1.00000000000000
  outer loop
   vertex 46.33102338194651 143.28404814063217 4.52942497472077
   vertex 46.69568455504708 143.28404814063217 4.52942497472077
   vertex 47.75499999999792 144.49999999997050 4.52942497472077
  endloop
 endfacet
 facet normal 0.00000000000000 0.00000000000000 1.00000000000000
  outer loop
   vertex 44.68392268470321 144.30901699434540 4.52942497472077
   vertex 44.46269094262072 144.08778525226293 4.52942497472077
   vertex 45.70900730322186 142.92492699014022 4.52942497472077
  endloop
 endfacet
 facet normal -0.00000000000000 0.00000000000000 1.00000000000000
  outer loop
   vertex 44.32065142070049 140.69098300559321 4.52942497472077
   vertex 44.46269094262070 140.41221474767570 4.52942497472077
   vertex 45.70900730322186 141.57507300979847 4.52942497472077
  endloop
 endfacet
 facet normal 0.00000000000000 0.00000000000000 1.00000000000000
  outer loop
   vertex 47.03835396849680 141.34067332599568 4.52942497472077
   vertex 46.69568455504708 141.21595185930653 4.52942497472077
   vertex 47.75499999999792 139.99999999996820 4.52942497472077
  endloop
 endfacet
 facet normal 0.00000000000000 0.00000000000000 1.00000000000000
  outer loop
   vertex 47.31770063377173 141.57507300979847 4.52942497472077
   vertex 48.57314971742292 140.42499474792490 4.52942497472077
   vertex 48.71955741845569 140.73612695000281 4.52942497472077
  endloop
 endfacet
 facet normal 0.00000000000000 -0.00000000000000 1.00000000000000
  outer loop
   vertex 48.75499999999792 140.99999999996817 4.52942497472077
   vertex 48.75499999999792 143.49999999997053 4.52942497472077
   vertex 47.56335396849680 142.24999999996936 4.52942497472077
  endloop
 endfacet
 facet normal 0.00000000000000 0.00000000000000 1.00000000000000
  outer loop
   vertex 48.71955741845571 143.76387304993591 4.52942497472077
   vertex 48.57314971742292 144.07500525201382 4.52942497472077
   vertex 47.31770063377173 142.92492699014022 4.52942497472077
  endloop
 endfacet
 facet normal 0.00000000000000 -0.00000000000000 1.00000000000000
  outer loop
   vertex 45.98835396849679 143.15932667394301 4.52942497472077
   vertex 46.33102338194651 143.28404814063217 4.52942497472077
   vertex 45.27170793699565 144.49999999997050 4.52942497472077
  endloop
 endfacet
 facet normal 0.00000000000000 0.00000000000000 1.00000000000000
  outer loop
   vertex 45.27170793699565 139.99999999996820 4.52942497472077
   vertex 45.98835396849679 141.34067332599568 4.52942497472077
   vertex 45.70900730322186 141.57507300979847 4.52942497472077
  endloop
 endfacet
 facet normal 0.00000000000000 0.00000000000000 1.00000000000000
  outer loop
   vertex 47.56335396849680 142.24999999996936 4.52942497472077
   vertex 47.50003122032201 141.89087884947739 4.52942497472077
   vertex 48.75499999999792 140.99999999996817 4.52942497472077
  endloop
 endfacet
 facet normal 0.00000000000000 0.00000000000000 1.00000000000000
  outer loop
   vertex 47.75499999999792 144.49999999997050 4.52942497472077
   vertex 47.03835396849680 143.15932667394301 4.52942497472077
   vertex 47.31770063377173 142.92492699014022 4.52942497472077
  endloop
 endfacet
 facet normal 0.00000000000000 0.00000000000000 1.00000000000000
  outer loop
   vertex 48.75499999999792 140.99999999996817 4.52942497472077
   vertex 47.50003122032201 141.89087884947739 4.52942497472077
   vertex 47.31770063377173 141.57507300979847 4.52942497472077
  endloop
 endfacet
 facet normal 0.00000000000000 0.00000000000000 1.00000000000000
  outer loop
   vertex 44.27170793699566 143.49999999997053 4.52942497472077
   vertex 45.52667671667158 142.60912115046131 4.52942497472077
   vertex 45.70900730322186 142.92492699014022 4.52942497472077
  endloop
 endfacet
 facet normal -0.00000000000000 0.00000000000000 1.00000000000000
  outer loop
   vertex 47.50003122032201 142.60912115046131 4.52942497472077
   vertex 47.56335396849680 142.24999999996936 4.52942497472077
   vertex 48.75499999999792 143.49999999997053 4.52942497472077
  endloop
 endfacet
 facet normal -0.15643446504014 -0.98768834059515 0.00000000000000
  outer loop
   vertex 45.27170793699565 139.99999999996820 -2.17077142648073
   vertex 45.27170793699565 139.99999999996820 4.52942497472077
   vertex 44.96269094262070 140.04894348367301 4.52942497472077
  endloop
 endfacet
 facet normal -0.45399049973953 -0.89100652418838 0.00000000000000
  outer loop
   vertex 44.96269094262070 140.04894348367301 -2.17077142648073
   vertex 44.96269094262070 140.04894348367301 4.52942497472077
   vertex 44.68392268470318 140.19098300559321 4.52942497472077
  endloop
 endfacet
 facet normal -0.70710678118658 -0.70710678118651 0.00000000000000
  outer loop
   vertex 44.68392268470318 140.19098300559321 -2.17077142648073
   vertex 44.68392268470318 140.19098300559321 4.52942497472077
   vertex 44.46269094262070 140.41221474767570 4.52942497472077
  endloop
 endfacet
 facet normal -0.89100652418836 -0.45399049973957 0.00000000000000
  outer loop
   vertex 44.46269094262070 140.41221474767570 -2.17077142648073
   vertex 44.46269094262070 140.41221474767570 4.52942497472077
   vertex 44.32065142070050 140.69098300559321 4.52942497472077
  endloop
 endfacet
 facet normal -0.98768834059514 -0.15643446504020 0.00000000000000
  outer loop
   vertex 44.32065142070050 140.69098300559321 -2.17077142648073
   vertex 44.32065142070050 140.69098300559321 4.52942497472077
   vertex 44.27170793699566 140.99999999996817 4.52942497472077
  endloop
 endfacet
 facet normal -0.98768834059514 -0.15643446504020 -0.00000000000000
  outer loop
   vertex 44.27170793699566 140.99999999996817 4.52942497472077
   vertex 44.27170793699566 140.99999999996817 -2.17077142648073
   vertex 44.32065142070050 140.69098300559321 -2.17077142648073
  endloop
 endfacet
 facet normal -0.89100652418836 -0.45399049973957 -0.00000000000000
  outer loop
   vertex 44.32065142070050 140.69098300559321 4.52942497472077
   vertex 44.32065142070050 140.69098300559321 -2.17077142648073
   vertex 44.46269094262070 140.41221474767570 -2.17077142648073
  endloop
 endfacet
 facet normal -0.70710678118658 -0.70710678118651 -0.00000000000000
  outer loop
   vertex 44.46269094262070 140.41221474767570 4.52942497472077
   vertex 44.46269094262070 140.41221474767570 -2.17077142648073
   vertex 44.68392268470318 140.19098300559321 -2.17077142648073
  endloop
 endfacet
 facet normal -0.45399049973953 -0.89100652418838 -0.00000000000000
  outer loop
   vertex 44.68392268470318 140.19098300559321 4.52942497472077
   vertex 44.68392268470318 140.19098300559321 -2.17077142648073
   vertex 44.96269094262070 140.04894348367301 -2.17077142648073
  endloop
 endfacet
 facet normal -0.15643446504014 -0.98768834059515 -0.00000000000000
  outer loop
   vertex 44.96269094262070 140.04894348367301 4.52942497472077
   vertex 44.96269094262070 140.04894348367301 -2.17077142648073
   vertex 45.27170793699565 139.99999999996820 -2.17077142648073
  endloop
 endfacet
 facet normal -1.00000000000000 0.00000000000000 0.00000000000000
  outer loop
   vertex 44.27170793699566 140.99999999996817 4.52942497472077
   vertex 44.27170793699566 143.49999999997053 4.52942497472077
   vertex 44.27170793699566 143.49999999997044 -2.17077142648073
  endloop
 endfacet
 facet normal -1.00000000000000 0.00000000000000 0.00000000000000
  outer loop
   vertex 44.27170793699566 143.49999999997044 -2.17077142648073
   vertex 44.27170793699566 140.99999999996817 -2.17077142648073
   vertex 44.27170793699566 140.99999999996817 4.52942497472077
  endloop
 endfacet
 facet normal -0.98768834059513 0.15643446504028 -0.00000000000000
  outer loop
   vertex 44.27170793699566 143.49999999997044 -2.17077142648073
   vertex 44.27170793699566 143.49999999997053 4.52942497472077
   vertex 44.32065142070051 143.80901699434543 4.52942497472077
  endloop
 endfacet
 facet normal -0.89100652418836 0.45399049973957 0.00000000000000
  outer loop
   vertex 44.32065142070051 143.80901699434543 -2.17077142648073
   vertex 44.32065142070051 143.80901699434543 4.52942497472077
   vertex 44.46269094262072 144.08778525226293 4.52942497472077
  endloop
 endfacet
 facet normal -0.70710678118654 0.70710678118656 0.00000000000000
  outer loop
   vertex 44.46269094262072 144.08778525226293 -2.17077142648073
   vertex 44.46269094262072 144.08778525226293 4.52942497472077
   vertex 44.68392268470319 144.30901699434540 4.52942497472077
  endloop
 endfacet
 facet normal -0.45399049973958 0.89100652418835 0.00000000000000
  outer loop
   vertex 44.68392268470319 144.30901699434540 -2.17077142648073
   vertex 44.68392268470319 144.30901699434540 4.52942497472077
   vertex 44.96269094262072 144.45105651626562 4.52942497472077
  endloop
 endfacet
 facet normal -0.15643446504033 0.98768834059512 0.00000000000000
  outer loop
   vertex 44.96269094262072 144.45105651626562 -2.17077142648073
   vertex 44.96269094262072 144.45105651626562 4.52942497472077
   vertex 45.27170793699565 144.49999999997050 4.52942497472077
  endloop
 endfacet
 facet normal -0.15643446504031 0.98768834059512 -0.00000000000000
  outer loop
   vertex 45.27170793699565 144.49999999997050 4.52942497472077
   vertex 45.27170793699568 144.49999999997050 -2.17077142648073
   vertex 44.96269094262072 144.45105651626562 -2.17077142648073
  endloop
 endfacet
 facet normal -0.45399049973958 0.89100652418835 0.00000000000000
  outer loop
   vertex 44.96269094262072 144.45105651626562 4.52942497472077
   vertex 44.96269094262072 144.45105651626562 -2.17077142648073
   vertex 44.68392268470319 144.30901699434540 -2.17077142648073
  endloop
 endfacet
 facet normal -0.70710678118654 0.70710678118656 0.00000000000000
  outer loop
   vertex 44.68392268470319 144.30901699434540 4.52942497472077
   vertex 44.68392268470319 144.30901699434540 -2.17077142648073
   vertex 44.46269094262072 144.08778525226293 -2.17077142648073
  endloop
 endfacet
 facet normal -0.89100652418836 0.45399049973957 0.00000000000000
  outer loop
   vertex 44.46269094262072 144.08778525226293 4.52942497472077
   vertex 44.46269094262072 144.08778525226293 -2.17077142648073
   vertex 44.32065142070051 143.80901699434543 -2.17077142648073
  endloop
 endfacet
 facet normal -0.98768834059514 0.15643446504023 0.00000000000000
  outer loop
   vertex 44.32065142070051 143.80901699434543 4.52942497472077
   vertex 44.32065142070051 143.80901699434543 -2.17077142648073
   vertex 44.27170793699566 143.49999999997044 -2.17077142648073
  endloop
 endfacet
 facet normal 0.42577929156516 0.90482705246598 -0.00000000000000
  outer loop
   vertex 48.01887304996329 144.46455741842834 3.22942497472077
   vertex 48.01887304996329 144.46455741842834 4.52942497472077
   vertex 48.33000525204120 144.31814971739553 4.52942497472077
  endloop
 endfacet
 facet normal 0.70710678118650 0.70710678118660 -0.00000000000000
  outer loop
   vertex 48.33000525204120 144.31814971739553 3.22942497472077
   vertex 48.33000525204120 144.31814971739553 4.52942497472077
   vertex 48.57314971742294 144.07500525201382 4.52942497472077
  endloop
 endfacet
 facet normal 0.90482705246603 0.42577929156506 -0.00000000000000
  outer loop
   vertex 48.57314971742294 144.07500525201382 3.22942497472077
   vertex 48.57314971742294 144.07500525201382 4.52942497472077
   vertex 48.71955741845571 143.76387304993591 4.52942497472077
  endloop
 endfacet
 facet normal 0.13312133852639 0.99109974736600 -0.00000000000000
  outer loop
   vertex 47.75499999999792 144.49999999997050 4.52942497472077
   vertex 48.01887304996329 144.46455741842834 4.52942497472077
   vertex 48.01887304996329 144.46455741842834 3.22942497472077
  endloop
 endfacet
 facet normal 0.99109974736597 0.13312133852659 -0.00000000000000
  outer loop
   vertex 48.71955741845571 143.76387304993591 3.22942497472077
   vertex 48.71955741845571 143.76387304993591 4.52942497472077
   vertex 48.75499999999792 143.49999999997053 4.52942497472077
  endloop
 endfacet
 facet normal 0.99109974736597 0.13312133852659 0.00000000000000
  outer loop
   vertex 48.75499999999792 143.49999999997053 4.52942497472077
   vertex 48.75499999999792 143.49999999997053 3.22809105762077
   vertex 48.71955741845571 143.76387304993591 3.22942497472077
  endloop
 endfacet
 facet normal 0.13312154055479 0.99109972023017 0.00000004174740
  outer loop
   vertex 48.01887304996329 144.46455741842834 3.22942497472077
   vertex 47.75500040810517 144.49999999996993 3.22809105762021
   vertex 47.75499999999792 144.49999999997050 4.52942497472077
  endloop
 endfacet
 facet normal 0.90482705246603 0.42577929156506 0.00000000000000
  outer loop
   vertex 48.71955741845571 143.76387304993591 4.52942497472077
   vertex 48.71955741845571 143.76387304993591 3.22942497472077
   vertex 48.57314971742294 144.07500525201382 3.22942497472077
  endloop
 endfacet
 facet normal 0.70710678118650 0.70710678118660 0.00000000000000
  outer loop
   vertex 48.57314971742294 144.07500525201382 4.52942497472077
   vertex 48.57314971742294 144.07500525201382 3.22942497472077
   vertex 48.33000525204120 144.31814971739553 3.22942497472077
  endloop
 endfacet
 facet normal 0.42577929156516 0.90482705246598 0.00000000000000
  outer loop
   vertex 48.33000525204120 144.31814971739553 4.52942497472077
   vertex 48.33000525204120 144.31814971739553 3.22942497472077
   vertex 48.01887304996329 144.46455741842834 3.22942497472077
  endloop
 endfacet
 facet normal 1.00000000000000 -0.00000000000001 -0.00000000000002
  outer loop
   vertex 48.75499999999792 140.99999999996817 4.52942497472077
   vertex 48.75499999999790 140.99999999996817 3.22809105762077
   vertex 48.75499999999792 143.49999999997053 3.22809105762077
  endloop
 endfacet
 facet normal 1.00000000000000 0.00000000000000 -0.00000000000000
  outer loop
   vertex 48.75499999999792 143.49999999997053 3.22809105762077
   vertex 48.75499999999792 143.49999999997053 4.52942497472077
   vertex 48.75499999999792 140.99999999996817 4.52942497472077
  endloop
 endfacet
 facet normal 0.90482705246604 -0.42577929156502 0.00000000000000
  outer loop
   vertex 48.71955741845569 140.73612695000281 3.22942497472077
   vertex 48.71955741845569 140.73612695000281 4.52942497472077
   vertex 48.57314971742294 140.42499474792490 4.52942497472077
  endloop
 endfacet
 facet normal 0.70710678118654 -0.70710678118656 0.00000000000000
  outer loop
   vertex 48.57314971742294 140.42499474792490 3.22942497472077
   vertex 48.57314971742294 140.42499474792490 4.52942497472077
   vertex 48.33000525204120 140.18185028254317 4.52942497472077
  endloop
 endfacet
 facet normal 0.42577929156510 -0.90482705246601 0.00000000000000
  outer loop
   vertex 48.33000525204120 140.18185028254317 3.22942497472077
   vertex 48.33000525204120 140.18185028254317 4.52942497472077
   vertex 48.01887304996329 140.03544258151038 4.52942497472077
  endloop
 endfacet
 facet normal 0.99109974736596 -0.13312133852666 -0.00000000000002
  outer loop
   vertex 48.75499999999790 140.99999999996817 3.22809105762077
   vertex 48.75499999999792 140.99999999996817 4.52942497472077
   vertex 48.71955741845569 140.73612695000281 4.52942497472077
  endloop
 endfacet
 facet normal 0.13312133852649 -0.99109974736598 0.00000000000000
  outer loop
   vertex 48.01887304996329 140.03544258151038 3.22942497472077
   vertex 48.01887304996329 140.03544258151038 4.52942497472077
   vertex 47.75499999999792 139.99999999996820 4.52942497472077
  endloop
 endfacet
 facet normal 0.13312133852650 -0.99109974736598 0.00000000000000
  outer loop
   vertex 47.75499999999792 139.99999999996820 4.52942497472077
   vertex 47.75499999999794 139.99999999996820 3.22809105762076
   vertex 48.01887304996329 140.03544258151038 3.22942497472077
  endloop
 endfacet
 facet normal 0.99109974736597 -0.13312133852658 0.00000000000000
  outer loop
   vertex 48.71955741845569 140.73612695000281 4.52942497472077
   vertex 48.71955741845569 140.73612695000281 3.22942497472077
   vertex 48.75499999999790 140.99999999996817 3.22809105762077
  endloop
 endfacet
 facet normal 0.42577929156510 -0.90482705246601 0.00000000000000
  outer loop
   vertex 48.01887304996329 140.03544258151038 4.52942497472077
   vertex 48.01887304996329 140.03544258151038 3.22942497472077
   vertex 48.33000525204120 140.18185028254317 3.22942497472077
  endloop
 endfacet
 facet normal 0.70710678118654 -0.70710678118656 0.00000000000000
  outer loop
   vertex 48.33000525204120 140.18185028254317 4.52942497472077
   vertex 48.33000525204120 140.18185028254317 3.22942497472077
   vertex 48.57314971742294 140.42499474792490 3.22942497472077
  endloop
 endfacet
 facet normal 0.90482705246604 -0.42577929156502 0.00000000000000
  outer loop
   vertex 48.57314971742294 140.42499474792490 4.52942497472077
   vertex 48.57314971742294 140.42499474792490 3.22942497472077
   vertex 48.71955741845569 140.73612695000281 3.22942497472077
  endloop
 endfacet
 facet normal -0.00024734813910 -0.00508830457574 0.99998702390353
  outer loop
   vertex 120.75499999999914 139.99999999996820 3.22809105762076
   vertex 48.71955741845571 143.76387304993591 3.22942497472077
   vertex 48.75499999999792 143.49999999997053 3.22809105762077
  endloop
 endfacet
 facet normal 0.00024734814050 0.00508830457593 0.99998702390353
  outer loop
   vertex 47.75500040810517 144.49999999996993 3.22809105762021
   vertex 119.79044258154134 140.73612695000278 3.22942497472077
   vertex 119.75499999999914 140.99999999996817 3.22809105762077
  endloop
 endfacet
 facet normal 0.00000000000000 -0.00000000000000 1.00000000000000
  outer loop
   vertex 48.75499999999792 143.49999999997053 3.22809105762077
   vertex 48.75499999999790 140.99999999996817 3.22809105762077
   vertex 120.75499999999914 139.99999999996820 3.22809105762076
  endloop
 endfacet
 facet normal -0.00421034914263 -0.06889265763197 0.99761519369169
  outer loop
   vertex 48.01887304996329 144.46455741842834 3.22942497472077
   vertex 120.75499999999914 139.99999999996820 3.22809105762076
   vertex 120.49112695003376 140.03544258151038 3.22942497472077
  endloop
 endfacet
 facet normal -0.00000000000001 0.00000000000000 1.00000000000000
  outer loop
   vertex 119.75499999999914 140.99999999996817 3.22809105762077
   vertex 119.75499999999914 143.49999999997044 3.22809105762077
   vertex 47.75500040810517 144.49999999996993 3.22809105762021
  endloop
 endfacet
 facet normal 0.00007007875067 0.00504567004854 0.99998726807031
  outer loop
   vertex 48.75499999999790 140.99999999996817 3.22809105762077
   vertex 48.71955741845569 140.73612695000281 3.22942497472077
   vertex 120.75499999999914 139.99999999996820 3.22809105762076
  endloop
 endfacet
 facet normal 0.00001958565397 0.00001958565397 0.99999999961640
  outer loop
   vertex 120.75499999999914 139.99999999996820 3.22809105762076
   vertex 48.33000525204120 144.31814971739553 3.22942497472077
   vertex 48.57314971742294 144.07500525201382 3.22942497472077
  endloop
 endfacet
 facet normal 0.00421034373392 0.06889256913088 0.99761519982616
  outer loop
   vertex 120.49112695003376 140.03544258151038 3.22942497472077
   vertex 47.75500040810517 144.49999999996993 3.22809105762021
   vertex 48.01887304996329 144.46455741842834 3.22942497472077
  endloop
 endfacet
 facet normal -0.00001837178171 0.00001837178171 0.99999999966248
  outer loop
   vertex 47.75500040810517 144.49999999996993 3.22809105762021
   vertex 119.93685028257411 144.07500525201377 3.22942497472077
   vertex 120.17999474795589 144.31814971739550 3.22942497472077
  endloop
 endfacet
 facet normal -0.00007007875108 -0.00504567004849 0.99998726807031
  outer loop
   vertex 119.75499999999914 143.49999999997044 3.22809105762077
   vertex 119.79044258154133 143.76387304993585 3.22942497472077
   vertex 47.75500040810517 144.49999999996993 3.22809105762021
  endloop
 endfacet
 facet normal -0.00001958565409 -0.00001958565409 0.99999999961640
  outer loop
   vertex 47.75500040810517 144.49999999996993 3.22809105762021
   vertex 120.17999474795586 140.18185028254317 3.22942497472077
   vertex 119.93685028257411 140.42499474792487 3.22942497472077
  endloop
 endfacet
 facet normal 0.00001837178160 -0.00001837178160 0.99999999966248
  outer loop
   vertex 120.75499999999914 139.99999999996820 3.22809105762076
   vertex 48.57314971742294 140.42499474792490 3.22942497472077
   vertex 48.33000525204120 140.18185028254317 3.22942497472077
  endloop
 endfacet
 facet normal 0.00001898427979 0.00000893332398 0.99999999977990
  outer loop
   vertex 48.57314971742294 144.07500525201382 3.22942497472077
   vertex 48.71955741845571 143.76387304993591 3.22942497472077
   vertex 120.75499999999914 139.99999999996820 3.22809105762076
  endloop
 endfacet
 facet normal 0.00002109011206 0.00004481876951 0.99999999877324
  outer loop
   vertex 48.01887304996329 144.46455741842834 3.22942497472077
   vertex 48.33000525204120 144.31814971739553 3.22942497472077
   vertex 120.75499999999914 139.99999999996820 3.22809105762076
  endloop
 endfacet
 facet normal -0.00001832015672 0.00003893231478 0.99999999907432
  outer loop
   vertex 120.17999474795589 144.31814971739550 3.22942497472077
   vertex 120.49112695003382 144.46455741842826 3.22942497472077
   vertex 47.75500040810517 144.49999999996993 3.22809105762021
  endloop
 endfacet
 facet normal -0.00001898427991 -0.00000893332403 0.99999999977990
  outer loop
   vertex 119.93685028257411 140.42499474792487 3.22942497472077
   vertex 119.79044258154134 140.73612695000278 3.22942497472077
   vertex 47.75500040810517 144.49999999996993 3.22809105762021
  endloop
 endfacet
 facet normal 0.00001832015661 -0.00003893231455 0.99999999907432
  outer loop
   vertex 48.33000525204120 140.18185028254317 3.22942497472077
   vertex 48.01887304996329 140.03544258151038 3.22942497472077
   vertex 120.75499999999914 139.99999999996820 3.22809105762076
  endloop
 endfacet
 facet normal -0.00002109011221 -0.00004481876982 0.99999999877324
  outer loop
   vertex 120.49112695003376 140.03544258151038 3.22942497472077
   vertex 120.17999474795586 140.18185028254317 3.22942497472077
   vertex 47.75500040810517 144.49999999996993 3.22809105762021
  endloop
 endfacet
 facet normal -0.00001842889254 0.00000867197857 0.99999999979259
  outer loop
   vertex 119.79044258154133 143.76387304993585 3.22942497472077
   vertex 119.93685028257411 144.07500525201377 3.22942497472077
   vertex 47.75500040810517 144.49999999996993 3.22809105762021
  endloop
 endfacet
 facet normal 0.00001842889243 -0.00000867197852 0.99999999979259
  outer loop
   vertex 48.71955741845569 140.73612695000281 3.22942497472077
   vertex 48.57314971742294 140.42499474792490 3.22942497472077
   vertex 120.75499999999914 139.99999999996820 3.22809105762076
  endloop
 endfacet
 facet normal -0.00000000000000 -0.03760937602570 0.99929251715149
  outer loop
   vertex 48.01887304996329 140.03544258151038 3.22942497472077
   vertex 47.75499999999794 139.99999999996820 3.22809105762076
   vertex 120.75499999999914 139.99999999996820 3.22809105762076
  endloop
 endfacet
 facet normal -0.00000000000001 0.03760937603065 0.99929251715130
  outer loop
   vertex 120.49112695003382 144.46455741842826 3.22942497472077
   vertex 120.75499999999921 144.49999999996945 3.22809105762063
   vertex 47.75500040810517 144.49999999996993 3.22809105762021
  endloop
 endfacet
 facet normal -0.42577929156511 -0.90482705246600 0.00000000000000
  outer loop
   vertex 120.49112695003376 140.03544258151038 3.22942497472077
   vertex 120.49112695003376 140.03544258151038 4.52942497472077
   vertex 120.17999474795586 140.18185028254317 4.52942497472077
  endloop
 endfacet
 facet normal -0.70710678118649 -0.70710678118661 0.00000000000000
  outer loop
   vertex 120.17999474795586 140.18185028254317 3.22942497472077
   vertex 120.17999474795586 140.18185028254317 4.52942497472077
   vertex 119.93685028257411 140.42499474792487 4.52942497472077
  endloop
 endfacet
 facet normal -0.90482705246603 -0.42577929156506 0.00000000000000
  outer loop
   vertex 119.93685028257411 140.42499474792487 3.22942497472077
   vertex 119.93685028257411 140.42499474792487 4.52942497472077
   vertex 119.79044258154134 140.73612695000278 4.52942497472077
  endloop
 endfacet
 facet normal -0.13312133852648 -0.99109974736598 0.00000000000000
  outer loop
   vertex 120.75499999999914 139.99999999996820 3.22809105762076
   vertex 120.75499999999914 139.99999999996820 4.52942497472077
   vertex 120.49112695003376 140.03544258151038 4.52942497472077
  endloop
 endfacet
 facet normal -0.99109974736598 -0.13312133852654 0.00000000000000
  outer loop
   vertex 119.79044258154134 140.73612695000278 3.22942497472077
   vertex 119.79044258154134 140.73612695000278 4.52942497472077
   vertex 119.75499999999914 140.99999999996817 4.52942497472077
  endloop
 endfacet
 facet normal -0.99109974736598 -0.13312133852654 -0.00000000000000
  outer loop
   vertex 119.75499999999914 140.99999999996817 4.52942497472077
   vertex 119.75499999999914 140.99999999996817 3.22809105762077
   vertex 119.79044258154134 140.73612695000278 3.22942497472077
  endloop
 endfacet
 facet normal -0.13312133852648 -0.99109974736598 -0.00000000000000
  outer loop
   vertex 120.49112695003376 140.03544258151038 4.52942497472077
   vertex 120.49112695003376 140.03544258151038 3.22942497472077
   vertex 120.75499999999914 139.99999999996820 3.22809105762076
  endloop
 endfacet
 facet normal -0.90482705246603 -0.42577929156506 -0.00000000000000
  outer loop
   vertex 119.79044258154134 140.73612695000278 4.52942497472077
   vertex 119.79044258154134 140.73612695000278 3.22942497472077
   vertex 119.93685028257411 140.42499474792487 3.22942497472077
  endloop
 endfacet
 facet normal -0.70710678118649 -0.70710678118661 -0.00000000000000
  outer loop
   vertex 119.93685028257411 140.42499474792487 4.52942497472077
   vertex 119.93685028257411 140.42499474792487 3.22942497472077
   vertex 120.17999474795586 140.18185028254317 3.22942497472077
  endloop
 endfacet
 facet normal -0.42577929156511 -0.90482705246600 -0.00000000000000
  outer loop
   vertex 120.17999474795586 140.18185028254317 4.52942497472077
   vertex 120.17999474795586 140.18185028254317 3.22942497472077
   vertex 120.49112695003376 140.03544258151038 3.22942497472077
  endloop
 endfacet
 facet normal -1.00000000000000 0.00000000000000 -0.00000000000000
  outer loop
   vertex 119.75499999999914 143.49999999997044 4.52942497472077
   vertex 119.75499999999914 143.49999999997044 3.22809105762077
   vertex 119.75499999999914 140.99999999996817 3.22809105762077
  endloop
 endfacet
 facet normal -1.00000000000000 0.00000000000000 0.00000000000000
  outer loop
   vertex 119.75499999999914 140.99999999996817 3.22809105762077
   vertex 119.75499999999914 140.99999999996817 4.52942497472077
   vertex 119.75499999999914 143.49999999997044 4.52942497472077
  endloop
 endfacet
 facet normal -0.90482705246601 0.42577929156509 0.00000000000000
  outer loop
   vertex 119.79044258154133 143.76387304993585 3.22942497472077
   vertex 119.79044258154133 143.76387304993585 4.52942497472077
   vertex 119.93685028257411 144.07500525201377 4.52942497472077
  endloop
 endfacet
 facet normal -0.70710678118649 0.70710678118661 0.00000000000000
  outer loop
   vertex 119.93685028257411 144.07500525201377 3.22942497472077
   vertex 119.93685028257411 144.07500525201377 4.52942497472077
   vertex 120.17999474795589 144.31814971739550 4.52942497472077
  endloop
 endfacet
 facet normal -0.42577929156501 0.90482705246605 0.00000000000000
  outer loop
   vertex 120.17999474795589 144.31814971739550 3.22942497472077
   vertex 120.17999474795589 144.31814971739550 4.52942497472077
   vertex 120.49112695003382 144.46455741842826 4.52942497472077
  endloop
 endfacet
 facet normal -0.99109974736599 0.13312133852647 0.00000000000000
  outer loop
   vertex 119.75499999999914 143.49999999997044 3.22809105762077
   vertex 119.75499999999914 143.49999999997044 4.52942497472077
   vertex 119.79044258154133 143.76387304993585 4.52942497472077
  endloop
 endfacet
 facet normal -0.13312133852637 0.99109974736600 0.00000000000000
  outer loop
   vertex 120.49112695003382 144.46455741842826 3.22942497472077
   vertex 120.49112695003382 144.46455741842826 4.52942497472077
   vertex 120.75499999999921 144.49999999997041 4.52942497472077
  endloop
 endfacet
 facet normal -0.13312133852281 0.99109974736648 -0.00000000000074
  outer loop
   vertex 120.75499999999921 144.49999999997041 4.52942497472077
   vertex 120.75499999999921 144.49999999996945 3.22809105762063
   vertex 120.49112695003382 144.46455741842826 3.22942497472077
  endloop
 endfacet
 facet normal -0.99109974736599 0.13312133852647 0.00000000000000
  outer loop
   vertex 119.79044258154133 143.76387304993585 4.52942497472077
   vertex 119.79044258154133 143.76387304993585 3.22942497472077
   vertex 119.75499999999914 143.49999999997044 3.22809105762077
  endloop
 endfacet
 facet normal -0.42577929156501 0.90482705246605 0.00000000000000
  outer loop
   vertex 120.49112695003382 144.46455741842826 4.52942497472077
   vertex 120.49112695003382 144.46455741842826 3.22942497472077
   vertex 120.17999474795589 144.31814971739550 3.22942497472077
  endloop
 endfacet
 facet normal -0.70710678118649 0.70710678118661 0.00000000000000
  outer loop
   vertex 120.17999474795589 144.31814971739550 4.52942497472077
   vertex 120.17999474795589 144.31814971739550 3.22942497472077
   vertex 119.93685028257411 144.07500525201377 3.22942497472077
  endloop
 endfacet
 facet normal -0.90482705246601 0.42577929156509 0.00000000000000
  outer loop
   vertex 119.93685028257411 144.07500525201377 4.52942497472077
   vertex 119.93685028257411 144.07500525201377 3.22942497472077
   vertex 119.79044258154133 143.76387304993585 3.22942497472077
  endloop
 endfacet
 facet normal 0.00000000000001 1.00000000000000 0.00000000000010
  outer loop
   vertex 45.27170793699568 144.49999999997050 -2.17077142648073
   vertex 47.75500040810517 144.49999999996993 3.22809105762021
   vertex 120.75499999999921 144.49999999996945 3.22809105762063
  endloop
 endfacet
 facet normal 0.00000000000000 1.00000000000000 -0.00000000000044
  outer loop
   vertex 45.27170793699565 144.49999999997050 4.52942497472077
   vertex 47.75499999999792 144.49999999997050 4.52942497472077
   vertex 47.75500040810517 144.49999999996993 3.22809105762021
  endloop
 endfacet
 facet normal 0.00000000000004 1.00000000000000 -0.00000000000002
  outer loop
   vertex 147.36499999999830 144.49999999996834 4.52942497472077
   vertex 147.36499999999802 144.49999999996820 -2.17077142648073
   vertex 120.75499999999921 144.49999999996945 3.22809105762063
  endloop
 endfacet
 facet normal 0.00000000000023 1.00000000000000 0.00000000000000
  outer loop
   vertex 47.75500040810517 144.49999999996993 3.22809105762021
   vertex 45.27170793699568 144.49999999997050 -2.17077142648073
   vertex 45.27170793699565 144.49999999997050 4.52942497472077
  endloop
 endfacet
 facet normal 0.00000000000002 1.00000000000000 -0.00000000000012
  outer loop
   vertex 120.75499999999921 144.49999999996945 3.22809105762063
   vertex 147.36499999999802 144.49999999996820 -2.17077142648073
   vertex 45.27170793699568 144.49999999997050 -2.17077142648073
  endloop
 endfacet
 facet normal 0.00000000000008 1.00000000000000 -0.00000000000074
  outer loop
   vertex 120.75499999999921 144.49999999996945 3.22809105762063
   vertex 120.75499999999921 144.49999999997041 4.52942497472077
   vertex 147.36499999999830 144.49999999996834 4.52942497472077
  endloop
 endfacet
 facet normal 0.15643446504046 0.98768834059510 -0.00000000000003
  outer loop
   vertex 147.36499999999802 144.49999999996820 -2.17077142648073
   vertex 147.36499999999830 144.49999999996834 4.52942497472077
   vertex 148.29205098312283 144.35316954885363 4.52942497472077
  endloop
 endfacet
 facet normal 0.45399049973955 0.89100652418837 -0.00000000000000
  outer loop
   vertex 148.29205098312283 144.35316954885363 -2.17077142648073
   vertex 148.29205098312283 144.35316954885363 4.52942497472077
   vertex 149.12835575687541 143.92705098309301 4.52942497472077
  endloop
 endfacet
 facet normal 0.70710678118656 0.70710678118653 -0.00000000000000
  outer loop
   vertex 149.12835575687541 143.92705098309301 -2.17077142648073
   vertex 149.12835575687541 143.92705098309301 4.52942497472077
   vertex 149.79205098312281 143.26335575684558 4.52942497472077
  endloop
 endfacet
 facet normal 0.89100652418837 0.45399049973955 -0.00000000000000
  outer loop
   vertex 149.79205098312281 143.26335575684558 -2.17077142648073
   vertex 149.79205098312281 143.26335575684558 4.52942497472077
   vertex 150.21816954888342 142.42705098309301 4.52942497472077
  endloop
 endfacet
 facet normal 0.98768834059510 0.15643446504045 -0.00000000000000
  outer loop
   vertex 150.21816954888342 142.42705098309301 -2.17077142648073
   vertex 150.21816954888342 142.42705098309301 4.52942497472077
   vertex 150.36499999999813 141.49999999996840 4.52942497472077
  endloop
 endfacet
 facet normal 0.98768834059514 0.15643446504020 -0.00000000000003
  outer loop
   vertex 150.36499999999813 141.49999999996840 4.52942497472077
   vertex 150.36499999999793 141.49999999996817 -2.17077142648073
   vertex 150.21816954888342 142.42705098309301 -2.17077142648073
  endloop
 endfacet
 facet normal 0.89100652418837 0.45399049973955 0.00000000000000
  outer loop
   vertex 150.21816954888342 142.42705098309301 4.52942497472077
   vertex 150.21816954888342 142.42705098309301 -2.17077142648073
   vertex 149.79205098312281 143.26335575684558 -2.17077142648073
  endloop
 endfacet
 facet normal 0.70710678118656 0.70710678118653 0.00000000000000
  outer loop
   vertex 149.79205098312281 143.26335575684558 4.52942497472077
   vertex 149.79205098312281 143.26335575684558 -2.17077142648073
   vertex 149.12835575687541 143.92705098309301 -2.17077142648073
  endloop
 endfacet
 facet normal 0.45399049973955 0.89100652418837 0.00000000000000
  outer loop
   vertex 149.12835575687541 143.92705098309301 4.52942497472077
   vertex 149.12835575687541 143.92705098309301 -2.17077142648073
   vertex 148.29205098312283 144.35316954885363 -2.17077142648073
  endloop
 endfacet
 facet normal 0.15643446504026 0.98768834059513 0.00000000000000
  outer loop
   vertex 148.29205098312283 144.35316954885363 4.52942497472077
   vertex 148.29205098312283 144.35316954885363 -2.17077142648073
   vertex 147.36499999999802 144.49999999996820 -2.17077142648073
  endloop
 endfacet
 facet normal -0.00000000000005 -1.00000000000000 -0.00000000000001
  outer loop
   vertex 1.00500000000007 139.99999999996805 4.52942497472077
   vertex 1.00500000000000 139.99999999996814 -2.19019925136189
   vertex 2.77170793699565 139.99999999996805 -2.17077142648073
  endloop
 endfacet
 facet normal 0.00000000000000 -1.00000000000000 0.00000000000293
  outer loop
   vertex 1.00500000000000 139.99999999996814 -2.19019925136189
   vertex 142.86499999999793 139.99999999996814 -2.19019925136189
   vertex 45.27170793699565 139.99999999996820 -2.17077142648073
  endloop
 endfacet
 facet normal 0.00000000000000 -1.00000000000000 0.00000000000000
  outer loop
   vertex 45.27170793699565 139.99999999996820 4.52942497472077
   vertex 45.27170793699565 139.99999999996820 -2.17077142648073
   vertex 47.75499999999794 139.99999999996820 3.22809105762076
  endloop
 endfacet
 facet normal -0.00000000000000 -1.00000000000000 0.00000000000001
  outer loop
   vertex 45.27170793699565 139.99999999996820 -2.17077142648073
   vertex 142.86499999999793 139.99999999996814 -2.19019925136189
   vertex 120.75499999999914 139.99999999996820 3.22809105762076
  endloop
 endfacet
 facet normal 0.00000000000000 -1.00000000000000 -0.00000000000469
  outer loop
   vertex 45.27170793699565 139.99999999996820 -2.17077142648073
   vertex 2.77170793699565 139.99999999996805 -2.17077142648073
   vertex 1.00500000000000 139.99999999996814 -2.19019925136189
  endloop
 endfacet
 facet normal 0.00000000000000 -1.00000000000000 0.00000000000000
  outer loop
   vertex 120.75499999999914 139.99999999996820 3.22809105762076
   vertex 47.75499999999794 139.99999999996820 3.22809105762076
   vertex 45.27170793699565 139.99999999996820 -2.17077142648073
  endloop
 endfacet
 facet normal 0.00000000000000 -1.00000000000000 0.00000000000000
  outer loop
   vertex 47.75499999999794 139.99999999996820 3.22809105762076
   vertex 47.75499999999792 139.99999999996820 4.52942497472077
   vertex 45.27170793699565 139.99999999996820 4.52942497472077
  endloop
 endfacet
 facet normal -0.00000000000000 -1.00000000000000 0.00000000000000
  outer loop
   vertex 142.86499999999808 139.99999999996814 4.52942497472077
   vertex 120.75499999999914 139.99999999996820 4.52942497472077
   vertex 120.75499999999914 139.99999999996820 3.22809105762076
  endloop
 endfacet
 facet normal -0.00000000000000 -1.00000000000000 0.00000000000000
  outer loop
   vertex 120.75499999999914 139.99999999996820 3.22809105762076
   vertex 142.86499999999793 139.99999999996814 -2.19019925136189
   vertex 142.86499999999808 139.99999999996814 4.52942497472077
  endloop
 endfacet
 facet normal 0.00000000000000 -1.00000000000000 0.00000000000000
  outer loop
   vertex 2.77170793699565 139.99999999996805 -2.17077142648073
   vertex 2.77170793699565 139.99999999996805 4.52942497472077
   vertex 1.00500000000007 139.99999999996805 4.52942497472077
  endloop
 endfacet
 facet normal 0.98768834059514 -0.15643446504019 0.00000000000000
  outer loop
   vertex 3.77170793699561 140.99999999996808 -2.17077142648073
   vertex 3.77170793699561 140.99999999996808 4.52942497472077
   vertex 3.72276445329077 140.69098300559315 4.52942497472077
  endloop
 endfacet
 facet normal 0.89100652418836 -0.45399049973956 0.00000000000000
  outer loop
   vertex 3.72276445329077 140.69098300559315 -2.17077142648073
   vertex 3.72276445329077 140.69098300559315 4.52942497472077
   vertex 3.58072493137057 140.41221474767565 4.52942497472077
  endloop
 endfacet
 facet normal 0.70710678118659 -0.70710678118650 0.00000000000000
  outer loop
   vertex 3.58072493137057 140.41221474767565 -2.17077142648073
   vertex 3.58072493137057 140.41221474767565 4.52942497472077
   vertex 3.35949318928811 140.19098300559315 4.52942497472077
  endloop
 endfacet
 facet normal 0.45399049973960 -0.89100652418834 0.00000000000000
  outer loop
   vertex 3.35949318928811 140.19098300559315 -2.17077142648073
   vertex 3.35949318928811 140.19098300559315 4.52942497472077
   vertex 3.08072493137059 140.04894348367293 4.52942497472077
  endloop
 endfacet
 facet normal 0.15643446504032 -0.98768834059512 0.00000000000000
  outer loop
   vertex 3.08072493137059 140.04894348367293 -2.17077142648073
   vertex 3.08072493137059 140.04894348367293 4.52942497472077
   vertex 2.77170793699565 139.99999999996805 4.52942497472077
  endloop
 endfacet
 facet normal 0.15643446504032 -0.98768834059512 0.00000000000000
  outer loop
   vertex 2.77170793699565 139.99999999996805 4.52942497472077
   vertex 2.77170793699565 139.99999999996805 -2.17077142648073
   vertex 3.08072493137059 140.04894348367293 -2.17077142648073
  endloop
 endfacet
 facet normal 0.45399049973960 -0.89100652418834 0.00000000000000
  outer loop
   vertex 3.08072493137059 140.04894348367293 4.52942497472077
   vertex 3.08072493137059 140.04894348367293 -2.17077142648073
   vertex 3.35949318928811 140.19098300559315 -2.17077142648073
  endloop
 endfacet
 facet normal 0.70710678118659 -0.70710678118650 0.00000000000000
  outer loop
   vertex 3.35949318928811 140.19098300559315 4.52942497472077
   vertex 3.35949318928811 140.19098300559315 -2.17077142648073
   vertex 3.58072493137057 140.41221474767565 -2.17077142648073
  endloop
 endfacet
 facet normal 0.89100652418836 -0.45399049973956 0.00000000000000
  outer loop
   vertex 3.58072493137057 140.41221474767565 4.52942497472077
   vertex 3.58072493137057 140.41221474767565 -2.17077142648073
   vertex 3.72276445329077 140.69098300559315 -2.17077142648073
  endloop
 endfacet
 facet normal 0.98768834059514 -0.15643446504019 0.00000000000000
  outer loop
   vertex 3.72276445329077 140.69098300559315 4.52942497472077
   vertex 3.72276445329077 140.69098300559315 -2.17077142648073
   vertex 3.77170793699561 140.99999999996808 -2.17077142648073
  endloop
 endfacet
 facet normal 1.00000000000000 -0.00000000000001 0.00000000000000
  outer loop
   vertex 3.77170793699561 140.99999999996808 4.52942497472077
   vertex 3.77170793699561 140.99999999996808 -2.17077142648073
   vertex 3.77170793699564 143.49999999996808 -2.17077142648073
  endloop
 endfacet
 facet normal 1.00000000000000 -0.00000000000001 0.00000000000000
  outer loop
   vertex 3.77170793699564 143.49999999996808 -2.17077142648073
   vertex 3.77170793699564 143.49999999996808 4.52942497472077
   vertex 3.77170793699561 140.99999999996808 4.52942497472077
  endloop
 endfacet
 facet normal 0.15643446504005 0.98768834059517 -0.00000000000000
  outer loop
   vertex 2.77170793699561 144.49999999996805 -2.17077142648073
   vertex 2.77170793699561 144.49999999996805 4.52942497472077
   vertex 3.08072493137057 144.45105651626326 4.52942497472077
  endloop
 endfacet
 facet normal 0.45399049973958 0.89100652418835 -0.00000000000000
  outer loop
   vertex 3.08072493137057 144.45105651626326 -2.17077142648073
   vertex 3.08072493137057 144.45105651626326 4.52942497472077
   vertex 3.35949318928810 144.30901699434304 4.52942497472077
  endloop
 endfacet
 facet normal 0.70710678118652 0.70710678118657 -0.00000000000000
  outer loop
   vertex 3.35949318928810 144.30901699434304 -2.17077142648073
   vertex 3.35949318928810 144.30901699434304 4.52942497472077
   vertex 3.58072493137058 144.08778525226057 4.52942497472077
  endloop
 endfacet
 facet normal 0.89100652418835 0.45399049973958 -0.00000000000000
  outer loop
   vertex 3.58072493137058 144.08778525226057 -2.17077142648073
   vertex 3.58072493137058 144.08778525226057 4.52942497472077
   vertex 3.72276445329079 143.80901699434307 4.52942497472077
  endloop
 endfacet
 facet normal 0.98768834059514 0.15643446504021 -0.00000000000000
  outer loop
   vertex 3.72276445329079 143.80901699434307 -2.17077142648073
   vertex 3.72276445329079 143.80901699434307 4.52942497472077
   vertex 3.77170793699564 143.49999999996808 4.52942497472077
  endloop
 endfacet
 facet normal 0.98768834059514 0.15643446504021 0.00000000000000
  outer loop
   vertex 3.77170793699564 143.49999999996808 4.52942497472077
   vertex 3.77170793699564 143.49999999996808 -2.17077142648073
   vertex 3.72276445329079 143.80901699434307 -2.17077142648073
  endloop
 endfacet
 facet normal 0.89100652418835 0.45399049973958 0.00000000000000
  outer loop
   vertex 3.72276445329079 143.80901699434307 4.52942497472077
   vertex 3.72276445329079 143.80901699434307 -2.17077142648073
   vertex 3.58072493137058 144.08778525226057 -2.17077142648073
  endloop
 endfacet
 facet normal 0.70710678118652 0.70710678118657 0.00000000000000
  outer loop
   vertex 3.58072493137058 144.08778525226057 4.52942497472077
   vertex 3.58072493137058 144.08778525226057 -2.17077142648073
   vertex 3.35949318928810 144.30901699434304 -2.17077142648073
  endloop
 endfacet
 facet normal 0.45399049973958 0.89100652418835 0.00000000000000
  outer loop
   vertex 3.35949318928810 144.30901699434304 4.52942497472077
   vertex 3.35949318928810 144.30901699434304 -2.17077142648073
   vertex 3.08072493137057 144.45105651626326 -2.17077142648073
  endloop
 endfacet
 facet normal 0.15643446504005 0.98768834059517 0.00000000000000
  outer loop
   vertex 3.08072493137057 144.45105651626326 4.52942497472077
   vertex 3.08072493137057 144.45105651626326 -2.17077142648073
   vertex 2.77170793699561 144.49999999996805 -2.17077142648073
  endloop
 endfacet
 facet normal 0.00000000000002 1.00000000000000 0.00000000000000
  outer loop
   vertex 2.77170793699561 144.49999999996805 4.52942497472077
   vertex 2.77170793699561 144.49999999996805 -2.17077142648073
   vertex -3.49499999999989 144.49999999996820 -2.17077142648073
  endloop
 endfacet
 facet normal 0.00000000000001 1.00000000000000 0.00000000000001
  outer loop
   vertex -3.49499999999989 144.49999999996820 -2.17077142648073
   vertex -3.49499999999989 144.49999999996811 4.52942497472077
   vertex 2.77170793699561 144.49999999996805 4.52942497472077
  endloop
 endfacet
 facet normal -0.98768834059514 0.15643446504019 0.00000000000001
  outer loop
   vertex -6.49499999999994 141.49999999996817 -2.17077142648073
   vertex -6.49499999999990 141.49999999996817 4.52942497472077
   vertex -6.34816954888540 142.42705098309304 4.52942497472077
  endloop
 endfacet
 facet normal -0.89100652418836 0.45399049973955 0.00000000000000
  outer loop
   vertex -6.34816954888540 142.42705098309304 -2.17077142648073
   vertex -6.34816954888540 142.42705098309304 4.52942497472077
   vertex -5.92205098312477 143.26335575684561 4.52942497472077
  endloop
 endfacet
 facet normal -0.70710678118654 0.70710678118655 0.00000000000000
  outer loop
   vertex -5.92205098312477 143.26335575684561 -2.17077142648073
   vertex -5.92205098312477 143.26335575684561 4.52942497472077
   vertex -5.25835575687734 143.92705098309304 4.52942497472077
  endloop
 endfacet
 facet normal -0.45399049973956 0.89100652418836 0.00000000000000
  outer loop
   vertex -5.25835575687734 143.92705098309304 -2.17077142648073
   vertex -5.25835575687734 143.92705098309304 4.52942497472077
   vertex -4.42205098312474 144.35316954885369 4.52942497472077
  endloop
 endfacet
 facet normal -0.15643446504011 0.98768834059516 0.00000000000000
  outer loop
   vertex -4.42205098312474 144.35316954885369 -2.17077142648073
   vertex -4.42205098312474 144.35316954885369 4.52942497472077
   vertex -3.49499999999989 144.49999999996811 4.52942497472077
  endloop
 endfacet
 facet normal -0.15643446504020 0.98768834059514 0.00000000000001
  outer loop
   vertex -3.49499999999989 144.49999999996811 4.52942497472077
   vertex -3.49499999999989 144.49999999996820 -2.17077142648073
   vertex -4.42205098312474 144.35316954885369 -2.17077142648073
  endloop
 endfacet
 facet normal -0.45399049973956 0.89100652418836 0.00000000000000
  outer loop
   vertex -4.42205098312474 144.35316954885369 4.52942497472077
   vertex -4.42205098312474 144.35316954885369 -2.17077142648073
   vertex -5.25835575687734 143.92705098309304 -2.17077142648073
  endloop
 endfacet
 facet normal -0.70710678118654 0.70710678118655 0.00000000000000
  outer loop
   vertex -5.25835575687734 143.92705098309304 4.52942497472077
   vertex -5.25835575687734 143.92705098309304 -2.17077142648073
   vertex -5.92205098312477 143.26335575684561 -2.17077142648073
  endloop
 endfacet
 facet normal -0.89100652418836 0.45399049973955 0.00000000000000
  outer loop
   vertex -5.92205098312477 143.26335575684561 4.52942497472077
   vertex -5.92205098312477 143.26335575684561 -2.17077142648073
   vertex -6.34816954888540 142.42705098309304 -2.17077142648073
  endloop
 endfacet
 facet normal -0.98768834059514 0.15643446504023 0.00000000000000
  outer loop
   vertex -6.34816954888540 142.42705098309304 4.52942497472077
   vertex -6.34816954888540 142.42705098309304 -2.17077142648073
   vertex -6.49499999999994 141.49999999996817 -2.17077142648073
  endloop
 endfacet
 facet normal -0.98768834059513 -0.15643446504026 0.00000000000001
  outer loop
   vertex 145.71816954888340 137.92705098309295 -2.19019925136189
   vertex 145.86499999999796 136.99999999996811 -2.19019925136189
   vertex 145.86499999999805 136.99999999996820 4.52942497472077
  endloop
 endfacet
 facet normal -0.89100652418837 -0.45399049973955 -0.00000000000000
  outer loop
   vertex 145.29205098312278 138.76335575684553 -2.19019925136189
   vertex 145.71816954888340 137.92705098309295 -2.19019925136189
   vertex 145.71816954888340 137.92705098309295 4.52942497472077
  endloop
 endfacet
 facet normal -0.70710678118656 -0.70710678118653 -0.00000000000000
  outer loop
   vertex 144.62835575687538 139.42705098309295 -2.19019925136189
   vertex 145.29205098312278 138.76335575684553 -2.19019925136189
   vertex 145.29205098312278 138.76335575684553 4.52942497472077
  endloop
 endfacet
 facet normal -0.45399049973954 -0.89100652418837 0.00000000000000
  outer loop
   vertex 143.79205098312278 139.85316954885357 -2.19019925136189
   vertex 144.62835575687538 139.42705098309295 -2.19019925136189
   vertex 144.62835575687538 139.42705098309295 4.52942497472077
  endloop
 endfacet
 facet normal -0.15643446504026 -0.98768834059513 0.00000000000000
  outer loop
   vertex 142.86499999999793 139.99999999996814 -2.19019925136189
   vertex 143.79205098312278 139.85316954885357 -2.19019925136189
   vertex 143.79205098312278 139.85316954885357 4.52942497472077
  endloop
 endfacet
 facet normal -0.15643446504028 -0.98768834059513 0.00000000000000
  outer loop
   vertex 143.79205098312278 139.85316954885357 4.52942497472077
   vertex 142.86499999999808 139.99999999996814 4.52942497472077
   vertex 142.86499999999793 139.99999999996814 -2.19019925136189
  endloop
 endfacet
 facet normal -0.45399049973954 -0.89100652418837 0.00000000000000
  outer loop
   vertex 144.62835575687538 139.42705098309295 4.52942497472077
   vertex 143.79205098312278 139.85316954885357 4.52942497472077
   vertex 143.79205098312278 139.85316954885357 -2.19019925136189
  endloop
 endfacet
 facet normal -0.70710678118656 -0.70710678118653 -0.00000000000000
  outer loop
   vertex 145.29205098312278 138.76335575684553 4.52942497472077
   vertex 144.62835575687538 139.42705098309295 4.52942497472077
   vertex 144.62835575687538 139.42705098309295 -2.19019925136189
  endloop
 endfacet
 facet normal -0.89100652418837 -0.45399049973955 -0.00000000000000
  outer loop
   vertex 145.71816954888340 137.92705098309295 4.52942497472077
   vertex 145.29205098312278 138.76335575684553 4.52942497472077
   vertex 145.29205098312278 138.76335575684553 -2.19019925136189
  endloop
 endfacet
 facet normal -0.98768834059512 -0.15643446504036 -0.00000000000000
  outer loop
   vertex 145.86499999999805 136.99999999996820 4.52942497472077
   vertex 145.71816954888340 137.92705098309295 4.52942497472077
   vertex 145.71816954888340 137.92705098309295 -2.19019925136189
  endloop
 endfacet
 facet normal 0.15643446504026 -0.98768834059513 -0.00000000000001
  outer loop
   vertex 0.07794901687515 139.85316954885357 -2.19019925136189
   vertex 1.00500000000000 139.99999999996814 -2.19019925136189
   vertex 1.00500000000007 139.99999999996805 4.52942497472077
  endloop
 endfacet
 facet normal 0.45399049973955 -0.89100652418837 -0.00000000000000
  outer loop
   vertex -0.75835575687742 139.42705098309295 -2.19019925136189
   vertex 0.07794901687515 139.85316954885357 -2.19019925136189
   vertex 0.07794901687515 139.85316954885357 4.52942497472077
  endloop
 endfacet
 facet normal 0.70710678118655 -0.70710678118655 0.00000000000000
  outer loop
   vertex -1.42205098312484 138.76335575684553 -2.19019925136189
   vertex -0.75835575687742 139.42705098309295 -2.19019925136189
   vertex -0.75835575687742 139.42705098309295 4.52942497472077
  endloop
 endfacet
 facet normal 0.89100652418837 -0.45399049973955 0.00000000000000
  outer loop
   vertex -1.84816954888547 137.92705098309295 -2.19019925136189
   vertex -1.42205098312484 138.76335575684553 -2.19019925136189
   vertex -1.42205098312484 138.76335575684553 4.52942497472077
  endloop
 endfacet
 facet normal 0.98768834059514 -0.15643446504021 -0.00000000000000
  outer loop
   vertex -1.99499999999998 136.99999999996811 -2.19019925136189
   vertex -1.84816954888547 137.92705098309295 -2.19019925136189
   vertex -1.84816954888547 137.92705098309295 4.52942497472077
  endloop
 endfacet
 facet normal 0.98768834059516 -0.15643446504009 -0.00000000000002
  outer loop
   vertex -1.84816954888547 137.92705098309295 4.52942497472077
   vertex -1.99499999999988 136.99999999996805 4.52942497472077
   vertex -1.99499999999998 136.99999999996811 -2.19019925136189
  endloop
 endfacet
 facet normal 0.89100652418837 -0.45399049973955 0.00000000000000
  outer loop
   vertex -1.42205098312484 138.76335575684553 4.52942497472077
   vertex -1.84816954888547 137.92705098309295 4.52942497472077
   vertex -1.84816954888547 137.92705098309295 -2.19019925136189
  endloop
 endfacet
 facet normal 0.70710678118655 -0.70710678118655 0.00000000000000
  outer loop
   vertex -0.75835575687742 139.42705098309295 4.52942497472077
   vertex -1.42205098312484 138.76335575684553 4.52942497472077
   vertex -1.42205098312484 138.76335575684553 -2.19019925136189
  endloop
 endfacet
 facet normal 0.45399049973955 -0.89100652418837 -0.00000000000000
  outer loop
   vertex 0.07794901687515 139.85316954885357 4.52942497472077
   vertex -0.75835575687742 139.42705098309295 4.52942497472077
   vertex -0.75835575687742 139.42705098309295 -2.19019925136189
  endloop
 endfacet
 facet normal 0.15643446504016 -0.98768834059515 0.00000000000000
  outer loop
   vertex 1.00500000000007 139.99999999996805 4.52942497472077
   vertex 0.07794901687515 139.85316954885357 4.52942497472077
   vertex 0.07794901687515 139.85316954885357 -2.19019925136189
  endloop
 endfacet
 facet normal 0.00000000000000 -0.70710678118654 0.70710678118655
  outer loop
   vertex 142.86499999999793 139.99999999996814 -2.19019925136189
   vertex 1.00500000000000 139.99999999996814 -2.19019925136189
   vertex 1.00500000000000 138.79999999996812 -3.39019925136189
  endloop
 endfacet
 facet normal 0.00000000000000 -0.70710678118654 0.70710678118655
  outer loop
   vertex 1.00500000000000 138.79999999996812 -3.39019925136189
   vertex 142.86499999999793 138.79999999996812 -3.39019925136189
   vertex 142.86499999999793 139.99999999996814 -2.19019925136189
  endloop
 endfacet
 facet normal 0.11129888619600 -0.70271351130156 0.70271351130156
  outer loop
   vertex 1.00500000000000 139.99999999996814 -2.19019925136189
   vertex 0.07794901687515 139.85316954885360 -2.19019925136188
   vertex 0.44876941012510 138.71190172929940 -3.39019925136189
  endloop
 endfacet
 facet normal 0.32300194814216 -0.63392701672243 0.70271351130156
  outer loop
   vertex 0.07794901687515 139.85316954885360 -2.19019925136188
   vertex -0.75835575687743 139.42705098309298 -2.19019925136188
   vertex -0.05301345412645 138.45623058984302 -3.39019925136189
  endloop
 endfacet
 facet normal 0.50308732891727 -0.50308732891727 0.70271351130156
  outer loop
   vertex -0.75835575687743 139.42705098309298 -2.19019925136188
   vertex -1.42205098312486 138.76335575684556 -2.19019925136188
   vertex -0.45123058987490 138.05801345409458 -3.39019925136189
  endloop
 endfacet
 facet normal 0.63392701672243 -0.32300194814215 0.70271351130156
  outer loop
   vertex -1.42205098312486 138.76335575684556 -2.19019925136188
   vertex -1.84816954888548 137.92705098309295 -2.19019925136188
   vertex -0.70690172933127 137.55623058984301 -3.39019925136189
  endloop
 endfacet
 facet normal 0.70271351130156 -0.11129888619597 0.70271351130156
  outer loop
   vertex -1.84816954888548 137.92705098309295 -2.19019925136188
   vertex -1.99499999999998 136.99999999996811 -2.19019925136189
   vertex -0.79500000000000 136.99999999996811 -3.39019925136189
  endloop
 endfacet
 facet normal 0.70271351130156 -0.11129888619599 0.70271351130156
  outer loop
   vertex -0.79500000000000 136.99999999996811 -3.39019925136189
   vertex -0.70690172933127 137.55623058984301 -3.39019925136189
   vertex -1.84816954888548 137.92705098309295 -2.19019925136188
  endloop
 endfacet
 facet normal 0.63392701672244 -0.32300194814215 0.70271351130156
  outer loop
   vertex -0.70690172933127 137.55623058984301 -3.39019925136189
   vertex -0.45123058987490 138.05801345409458 -3.39019925136189
   vertex -1.42205098312486 138.76335575684556 -2.19019925136188
  endloop
 endfacet
 facet normal 0.50308732891726 -0.50308732891728 0.70271351130156
  outer loop
   vertex -0.45123058987490 138.05801345409458 -3.39019925136189
   vertex -0.05301345412645 138.45623058984302 -3.39019925136189
   vertex -0.75835575687743 139.42705098309298 -2.19019925136188
  endloop
 endfacet
 facet normal 0.32300194814217 -0.63392701672243 0.70271351130156
  outer loop
   vertex -0.05301345412645 138.45623058984302 -3.39019925136189
   vertex 0.44876941012510 138.71190172929940 -3.39019925136189
   vertex 0.07794901687515 139.85316954885360 -2.19019925136188
  endloop
 endfacet
 facet normal 0.11129888619599 -0.70271351130155 0.70271351130156
  outer loop
   vertex 0.44876941012510 138.71190172929940 -3.39019925136189
   vertex 1.00500000000000 138.79999999996812 -3.39019925136189
   vertex 1.00500000000000 139.99999999996814 -2.19019925136189
  endloop
 endfacet
 facet normal 0.70710678118654 0.00000000000000 0.70710678118655
  outer loop
   vertex -1.99499999999998 0.96378592044954 -2.19019925136189
   vertex -0.79499999999996 0.96378592044954 -3.39019925136189
   vertex -0.79500000000000 136.99999999996811 -3.39019925136189
  endloop
 endfacet
 facet normal 0.70710678118655 -0.00000000000000 0.70710678118654
  outer loop
   vertex -0.79500000000000 136.99999999996811 -3.39019925136189
   vertex -1.99499999999998 136.99999999996811 -2.19019925136189
   vertex -1.99499999999998 0.96378592044954 -2.19019925136189
  endloop
 endfacet
 facet normal -0.70271351130156 -0.11129888619602 0.70271351130155
  outer loop
   vertex 145.86499999999796 136.99999999996811 -2.19019925136189
   vertex 145.71816954888340 137.92705098309295 -2.19019925136188
   vertex 144.57690172932922 137.55623058984301 -3.39019925136190
  endloop
 endfacet
 facet normal -0.63392701672244 -0.32300194814213 0.70271351130156
  outer loop
   vertex 145.71816954888340 137.92705098309295 -2.19019925136188
   vertex 145.29205098312281 138.76335575684556 -2.19019925136188
   vertex 144.32123058987284 138.05801345409458 -3.39019925136190
  endloop
 endfacet
 facet normal -0.50308732891727 -0.50308732891727 0.70271351130156
  outer loop
   vertex 145.29205098312281 138.76335575684556 -2.19019925136188
   vertex 144.62835575687538 139.42705098309298 -2.19019925136188
   vertex 143.92301345412440 138.45623058984302 -3.39019925136190
  endloop
 endfacet
 facet normal -0.32300194814216 -0.63392701672243 0.70271351130156
  outer loop
   vertex 144.62835575687538 139.42705098309298 -2.19019925136188
   vertex 143.79205098312281 139.85316954885360 -2.19019925136188
   vertex 143.42123058987283 138.71190172929940 -3.39019925136190
  endloop
 endfacet
 facet normal -0.11129888619599 -0.70271351130155 0.70271351130156
  outer loop
   vertex 143.79205098312281 139.85316954885360 -2.19019925136188
   vertex 142.86499999999793 139.99999999996814 -2.19019925136189
   vertex 142.86499999999793 138.79999999996812 -3.39019925136189
  endloop
 endfacet
 facet normal -0.11129888619598 -0.70271351130156 0.70271351130156
  outer loop
   vertex 142.86499999999793 138.79999999996812 -3.39019925136189
   vertex 143.42123058987283 138.71190172929940 -3.39019925136190
   vertex 143.79205098312281 139.85316954885360 -2.19019925136188
  endloop
 endfacet
 facet normal -0.32300194814216 -0.63392701672243 0.70271351130156
  outer loop
   vertex 143.42123058987283 138.71190172929940 -3.39019925136190
   vertex 143.92301345412440 138.45623058984302 -3.39019925136190
   vertex 144.62835575687538 139.42705098309298 -2.19019925136188
  endloop
 endfacet
 facet normal -0.50308732891727 -0.50308732891727 0.70271351130156
  outer loop
   vertex 143.92301345412440 138.45623058984302 -3.39019925136190
   vertex 144.32123058987284 138.05801345409458 -3.39019925136190
   vertex 145.29205098312281 138.76335575684556 -2.19019925136188
  endloop
 endfacet
 facet normal -0.63392701672244 -0.32300194814216 0.70271351130155
  outer loop
   vertex 144.32123058987284 138.05801345409458 -3.39019925136190
   vertex 144.57690172932922 137.55623058984301 -3.39019925136190
   vertex 145.71816954888340 137.92705098309295 -2.19019925136188
  endloop
 endfacet
 facet normal -0.70271351130155 -0.11129888619598 0.70271351130156
  outer loop
   vertex 144.57690172932922 137.55623058984301 -3.39019925136190
   vertex 144.66499999999795 136.99999999996811 -3.39019925136189
   vertex 145.86499999999796 136.99999999996811 -2.19019925136189
  endloop
 endfacet
 facet normal -0.70710678118655 0.00000000000000 0.70710678118654
  outer loop
   vertex 144.66499999999795 136.99999999996811 -3.39019925136189
   vertex 144.66499999999795 34.12586083542815 -3.39019925136189
   vertex 145.86499999999793 34.12586083542815 -2.19019925136189
  endloop
 endfacet
 facet normal -0.70710678118654 0.00000000000000 0.70710678118655
  outer loop
   vertex 145.86499999999793 34.12586083542815 -2.19019925136189
   vertex 145.86499999999796 136.99999999996811 -2.19019925136189
   vertex 144.66499999999795 136.99999999996811 -3.39019925136189
  endloop
 endfacet
 facet normal 0.70271351130156 0.11129888619597 0.70271351130156
  outer loop
   vertex -1.99499999999998 0.96378592044954 -2.19019925136189
   vertex -1.84816954888547 0.03673493732470 -2.19019925136189
   vertex -0.70690172933129 0.40755533057464 -3.39019925136189
  endloop
 endfacet
 facet normal 0.63392701672243 0.32300194814216 0.70271351130156
  outer loop
   vertex -1.84816954888547 0.03673493732470 -2.19019925136189
   vertex -1.42205098312484 -0.79956983642788 -2.19019925136189
   vertex -0.45123058987491 -0.09422753367691 -3.39019925136189
  endloop
 endfacet
 facet normal 0.50308732891727 0.50308732891728 0.70271351130156
  outer loop
   vertex -1.42205098312484 -0.79956983642788 -2.19019925136189
   vertex -0.75835575687742 -1.46326506267530 -2.19019925136189
   vertex -0.05301345412646 -0.49244466942536 -3.39019925136189
  endloop
 endfacet
 facet normal 0.32300194814216 0.63392701672243 0.70271351130156
  outer loop
   vertex -0.75835575687742 -1.46326506267530 -2.19019925136189
   vertex 0.07794901687516 -1.88938362843592 -2.19019925136189
   vertex 0.44876941012509 -0.74811580888174 -3.39019925136189
  endloop
 endfacet
 facet normal 0.11129888619599 0.70271351130156 0.70271351130156
  outer loop
   vertex 0.07794901687516 -1.88938362843592 -2.19019925136189
   vertex 1.00500000000000 -2.03621407955046 -2.19019925136189
   vertex 1.00500000000000 -0.83621407955046 -3.39019925136189
  endloop
 endfacet
 facet normal 0.11129888619599 0.70271351130156 0.70271351130156
  outer loop
   vertex 1.00500000000000 -0.83621407955046 -3.39019925136189
   vertex 0.44876941012509 -0.74811580888174 -3.39019925136189
   vertex 0.07794901687516 -1.88938362843592 -2.19019925136189
  endloop
 endfacet
 facet normal 0.32300194814216 0.63392701672243 0.70271351130156
  outer loop
   vertex 0.44876941012509 -0.74811580888174 -3.39019925136189
   vertex -0.05301345412646 -0.49244466942536 -3.39019925136189
   vertex -0.75835575687742 -1.46326506267530 -2.19019925136189
  endloop
 endfacet
 facet normal 0.50308732891727 0.50308732891728 0.70271351130156
  outer loop
   vertex -0.05301345412646 -0.49244466942536 -3.39019925136189
   vertex -0.45123058987491 -0.09422753367691 -3.39019925136189
   vertex -1.42205098312484 -0.79956983642788 -2.19019925136189
  endloop
 endfacet
 facet normal 0.63392701672243 0.32300194814216 0.70271351130156
  outer loop
   vertex -0.45123058987491 -0.09422753367691 -3.39019925136189
   vertex -0.70690172933129 0.40755533057464 -3.39019925136189
   vertex -1.84816954888547 0.03673493732470 -2.19019925136189
  endloop
 endfacet
 facet normal 0.70271351130156 0.11129888619593 0.70271351130157
  outer loop
   vertex -0.70690172933129 0.40755533057464 -3.39019925136189
   vertex -0.79499999999996 0.96378592044954 -3.39019925136189
   vertex -1.99499999999998 0.96378592044954 -2.19019925136189
  endloop
 endfacet
 facet normal 0.00000000000000 0.00000000000000 1.00000000000000
  outer loop
   vertex 144.56884632641663 33.54542333151460 -3.39019925136189
   vertex 143.32333451400876 32.38519157526801 -3.39019925136189
   vertex 143.86015627692831 32.62597284478149 -3.39019925136189
  endloop
 endfacet
 facet normal 0.00000000000000 0.00000000000000 1.00000000000000
  outer loop
   vertex 142.86499999999793 138.79999999996812 -3.39019925136189
   vertex 144.32123058987284 138.05801345409458 -3.39019925136189
   vertex 143.92301345412440 138.45623058984302 -3.39019925136189
  endloop
 endfacet
 facet normal 0.00000000000000 0.00000000000000 1.00000000000000
  outer loop
   vertex 142.86499999999793 138.79999999996812 -3.39019925136189
   vertex 144.66499999999795 136.99999999996811 -3.39019925136189
   vertex 144.57690172932922 137.55623058984301 -3.39019925136189
  endloop
 endfacet
 facet normal 0.00000000000000 0.00000000000000 1.00000000000000
  outer loop
   vertex 143.86015627692831 32.62597284478149 -3.39019925136189
   vertex 144.29065811560972 33.02699827014064 -3.39019925136189
   vertex 144.56884632641663 33.54542333151460 -3.39019925136189
  endloop
 endfacet
 facet normal 0.00000000000000 0.00000000000000 1.00000000000000
  outer loop
   vertex 144.57690172932922 137.55623058984301 -3.39019925136189
   vertex 144.32123058987284 138.05801345409458 -3.39019925136189
   vertex 142.86499999999793 138.79999999996812 -3.39019925136189
  endloop
 endfacet
 facet normal 0.00000000000000 -0.00000000000000 1.00000000000000
  outer loop
   vertex 144.56884632641663 33.54542333151460 -3.39019925136189
   vertex 144.66499999999795 34.12586083542815 -3.39019925136189
   vertex 143.32333451400876 32.38519157526801 -3.39019925136189
  endloop
 endfacet
 facet normal 0.00000000000000 0.00000000000000 1.00000000000000
  outer loop
   vertex 1.00500000000000 138.79999999996812 -3.39019925136189
   vertex 17.37994023961631 -0.77688333971061 -3.39019925136189
   vertex 143.32333451400876 32.38519157526801 -3.39019925136189
  endloop
 endfacet
 facet normal 0.00000000000000 0.00000000000000 1.00000000000000
  outer loop
   vertex 1.00500000000000 -0.83621407955046 -3.39019925136189
   vertex -0.45123058987491 -0.09422753367691 -3.39019925136189
   vertex -0.05301345412646 -0.49244466942536 -3.39019925136189
  endloop
 endfacet
 facet normal 0.00000000000000 0.00000000000000 1.00000000000000
  outer loop
   vertex 1.00500000000000 -0.83621407955046 -3.39019925136189
   vertex -0.79499999999996 0.96378592044954 -3.39019925136189
   vertex -0.70690172933130 0.40755533057464 -3.39019925136189
  endloop
 endfacet
 facet normal 0.00000000000000 0.00000000000000 1.00000000000000
  outer loop
   vertex -0.79500000000000 136.99999999996811 -3.39019925136189
   vertex -0.05301345412646 138.45623058984302 -3.39019925136189
   vertex -0.45123058987490 138.05801345409458 -3.39019925136189
  endloop
 endfacet
 facet normal 0.00000000000000 0.00000000000000 1.00000000000000
  outer loop
   vertex -0.79500000000000 136.99999999996811 -3.39019925136189
   vertex 1.00500000000000 138.79999999996812 -3.39019925136189
   vertex 0.44876941012510 138.71190172929940 -3.39019925136189
  endloop
 endfacet
 facet normal 0.00000000000000 0.00000000000000 1.00000000000000
  outer loop
   vertex 143.92301345412440 138.45623058984302 -3.39019925136189
   vertex 143.42123058987283 138.71190172929940 -3.39019925136189
   vertex 142.86499999999793 138.79999999996812 -3.39019925136189
  endloop
 endfacet
 facet normal 0.00000000000000 -0.00000000000000 1.00000000000000
  outer loop
   vertex 143.32333451400876 32.38519157526801 -3.39019925136189
   vertex 144.66499999999795 136.99999999996811 -3.39019925136189
   vertex 1.00500000000000 138.79999999996812 -3.39019925136189
  endloop
 endfacet
 facet normal 0.00000000000000 0.00000000000000 1.00000000000000
  outer loop
   vertex -0.70690172933130 0.40755533057464 -3.39019925136189
   vertex -0.45123058987491 -0.09422753367691 -3.39019925136189
   vertex 1.00500000000000 -0.83621407955046 -3.39019925136189
  endloop
 endfacet
 facet normal 0.00000000000000 0.00000000000000 1.00000000000000
  outer loop
   vertex 16.92160572560580 -0.83621407955042 -3.39019925136189
   vertex 1.00500000000000 138.79999999996812 -3.39019925136189
   vertex -0.79500000000000 136.99999999996811 -3.39019925136189
  endloop
 endfacet
 facet normal 0.00000000000000 0.00000000000000 1.00000000000000
  outer loop
   vertex 0.44876941012510 138.71190172929940 -3.39019925136189
   vertex -0.05301345412646 138.45623058984302 -3.39019925136189
   vertex -0.79500000000000 136.99999999996811 -3.39019925136189
  endloop
 endfacet
 facet normal 0.00000000000000 -0.00000000000000 1.00000000000000
  outer loop
   vertex 144.66499999999795 34.12586083542815 -3.39019925136189
   vertex 144.66499999999795 136.99999999996811 -3.39019925136189
   vertex 143.32333451400876 32.38519157526801 -3.39019925136189
  endloop
 endfacet
 facet normal 0.00000000000000 0.00000000000000 1.00000000000000
  outer loop
   vertex -0.05301345412646 -0.49244466942536 -3.39019925136189
   vertex 0.44876941012508 -0.74811580888174 -3.39019925136189
   vertex 1.00500000000000 -0.83621407955046 -3.39019925136189
  endloop
 endfacet
 facet normal 0.00000000000000 0.00000000000000 1.00000000000000
  outer loop
   vertex -0.45123058987490 138.05801345409458 -3.39019925136189
   vertex -0.70690172933128 137.55623058984301 -3.39019925136189
   vertex -0.79500000000000 136.99999999996811 -3.39019925136189
  endloop
 endfacet
 facet normal 0.00000000000000 0.00000000000000 1.00000000000000
  outer loop
   vertex 1.00500000000000 138.79999999996812 -3.39019925136189
   vertex 16.92160572560580 -0.83621407955042 -3.39019925136189
   vertex 17.37994023961631 -0.77688333971061 -3.39019925136189
  endloop
 endfacet
 facet normal 0.00000000000000 0.00000000000000 1.00000000000000
  outer loop
   vertex -0.79500000000000 136.99999999996811 -3.39019925136189
   vertex -0.79499999999996 0.96378592044954 -3.39019925136189
   vertex 16.92160572560580 -0.83621407955042 -3.39019925136189
  endloop
 endfacet
 facet normal 0.00000000000000 -0.00000000000000 1.00000000000000
  outer loop
   vertex 1.00500000000000 -0.83621407955046 -3.39019925136189
   vertex 16.92160572560580 -0.83621407955042 -3.39019925136189
   vertex -0.79499999999996 0.96378592044954 -3.39019925136189
  endloop
 endfacet
 facet normal 0.00000000000000 0.00000000000000 1.00000000000000
  outer loop
   vertex 142.86499999999793 138.79999999996812 -3.39019925136189
   vertex 1.00500000000000 138.79999999996812 -3.39019925136189
   vertex 144.66499999999795 136.99999999996811 -3.39019925136189
  endloop
 endfacet
 facet normal -0.00000000000000 0.70710678118655 0.70710678118655
  outer loop
   vertex 1.00500000000000 -0.83621407955046 -3.39019925136189
   vertex 1.00500000000000 -2.03621407955046 -2.19019925136189
   vertex 16.92160572560580 -2.03621407955043 -2.19019925136189
  endloop
 endfacet
 facet normal -0.00000000000000 0.70710678118655 0.70710678118655
  outer loop
   vertex 16.92160572560580 -2.03621407955043 -2.19019925136189
   vertex 16.92160572560580 -0.83621407955042 -3.39019925136189
   vertex 1.00500000000000 -0.83621407955046 -3.39019925136189
  endloop
 endfacet
 facet normal 0.98768834059514 0.15643446504021 0.00000000000018
  outer loop
   vertex -1.84816954888546 0.03673493732470 -2.19019925136189
   vertex -1.99499999999998 0.96378592044954 -2.19019925136189
   vertex -1.99500000000120 0.96378592044943 4.52942497472077
  endloop
 endfacet
 facet normal 0.89100652418837 0.45399049973955 0.00000000000000
  outer loop
   vertex -1.42205098312484 -0.79956983642788 -2.19019925136189
   vertex -1.84816954888546 0.03673493732470 -2.19019925136189
   vertex -1.84816954888546 0.03673493732470 4.52942497472077
  endloop
 endfacet
 facet normal 0.70710678118655 0.70710678118655 -0.00000000000000
  outer loop
   vertex -0.75835575687742 -1.46326506267530 -2.19019925136189
   vertex -1.42205098312484 -0.79956983642788 -2.19019925136189
   vertex -1.42205098312484 -0.79956983642788 4.52942497472077
  endloop
 endfacet
 facet normal 0.45399049973954 0.89100652418837 -0.00000000000000
  outer loop
   vertex 0.07794901687516 -1.88938362843591 -2.19019925136189
   vertex -0.75835575687742 -1.46326506267530 -2.19019925136189
   vertex -0.75835575687742 -1.46326506267530 4.52942497472077
  endloop
 endfacet
 facet normal 0.15643446504024 0.98768834059514 -0.00000000000000
  outer loop
   vertex 1.00500000000000 -2.03621407955046 -2.19019925136189
   vertex 0.07794901687516 -1.88938362843591 -2.19019925136189
   vertex 0.07794901687516 -1.88938362843591 4.52942497472077
  endloop
 endfacet
 facet normal 0.15643446504038 0.98768834059511 0.00000000000002
  outer loop
   vertex 0.07794901687516 -1.88938362843591 4.52942497472077
   vertex 1.00499999999882 -2.03621407955041 4.52942497472077
   vertex 1.00500000000000 -2.03621407955046 -2.19019925136189
  endloop
 endfacet
 facet normal 0.45399049973954 0.89100652418837 -0.00000000000000
  outer loop
   vertex -0.75835575687742 -1.46326506267530 4.52942497472077
   vertex 0.07794901687516 -1.88938362843591 4.52942497472077
   vertex 0.07794901687516 -1.88938362843591 -2.19019925136189
  endloop
 endfacet
 facet normal 0.70710678118655 0.70710678118655 -0.00000000000000
  outer loop
   vertex -1.42205098312484 -0.79956983642788 4.52942497472077
   vertex -0.75835575687742 -1.46326506267530 4.52942497472077
   vertex -0.75835575687742 -1.46326506267530 -2.19019925136189
  endloop
 endfacet
 facet normal 0.89100652418837 0.45399049973955 0.00000000000000
  outer loop
   vertex -1.84816954888546 0.03673493732470 4.52942497472077
   vertex -1.42205098312484 -0.79956983642788 4.52942497472077
   vertex -1.42205098312484 -0.79956983642788 -2.19019925136189
  endloop
 endfacet
 facet normal 0.98768834059494 0.15643446504149 0.00000000000000
  outer loop
   vertex -1.99500000000120 0.96378592044943 4.52942497472077
   vertex -1.84816954888546 0.03673493732470 4.52942497472077
   vertex -1.84816954888546 0.03673493732470 -2.19019925136189
  endloop
 endfacet
 facet normal -0.00000000000000 1.00000000000000 -0.00000000000001
  outer loop
   vertex 16.92160572560556 -2.03621407955039 4.52942497472077
   vertex 16.92160572560580 -2.03621407955043 -2.19019925136189
   vertex 1.00500000000000 -2.03621407955046 -2.19019925136189
  endloop
 endfacet
 facet normal -0.00000000000000 1.00000000000000 -0.00000000000001
  outer loop
   vertex 1.00500000000000 -2.03621407955046 -2.19019925136189
   vertex 1.00499999999882 -2.03621407955041 4.52942497472077
   vertex 16.92160572560556 -2.03621407955039 4.52942497472077
  endloop
 endfacet
 facet normal -0.09115288589856 0.70416303204314 0.70416303204313
  outer loop
   vertex 16.92160572560580 -2.03621407955043 -2.19019925136189
   vertex 17.68549658229021 -1.93732951315069 -2.19019925136189
   vertex 17.37994023961631 -0.77688333971061 -3.39019925136189
  endloop
 endfacet
 facet normal -0.09115288589855 0.70416303204314 0.70416303204314
  outer loop
   vertex 17.37994023961631 -0.77688333971061 -3.39019925136189
   vertex 16.92160572560580 -0.83621407955042 -3.39019925136189
   vertex 16.92160572560580 -2.03621407955043 -2.19019925136189
  endloop
 endfacet
 facet normal -0.12837741649773 0.99172538483865 -0.00000000000001
  outer loop
   vertex 17.68549658229021 -1.93732951315069 -2.19019925136189
   vertex 16.92160572560580 -2.03621407955043 -2.19019925136189
   vertex 16.92160572560556 -2.03621407955039 4.52942497472077
  endloop
 endfacet
 facet normal -0.12837741649771 0.99172538483865 -0.00000000000001
  outer loop
   vertex 16.92160572560556 -2.03621407955039 4.52942497472077
   vertex 17.68549658229035 -1.93732951315062 4.52942497472077
   vertex 17.68549658229021 -1.93732951315069 -2.19019925136189
  endloop
 endfacet
 facet normal -0.18005080161606 0.68379946536789 0.70710678118655
  outer loop
   vertex 143.32333451400876 32.38519157526801 -3.39019925136189
   vertex 17.37994023961631 -0.77688333971061 -3.39019925136189
   vertex 17.68549658229021 -1.93732951315069 -2.19019925136189
  endloop
 endfacet
 facet normal -0.18005080161606 0.68379946536789 0.70710678118654
  outer loop
   vertex 17.68549658229021 -1.93732951315069 -2.19019925136189
   vertex 143.62889085668266 31.22474540182792 -2.19019925136189
   vertex 143.32333451400876 32.38519157526801 -3.39019925136189
  endloop
 endfacet
 facet normal -0.29133521323270 0.64953176417805 0.70230497709642
  outer loop
   vertex 143.62889085668266 31.22474540182792 -2.19019925136189
   vertex 144.52359379488189 31.62604751768372 -2.19019925136189
   vertex 143.86015627692831 32.62597284478149 -3.39019925136189
  endloop
 endfacet
 facet normal -0.48522390485280 0.52088912573118 0.70230497709642
  outer loop
   vertex 144.52359379488189 31.62604751768372 -2.19019925136189
   vertex 145.24109685935090 32.29442322661563 -2.19019925136189
   vertex 144.29065811560972 33.02699827014064 -3.39019925136189
  endloop
 endfacet
 facet normal -0.62727252873838 0.33659603954256 0.70230497709643
  outer loop
   vertex 145.24109685935090 32.29442322661563 -2.19019925136189
   vertex 145.70474387736249 33.15846499557224 -2.19019925136189
   vertex 144.56884632641663 33.54542333151460 -3.39019925136189
  endloop
 endfacet
 facet normal -0.70230497709643 0.11634190255957 0.70230497709642
  outer loop
   vertex 145.70474387736249 33.15846499557224 -2.19019925136189
   vertex 145.86499999999793 34.12586083542815 -2.19019925136189
   vertex 144.66499999999795 34.12586083542815 -3.39019925136189
  endloop
 endfacet
 facet normal -0.70230497709640 0.11634190255962 0.70230497709644
  outer loop
   vertex 144.66499999999795 34.12586083542815 -3.39019925136189
   vertex 144.56884632641663 33.54542333151460 -3.39019925136189
   vertex 145.70474387736249 33.15846499557224 -2.19019925136189
  endloop
 endfacet
 facet normal -0.62727252873841 0.33659603954253 0.70230497709642
  outer loop
   vertex 144.56884632641663 33.54542333151460 -3.39019925136189
   vertex 144.29065811560972 33.02699827014064 -3.39019925136189
   vertex 145.24109685935090 32.29442322661563 -2.19019925136189
  endloop
 endfacet
 facet normal -0.48522390485279 0.52088912573118 0.70230497709642
  outer loop
   vertex 144.29065811560972 33.02699827014064 -3.39019925136189
   vertex 143.86015627692831 32.62597284478149 -3.39019925136189
   vertex 144.52359379488189 31.62604751768372 -2.19019925136189
  endloop
 endfacet
 facet normal -0.29133521323271 0.64953176417805 0.70230497709642
  outer loop
   vertex 143.86015627692831 32.62597284478149 -3.39019925136189
   vertex 143.32333451400876 32.38519157526801 -3.39019925136189
   vertex 143.62889085668266 31.22474540182792 -2.19019925136189
  endloop
 endfacet
 facet normal -0.40924983117068 0.91242236693692 0.00000000000002
  outer loop
   vertex 144.52359379488189 31.62604751768373 -2.19019925136189
   vertex 143.62889085668266 31.22474540182792 -2.19019925136189
   vertex 143.62889085668277 31.22474540182782 4.52942497472077
  endloop
 endfacet
 facet normal -0.68161276811522 0.73171308198112 0.00000000000000
  outer loop
   vertex 145.24109685935090 32.29442322661563 -2.19019925136189
   vertex 144.52359379488189 31.62604751768373 -2.19019925136189
   vertex 144.52359379488189 31.62604751768373 4.52942497472077
  endloop
 endfacet
 facet normal -0.88115395882180 0.47282946275870 0.00000000000000
  outer loop
   vertex 145.70474387736249 33.15846499557225 -2.19019925136189
   vertex 145.24109685935090 32.29442322661563 -2.19019925136189
   vertex 145.24109685935090 32.29442322661563 4.52942497472077
  endloop
 endfacet
 facet normal -0.98655493827127 0.16342996595660 0.00000000000000
  outer loop
   vertex 145.86499999999793 34.12586083542815 -2.19019925136189
   vertex 145.70474387736249 33.15846499557225 -2.19019925136189
   vertex 145.70474387736249 33.15846499557225 4.52942497472077
  endloop
 endfacet
 facet normal -0.98655493827125 0.16342996595671 0.00000000000002
  outer loop
   vertex 145.70474387736249 33.15846499557225 4.52942497472077
   vertex 145.86499999999802 34.12586083542798 4.52942497472077
   vertex 145.86499999999793 34.12586083542815 -2.19019925136189
  endloop
 endfacet
 facet normal -0.88115395882180 0.47282946275870 0.00000000000000
  outer loop
   vertex 145.24109685935090 32.29442322661563 4.52942497472077
   vertex 145.70474387736249 33.15846499557225 4.52942497472077
   vertex 145.70474387736249 33.15846499557225 -2.19019925136189
  endloop
 endfacet
 facet normal -0.68161276811522 0.73171308198112 0.00000000000000
  outer loop
   vertex 144.52359379488189 31.62604751768373 4.52942497472077
   vertex 145.24109685935090 32.29442322661563 4.52942497472077
   vertex 145.24109685935090 32.29442322661563 -2.19019925136189
  endloop
 endfacet
 facet normal -0.40924983117081 0.91242236693686 -0.00000000000000
  outer loop
   vertex 143.62889085668277 31.22474540182782 4.52942497472077
   vertex 144.52359379488189 31.62604751768373 4.52942497472077
   vertex 144.52359379488189 31.62604751768373 -2.19019925136189
  endloop
 endfacet
 facet normal -0.25463028556158 0.96703847786674 0.00000000000000
  outer loop
   vertex 143.62889085668266 31.22474540182792 -2.19019925136189
   vertex 17.68549658229021 -1.93732951315069 -2.19019925136189
   vertex 56.86725576436943 8.37959453660039 3.22809105762076
  endloop
 endfacet
 facet normal -0.25463028556158 0.96703847786674 -0.00000000000002
  outer loop
   vertex 17.68549658229035 -1.93732951315062 4.52942497472077
   vertex 56.86725573220976 8.37959452813248 4.52942497472077
   vertex 56.86725576436943 8.37959453660039 3.22809105762076
  endloop
 endfacet
 facet normal -0.25463028556158 0.96703847786674 0.00000000000002
  outer loop
   vertex 143.62889085668277 31.22474540182782 4.52942497472077
   vertex 143.62889085668266 31.22474540182792 -2.19019925136189
   vertex 127.46114044968857 26.96762534172139 3.22809105762076
  endloop
 endfacet
 facet normal -0.25463028556158 0.96703847786674 -0.00000000000000
  outer loop
   vertex 56.86725576436943 8.37959453660039 3.22809105762076
   vertex 17.68549658229021 -1.93732951315069 -2.19019925136189
   vertex 17.68549658229035 -1.93732951315062 4.52942497472077
  endloop
 endfacet
 facet normal -0.25463028556158 0.96703847786674 0.00000000000002
  outer loop
   vertex 56.86725576436943 8.37959453660039 3.22809105762076
   vertex 127.46114044968857 26.96762534172139 3.22809105762076
   vertex 143.62889085668266 31.22474540182792 -2.19019925136189
  endloop
 endfacet
 facet normal -0.25463028556158 0.96703847786674 0.00000000000001
  outer loop
   vertex 127.46114044968857 26.96762534172139 3.22809105762076
   vertex 127.46114044968860 26.96762534172139 4.52942497472077
   vertex 143.62889085668277 31.22474540182782 4.52942497472077
  endloop
 endfacet
 facet normal 0.18134804288288 0.98341897853486 -0.00000000000000
  outer loop
   vertex 57.13145554337992 8.41251026130723 3.22942497472077
   vertex 57.13145554337992 8.41251026130723 4.52942497472077
   vertex 57.46961180237154 8.35015232730834 4.52942497472077
  endloop
 endfacet
 facet normal 0.50374780982816 0.86385076494342 -0.00000000000000
  outer loop
   vertex 57.46961180237154 8.35015232730834 3.22942497472077
   vertex 57.46961180237154 8.35015232730834 4.52942497472077
   vertex 57.76665360182463 8.17693472772480 4.52942497472077
  endloop
 endfacet
 facet normal 0.76658535889358 0.64214241997396 -0.00000000000000
  outer loop
   vertex 57.76665360182463 8.17693472772480 3.22942497472077
   vertex 57.76665360182463 8.17693472772480 4.52942497472077
   vertex 57.98745926372240 7.91333839409759 4.52942497472077
  endloop
 endfacet
 facet normal -0.12363072186875 0.99232829477457 0.00000000000000
  outer loop
   vertex 56.86725573220976 8.37959452813248 4.52942497472077
   vertex 57.13145554337992 8.41251026130723 4.52942497472077
   vertex 57.13145554337992 8.41251026130723 3.22942497472077
  endloop
 endfacet
 facet normal 0.92453417726787 0.38109914072801 -0.00000000000000
  outer loop
   vertex 57.98745926372240 7.91333839409759 3.22942497472077
   vertex 57.98745926372240 7.91333839409759 4.52942497472077
   vertex 58.08892399222772 7.66718824767854 4.52942497472077
  endloop
 endfacet
 facet normal 0.92453417726787 0.38109914072801 0.00000000000000
  outer loop
   vertex 58.08892399222772 7.66718824767854 4.52942497472077
   vertex 58.08892399222772 7.66718824767854 3.22809105762077
   vertex 57.98745926372240 7.91333839409759 3.22942497472077
  endloop
 endfacet
 facet normal -0.12363070538542 0.99232829682817 0.00000000340191
  outer loop
   vertex 57.13145554337992 8.41251026130723 3.22942497472077
   vertex 56.86725576436943 8.37959453660039 3.22809105762076
   vertex 56.86725573220976 8.37959452813248 4.52942497472077
  endloop
 endfacet
 facet normal 0.76658535889358 0.64214241997396 0.00000000000000
  outer loop
   vertex 57.98745926372240 7.91333839409759 4.52942497472077
   vertex 57.98745926372240 7.91333839409759 3.22942497472077
   vertex 57.76665360182463 8.17693472772480 3.22942497472077
  endloop
 endfacet
 facet normal 0.50374780982816 0.86385076494342 0.00000000000000
  outer loop
   vertex 57.76665360182463 8.17693472772480 4.52942497472077
   vertex 57.76665360182463 8.17693472772480 3.22942497472077
   vertex 57.46961180237154 8.35015232730834 3.22942497472077
  endloop
 endfacet
 facet normal 0.18134804288288 0.98341897853486 0.00000000000000
  outer loop
   vertex 57.46961180237154 8.35015232730834 4.52942497472077
   vertex 57.46961180237154 8.35015232730834 3.22942497472077
   vertex 57.13145554337992 8.41251026130723 3.22942497472077
  endloop
 endfacet
 facet normal 0.96703797445639 0.25463219741281 0.00000000000000
  outer loop
   vertex 58.72550448576098 5.24959331153283 4.52942497472077
   vertex 58.72550448576098 5.24959331153283 3.22809105762077
   vertex 58.08892399222772 7.66718824767854 3.22809105762077
  endloop
 endfacet
 facet normal 0.96703797445639 0.25463219741281 -0.00000000000000
  outer loop
   vertex 58.08892399222772 7.66718824767854 3.22809105762077
   vertex 58.08892399222772 7.66718824767854 4.52942497472077
   vertex 58.72550448576098 5.24959331153283 4.52942497472077
  endloop
 endfacet
 facet normal 0.98341913628690 -0.18134718741885 0.00000000000000
  outer loop
   vertex 58.75842073483184 4.98539289328308 3.22942497472077
   vertex 58.75842073483184 4.98539289328308 4.52942497472077
   vertex 58.69606293958827 4.64723573732154 4.52942497472077
  endloop
 endfacet
 facet normal 0.86385076494342 -0.50374780982816 0.00000000000000
  outer loop
   vertex 58.69606293958827 4.64723573732154 3.22942497472077
   vertex 58.69606293958827 4.64723573732154 4.52942497472077
   vertex 58.52284490832592 4.35019319760505 4.52942497472077
  endloop
 endfacet
 facet normal 0.64214175313064 -0.76658591748499 0.00000000000000
  outer loop
   vertex 58.52284490832592 4.35019319760505 3.22942497472077
   vertex 58.52284490832592 4.35019319760505 4.52942497472077
   vertex 58.25924772570890 4.12938721473320 4.52942497472077
  endloop
 endfacet
 facet normal 0.99232809190459 0.12363235020416 -0.00000000000000
  outer loop
   vertex 58.72550448576098 5.24959331153283 3.22809105762077
   vertex 58.72550448576098 5.24959331153283 4.52942497472077
   vertex 58.75842073483184 4.98539289328308 4.52942497472077
  endloop
 endfacet
 facet normal 0.38109762363692 -0.92453480262145 0.00000000000000
  outer loop
   vertex 58.25924772570890 4.12938721473320 3.22942497472077
   vertex 58.25924772570890 4.12938721473320 4.52942497472077
   vertex 58.01309679686617 4.02792263625330 4.52942497472077
  endloop
 endfacet
 facet normal 0.38109762363698 -0.92453480262143 0.00000000000001
  outer loop
   vertex 58.01309679686617 4.02792263625330 4.52942497472077
   vertex 58.01309679686617 4.02792263625328 3.22809105762077
   vertex 58.25924772570890 4.12938721473320 3.22942497472077
  endloop
 endfacet
 facet normal 0.99232809190459 0.12363235020416 0.00000000000000
  outer loop
   vertex 58.75842073483184 4.98539289328308 4.52942497472077
   vertex 58.75842073483184 4.98539289328308 3.22942497472077
   vertex 58.72550448576098 5.24959331153283 3.22809105762077
  endloop
 endfacet
 facet normal 0.64214175313064 -0.76658591748499 0.00000000000000
  outer loop
   vertex 58.25924772570890 4.12938721473320 4.52942497472077
   vertex 58.25924772570890 4.12938721473320 3.22942497472077
   vertex 58.52284490832592 4.35019319760505 3.22942497472077
  endloop
 endfacet
 facet normal 0.86385076494342 -0.50374780982816 0.00000000000000
  outer loop
   vertex 58.52284490832592 4.35019319760505 4.52942497472077
   vertex 58.52284490832592 4.35019319760505 3.22942497472077
   vertex 58.69606293958827 4.64723573732154 3.22942497472077
  endloop
 endfacet
 facet normal 0.98341913628690 -0.18134718741885 0.00000000000000
  outer loop
   vertex 58.69606293958827 4.64723573732154 4.52942497472077
   vertex 58.69606293958827 4.64723573732154 3.22942497472077
   vertex 58.75842073483184 4.98539289328308 3.22942497472077
  endloop
 endfacet
 facet normal -0.98341913628690 0.18134718741887 0.00000000000000
  outer loop
   vertex 126.71581651172292 26.01015508469161 3.22942497472077
   vertex 126.71581651172292 26.01015508469161 4.52942497472077
   vertex 126.77817430696649 26.34831224065314 4.52942497472077
  endloop
 endfacet
 facet normal -0.86385076494342 0.50374780982816 0.00000000000000
  outer loop
   vertex 126.77817430696649 26.34831224065314 3.22942497472077
   vertex 126.77817430696649 26.34831224065314 4.52942497472077
   vertex 126.95139233822884 26.64535478036963 4.52942497472077
  endloop
 endfacet
 facet normal -0.64214175313063 0.76658591748500 0.00000000000000
  outer loop
   vertex 126.95139233822884 26.64535478036963 3.22942497472077
   vertex 126.95139233822884 26.64535478036963 4.52942497472077
   vertex 127.21498952084588 26.86616076324149 4.52942497472077
  endloop
 endfacet
 facet normal -0.99232809190458 -0.12363235020425 0.00000000000000
  outer loop
   vertex 126.74873276079380 25.74595466644185 3.22809105762077
   vertex 126.74873276079380 25.74595466644185 4.52942497472077
   vertex 126.71581651172292 26.01015508469161 4.52942497472077
  endloop
 endfacet
 facet normal -0.38109762363692 0.92453480262146 0.00000000000000
  outer loop
   vertex 127.21498952084588 26.86616076324149 3.22942497472077
   vertex 127.21498952084588 26.86616076324149 4.52942497472077
   vertex 127.46114044968860 26.96762534172139 4.52942497472077
  endloop
 endfacet
 facet normal -0.38109762363696 0.92453480262144 0.00000000000001
  outer loop
   vertex 127.46114044968860 26.96762534172139 4.52942497472077
   vertex 127.46114044968857 26.96762534172139 3.22809105762076
   vertex 127.21498952084588 26.86616076324149 3.22942497472077
  endloop
 endfacet
 facet normal -0.99232809190458 -0.12363235020425 -0.00000000000000
  outer loop
   vertex 126.71581651172292 26.01015508469161 4.52942497472077
   vertex 126.71581651172292 26.01015508469161 3.22942497472077
   vertex 126.74873276079380 25.74595466644185 3.22809105762077
  endloop
 endfacet
 facet normal -0.64214175313063 0.76658591748500 0.00000000000000
  outer loop
   vertex 127.21498952084588 26.86616076324149 4.52942497472077
   vertex 127.21498952084588 26.86616076324149 3.22942497472077
   vertex 126.95139233822884 26.64535478036963 3.22942497472077
  endloop
 endfacet
 facet normal -0.86385076494342 0.50374780982816 0.00000000000000
  outer loop
   vertex 126.95139233822884 26.64535478036963 4.52942497472077
   vertex 126.95139233822884 26.64535478036963 3.22942497472077
   vertex 126.77817430696649 26.34831224065314 3.22942497472077
  endloop
 endfacet
 facet normal -0.98341913628690 0.18134718741887 0.00000000000000
  outer loop
   vertex 126.77817430696649 26.34831224065314 4.52942497472077
   vertex 126.77817430696649 26.34831224065314 3.22942497472077
   vertex 126.71581651172292 26.01015508469161 3.22942497472077
  endloop
 endfacet
 facet normal -0.00106470426711 0.00498018120069 0.99998703201593
  outer loop
   vertex 57.76665360182463 8.17693472772480 3.22942497472077
   vertex 127.48676061790322 23.08227500597164 3.22942497472077
   vertex 127.38529614365660 23.32842471291901 3.22809105762077
  endloop
 endfacet
 facet normal 0.00106470233351 -0.00498017200670 0.99998703206378
  outer loop
   vertex 127.70756564372961 22.81867898388355 3.22942497472077
   vertex 57.98745926372240 7.91333839409759 3.22942497472077
   vertex 58.08892399222772 7.66718824767854 3.22809105762077
  endloop
 endfacet
 facet normal 0.00001812185370 0.00000477169207 0.99999999982441
  outer loop
   vertex 127.38529614365660 23.32842471291901 3.22809105762077
   vertex 126.74873276079380 25.74595466644185 3.22809105762077
   vertex 57.76665360182463 8.17693472772480 3.22942497472077
  endloop
 endfacet
 facet normal 0.00000000000000 0.00000000000000 1.00000000000000
  outer loop
   vertex 127.48676061790322 23.08227500597164 3.22942497472077
   vertex 57.76665360182463 8.17693472772480 3.22942497472077
   vertex 57.98745926372240 7.91333839409759 3.22942497472077
  endloop
 endfacet
 facet normal -0.00001812185387 -0.00000477169211 0.99999999982441
  outer loop
   vertex 58.08892399222772 7.66718824767854 3.22809105762077
   vertex 58.72550448576098 5.24959331153283 3.22809105762077
   vertex 127.70756564372961 22.81867898388355 3.22942497472077
  endloop
 endfacet
 facet normal 0.00000000000000 0.00000000000000 1.00000000000000
  outer loop
   vertex 57.98745926372240 7.91333839409759 3.22942497472077
   vertex 127.70756564372961 22.81867898388355 3.22942497472077
   vertex 127.48676061790322 23.08227500597164 3.22942497472077
  endloop
 endfacet
 facet normal 0.00126507618226 -0.00489120540417 0.99998723776454
  outer loop
   vertex 126.74873276079380 25.74595466644185 3.22809105762077
   vertex 126.71581651172292 26.01015508469161 3.22942497472077
   vertex 57.76665360182463 8.17693472772480 3.22942497472077
  endloop
 endfacet
 facet normal -0.00126508101975 0.00489120480146 0.99998723776136
  outer loop
   vertex 58.72550448576098 5.24959331153283 3.22809105762077
   vertex 58.75842073483184 4.98539289328308 3.22942497472077
   vertex 127.70756564372961 22.81867898388355 3.22942497472077
  endloop
 endfacet
 facet normal 0.00976320831671 -0.03791147833281 0.99923340595378
  outer loop
   vertex 58.69606293958827 4.64723573732154 3.22942497472077
   vertex 128.60697105609989 22.61598544010192 3.22809105762077
   vertex 128.34276211373410 22.58310272301511 3.22942497472077
  endloop
 endfacet
 facet normal -0.00000000000000 0.00000000000000 1.00000000000000
  outer loop
   vertex 58.75842073483184 4.98539289328308 3.22942497472077
   vertex 58.69606293958827 4.64723573732154 3.22942497472077
   vertex 127.70756564372961 22.81867898388355 3.22942497472077
  endloop
 endfacet
 facet normal 0.00000000000000 0.00000000000000 1.00000000000000
  outer loop
   vertex 128.34276211373410 22.58310272301511 3.22942497472077
   vertex 128.00460662537205 22.64546126678812 3.22942497472077
   vertex 58.69606293958827 4.64723573732154 3.22942497472077
  endloop
 endfacet
 facet normal -0.00977306012292 0.03794988206407 0.99923185184779
  outer loop
   vertex 126.77817430696649 26.34831224065314 3.22942497472077
   vertex 56.86725576436943 8.37959453660039 3.22809105762076
   vertex 57.13145554337992 8.41251026130723 3.22942497472077
  endloop
 endfacet
 facet normal 0.00000000000000 0.00000000000000 1.00000000000000
  outer loop
   vertex 128.00460662537205 22.64546126678812 3.22942497472077
   vertex 127.70756564372961 22.81867898388355 3.22942497472077
   vertex 58.69606293958827 4.64723573732154 3.22942497472077
  endloop
 endfacet
 facet normal -0.00000000000000 0.00000000000000 1.00000000000000
  outer loop
   vertex 57.13145554337992 8.41251026130723 3.22942497472077
   vertex 57.46961180237154 8.35015232730834 3.22942497472077
   vertex 126.77817430696649 26.34831224065314 3.22942497472077
  endloop
 endfacet
 facet normal -0.00000000000000 0.00000000000000 1.00000000000000
  outer loop
   vertex 57.46961180237154 8.35015232730834 3.22942497472077
   vertex 57.76665360182463 8.17693472772480 3.22942497472077
   vertex 126.77817430696649 26.34831224065314 3.22942497472077
  endloop
 endfacet
 facet normal 0.00002244420938 -0.00001308816497 0.99999999966248
  outer loop
   vertex 128.60697105609989 22.61598544010192 3.22809105762077
   vertex 58.69606293958827 4.64723573732154 3.22942497472077
   vertex 58.52284490832592 4.35019319760505 3.22942497472077
  endloop
 endfacet
 facet normal -0.00002762959884 0.00003298409000 0.99999999907433
  outer loop
   vertex 56.86725576436943 8.37959453660039 3.22809105762076
   vertex 126.95139233822884 26.64535478036963 3.22942497472077
   vertex 127.21498952084588 26.86616076324149 3.22942497472077
  endloop
 endfacet
 facet normal 0.00000000000000 -0.00000000000000 1.00000000000000
  outer loop
   vertex 126.71581651172292 26.01015508469161 3.22942497472077
   vertex 126.77817430696649 26.34831224065314 3.22942497472077
   vertex 57.76665360182463 8.17693472772480 3.22942497472077
  endloop
 endfacet
 facet normal 0.00002762962667 -0.00003298412322 0.99999999907433
  outer loop
   vertex 58.52284490832592 4.35019319760505 3.22942497472077
   vertex 58.25924772570890 4.12938721473320 3.22942497472077
   vertex 128.60697105609989 22.61598544010192 3.22809105762077
  endloop
 endfacet
 facet normal -0.00002244419840 0.00001308815856 0.99999999966248
  outer loop
   vertex 126.77817430696649 26.34831224065314 3.22942497472077
   vertex 126.95139233822884 26.64535478036963 3.22942497472077
   vertex 56.86725576436943 8.37959453660039 3.22809105762076
  endloop
 endfacet
 facet normal -0.00957646222851 0.03636962286863 0.99929252068830
  outer loop
   vertex 127.21498952084588 26.86616076324149 3.22942497472077
   vertex 127.46114044968857 26.96762534172139 3.22809105762076
   vertex 56.86725576436943 8.37959453660039 3.22809105762076
  endloop
 endfacet
 facet normal 0.00957651173670 -0.03636974291064 0.99929251584487
  outer loop
   vertex 58.25924772570890 4.12938721473320 3.22942497472077
   vertex 58.01309679686617 4.02792263625328 3.22809105762077
   vertex 128.60697105609989 22.61598544010192 3.22809105762077
  endloop
 endfacet
 facet normal -0.96703797445640 -0.25463219741279 -0.00000000000000
  outer loop
   vertex 126.74873276079380 25.74595466644185 4.52942497472077
   vertex 126.74873276079380 25.74595466644185 3.22809105762077
   vertex 127.38529614365660 23.32842471291901 3.22809105762077
  endloop
 endfacet
 facet normal -0.96703797445640 -0.25463219741279 0.00000000000000
  outer loop
   vertex 127.38529614365660 23.32842471291901 3.22809105762077
   vertex 127.38529614365660 23.32842471291901 4.52942497472077
   vertex 126.74873276079380 25.74595466644185 4.52942497472077
  endloop
 endfacet
 facet normal -0.18135015758444 -0.98341858856954 0.00000000000000
  outer loop
   vertex 128.34276211373410 22.58310272301511 3.22942497472077
   vertex 128.34276211373410 22.58310272301511 4.52942497472077
   vertex 128.00460662537205 22.64546126678812 4.52942497472077
  endloop
 endfacet
 facet normal -0.50374909981900 -0.86385001269407 0.00000000000000
  outer loop
   vertex 128.00460662537205 22.64546126678812 3.22942497472077
   vertex 128.00460662537205 22.64546126678812 4.52942497472077
   vertex 127.70756564372961 22.81867898388355 4.52942497472077
  endloop
 endfacet
 facet normal -0.76658589588490 -0.64214177891673 0.00000000000000
  outer loop
   vertex 127.70756564372961 22.81867898388355 3.22942497472077
   vertex 127.70756564372961 22.81867898388355 4.52942497472077
   vertex 127.48676061790322 23.08227500597164 4.52942497472077
  endloop
 endfacet
 facet normal 0.12362801008766 -0.99232863262216 -0.00000000000000
  outer loop
   vertex 128.60696151550948 22.61601767198875 4.52942497472077
   vertex 128.34276211373410 22.58310272301511 4.52942497472077
   vertex 128.34276211373410 22.58310272301511 3.22942497472077
  endloop
 endfacet
 facet normal -0.92453427401429 -0.38109890602425 0.00000000000000
  outer loop
   vertex 127.48676061790322 23.08227500597164 3.22942497472077
   vertex 127.48676061790322 23.08227500597164 4.52942497472077
   vertex 127.38529614365660 23.32842471291901 4.52942497472077
  endloop
 endfacet
 facet normal -0.92453427401429 -0.38109890602425 -0.00000000000000
  outer loop
   vertex 127.38529614365660 23.32842471291901 4.52942497472077
   vertex 127.38529614365660 23.32842471291901 3.22809105762077
   vertex 127.48676061790322 23.08227500597164 3.22942497472077
  endloop
 endfacet
 facet normal 0.12350453006103 -0.99234400809647 0.00002548417855
  outer loop
   vertex 128.34276211373410 22.58310272301511 3.22942497472077
   vertex 128.60697105609989 22.61598544010192 3.22809105762077
   vertex 128.60696151550948 22.61601767198875 4.52942497472077
  endloop
 endfacet
 facet normal -0.76658589588490 -0.64214177891673 -0.00000000000000
  outer loop
   vertex 127.48676061790322 23.08227500597164 4.52942497472077
   vertex 127.48676061790322 23.08227500597164 3.22942497472077
   vertex 127.70756564372961 22.81867898388355 3.22942497472077
  endloop
 endfacet
 facet normal -0.50374909981900 -0.86385001269407 -0.00000000000000
  outer loop
   vertex 127.70756564372961 22.81867898388355 4.52942497472077
   vertex 127.70756564372961 22.81867898388355 3.22942497472077
   vertex 128.00460662537205 22.64546126678812 3.22942497472077
  endloop
 endfacet
 facet normal -0.18135015758444 -0.98341858856954 -0.00000000000000
  outer loop
   vertex 128.00460662537205 22.64546126678812 4.52942497472077
   vertex 128.00460662537205 22.64546126678812 3.22942497472077
   vertex 128.34276211373410 22.58310272301511 3.22942497472077
  endloop
 endfacet
 facet normal 0.25462884147860 -0.96703885810252 0.00000265343996
  outer loop
   vertex 128.60697105609989 22.61598544010192 3.22809105762077
   vertex 148.12888652443510 27.75625739246051 3.22809105762077
   vertex 148.12888219218746 27.75625982245202 4.52942497472077
  endloop
 endfacet
 facet normal 0.25462739731160 -0.96703923802073 0.00002581873457
  outer loop
   vertex 148.12888219218746 27.75625982245202 4.52942497472077
   vertex 128.60696151550948 22.61601767198875 4.52942497472077
   vertex 128.60697105609989 22.61598544010192 3.22809105762077
  endloop
 endfacet
 facet normal 0.88347223105900 -0.46848352900356 0.00000000000000
  outer loop
   vertex 150.21041270184872 29.70677765669738 -2.17077142648073
   vertex 150.21041270184872 29.70677765669738 4.52942497472077
   vertex 149.74829427513941 28.83530881695671 4.52942497472077
  endloop
 endfacet
 facet normal 0.68377157086056 -0.72969612777024 0.00000000000000
  outer loop
   vertex 149.74829427513941 28.83530881695671 -2.17077142648073
   vertex 149.74829427513941 28.83530881695671 4.52942497472077
   vertex 149.02851224297646 28.16082738272847 4.52942497472077
  endloop
 endfacet
 facet normal 0.41014413547137 -0.91202071694586 0.00000000000000
  outer loop
   vertex 149.02851224297646 28.16082738272847 -2.17077142648073
   vertex 149.02851224297646 28.16082738272847 4.52942497472077
   vertex 148.12888652443510 27.75625739246051 3.22809105762077
  endloop
 endfacet
 facet normal 0.41014044355838 -0.91202237721907 0.00000306841814
  outer loop
   vertex 149.02851224297646 28.16082738272847 4.52942497472077
   vertex 148.12888219218746 27.75625982245202 4.52942497472077
   vertex 148.12888652443510 27.75625739246051 3.22809105762077
  endloop
 endfacet
 facet normal 0.98703366219621 -0.16051339411879 0.00000000000000
  outer loop
   vertex 150.21041270184872 29.70677765669738 4.52942497472077
   vertex 150.21041270184872 29.70677765669738 -2.17077142648073
   vertex 150.36499999999796 30.65737039606926 -2.17077142648073
  endloop
 endfacet
 facet normal 0.98703385324279 -0.16051221932508 0.00000017108211
  outer loop
   vertex 150.36499999999796 30.65737039606926 -2.17077142648073
   vertex 150.36499999999808 30.65737753748104 4.52942497472077
   vertex 150.21041270184872 29.70677765669738 4.52942497472077
  endloop
 endfacet
 facet normal 0.41014782739771 -0.91201905664322 0.00000073961145
  outer loop
   vertex 148.12888652443510 27.75625739246051 3.22809105762077
   vertex 148.12889085668272 27.75625496246901 -2.17077142648073
   vertex 149.02851224297646 28.16082738272847 -2.17077142648073
  endloop
 endfacet
 facet normal 0.68377157086056 -0.72969612777024 0.00000000000000
  outer loop
   vertex 149.02851224297646 28.16082738272847 4.52942497472077
   vertex 149.02851224297646 28.16082738272847 -2.17077142648073
   vertex 149.74829427513941 28.83530881695671 -2.17077142648073
  endloop
 endfacet
 facet normal 0.88347223105900 -0.46848352900356 0.00000000000000
  outer loop
   vertex 149.74829427513941 28.83530881695671 4.52942497472077
   vertex 149.74829427513941 28.83530881695671 -2.17077142648073
   vertex 150.21041270184872 29.70677765669738 -2.17077142648073
  endloop
 endfacet
 facet normal 0.25463073063977 -0.96703836064075 0.00000794429422
  outer loop
   vertex 148.12889085668272 27.75625496246901 -2.17077142648073
   vertex 128.60697105609989 22.61598544010192 3.22809105762077
   vertex 58.01309679686617 4.02792263625328 3.22809105762077
  endloop
 endfacet
 facet normal 0.25463028556158 -0.96703847786674 0.00000000000000
  outer loop
   vertex 18.26801507286345 -6.43732951315066 4.52942497472077
   vertex 18.26801507286358 -6.43732951315063 -2.17077142648073
   vertex 58.01309679686617 4.02792263625328 3.22809105762077
  endloop
 endfacet
 facet normal 0.25462884147944 -0.96703885810573 0.00000063958128
  outer loop
   vertex 148.12889085668272 27.75625496246901 -2.17077142648073
   vertex 148.12888652443510 27.75625739246051 3.22809105762077
   vertex 128.60697105609989 22.61598544010192 3.22809105762077
  endloop
 endfacet
 facet normal 0.25463028556158 -0.96703847786674 -0.00000000000000
  outer loop
   vertex 58.01309679686617 4.02792263625328 3.22809105762077
   vertex 18.26801507286358 -6.43732951315063 -2.17077142648073
   vertex 148.12889085668272 27.75625496246901 -2.17077142648073
  endloop
 endfacet
 facet normal 0.25463028556158 -0.96703847786674 0.00000000000001
  outer loop
   vertex 58.01309679686617 4.02792263625328 3.22809105762077
   vertex 58.01309679686617 4.02792263625330 4.52942497472077
   vertex 18.26801507286345 -6.43732951315066 4.52942497472077
  endloop
 endfacet
 facet normal 0.12837741649771 -0.99172538483865 -0.00000000000000
  outer loop
   vertex 18.26801507286358 -6.43732951315063 -2.17077142648073
   vertex 18.26801507286345 -6.43732951315066 4.52942497472077
   vertex 17.50412421617862 -6.53621407955043 4.52942497472077
  endloop
 endfacet
 facet normal 0.12837741649771 -0.99172538483865 -0.00000000000000
  outer loop
   vertex 17.50412421617862 -6.53621407955043 4.52942497472077
   vertex 17.50412421617879 -6.53621407955040 -2.17077142648073
   vertex 18.26801507286358 -6.43732951315063 -2.17077142648073
  endloop
 endfacet
 facet normal 0.00000000000000 -1.00000000000000 -0.00000000000001
  outer loop
   vertex -3.49499999999992 -6.53621407955040 -2.17077142648073
   vertex 17.50412421617879 -6.53621407955040 -2.17077142648073
   vertex 17.50412421617862 -6.53621407955043 4.52942497472077
  endloop
 endfacet
 facet normal -0.00000000000000 -1.00000000000000 -0.00000000000000
  outer loop
   vertex 17.50412421617862 -6.53621407955043 4.52942497472077
   vertex -3.49499999999985 -6.53621407955042 4.52942497472077
   vertex -3.49499999999992 -6.53621407955040 -2.17077142648073
  endloop
 endfacet
 facet normal -0.15643446504023 -0.98768834059514 -0.00000000000000
  outer loop
   vertex -3.49499999999992 -6.53621407955040 -2.17077142648073
   vertex -3.49499999999985 -6.53621407955042 4.52942497472077
   vertex -4.42205098312477 -6.38938362843587 4.52942497472077
  endloop
 endfacet
 facet normal -0.45399049973955 -0.89100652418837 0.00000000000000
  outer loop
   vertex -4.42205098312477 -6.38938362843587 -2.17077142648073
   vertex -4.42205098312477 -6.38938362843587 4.52942497472077
   vertex -5.25835575687735 -5.96326506267525 4.52942497472077
  endloop
 endfacet
 facet normal -0.70710678118655 -0.70710678118654 0.00000000000000
  outer loop
   vertex -5.25835575687735 -5.96326506267525 -2.17077142648073
   vertex -5.25835575687735 -5.96326506267525 4.52942497472077
   vertex -5.92205098312477 -5.29956983642782 4.52942497472077
  endloop
 endfacet
 facet normal -0.89100652418837 -0.45399049973954 0.00000000000000
  outer loop
   vertex -5.92205098312477 -5.29956983642782 -2.17077142648073
   vertex -5.92205098312477 -5.29956983642782 4.52942497472077
   vertex -6.34816954888538 -4.46326506267523 4.52942497472077
  endloop
 endfacet
 facet normal -0.98768834059515 -0.15643446504018 0.00000000000000
  outer loop
   vertex -6.34816954888538 -4.46326506267523 -2.17077142648073
   vertex -6.34816954888538 -4.46326506267523 4.52942497472077
   vertex -6.49499999999987 -3.53621407955042 4.52942497472077
  endloop
 endfacet
 facet normal -0.98768834059514 -0.15643446504021 0.00000000000000
  outer loop
   vertex -6.49499999999987 -3.53621407955042 4.52942497472077
   vertex -6.49499999999990 -3.53621407955038 -2.17077142648073
   vertex -6.34816954888538 -4.46326506267523 -2.17077142648073
  endloop
 endfacet
 facet normal -0.89100652418837 -0.45399049973954 -0.00000000000000
  outer loop
   vertex -6.34816954888538 -4.46326506267523 4.52942497472077
   vertex -6.34816954888538 -4.46326506267523 -2.17077142648073
   vertex -5.92205098312477 -5.29956983642782 -2.17077142648073
  endloop
 endfacet
 facet normal -0.70710678118655 -0.70710678118654 -0.00000000000000
  outer loop
   vertex -5.92205098312477 -5.29956983642782 4.52942497472077
   vertex -5.92205098312477 -5.29956983642782 -2.17077142648073
   vertex -5.25835575687735 -5.96326506267525 -2.17077142648073
  endloop
 endfacet
 facet normal -0.45399049973955 -0.89100652418837 -0.00000000000000
  outer loop
   vertex -5.25835575687735 -5.96326506267525 4.52942497472077
   vertex -5.25835575687735 -5.96326506267525 -2.17077142648073
   vertex -4.42205098312477 -6.38938362843587 -2.17077142648073
  endloop
 endfacet
 facet normal -0.15643446504022 -0.98768834059514 -0.00000000000000
  outer loop
   vertex -4.42205098312477 -6.38938362843587 4.52942497472077
   vertex -4.42205098312477 -6.38938362843587 -2.17077142648073
   vertex -3.49499999999992 -6.53621407955040 -2.17077142648073
  endloop
 endfacet
 facet normal -1.00000000000000 -0.00000000000001 0.00000000000001
  outer loop
   vertex 145.86499999999805 136.99999999996820 4.52942497472077
   vertex 145.86499999999796 136.99999999996811 -2.19019925136189
   vertex 145.86499999999816 120.49999999999635 3.22809105762076
  endloop
 endfacet
 facet normal -1.00000000000000 -0.00000000000000 0.00000000000004
  outer loop
   vertex 145.86499999999793 34.12586083542815 -2.19019925136189
   vertex 145.86499999999816 47.50000000002464 3.22809105762076
   vertex 145.86499999999816 120.49999999999635 3.22809105762076
  endloop
 endfacet
 facet normal -1.00000000000000 0.00000000000000 0.00000000000004
  outer loop
   vertex 145.86499999999816 120.49999999999635 3.22809105762076
   vertex 145.86499999999796 136.99999999996811 -2.19019925136189
   vertex 145.86499999999793 34.12586083542815 -2.19019925136189
  endloop
 endfacet
 facet normal -1.00000000000000 0.00000000000003 0.00000000000015
  outer loop
   vertex 145.86499999999802 34.12586083542798 4.52942497472077
   vertex 145.86499999999836 47.50000000002464 4.52942497472077
   vertex 145.86499999999816 47.50000000002464 3.22809105762076
  endloop
 endfacet
 facet normal -1.00000000000000 0.00000000000001 0.00000000000001
  outer loop
   vertex 145.86499999999816 47.50000000002464 3.22809105762076
   vertex 145.86499999999793 34.12586083542815 -2.19019925136189
   vertex 145.86499999999802 34.12586083542798 4.52942497472077
  endloop
 endfacet
 facet normal -1.00000000000000 -0.00000000000002 0.00000000000015
  outer loop
   vertex 145.86499999999816 120.49999999999635 3.22809105762076
   vertex 145.86499999999836 120.49999999999635 4.52942497472077
   vertex 145.86499999999805 136.99999999996820 4.52942497472077
  endloop
 endfacet
 facet normal -0.90482705246600 0.42577929156512 0.00000000000000
  outer loop
   vertex 145.90044258154057 47.76387304999000 3.22942497472077
   vertex 145.90044258154057 47.76387304999000 4.52942497472077
   vertex 146.04685028257336 48.07500525206788 4.52942497472077
  endloop
 endfacet
 facet normal -0.70710678118654 0.70710678118656 0.00000000000000
  outer loop
   vertex 146.04685028257336 48.07500525206788 3.22942497472077
   vertex 146.04685028257336 48.07500525206788 4.52942497472077
   vertex 146.28999474795509 48.31814971744961 4.52942497472077
  endloop
 endfacet
 facet normal -0.42577929156506 0.90482705246603 0.00000000000000
  outer loop
   vertex 146.28999474795509 48.31814971744961 3.22942497472077
   vertex 146.28999474795509 48.31814971744961 4.52942497472077
   vertex 146.60112695003301 48.46455741848238 4.52942497472077
  endloop
 endfacet
 facet normal -0.99109974736597 0.13312133852660 0.00000000000015
  outer loop
   vertex 145.86499999999816 47.50000000002464 3.22809105762076
   vertex 145.86499999999836 47.50000000002464 4.52942497472077
   vertex 145.90044258154057 47.76387304999000 4.52942497472077
  endloop
 endfacet
 facet normal -0.13312133852663 0.99109974736596 0.00000000000000
  outer loop
   vertex 146.60112695003301 48.46455741848238 3.22942497472077
   vertex 146.60112695003301 48.46455741848238 4.52942497472077
   vertex 146.86499999999836 48.50000000002460 4.52942497472077
  endloop
 endfacet
 facet normal -0.13312133852663 0.99109974736596 0.00000000000000
  outer loop
   vertex 146.86499999999836 48.50000000002460 4.52942497472077
   vertex 146.86499999999836 48.50000000002460 3.22809105762077
   vertex 146.60112695003301 48.46455741848238 3.22942497472077
  endloop
 endfacet
 facet normal -0.99109974736587 0.13312133852734 0.00000000000000
  outer loop
   vertex 145.90044258154057 47.76387304999000 4.52942497472077
   vertex 145.90044258154057 47.76387304999000 3.22942497472077
   vertex 145.86499999999816 47.50000000002464 3.22809105762076
  endloop
 endfacet
 facet normal -0.42577929156506 0.90482705246603 0.00000000000000
  outer loop
   vertex 146.60112695003301 48.46455741848238 4.52942497472077
   vertex 146.60112695003301 48.46455741848238 3.22942497472077
   vertex 146.28999474795509 48.31814971744961 3.22942497472077
  endloop
 endfacet
 facet normal -0.70710678118654 0.70710678118656 0.00000000000000
  outer loop
   vertex 146.28999474795509 48.31814971744961 4.52942497472077
   vertex 146.28999474795509 48.31814971744961 3.22942497472077
   vertex 146.04685028257336 48.07500525206788 3.22942497472077
  endloop
 endfacet
 facet normal -0.90482705246600 0.42577929156512 0.00000000000000
  outer loop
   vertex 146.04685028257336 48.07500525206788 4.52942497472077
   vertex 146.04685028257336 48.07500525206788 3.22942497472077
   vertex 145.90044258154057 47.76387304999000 3.22942497472077
  endloop
 endfacet
 facet normal 0.00000000000000 1.00000000000000 0.00000000000000
  outer loop
   vertex 149.36499999999870 48.50000000002460 4.52942497472077
   vertex 149.36499999999870 48.50000000002460 3.22809105762077
   vertex 146.86499999999836 48.50000000002460 3.22809105762077
  endloop
 endfacet
 facet normal 0.00000000000000 1.00000000000000 0.00000000000000
  outer loop
   vertex 146.86499999999836 48.50000000002460 3.22809105762077
   vertex 146.86499999999836 48.50000000002460 4.52942497472077
   vertex 149.36499999999870 48.50000000002460 4.52942497472077
  endloop
 endfacet
 facet normal 0.42577929156507 0.90482705246602 -0.00000000000000
  outer loop
   vertex 149.62887304996406 48.46455741848238 3.22942497472077
   vertex 149.62887304996406 48.46455741848238 4.52942497472077
   vertex 149.94000525204197 48.31814971744960 4.52942497472077
  endloop
 endfacet
 facet normal 0.70710678118653 0.70710678118657 -0.00000000000000
  outer loop
   vertex 149.94000525204197 48.31814971744960 3.22942497472077
   vertex 149.94000525204197 48.31814971744960 4.52942497472077
   vertex 150.18314971742373 48.07500525206785 4.52942497472077
  endloop
 endfacet
 facet normal 0.90482705246604 0.42577929156503 -0.00000000000000
  outer loop
   vertex 150.18314971742373 48.07500525206785 3.22942497472077
   vertex 150.18314971742373 48.07500525206785 4.52942497472077
   vertex 150.32955741845649 47.76387304998995 4.52942497472077
  endloop
 endfacet
 facet normal 0.13312133852663 0.99109974736596 -0.00000000000000
  outer loop
   vertex 149.36499999999870 48.50000000002460 3.22809105762077
   vertex 149.36499999999870 48.50000000002460 4.52942497472077
   vertex 149.62887304996406 48.46455741848238 4.52942497472077
  endloop
 endfacet
 facet normal 0.99109974736597 0.13312133852659 -0.00000000000000
  outer loop
   vertex 150.32955741845649 47.76387304998995 3.22942497472077
   vertex 150.32955741845649 47.76387304998995 4.52942497472077
   vertex 150.36499999999870 47.50000000002457 4.52942497472077
  endloop
 endfacet
 facet normal 0.99109974736615 0.13312133852523 -0.00000000000028
  outer loop
   vertex 150.36499999999870 47.50000000002457 4.52942497472077
   vertex 150.36499999999833 47.50000000002457 3.22809105762077
   vertex 150.32955741845649 47.76387304998995 3.22942497472077
  endloop
 endfacet
 facet normal 0.13312133852663 0.99109974736596 0.00000000000000
  outer loop
   vertex 149.62887304996406 48.46455741848238 4.52942497472077
   vertex 149.62887304996406 48.46455741848238 3.22942497472077
   vertex 149.36499999999870 48.50000000002460 3.22809105762077
  endloop
 endfacet
 facet normal 0.90482705246604 0.42577929156503 0.00000000000000
  outer loop
   vertex 150.32955741845649 47.76387304998995 4.52942497472077
   vertex 150.32955741845649 47.76387304998995 3.22942497472077
   vertex 150.18314971742373 48.07500525206785 3.22942497472077
  endloop
 endfacet
 facet normal 0.70710678118653 0.70710678118657 0.00000000000000
  outer loop
   vertex 150.18314971742373 48.07500525206785 4.52942497472077
   vertex 150.18314971742373 48.07500525206785 3.22942497472077
   vertex 149.94000525204197 48.31814971744960 3.22942497472077
  endloop
 endfacet
 facet normal 0.42577929156507 0.90482705246602 0.00000000000000
  outer loop
   vertex 149.94000525204197 48.31814971744960 4.52942497472077
   vertex 149.94000525204197 48.31814971744960 3.22942497472077
   vertex 149.62887304996406 48.46455741848238 3.22942497472077
  endloop
 endfacet
 facet normal 1.00000000000000 0.00000000000000 -0.00000000000008
  outer loop
   vertex 150.36499999999796 30.65737039606926 -2.17077142648073
   vertex 150.36499999999793 141.49999999996817 -2.17077142648073
   vertex 150.36499999999836 120.49999947304356 3.22809105762076
  endloop
 endfacet
 facet normal 1.00000000000000 0.00000000000003 -0.00000000000028
  outer loop
   vertex 150.36499999999813 141.49999999996840 4.52942497472077
   vertex 150.36499999999873 120.49999999999635 4.52942497472077
   vertex 150.36499999999836 120.49999947304356 3.22809105762076
  endloop
 endfacet
 facet normal 1.00000000000000 -0.00000000000002 -0.00000000000002
  outer loop
   vertex 150.36499999999808 30.65737753748104 4.52942497472077
   vertex 150.36499999999796 30.65737039606926 -2.17077142648073
   vertex 150.36499999999833 47.50000000002457 3.22809105762077
  endloop
 endfacet
 facet normal 1.00000000000000 0.00000000000001 -0.00000000000003
  outer loop
   vertex 150.36499999999836 120.49999947304356 3.22809105762076
   vertex 150.36499999999793 141.49999999996817 -2.17077142648073
   vertex 150.36499999999813 141.49999999996840 4.52942497472077
  endloop
 endfacet
 facet normal 1.00000000000000 -0.00000000000000 -0.00000000000007
  outer loop
   vertex 150.36499999999836 120.49999947304356 3.22809105762076
   vertex 150.36499999999833 47.50000000002457 3.22809105762077
   vertex 150.36499999999796 30.65737039606926 -2.17077142648073
  endloop
 endfacet
 facet normal 1.00000000000000 -0.00000000000004 -0.00000000000028
  outer loop
   vertex 150.36499999999833 47.50000000002457 3.22809105762077
   vertex 150.36499999999870 47.50000000002457 4.52942497472077
   vertex 150.36499999999808 30.65737753748104 4.52942497472077
  endloop
 endfacet
 facet normal 0.00508830457599 -0.00024734814092 0.99998702390353
  outer loop
   vertex 150.36499999999836 120.49999947304356 3.22809105762076
   vertex 146.60112695003301 48.46455741848238 3.22942497472077
   vertex 146.86499999999836 48.50000000002460 3.22809105762077
  endloop
 endfacet
 facet normal -0.00508830457574 0.00024734813910 0.99998702390353
  outer loop
   vertex 145.86499999999816 47.50000000002464 3.22809105762076
   vertex 149.62887304996408 119.53544258153855 3.22942497472077
   vertex 149.36499999999870 119.49999999999639 3.22809105762077
  endloop
 endfacet
 facet normal -0.00000000000000 0.00000000000000 1.00000000000000
  outer loop
   vertex 146.86499999999836 48.50000000002460 3.22809105762077
   vertex 149.36499999999870 48.50000000002460 3.22809105762077
   vertex 150.36499999999836 120.49999947304356 3.22809105762076
  endloop
 endfacet
 facet normal 0.00000000000000 -0.00000000000000 1.00000000000000
  outer loop
   vertex 149.36499999999870 119.49999999999639 3.22809105762077
   vertex 146.86499999999836 119.49999999999632 3.22809105762077
   vertex 145.86499999999816 47.50000000002464 3.22809105762076
  endloop
 endfacet
 facet normal -0.00504567004847 0.00007007875119 0.99998726807031
  outer loop
   vertex 149.36499999999870 48.50000000002460 3.22809105762077
   vertex 149.62887304996406 48.46455741848238 3.22942497472077
   vertex 150.36499999999836 120.49999947304356 3.22809105762076
  endloop
 endfacet
 facet normal -0.06889265763139 0.00421034914259 0.99761519369173
  outer loop
   vertex 150.32955741845652 120.23612695003096 3.22942497472077
   vertex 145.86499999999816 47.50000000002464 3.22809105762076
   vertex 145.90044258154057 47.76387304999000 3.22942497472077
  endloop
 endfacet
 facet normal -0.00001837178160 -0.00001837178160 0.99999999966248
  outer loop
   vertex 145.86499999999816 47.50000000002464 3.22809105762076
   vertex 146.28999474795509 119.68185028257132 3.22942497472077
   vertex 146.04685028257333 119.92499474795306 3.22942497472077
  endloop
 endfacet
 facet normal 0.00504567004854 -0.00007007875067 0.99998726807031
  outer loop
   vertex 146.86499999999836 119.49999999999632 3.22809105762077
   vertex 146.60112695003301 119.53544258153855 3.22942497472077
   vertex 145.86499999999816 47.50000000002464 3.22809105762076
  endloop
 endfacet
 facet normal 0.00001958565397 -0.00001958565397 0.99999999961640
  outer loop
   vertex 145.86499999999816 47.50000000002464 3.22809105762076
   vertex 150.18314971742376 119.92499474795306 3.22942497472077
   vertex 149.94000525204200 119.68185028257132 3.22942497472077
  endloop
 endfacet
 facet normal 0.00000867197858 0.00001842889257 0.99999999979259
  outer loop
   vertex 149.62887304996406 48.46455741848238 3.22942497472077
   vertex 149.94000525204197 48.31814971744960 3.22942497472077
   vertex 150.36499999999836 120.49999947304356 3.22809105762076
  endloop
 endfacet
 facet normal -0.00001958565412 0.00001958565412 0.99999999961640
  outer loop
   vertex 150.36499999999836 120.49999947304356 3.22809105762076
   vertex 146.04685028257336 48.07500525206788 3.22942497472077
   vertex 146.28999474795509 48.31814971744961 3.22942497472077
  endloop
 endfacet
 facet normal 0.06889254332002 -0.00421034215650 0.99761520161524
  outer loop
   vertex 145.90044258154057 47.76387304999000 3.22942497472077
   vertex 150.36499999999836 120.49999947304356 3.22809105762076
   vertex 150.32955741845652 120.23612695003096 3.22942497472077
  endloop
 endfacet
 facet normal -0.00003893231455 -0.00001832015661 0.99999999907432
  outer loop
   vertex 146.04685028257333 119.92499474795306 3.22942497472077
   vertex 145.90044258154057 120.23612695003096 3.22942497472077
   vertex 145.86499999999816 47.50000000002464 3.22809105762076
  endloop
 endfacet
 facet normal 0.00000893332398 -0.00001898427979 0.99999999977990
  outer loop
   vertex 149.94000525204200 119.68185028257132 3.22942497472077
   vertex 149.62887304996408 119.53544258153855 3.22942497472077
   vertex 145.86499999999816 47.50000000002464 3.22809105762076
  endloop
 endfacet
 facet normal -0.00000893332404 0.00001898427994 0.99999999977990
  outer loop
   vertex 146.28999474795509 48.31814971744961 3.22942497472077
   vertex 146.60112695003301 48.46455741848238 3.22942497472077
   vertex 150.36499999999836 120.49999947304356 3.22809105762076
  endloop
 endfacet
 facet normal 0.00004481876951 -0.00002109011206 0.99999999877324
  outer loop
   vertex 150.32955741845652 120.23612695003096 3.22942497472077
   vertex 150.18314971742376 119.92499474795306 3.22942497472077
   vertex 145.86499999999816 47.50000000002464 3.22809105762076
  endloop
 endfacet
 facet normal -0.00000867197852 -0.00001842889243 0.99999999979259
  outer loop
   vertex 146.60112695003301 119.53544258153855 3.22942497472077
   vertex 146.28999474795509 119.68185028257132 3.22942497472077
   vertex 145.86499999999816 47.50000000002464 3.22809105762076
  endloop
 endfacet
 facet normal -0.00004481876989 0.00002109011224 0.99999999877324
  outer loop
   vertex 145.90044258154057 47.76387304999000 3.22942497472077
   vertex 146.04685028257336 48.07500525206788 3.22942497472077
   vertex 150.36499999999836 120.49999947304356 3.22809105762076
  endloop
 endfacet
 facet normal 0.00003893231483 0.00001832015674 0.99999999907432
  outer loop
   vertex 150.36499999999836 120.49999947304356 3.22809105762076
   vertex 150.18314971742373 48.07500525206785 3.22942497472077
   vertex 150.32955741845649 47.76387304998995 3.22942497472077
  endloop
 endfacet
 facet normal 0.00001837178173 0.00001837178173 0.99999999966248
  outer loop
   vertex 149.94000525204197 48.31814971744960 3.22942497472077
   vertex 150.18314971742373 48.07500525206785 3.22942497472077
   vertex 150.36499999999836 120.49999947304356 3.22809105762076
  endloop
 endfacet
 facet normal -0.03760937602541 -0.00000000000000 0.99929251715150
  outer loop
   vertex 145.90044258154057 120.23612695003096 3.22942497472077
   vertex 145.86499999999816 120.49999999999635 3.22809105762076
   vertex 145.86499999999816 47.50000000002464 3.22809105762076
  endloop
 endfacet
 facet normal 0.03760937602578 0.00000000000000 0.99929251715149
  outer loop
   vertex 150.32955741845649 47.76387304998995 3.22942497472077
   vertex 150.36499999999833 47.50000000002457 3.22809105762077
   vertex 150.36499999999836 120.49999947304356 3.22809105762076
  endloop
 endfacet
 facet normal 0.90482705246604 -0.42577929156504 0.00000000000000
  outer loop
   vertex 150.32955741845652 120.23612695003096 3.22942497472077
   vertex 150.32955741845652 120.23612695003096 4.52942497472077
   vertex 150.18314971742376 119.92499474795306 4.52942497472077
  endloop
 endfacet
 facet normal 0.70710678118653 -0.70710678118657 0.00000000000000
  outer loop
   vertex 150.18314971742376 119.92499474795306 3.22942497472077
   vertex 150.18314971742376 119.92499474795306 4.52942497472077
   vertex 149.94000525204200 119.68185028257132 4.52942497472077
  endloop
 endfacet
 facet normal 0.42577929156506 -0.90482705246603 0.00000000000000
  outer loop
   vertex 149.94000525204200 119.68185028257132 3.22942497472077
   vertex 149.94000525204200 119.68185028257132 4.52942497472077
   vertex 149.62887304996408 119.53544258153855 4.52942497472077
  endloop
 endfacet
 facet normal 0.99109974736597 -0.13312133852659 -0.00000000000000
  outer loop
   vertex 150.36499999999873 120.49999999999635 4.52942497472077
   vertex 150.32955741845652 120.23612695003096 4.52942497472077
   vertex 150.32955741845652 120.23612695003096 3.22942497472077
  endloop
 endfacet
 facet normal 0.13312133852638 -0.99109974736600 0.00000000000000
  outer loop
   vertex 149.62887304996408 119.53544258153855 3.22942497472077
   vertex 149.62887304996408 119.53544258153855 4.52942497472077
   vertex 149.36499999999870 119.49999999999639 4.52942497472077
  endloop
 endfacet
 facet normal 0.13312133852638 -0.99109974736600 0.00000000000000
  outer loop
   vertex 149.36499999999870 119.49999999999639 4.52942497472077
   vertex 149.36499999999870 119.49999999999639 3.22809105762077
   vertex 149.62887304996408 119.53544258153855 3.22942497472077
  endloop
 endfacet
 facet normal 0.99109971232767 -0.13312159938945 0.00000005390502
  outer loop
   vertex 150.32955741845652 120.23612695003096 3.22942497472077
   vertex 150.36499999999836 120.49999947304356 3.22809105762076
   vertex 150.36499999999873 120.49999999999635 4.52942497472077
  endloop
 endfacet
 facet normal 0.42577929156506 -0.90482705246603 0.00000000000000
  outer loop
   vertex 149.62887304996408 119.53544258153855 4.52942497472077
   vertex 149.62887304996408 119.53544258153855 3.22942497472077
   vertex 149.94000525204200 119.68185028257132 3.22942497472077
  endloop
 endfacet
 facet normal 0.70710678118653 -0.70710678118657 0.00000000000000
  outer loop
   vertex 149.94000525204200 119.68185028257132 4.52942497472077
   vertex 149.94000525204200 119.68185028257132 3.22942497472077
   vertex 150.18314971742376 119.92499474795306 3.22942497472077
  endloop
 endfacet
 facet normal 0.90482705246604 -0.42577929156504 0.00000000000000
  outer loop
   vertex 150.18314971742376 119.92499474795306 4.52942497472077
   vertex 150.18314971742376 119.92499474795306 3.22942497472077
   vertex 150.32955741845652 120.23612695003096 3.22942497472077
  endloop
 endfacet
 facet normal 0.00000000000003 -1.00000000000000 0.00000000000000
  outer loop
   vertex 146.86499999999836 119.49999999999632 4.52942497472077
   vertex 146.86499999999836 119.49999999999632 3.22809105762077
   vertex 149.36499999999870 119.49999999999639 3.22809105762077
  endloop
 endfacet
 facet normal 0.00000000000003 -1.00000000000000 0.00000000000000
  outer loop
   vertex 149.36499999999870 119.49999999999639 3.22809105762077
   vertex 149.36499999999870 119.49999999999639 4.52942497472077
   vertex 146.86499999999836 119.49999999999632 4.52942497472077
  endloop
 endfacet
 facet normal -0.42577929156506 -0.90482705246603 0.00000000000000
  outer loop
   vertex 146.60112695003301 119.53544258153855 3.22942497472077
   vertex 146.60112695003301 119.53544258153855 4.52942497472077
   vertex 146.28999474795509 119.68185028257132 4.52942497472077
  endloop
 endfacet
 facet normal -0.70710678118653 -0.70710678118657 0.00000000000000
  outer loop
   vertex 146.28999474795509 119.68185028257132 3.22942497472077
   vertex 146.28999474795509 119.68185028257132 4.52942497472077
   vertex 146.04685028257333 119.92499474795306 4.52942497472077
  endloop
 endfacet
 facet normal -0.90482705246604 -0.42577929156504 0.00000000000000
  outer loop
   vertex 146.04685028257333 119.92499474795306 3.22942497472077
   vertex 146.04685028257333 119.92499474795306 4.52942497472077
   vertex 145.90044258154057 120.23612695003096 4.52942497472077
  endloop
 endfacet
 facet normal -0.13312133852666 -0.99109974736596 0.00000000000000
  outer loop
   vertex 146.86499999999836 119.49999999999632 3.22809105762077
   vertex 146.86499999999836 119.49999999999632 4.52942497472077
   vertex 146.60112695003301 119.53544258153855 4.52942497472077
  endloop
 endfacet
 facet normal -0.99109974736597 -0.13312133852659 0.00000000000000
  outer loop
   vertex 145.90044258154057 120.23612695003096 3.22942497472077
   vertex 145.90044258154057 120.23612695003096 4.52942497472077
   vertex 145.86499999999836 120.49999999999635 4.52942497472077
  endloop
 endfacet
 facet normal -0.99109974736587 -0.13312133852732 0.00000000000015
  outer loop
   vertex 145.86499999999836 120.49999999999635 4.52942497472077
   vertex 145.86499999999816 120.49999999999635 3.22809105762076
   vertex 145.90044258154057 120.23612695003096 3.22942497472077
  endloop
 endfacet
 facet normal -0.13312133852666 -0.99109974736596 -0.00000000000000
  outer loop
   vertex 146.60112695003301 119.53544258153855 4.52942497472077
   vertex 146.60112695003301 119.53544258153855 3.22942497472077
   vertex 146.86499999999836 119.49999999999632 3.22809105762077
  endloop
 endfacet
 facet normal -0.90482705246604 -0.42577929156504 -0.00000000000000
  outer loop
   vertex 145.90044258154057 120.23612695003096 4.52942497472077
   vertex 145.90044258154057 120.23612695003096 3.22942497472077
   vertex 146.04685028257333 119.92499474795306 3.22942497472077
  endloop
 endfacet
 facet normal -0.70710678118653 -0.70710678118657 -0.00000000000000
  outer loop
   vertex 146.04685028257333 119.92499474795306 4.52942497472077
   vertex 146.04685028257333 119.92499474795306 3.22942497472077
   vertex 146.28999474795509 119.68185028257132 3.22942497472077
  endloop
 endfacet
 facet normal -0.42577929156506 -0.90482705246603 -0.00000000000000
  outer loop
   vertex 146.28999474795509 119.68185028257132 4.52942497472077
   vertex 146.28999474795509 119.68185028257132 3.22942497472077
   vertex 146.60112695003301 119.53544258153855 3.22942497472077
  endloop
 endfacet
 facet normal 0.00000000000000 0.00000000000000 1.00000000000000
  outer loop
   vertex 145.56477758540484 29.86176135146307 4.52942497472077
   vertex 145.44114745801596 30.56290264528069 4.52942497472077
   vertex 130.95480713474970 25.66020169609329 4.52942497472077
  endloop
 endfacet
 facet normal 0.00000000000000 0.00000000000000 1.00000000000000
  outer loop
   vertex 147.31065333472361 44.82507300985372 4.52942497472077
   vertex 147.12832274817333 45.14087884953263 4.52942497472077
   vertex 145.86499999999802 34.12586083542798 4.52942497472077
  endloop
 endfacet
 facet normal 0.00000000000000 0.00000000000000 1.00000000000000
  outer loop
   vertex 145.44114745801596 30.56290264528069 4.52942497472077
   vertex 130.77247654819942 25.97600753577220 4.52942497472077
   vertex 130.95480713474970 25.66020169609329 4.52942497472077
  endloop
 endfacet
 facet normal 0.00000000000000 0.00000000000000 1.00000000000000
  outer loop
   vertex 145.44114745801596 30.56290264528069 4.52942497472077
   vertex 144.52359379488189 31.62604751768373 4.52942497472077
   vertex 143.62889085668277 31.22474540182782 4.52942497472077
  endloop
 endfacet
 facet normal -0.00000000000000 0.00000000000000 1.00000000000000
  outer loop
   vertex 145.86499999999802 34.12586083542798 4.52942497472077
   vertex 145.44114745801596 30.56290264528069 4.52942497472077
   vertex 147.31065333472361 44.82507300985372 4.52942497472077
  endloop
 endfacet
 facet normal 0.00000000000000 0.00000000000000 1.00000000000000
  outer loop
   vertex 145.44114745801596 30.56290264528069 4.52942497472077
   vertex 130.49312988292451 26.21040721957499 4.52942497472077
   vertex 130.77247654819942 25.97600753577220 4.52942497472077
  endloop
 endfacet
 facet normal 0.00000000000000 0.00000000000000 1.00000000000000
  outer loop
   vertex 131.01812988292451 25.30108054560134 4.52942497472077
   vertex 148.12888219218746 27.75625982245202 4.52942497472077
   vertex 147.13516869379876 28.54404675160566 4.52942497472077
  endloop
 endfacet
 facet normal 0.00000000000000 0.00000000000000 1.00000000000000
  outer loop
   vertex 145.44114745801596 30.56290264528069 4.52942497472077
   vertex 145.24109685935090 32.29442322661563 4.52942497472077
   vertex 144.52359379488189 31.62604751768373 4.52942497472077
  endloop
 endfacet
 facet normal 0.00000000000000 0.00000000000000 1.00000000000000
  outer loop
   vertex 145.86499999999802 34.12586083542798 4.52942497472077
   vertex 145.70474387736249 33.15846499557225 4.52942497472077
   vertex 145.44114745801596 30.56290264528069 4.52942497472077
  endloop
 endfacet
 facet normal 0.00000000000000 0.00000000000000 1.00000000000000
  outer loop
   vertex 131.01812988292451 25.30108054560134 4.52942497472077
   vertex 145.92075634962205 29.24518804542328 4.52942497472077
   vertex 145.56477758540484 29.86176135146307 4.52942497472077
  endloop
 endfacet
 facet normal 0.00000000000000 0.00000000000000 1.00000000000000
  outer loop
   vertex 148.12888219218746 27.75625982245202 4.52942497472077
   vertex 147.84712622223316 28.54404675160566 4.52942497472077
   vertex 147.13516869379876 28.54404675160566 4.52942497472077
  endloop
 endfacet
 facet normal 0.00000000000000 0.00000000000000 1.00000000000000
  outer loop
   vertex 148.12888219218746 27.75625982245202 4.52942497472077
   vertex 149.02851224297646 28.16082738272847 4.52942497472077
   vertex 148.51614745801595 28.78755056752259 4.52942497472077
  endloop
 endfacet
 facet normal 0.00000000000000 0.00000000000000 1.00000000000000
  outer loop
   vertex 145.70474387736249 33.15846499557225 4.52942497472077
   vertex 145.24109685935090 32.29442322661563 4.52942497472077
   vertex 145.44114745801596 30.56290264528069 4.52942497472077
  endloop
 endfacet
 facet normal 0.00000000000000 0.00000000000000 1.00000000000000
  outer loop
   vertex 145.44114745801596 30.56290264528069 4.52942497472077
   vertex 130.15046046947478 26.33512868626415 4.52942497472077
   vertex 130.49312988292451 26.21040721957499 4.52942497472077
  endloop
 endfacet
 facet normal 0.00000000000000 0.00000000000000 1.00000000000000
  outer loop
   vertex 145.44114745801596 30.56290264528069 4.52942497472077
   vertex 127.46114044968860 26.96762534172139 4.52942497472077
   vertex 129.78579929637422 26.33512868626415 4.52942497472077
  endloop
 endfacet
 facet normal 0.00000000000000 0.00000000000000 1.00000000000000
  outer loop
   vertex 148.51614745801595 28.78755056752259 4.52942497472077
   vertex 147.84712622223316 28.54404675160566 4.52942497472077
   vertex 148.12888219218746 27.75625982245202 4.52942497472077
  endloop
 endfacet
 facet normal 0.00000000000000 0.00000000000000 1.00000000000000
  outer loop
   vertex 145.44114745801596 30.56290264528069 4.52942497472077
   vertex 147.58999999999855 44.59067332605093 4.52942497472077
   vertex 147.31065333472361 44.82507300985372 4.52942497472077
  endloop
 endfacet
 facet normal 0.00000000000000 0.00000000000000 1.00000000000000
  outer loop
   vertex 147.58999999999855 44.59067332605093 4.52942497472077
   vertex 145.44114745801596 30.56290264528069 4.52942497472077
   vertex 145.56477758540484 31.26404393909830 4.52942497472077
  endloop
 endfacet
 facet normal 0.00000000000000 0.00000000000000 1.00000000000000
  outer loop
   vertex 129.78579929637422 26.33512868626415 4.52942497472077
   vertex 130.15046046947478 26.33512868626415 4.52942497472077
   vertex 145.44114745801596 30.56290264528069 4.52942497472077
  endloop
 endfacet
 facet normal 0.00000000000000 0.00000000000000 1.00000000000000
  outer loop
   vertex 127.46114044968860 26.96762534172139 4.52942497472077
   vertex 129.16378321764955 25.97600753577220 4.52942497472077
   vertex 129.44312988292450 26.21040721957499 4.52942497472077
  endloop
 endfacet
 facet normal 0.00000000000000 0.00000000000000 1.00000000000000
  outer loop
   vertex 147.13516869379876 28.54404675160566 4.52942497472077
   vertex 146.46614745801597 28.78755056752259 4.52942497472077
   vertex 131.01812988292451 25.30108054560134 4.52942497472077
  endloop
 endfacet
 facet normal 0.00000000000000 0.00000000000000 1.00000000000000
  outer loop
   vertex 149.02851224297646 28.16082738272847 4.52942497472077
   vertex 149.74829427513941 28.83530881695671 4.52942497472077
   vertex 149.06153856640987 29.24518804542328 4.52942497472077
  endloop
 endfacet
 facet normal 0.00000000000000 0.00000000000000 1.00000000000000
  outer loop
   vertex 147.84712622223316 32.58175853895572 4.52942497472077
   vertex 150.36499999999870 47.50000000002457 4.52942497472077
   vertex 149.10167725182373 45.14087884953263 4.52942497472077
  endloop
 endfacet
 facet normal 0.00000000000000 0.00000000000000 1.00000000000000
  outer loop
   vertex 145.56477758540484 31.26404393909830 4.52942497472077
   vertex 147.93266941344825 44.46595185936177 4.52942497472077
   vertex 147.58999999999855 44.59067332605093 4.52942497472077
  endloop
 endfacet
 facet normal 0.00000000000000 0.00000000000000 1.00000000000000
  outer loop
   vertex 145.56477758540484 31.26404393909830 4.52942497472077
   vertex 149.10167725182373 45.14087884953263 4.52942497472077
   vertex 148.91934666527345 44.82507300985372 4.52942497472077
  endloop
 endfacet
 facet normal 0.00000000000000 -0.00000000000000 1.00000000000000
  outer loop
   vertex 129.44312988292450 26.21040721957499 4.52942497472077
   vertex 129.78579929637422 26.33512868626415 4.52942497472077
   vertex 127.46114044968860 26.96762534172139 4.52942497472077
  endloop
 endfacet
 facet normal 0.00000000000000 0.00000000000000 1.00000000000000
  outer loop
   vertex 149.06153856640987 29.24518804542328 4.52942497472077
   vertex 148.51614745801595 28.78755056752259 4.52942497472077
   vertex 149.02851224297646 28.16082738272847 4.52942497472077
  endloop
 endfacet
 facet normal 0.00000000000000 -0.00000000000000 1.00000000000000
  outer loop
   vertex 149.74829427513941 28.83530881695671 4.52942497472077
   vertex 150.21041270184872 29.70677765669738 4.52942497472077
   vertex 149.41751733062708 29.86176135146307 4.52942497472077
  endloop
 endfacet
 facet normal 0.00000000000000 -0.00000000000000 1.00000000000000
  outer loop
   vertex 150.21041270184872 29.70677765669738 4.52942497472077
   vertex 150.36499999999808 30.65737753748104 4.52942497472077
   vertex 149.54114745801598 30.56290264528069 4.52942497472077
  endloop
 endfacet
 facet normal 0.00000000000000 0.00000000000000 1.00000000000000
  outer loop
   vertex 150.36499999999870 47.50000000002457 4.52942497472077
   vertex 149.16499999999854 45.50000000002458 4.52942497472077
   vertex 149.10167725182373 45.14087884953263 4.52942497472077
  endloop
 endfacet
 facet normal 0.00000000000000 0.00000000000000 1.00000000000000
  outer loop
   vertex 147.58999999999855 46.40932667399825 4.52942497472077
   vertex 145.90044258154057 47.76387304999000 4.52942497472077
   vertex 145.86499999999836 47.50000000002464 4.52942497472077
  endloop
 endfacet
 facet normal 0.00000000000000 0.00000000000000 1.00000000000000
  outer loop
   vertex 147.58999999999855 46.40932667399825 4.52942497472077
   vertex 146.28999474795509 48.31814971744961 4.52942497472077
   vertex 146.04685028257336 48.07500525206788 4.52942497472077
  endloop
 endfacet
 facet normal 0.00000000000000 0.00000000000000 1.00000000000000
  outer loop
   vertex 145.56477758540484 31.26404393909830 4.52942497472077
   vertex 148.29733058654884 44.46595185936177 4.52942497472077
   vertex 147.93266941344825 44.46595185936177 4.52942497472077
  endloop
 endfacet
 facet normal 0.00000000000000 0.00000000000000 1.00000000000000
  outer loop
   vertex 148.91934666527345 44.82507300985372 4.52942497472077
   vertex 148.63999999999857 44.59067332605093 4.52942497472077
   vertex 145.56477758540484 31.26404393909830 4.52942497472077
  endloop
 endfacet
 facet normal 0.00000000000000 0.00000000000000 1.00000000000000
  outer loop
   vertex 146.46614745801597 28.78755056752259 4.52942497472077
   vertex 145.92075634962205 29.24518804542328 4.52942497472077
   vertex 131.01812988292451 25.30108054560134 4.52942497472077
  endloop
 endfacet
 facet normal 0.00000000000000 0.00000000000000 1.00000000000000
  outer loop
   vertex 149.54114745801598 30.56290264528069 4.52942497472077
   vertex 149.41751733062708 29.86176135146307 4.52942497472077
   vertex 150.21041270184872 29.70677765669738 4.52942497472077
  endloop
 endfacet
 facet normal 0.00000000000000 0.00000000000000 1.00000000000000
  outer loop
   vertex 128.98145263109930 25.66020169609329 4.52942497472077
   vertex 127.21498952084588 26.86616076324149 4.52942497472077
   vertex 126.95139233822884 26.64535478036963 4.52942497472077
  endloop
 endfacet
 facet normal 0.00000000000000 -0.00000000000000 1.00000000000000
  outer loop
   vertex 128.98145263109930 25.66020169609329 4.52942497472077
   vertex 129.16378321764955 25.97600753577220 4.52942497472077
   vertex 127.46114044968860 26.96762534172139 4.52942497472077
  endloop
 endfacet
 facet normal 0.00000000000000 0.00000000000000 1.00000000000000
  outer loop
   vertex 128.98145263109930 25.66020169609329 4.52942497472077
   vertex 126.71581651172292 26.01015508469161 4.52942497472077
   vertex 126.74873276079380 25.74595466644185 4.52942497472077
  endloop
 endfacet
 facet normal 0.00000000000000 0.00000000000000 1.00000000000000
  outer loop
   vertex 149.10167725182373 45.14087884953263 4.52942497472077
   vertex 146.46614745801597 32.33825472303879 4.52942497472077
   vertex 147.13516869379876 32.58175853895571 4.52942497472077
  endloop
 endfacet
 facet normal 0.00000000000000 0.00000000000000 1.00000000000000
  outer loop
   vertex 126.74873276079380 25.74595466644185 4.52942497472077
   vertex 127.38529614365660 23.32842471291901 4.52942497472077
   vertex 128.98145263109930 24.94195939510938 4.52942497472077
  endloop
 endfacet
 facet normal 0.00000000000000 0.00000000000000 1.00000000000000
  outer loop
   vertex 129.16378321764958 24.62615355543047 4.52942497472077
   vertex 128.98145263109930 24.94195939510938 4.52942497472077
   vertex 127.38529614365660 23.32842471291901 4.52942497472077
  endloop
 endfacet
 facet normal 0.00000000000000 0.00000000000000 1.00000000000000
  outer loop
   vertex 129.16378321764958 24.62615355543047 4.52942497472077
   vertex 128.00460662537205 22.64546126678812 4.52942497472077
   vertex 128.34276211373410 22.58310272301511 4.52942497472077
  endloop
 endfacet
 facet normal 0.00000000000000 0.00000000000000 1.00000000000000
  outer loop
   vertex 129.16378321764958 24.62615355543047 4.52942497472077
   vertex 127.48676061790322 23.08227500597164 4.52942497472077
   vertex 127.70756564372961 22.81867898388355 4.52942497472077
  endloop
 endfacet
 facet normal 0.00000000000000 0.00000000000000 1.00000000000000
  outer loop
   vertex 146.04685028257336 48.07500525206788 4.52942497472077
   vertex 145.90044258154057 47.76387304999000 4.52942497472077
   vertex 147.58999999999855 46.40932667399825 4.52942497472077
  endloop
 endfacet
 facet normal 0.00000000000000 0.00000000000000 1.00000000000000
  outer loop
   vertex 145.86499999999836 47.50000000002464 4.52942497472077
   vertex 145.86499999999802 34.12586083542798 4.52942497472077
   vertex 147.12832274817333 45.14087884953263 4.52942497472077
  endloop
 endfacet
 facet normal 0.00000000000000 0.00000000000000 1.00000000000000
  outer loop
   vertex 148.63999999999857 44.59067332605093 4.52942497472077
   vertex 148.29733058654884 44.46595185936177 4.52942497472077
   vertex 145.56477758540484 31.26404393909830 4.52942497472077
  endloop
 endfacet
 facet normal 0.00000000000000 0.00000000000000 1.00000000000000
  outer loop
   vertex 149.41751733062708 29.86176135146307 4.52942497472077
   vertex 149.06153856640987 29.24518804542328 4.52942497472077
   vertex 149.74829427513941 28.83530881695671 4.52942497472077
  endloop
 endfacet
 facet normal 0.00000000000000 0.00000000000000 1.00000000000000
  outer loop
   vertex 127.46114044968860 26.96762534172139 4.52942497472077
   vertex 127.21498952084588 26.86616076324149 4.52942497472077
   vertex 128.98145263109930 25.66020169609329 4.52942497472077
  endloop
 endfacet
 facet normal 0.00000000000000 0.00000000000000 1.00000000000000
  outer loop
   vertex 128.98145263109930 25.66020169609329 4.52942497472077
   vertex 126.77817430696649 26.34831224065314 4.52942497472077
   vertex 126.71581651172292 26.01015508469161 4.52942497472077
  endloop
 endfacet
 facet normal 0.00000000000000 0.00000000000000 1.00000000000000
  outer loop
   vertex 150.36499999999870 47.50000000002457 4.52942497472077
   vertex 147.84712622223316 32.58175853895572 4.52942497472077
   vertex 148.51614745801595 32.33825472303879 4.52942497472077
  endloop
 endfacet
 facet normal 0.00000000000000 0.00000000000000 1.00000000000000
  outer loop
   vertex 149.10167725182373 45.14087884953263 4.52942497472077
   vertex 145.92075634962205 31.88061724513809 4.52942497472077
   vertex 146.46614745801597 32.33825472303879 4.52942497472077
  endloop
 endfacet
 facet normal -0.00000000000000 0.00000000000000 1.00000000000000
  outer loop
   vertex 127.38529614365660 23.32842471291901 4.52942497472077
   vertex 127.48676061790322 23.08227500597164 4.52942497472077
   vertex 129.16378321764958 24.62615355543047 4.52942497472077
  endloop
 endfacet
 facet normal -0.00000000000000 0.00000000000000 1.00000000000000
  outer loop
   vertex 127.70756564372961 22.81867898388355 4.52942497472077
   vertex 128.00460662537205 22.64546126678812 4.52942497472077
   vertex 129.16378321764958 24.62615355543047 4.52942497472077
  endloop
 endfacet
 facet normal 0.00000000000000 0.00000000000000 1.00000000000000
  outer loop
   vertex 148.63999999999857 46.40932667399825 4.52942497472077
   vertex 150.32955741845649 47.76387304998995 4.52942497472077
   vertex 150.18314971742373 48.07500525206785 4.52942497472077
  endloop
 endfacet
 facet normal -0.00000000000000 0.00000000000000 1.00000000000000
  outer loop
   vertex 148.63999999999857 46.40932667399825 4.52942497472077
   vertex 148.91934666527345 46.17492699019544 4.52942497472077
   vertex 150.36499999999870 47.50000000002457 4.52942497472077
  endloop
 endfacet
 facet normal 0.00000000000000 0.00000000000000 1.00000000000000
  outer loop
   vertex 148.63999999999857 46.40932667399825 4.52942497472077
   vertex 149.62887304996406 48.46455741848239 4.52942497472077
   vertex 149.36499999999870 48.50000000002460 4.52942497472077
  endloop
 endfacet
 facet normal 0.00000000000000 0.00000000000000 1.00000000000000
  outer loop
   vertex 145.86499999999836 47.50000000002464 4.52942497472077
   vertex 147.12832274817333 45.85912115051653 4.52942497472077
   vertex 147.31065333472361 46.17492699019544 4.52942497472077
  endloop
 endfacet
 facet normal 0.00000000000000 0.00000000000000 1.00000000000000
  outer loop
   vertex 147.12832274817333 45.14087884953263 4.52942497472077
   vertex 147.06499999999855 45.50000000002458 4.52942497472077
   vertex 145.86499999999836 47.50000000002464 4.52942497472077
  endloop
 endfacet
 facet normal -0.00000000000000 0.00000000000000 1.00000000000000
  outer loop
   vertex 130.95480713474970 25.66020169609329 4.52942497472077
   vertex 131.01812988292451 25.30108054560134 4.52942497472077
   vertex 145.56477758540484 29.86176135146307 4.52942497472077
  endloop
 endfacet
 facet normal 0.00000000000000 0.00000000000000 1.00000000000000
  outer loop
   vertex 126.74873276079380 25.74595466644185 4.52942497472077
   vertex 128.91812988292449 25.30108054560134 4.52942497472077
   vertex 128.98145263109930 25.66020169609329 4.52942497472077
  endloop
 endfacet
 facet normal 0.00000000000000 0.00000000000000 1.00000000000000
  outer loop
   vertex 150.36499999999870 47.50000000002457 4.52942497472077
   vertex 149.06153856640987 31.88061724513810 4.52942497472077
   vertex 149.41751733062708 31.26404393909831 4.52942497472077
  endloop
 endfacet
 facet normal 0.00000000000000 0.00000000000000 1.00000000000000
  outer loop
   vertex 149.10167725182373 45.14087884953263 4.52942497472077
   vertex 147.13516869379876 32.58175853895571 4.52942497472077
   vertex 147.84712622223316 32.58175853895572 4.52942497472077
  endloop
 endfacet
 facet normal 0.00000000000000 0.00000000000000 1.00000000000000
  outer loop
   vertex 128.34276211373410 22.58310272301511 4.52942497472077
   vertex 129.44312988292450 24.39175387162768 4.52942497472077
   vertex 129.16378321764958 24.62615355543047 4.52942497472077
  endloop
 endfacet
 facet normal 0.00000000000000 0.00000000000000 1.00000000000000
  outer loop
   vertex 129.44312988292450 24.39175387162768 4.52942497472077
   vertex 128.34276211373410 22.58310272301511 4.52942497472077
   vertex 128.60696151550948 22.61601767198875 4.52942497472077
  endloop
 endfacet
 facet normal 0.00000000000000 0.00000000000000 1.00000000000000
  outer loop
   vertex 148.12888219218746 27.75625982245202 4.52942497472077
   vertex 131.01812988292451 25.30108054560134 4.52942497472077
   vertex 130.95480713474970 24.94195939510938 4.52942497472077
  endloop
 endfacet
 facet normal 0.00000000000000 0.00000000000000 1.00000000000000
  outer loop
   vertex 150.36499999999870 47.50000000002457 4.52942497472077
   vertex 150.32955741845649 47.76387304998995 4.52942497472077
   vertex 148.63999999999857 46.40932667399825 4.52942497472077
  endloop
 endfacet
 facet normal 0.00000000000000 0.00000000000000 1.00000000000000
  outer loop
   vertex 148.63999999999857 46.40932667399825 4.52942497472077
   vertex 149.94000525204197 48.31814971744961 4.52942497472077
   vertex 149.62887304996406 48.46455741848239 4.52942497472077
  endloop
 endfacet
 facet normal 0.00000000000000 0.00000000000000 1.00000000000000
  outer loop
   vertex 149.36499999999870 48.50000000002460 4.52942497472077
   vertex 146.86499999999836 48.50000000002460 4.52942497472077
   vertex 147.93266941344825 46.53404814068740 4.52942497472077
  endloop
 endfacet
 facet normal 0.00000000000000 -0.00000000000000 1.00000000000000
  outer loop
   vertex 147.58999999999855 46.40932667399825 4.52942497472077
   vertex 147.93266941344825 46.53404814068740 4.52942497472077
   vertex 146.86499999999836 48.50000000002460 4.52942497472077
  endloop
 endfacet
 facet normal 0.00000000000000 -0.00000000000000 1.00000000000000
  outer loop
   vertex 147.06499999999855 45.50000000002458 4.52942497472077
   vertex 147.12832274817333 45.85912115051653 4.52942497472077
   vertex 145.86499999999836 47.50000000002464 4.52942497472077
  endloop
 endfacet
 facet normal 0.00000000000000 0.00000000000000 1.00000000000000
  outer loop
   vertex 126.95139233822884 26.64535478036963 4.52942497472077
   vertex 126.77817430696649 26.34831224065314 4.52942497472077
   vertex 128.98145263109930 25.66020169609329 4.52942497472077
  endloop
 endfacet
 facet normal -0.00000000000000 0.00000000000000 1.00000000000000
  outer loop
   vertex 149.41751733062708 31.26404393909831 4.52942497472077
   vertex 150.36499999999808 30.65737753748104 4.52942497472077
   vertex 150.36499999999870 47.50000000002457 4.52942497472077
  endloop
 endfacet
 facet normal 0.00000000000000 0.00000000000000 1.00000000000000
  outer loop
   vertex 149.10167725182373 45.14087884953263 4.52942497472077
   vertex 145.56477758540484 31.26404393909830 4.52942497472077
   vertex 145.92075634962205 31.88061724513809 4.52942497472077
  endloop
 endfacet
 facet normal 0.00000000000000 0.00000000000000 1.00000000000000
  outer loop
   vertex 128.60696151550948 22.61601767198875 4.52942497472077
   vertex 129.78579929637422 24.26703240493851 4.52942497472077
   vertex 129.44312988292450 24.39175387162768 4.52942497472077
  endloop
 endfacet
 facet normal 0.00000000000000 0.00000000000000 1.00000000000000
  outer loop
   vertex 128.60696151550948 22.61601767198875 4.52942497472077
   vertex 148.12888219218746 27.75625982245202 4.52942497472077
   vertex 130.49312988292451 24.39175387162768 4.52942497472077
  endloop
 endfacet
 facet normal -0.00000000000000 0.00000000000000 1.00000000000000
  outer loop
   vertex 130.95480713474970 24.94195939510938 4.52942497472077
   vertex 130.77247654819942 24.62615355543047 4.52942497472077
   vertex 148.12888219218746 27.75625982245202 4.52942497472077
  endloop
 endfacet
 facet normal 0.00000000000000 0.00000000000000 1.00000000000000
  outer loop
   vertex 150.18314971742373 48.07500525206785 4.52942497472077
   vertex 149.94000525204197 48.31814971744961 4.52942497472077
   vertex 148.63999999999857 46.40932667399825 4.52942497472077
  endloop
 endfacet
 facet normal 0.00000000000000 0.00000000000000 1.00000000000000
  outer loop
   vertex 147.93266941344825 46.53404814068740 4.52942497472077
   vertex 148.29733058654884 46.53404814068740 4.52942497472077
   vertex 149.36499999999870 48.50000000002460 4.52942497472077
  endloop
 endfacet
 facet normal 0.00000000000000 0.00000000000000 1.00000000000000
  outer loop
   vertex 146.86499999999836 48.50000000002460 4.52942497472077
   vertex 146.60112695003301 48.46455741848239 4.52942497472077
   vertex 147.58999999999855 46.40932667399825 4.52942497472077
  endloop
 endfacet
 facet normal 0.00000000000000 0.00000000000000 1.00000000000000
  outer loop
   vertex 143.62889085668277 31.22474540182782 4.52942497472077
   vertex 127.46114044968860 26.96762534172139 4.52942497472077
   vertex 145.44114745801596 30.56290264528069 4.52942497472077
  endloop
 endfacet
 facet normal -0.00000000000000 0.00000000000000 1.00000000000000
  outer loop
   vertex 148.51614745801595 32.33825472303879 4.52942497472077
   vertex 149.06153856640987 31.88061724513810 4.52942497472077
   vertex 150.36499999999870 47.50000000002457 4.52942497472077
  endloop
 endfacet
 facet normal 0.00000000000000 0.00000000000000 1.00000000000000
  outer loop
   vertex 128.60696151550948 22.61601767198875 4.52942497472077
   vertex 130.15046046947478 24.26703240493851 4.52942497472077
   vertex 129.78579929637422 24.26703240493851 4.52942497472077
  endloop
 endfacet
 facet normal -0.00000000000000 0.00000000000000 1.00000000000000
  outer loop
   vertex 130.77247654819942 24.62615355543047 4.52942497472077
   vertex 130.49312988292451 24.39175387162768 4.52942497472077
   vertex 148.12888219218746 27.75625982245202 4.52942497472077
  endloop
 endfacet
 facet normal -0.00000000000000 0.00000000000000 1.00000000000000
  outer loop
   vertex 148.91934666527345 46.17492699019544 4.52942497472077
   vertex 149.10167725182373 45.85912115051653 4.52942497472077
   vertex 150.36499999999870 47.50000000002457 4.52942497472077
  endloop
 endfacet
 facet normal 0.00000000000000 0.00000000000000 1.00000000000000
  outer loop
   vertex 146.60112695003301 48.46455741848239 4.52942497472077
   vertex 146.28999474795509 48.31814971744961 4.52942497472077
   vertex 147.58999999999855 46.40932667399825 4.52942497472077
  endloop
 endfacet
 facet normal 0.00000000000000 0.00000000000000 1.00000000000000
  outer loop
   vertex 149.41751733062708 31.26404393909831 4.52942497472077
   vertex 149.54114745801598 30.56290264528069 4.52942497472077
   vertex 150.36499999999808 30.65737753748104 4.52942497472077
  endloop
 endfacet
 facet normal 0.00000000000000 0.00000000000000 1.00000000000000
  outer loop
   vertex 130.49312988292451 24.39175387162768 4.52942497472077
   vertex 130.15046046947478 24.26703240493851 4.52942497472077
   vertex 128.60696151550948 22.61601767198875 4.52942497472077
  endloop
 endfacet
 facet normal 0.00000000000000 0.00000000000000 1.00000000000000
  outer loop
   vertex 149.36499999999870 48.50000000002460 4.52942497472077
   vertex 148.29733058654884 46.53404814068740 4.52942497472077
   vertex 148.63999999999857 46.40932667399825 4.52942497472077
  endloop
 endfacet
 facet normal 0.00000000000000 0.00000000000000 1.00000000000000
  outer loop
   vertex 128.98145263109930 24.94195939510938 4.52942497472077
   vertex 128.91812988292449 25.30108054560134 4.52942497472077
   vertex 126.74873276079380 25.74595466644185 4.52942497472077
  endloop
 endfacet
 facet normal 0.00000000000000 0.00000000000000 1.00000000000000
  outer loop
   vertex 145.86499999999836 47.50000000002464 4.52942497472077
   vertex 147.31065333472361 46.17492699019544 4.52942497472077
   vertex 147.58999999999855 46.40932667399825 4.52942497472077
  endloop
 endfacet
 facet normal -0.00000000000000 0.00000000000000 1.00000000000000
  outer loop
   vertex 149.10167725182373 45.85912115051653 4.52942497472077
   vertex 149.16499999999854 45.50000000002458 4.52942497472077
   vertex 150.36499999999870 47.50000000002457 4.52942497472077
  endloop
 endfacet
 facet normal -0.98480775301220 -0.17364817766697 0.00000000000000
  outer loop
   vertex 130.95480713474970 25.66020169609329 1.52942497472077
   vertex 131.01812988292451 25.30108054560134 1.52942497472077
   vertex 131.01812988292451 25.30108054560134 4.52942497472077
  endloop
 endfacet
 facet normal -0.86602540378444 -0.50000000000000 0.00000000000000
  outer loop
   vertex 130.77247654819942 25.97600753577220 1.52942497472077
   vertex 130.95480713474970 25.66020169609329 1.52942497472077
   vertex 130.95480713474970 25.66020169609329 4.52942497472077
  endloop
 endfacet
 facet normal -0.64278760968655 -0.76604444311897 0.00000000000000
  outer loop
   vertex 130.49312988292451 26.21040721957499 1.52942497472077
   vertex 130.77247654819942 25.97600753577220 1.52942497472077
   vertex 130.77247654819942 25.97600753577220 4.52942497472077
  endloop
 endfacet
 facet normal -0.34202014332567 -0.93969262078591 0.00000000000000
  outer loop
   vertex 130.15046046947478 26.33512868626415 1.52942497472077
   vertex 130.49312988292451 26.21040721957499 1.52942497472077
   vertex 130.49312988292451 26.21040721957499 4.52942497472077
  endloop
 endfacet
 facet normal 0.00000000000000 -1.00000000000000 0.00000000000000
  outer loop
   vertex 129.78579929637422 26.33512868626415 1.52942497472077
   vertex 130.15046046947478 26.33512868626415 1.52942497472077
   vertex 130.15046046947478 26.33512868626415 4.52942497472077
  endloop
 endfacet
 facet normal 0.34202014332567 -0.93969262078591 -0.00000000000000
  outer loop
   vertex 129.44312988292450 26.21040721957499 1.52942497472077
   vertex 129.78579929637422 26.33512868626415 1.52942497472077
   vertex 129.78579929637422 26.33512868626415 4.52942497472077
  endloop
 endfacet
 facet normal 0.64278760968652 -0.76604444311899 0.00000000000000
  outer loop
   vertex 129.16378321764955 25.97600753577220 1.52942497472077
   vertex 129.44312988292450 26.21040721957499 1.52942497472077
   vertex 129.44312988292450 26.21040721957499 4.52942497472077
  endloop
 endfacet
 facet normal 0.86602540378447 -0.49999999999995 -0.00000000000000
  outer loop
   vertex 128.98145263109930 25.66020169609329 1.52942497472077
   vertex 129.16378321764955 25.97600753577220 1.52942497472077
   vertex 129.16378321764955 25.97600753577220 4.52942497472077
  endloop
 endfacet
 facet normal 0.98480775301220 -0.17364817766697 -0.00000000000000
  outer loop
   vertex 128.91812988292449 25.30108054560134 1.52942497472077
   vertex 128.98145263109930 25.66020169609329 1.52942497472077
   vertex 128.98145263109930 25.66020169609329 4.52942497472077
  endloop
 endfacet
 facet normal 0.98480775301220 0.17364817766697 -0.00000000000000
  outer loop
   vertex 128.98145263109930 24.94195939510938 1.52942497472077
   vertex 128.91812988292449 25.30108054560134 1.52942497472077
   vertex 128.91812988292449 25.30108054560134 4.52942497472077
  endloop
 endfacet
 facet normal 0.86602540378444 0.50000000000001 0.00000000000000
  outer loop
   vertex 129.16378321764958 24.62615355543047 1.52942497472077
   vertex 128.98145263109930 24.94195939510938 1.52942497472077
   vertex 128.98145263109930 24.94195939510938 4.52942497472077
  endloop
 endfacet
 facet normal 0.64278760968655 0.76604444311897 0.00000000000000
  outer loop
   vertex 129.44312988292450 24.39175387162768 1.52942497472077
   vertex 129.16378321764958 24.62615355543047 1.52942497472077
   vertex 129.16378321764958 24.62615355543047 4.52942497472077
  endloop
 endfacet
 facet normal 0.34202014332569 0.93969262078590 -0.00000000000000
  outer loop
   vertex 129.78579929637422 24.26703240493851 1.52942497472077
   vertex 129.44312988292450 24.39175387162768 1.52942497472077
   vertex 129.44312988292450 24.39175387162768 4.52942497472077
  endloop
 endfacet
 facet normal 0.00000000000000 1.00000000000000 0.00000000000000
  outer loop
   vertex 130.15046046947478 24.26703240493851 1.52942497472077
   vertex 129.78579929637422 24.26703240493851 1.52942497472077
   vertex 129.78579929637422 24.26703240493851 4.52942497472077
  endloop
 endfacet
 facet normal -0.34202014332569 0.93969262078590 0.00000000000000
  outer loop
   vertex 130.49312988292451 24.39175387162768 1.52942497472077
   vertex 130.15046046947478 24.26703240493851 1.52942497472077
   vertex 130.15046046947478 24.26703240493851 4.52942497472077
  endloop
 endfacet
 facet normal -0.64278760968655 0.76604444311897 -0.00000000000000
  outer loop
   vertex 130.77247654819942 24.62615355543047 1.52942497472077
   vertex 130.49312988292451 24.39175387162768 1.52942497472077
   vertex 130.49312988292451 24.39175387162768 4.52942497472077
  endloop
 endfacet
 facet normal -0.86602540378444 0.50000000000001 -0.00000000000000
  outer loop
   vertex 130.95480713474970 24.94195939510938 1.52942497472077
   vertex 130.77247654819942 24.62615355543047 1.52942497472077
   vertex 130.77247654819942 24.62615355543047 4.52942497472077
  endloop
 endfacet
 facet normal -0.98480775301220 0.17364817766697 0.00000000000000
  outer loop
   vertex 131.01812988292451 25.30108054560134 1.52942497472077
   vertex 130.95480713474970 24.94195939510938 1.52942497472077
   vertex 130.95480713474970 24.94195939510938 4.52942497472077
  endloop
 endfacet
 facet normal -0.98480775301220 0.17364817766697 0.00000000000000
  outer loop
   vertex 130.95480713474970 24.94195939510938 4.52942497472077
   vertex 131.01812988292451 25.30108054560134 4.52942497472077
   vertex 131.01812988292451 25.30108054560134 1.52942497472077
  endloop
 endfacet
 facet normal -0.86602540378444 0.50000000000001 -0.00000000000000
  outer loop
   vertex 130.77247654819942 24.62615355543047 4.52942497472077
   vertex 130.95480713474970 24.94195939510938 4.52942497472077
   vertex 130.95480713474970 24.94195939510938 1.52942497472077
  endloop
 endfacet
 facet normal -0.64278760968655 0.76604444311897 -0.00000000000000
  outer loop
   vertex 130.49312988292451 24.39175387162768 4.52942497472077
   vertex 130.77247654819942 24.62615355543047 4.52942497472077
   vertex 130.77247654819942 24.62615355543047 1.52942497472077
  endloop
 endfacet
 facet normal -0.34202014332569 0.93969262078590 0.00000000000000
  outer loop
   vertex 130.15046046947478 24.26703240493851 4.52942497472077
   vertex 130.49312988292451 24.39175387162768 4.52942497472077
   vertex 130.49312988292451 24.39175387162768 1.52942497472077
  endloop
 endfacet
 facet normal -0.00000000000000 1.00000000000000 0.00000000000000
  outer loop
   vertex 129.78579929637422 24.26703240493851 4.52942497472077
   vertex 130.15046046947478 24.26703240493851 4.52942497472077
   vertex 130.15046046947478 24.26703240493851 1.52942497472077
  endloop
 endfacet
 facet normal 0.34202014332569 0.93969262078590 -0.00000000000000
  outer loop
   vertex 129.44312988292450 24.39175387162768 4.52942497472077
   vertex 129.78579929637422 24.26703240493851 4.52942497472077
   vertex 129.78579929637422 24.26703240493851 1.52942497472077
  endloop
 endfacet
 facet normal 0.64278760968655 0.76604444311897 0.00000000000000
  outer loop
   vertex 129.16378321764958 24.62615355543047 4.52942497472077
   vertex 129.44312988292450 24.39175387162768 4.52942497472077
   vertex 129.44312988292450 24.39175387162768 1.52942497472077
  endloop
 endfacet
 facet normal 0.86602540378444 0.50000000000001 0.00000000000000
  outer loop
   vertex 128.98145263109930 24.94195939510938 4.52942497472077
   vertex 129.16378321764958 24.62615355543047 4.52942497472077
   vertex 129.16378321764958 24.62615355543047 1.52942497472077
  endloop
 endfacet
 facet normal 0.98480775301220 0.17364817766697 -0.00000000000000
  outer loop
   vertex 128.91812988292449 25.30108054560134 4.52942497472077
   vertex 128.98145263109930 24.94195939510938 4.52942497472077
   vertex 128.98145263109930 24.94195939510938 1.52942497472077
  endloop
 endfacet
 facet normal 0.98480775301220 -0.17364817766697 -0.00000000000000
  outer loop
   vertex 128.98145263109930 25.66020169609329 4.52942497472077
   vertex 128.91812988292449 25.30108054560134 4.52942497472077
   vertex 128.91812988292449 25.30108054560134 1.52942497472077
  endloop
 endfacet
 facet normal 0.86602540378447 -0.49999999999995 -0.00000000000000
  outer loop
   vertex 129.16378321764955 25.97600753577220 4.52942497472077
   vertex 128.98145263109930 25.66020169609329 4.52942497472077
   vertex 128.98145263109930 25.66020169609329 1.52942497472077
  endloop
 endfacet
 facet normal 0.64278760968652 -0.76604444311899 0.00000000000000
  outer loop
   vertex 129.44312988292450 26.21040721957499 4.52942497472077
   vertex 129.16378321764955 25.97600753577220 4.52942497472077
   vertex 129.16378321764955 25.97600753577220 1.52942497472077
  endloop
 endfacet
 facet normal 0.34202014332567 -0.93969262078591 -0.00000000000000
  outer loop
   vertex 129.78579929637422 26.33512868626415 4.52942497472077
   vertex 129.44312988292450 26.21040721957499 4.52942497472077
   vertex 129.44312988292450 26.21040721957499 1.52942497472077
  endloop
 endfacet
 facet normal -0.00000000000000 -1.00000000000000 0.00000000000000
  outer loop
   vertex 130.15046046947478 26.33512868626415 4.52942497472077
   vertex 129.78579929637422 26.33512868626415 4.52942497472077
   vertex 129.78579929637422 26.33512868626415 1.52942497472077
  endloop
 endfacet
 facet normal -0.34202014332567 -0.93969262078591 0.00000000000000
  outer loop
   vertex 130.49312988292451 26.21040721957499 4.52942497472077
   vertex 130.15046046947478 26.33512868626415 4.52942497472077
   vertex 130.15046046947478 26.33512868626415 1.52942497472077
  endloop
 endfacet
 facet normal -0.64278760968655 -0.76604444311897 0.00000000000000
  outer loop
   vertex 130.77247654819942 25.97600753577220 4.52942497472077
   vertex 130.49312988292451 26.21040721957499 4.52942497472077
   vertex 130.49312988292451 26.21040721957499 1.52942497472077
  endloop
 endfacet
 facet normal -0.86602540378444 -0.50000000000000 0.00000000000000
  outer loop
   vertex 130.95480713474970 25.66020169609329 4.52942497472077
   vertex 130.77247654819942 25.97600753577220 4.52942497472077
   vertex 130.77247654819942 25.97600753577220 1.52942497472077
  endloop
 endfacet
 facet normal -0.98480775301220 -0.17364817766697 0.00000000000000
  outer loop
   vertex 131.01812988292451 25.30108054560134 4.52942497472077
   vertex 130.95480713474970 25.66020169609329 4.52942497472077
   vertex 130.95480713474970 25.66020169609329 1.52942497472077
  endloop
 endfacet
 facet normal 0.00000000000000 0.00000000000000 1.00000000000000
  outer loop
   vertex 129.96812988292450 25.30108054560134 1.52942497472077
   vertex 128.98145263109930 24.94195939510938 1.52942497472077
   vertex 129.16378321764958 24.62615355543047 1.52942497472077
  endloop
 endfacet
 facet normal -0.00000000000000 0.00000000000000 1.00000000000000
  outer loop
   vertex 129.16378321764958 24.62615355543047 1.52942497472077
   vertex 129.44312988292450 24.39175387162768 1.52942497472077
   vertex 129.96812988292450 25.30108054560134 1.52942497472077
  endloop
 endfacet
 facet normal -0.00000000000000 0.00000000000000 1.00000000000000
  outer loop
   vertex 129.44312988292450 24.39175387162768 1.52942497472077
   vertex 129.78579929637422 24.26703240493851 1.52942497472077
   vertex 129.96812988292450 25.30108054560134 1.52942497472077
  endloop
 endfacet
 facet normal 0.00000000000000 0.00000000000000 1.00000000000000
  outer loop
   vertex 129.78579929637422 24.26703240493851 1.52942497472077
   vertex 130.15046046947478 24.26703240493851 1.52942497472077
   vertex 129.96812988292450 25.30108054560134 1.52942497472077
  endloop
 endfacet
 facet normal 0.00000000000000 -0.00000000000000 1.00000000000000
  outer loop
   vertex 130.15046046947478 24.26703240493851 1.52942497472077
   vertex 130.49312988292451 24.39175387162768 1.52942497472077
   vertex 129.96812988292450 25.30108054560134 1.52942497472077
  endloop
 endfacet
 facet normal 0.00000000000000 -0.00000000000000 1.00000000000000
  outer loop
   vertex 130.49312988292451 24.39175387162768 1.52942497472077
   vertex 130.77247654819942 24.62615355543047 1.52942497472077
   vertex 129.96812988292450 25.30108054560134 1.52942497472077
  endloop
 endfacet
 facet normal 0.00000000000000 -0.00000000000000 1.00000000000000
  outer loop
   vertex 130.77247654819942 24.62615355543047 1.52942497472077
   vertex 130.95480713474970 24.94195939510938 1.52942497472077
   vertex 129.96812988292450 25.30108054560134 1.52942497472077
  endloop
 endfacet
 facet normal 0.00000000000000 -0.00000000000000 1.00000000000000
  outer loop
   vertex 130.95480713474970 24.94195939510938 1.52942497472077
   vertex 131.01812988292451 25.30108054560134 1.52942497472077
   vertex 129.96812988292450 25.30108054560134 1.52942497472077
  endloop
 endfacet
 facet normal 0.00000000000000 0.00000000000000 1.00000000000000
  outer loop
   vertex 131.01812988292451 25.30108054560134 1.52942497472077
   vertex 130.95480713474970 25.66020169609329 1.52942497472077
   vertex 129.96812988292450 25.30108054560134 1.52942497472077
  endloop
 endfacet
 facet normal 0.00000000000000 0.00000000000000 1.00000000000000
  outer loop
   vertex 130.95480713474970 25.66020169609329 1.52942497472077
   vertex 130.77247654819942 25.97600753577220 1.52942497472077
   vertex 129.96812988292450 25.30108054560134 1.52942497472077
  endloop
 endfacet
 facet normal 0.00000000000000 0.00000000000000 1.00000000000000
  outer loop
   vertex 130.77247654819942 25.97600753577220 1.52942497472077
   vertex 130.49312988292451 26.21040721957499 1.52942497472077
   vertex 129.96812988292450 25.30108054560134 1.52942497472077
  endloop
 endfacet
 facet normal 0.00000000000000 0.00000000000000 1.00000000000000
  outer loop
   vertex 130.49312988292451 26.21040721957499 1.52942497472077
   vertex 130.15046046947478 26.33512868626415 1.52942497472077
   vertex 129.96812988292450 25.30108054560134 1.52942497472077
  endloop
 endfacet
 facet normal 0.00000000000000 0.00000000000000 1.00000000000000
  outer loop
   vertex 130.15046046947478 26.33512868626415 1.52942497472077
   vertex 129.78579929637422 26.33512868626415 1.52942497472077
   vertex 129.96812988292450 25.30108054560134 1.52942497472077
  endloop
 endfacet
 facet normal 0.00000000000000 0.00000000000000 1.00000000000000
  outer loop
   vertex 129.78579929637422 26.33512868626415 1.52942497472077
   vertex 129.44312988292450 26.21040721957499 1.52942497472077
   vertex 129.96812988292450 25.30108054560134 1.52942497472077
  endloop
 endfacet
 facet normal 0.00000000000000 0.00000000000000 1.00000000000000
  outer loop
   vertex 129.44312988292450 26.21040721957499 1.52942497472077
   vertex 129.16378321764955 25.97600753577220 1.52942497472077
   vertex 129.96812988292450 25.30108054560134 1.52942497472077
  endloop
 endfacet
 facet normal 0.00000000000000 0.00000000000000 1.00000000000000
  outer loop
   vertex 129.16378321764955 25.97600753577220 1.52942497472077
   vertex 128.98145263109930 25.66020169609329 1.52942497472077
   vertex 129.96812988292450 25.30108054560134 1.52942497472077
  endloop
 endfacet
 facet normal -0.00000000000000 -0.00000000000000 1.00000000000000
  outer loop
   vertex 128.98145263109930 25.66020169609329 1.52942497472077
   vertex 128.91812988292449 25.30108054560134 1.52942497472077
   vertex 129.96812988292450 25.30108054560134 1.52942497472077
  endloop
 endfacet
 facet normal -0.00000000000000 0.00000000000000 1.00000000000000
  outer loop
   vertex 128.91812988292449 25.30108054560134 1.52942497472077
   vertex 128.98145263109930 24.94195939510938 1.52942497472077
   vertex 129.96812988292450 25.30108054560134 1.52942497472077
  endloop
 endfacet
 facet normal -0.98480775301220 -0.17364817766696 -0.00000000000000
  outer loop
   vertex 149.41751733062708 31.26404393909831 1.52942497472077
   vertex 149.54114745801598 30.56290264528069 1.52942497472077
   vertex 149.54114745801598 30.56290264528069 4.52942497472077
  endloop
 endfacet
 facet normal -0.86602540378444 -0.50000000000000 0.00000000000000
  outer loop
   vertex 149.06153856640987 31.88061724513810 1.52942497472077
   vertex 149.41751733062708 31.26404393909831 1.52942497472077
   vertex 149.41751733062708 31.26404393909831 4.52942497472077
  endloop
 endfacet
 facet normal -0.64278760968653 -0.76604444311899 0.00000000000000
  outer loop
   vertex 148.51614745801595 32.33825472303879 1.52942497472077
   vertex 149.06153856640987 31.88061724513810 1.52942497472077
   vertex 149.06153856640987 31.88061724513810 4.52942497472077
  endloop
 endfacet
 facet normal -0.34202014332567 -0.93969262078591 -0.00000000000000
  outer loop
   vertex 147.84712622223316 32.58175853895572 1.52942497472077
   vertex 148.51614745801595 32.33825472303879 1.52942497472077
   vertex 148.51614745801595 32.33825472303879 4.52942497472077
  endloop
 endfacet
 facet normal 0.00000000000001 -1.00000000000000 -0.00000000000000
  outer loop
   vertex 147.13516869379876 32.58175853895571 1.52942497472077
   vertex 147.84712622223316 32.58175853895572 1.52942497472077
   vertex 147.84712622223316 32.58175853895572 4.52942497472077
  endloop
 endfacet
 facet normal 0.34202014332566 -0.93969262078591 -0.00000000000000
  outer loop
   vertex 146.46614745801597 32.33825472303879 1.52942497472077
   vertex 147.13516869379876 32.58175853895571 1.52942497472077
   vertex 147.13516869379876 32.58175853895571 4.52942497472077
  endloop
 endfacet
 facet normal 0.64278760968654 -0.76604444311898 0.00000000000000
  outer loop
   vertex 145.92075634962205 31.88061724513809 1.52942497472077
   vertex 146.46614745801597 32.33825472303879 1.52942497472077
   vertex 146.46614745801597 32.33825472303879 4.52942497472077
  endloop
 endfacet
 facet normal 0.86602540378444 -0.50000000000000 0.00000000000000
  outer loop
   vertex 145.56477758540484 31.26404393909830 1.52942497472077
   vertex 145.92075634962205 31.88061724513809 1.52942497472077
   vertex 145.92075634962205 31.88061724513809 4.52942497472077
  endloop
 endfacet
 facet normal 0.98480775301221 -0.17364817766692 -0.00000000000000
  outer loop
   vertex 145.44114745801596 30.56290264528069 1.52942497472077
   vertex 145.56477758540484 31.26404393909830 1.52942497472077
   vertex 145.56477758540484 31.26404393909830 4.52942497472077
  endloop
 endfacet
 facet normal 0.98480775301221 0.17364817766692 -0.00000000000000
  outer loop
   vertex 145.56477758540484 29.86176135146307 1.52942497472077
   vertex 145.44114745801596 30.56290264528069 1.52942497472077
   vertex 145.44114745801596 30.56290264528069 4.52942497472077
  endloop
 endfacet
 facet normal 0.86602540378443 0.50000000000001 -0.00000000000000
  outer loop
   vertex 145.92075634962205 29.24518804542328 1.52942497472077
   vertex 145.56477758540484 29.86176135146307 1.52942497472077
   vertex 145.56477758540484 29.86176135146307 4.52942497472077
  endloop
 endfacet
 facet normal 0.64278760968654 0.76604444311898 -0.00000000000000
  outer loop
   vertex 146.46614745801597 28.78755056752259 1.52942497472077
   vertex 145.92075634962205 29.24518804542328 1.52942497472077
   vertex 145.92075634962205 29.24518804542328 4.52942497472077
  endloop
 endfacet
 facet normal 0.34202014332567 0.93969262078591 0.00000000000000
  outer loop
   vertex 147.13516869379876 28.54404675160566 1.52942497472077
   vertex 146.46614745801597 28.78755056752259 1.52942497472077
   vertex 146.46614745801597 28.78755056752259 4.52942497472077
  endloop
 endfacet
 facet normal 0.00000000000000 1.00000000000000 0.00000000000000
  outer loop
   vertex 147.84712622223316 28.54404675160566 1.52942497472077
   vertex 147.13516869379876 28.54404675160566 1.52942497472077
   vertex 147.13516869379876 28.54404675160566 4.52942497472077
  endloop
 endfacet
 facet normal -0.34202014332567 0.93969262078591 -0.00000000000000
  outer loop
   vertex 148.51614745801595 28.78755056752259 1.52942497472077
   vertex 147.84712622223316 28.54404675160566 1.52942497472077
   vertex 147.84712622223316 28.54404675160566 4.52942497472077
  endloop
 endfacet
 facet normal -0.64278760968654 0.76604444311898 0.00000000000000
  outer loop
   vertex 149.06153856640987 29.24518804542328 1.52942497472077
   vertex 148.51614745801595 28.78755056752259 1.52942497472077
   vertex 148.51614745801595 28.78755056752259 4.52942497472077
  endloop
 endfacet
 facet normal -0.86602540378443 0.50000000000001 0.00000000000000
  outer loop
   vertex 149.41751733062708 29.86176135146307 1.52942497472077
   vertex 149.06153856640987 29.24518804542328 1.52942497472077
   vertex 149.06153856640987 29.24518804542328 4.52942497472077
  endloop
 endfacet
 facet normal -0.98480775301220 0.17364817766696 0.00000000000000
  outer loop
   vertex 149.54114745801598 30.56290264528069 1.52942497472077
   vertex 149.41751733062708 29.86176135146307 1.52942497472077
   vertex 149.41751733062708 29.86176135146307 4.52942497472077
  endloop
 endfacet
 facet normal -0.98480775301220 0.17364817766696 0.00000000000000
  outer loop
   vertex 149.41751733062708 29.86176135146307 4.52942497472077
   vertex 149.54114745801598 30.56290264528069 4.52942497472077
   vertex 149.54114745801598 30.56290264528069 1.52942497472077
  endloop
 endfacet
 facet normal -0.86602540378443 0.50000000000001 0.00000000000000
  outer loop
   vertex 149.06153856640987 29.24518804542328 4.52942497472077
   vertex 149.41751733062708 29.86176135146307 4.52942497472077
   vertex 149.41751733062708 29.86176135146307 1.52942497472077
  endloop
 endfacet
 facet normal -0.64278760968654 0.76604444311898 0.00000000000000
  outer loop
   vertex 148.51614745801595 28.78755056752259 4.52942497472077
   vertex 149.06153856640987 29.24518804542328 4.52942497472077
   vertex 149.06153856640987 29.24518804542328 1.52942497472077
  endloop
 endfacet
 facet normal -0.34202014332567 0.93969262078591 -0.00000000000000
  outer loop
   vertex 147.84712622223316 28.54404675160566 4.52942497472077
   vertex 148.51614745801595 28.78755056752259 4.52942497472077
   vertex 148.51614745801595 28.78755056752259 1.52942497472077
  endloop
 endfacet
 facet normal -0.00000000000000 1.00000000000000 0.00000000000000
  outer loop
   vertex 147.13516869379876 28.54404675160566 4.52942497472077
   vertex 147.84712622223316 28.54404675160566 4.52942497472077
   vertex 147.84712622223316 28.54404675160566 1.52942497472077
  endloop
 endfacet
 facet normal 0.34202014332567 0.93969262078591 0.00000000000000
  outer loop
   vertex 146.46614745801597 28.78755056752259 4.52942497472077
   vertex 147.13516869379876 28.54404675160566 4.52942497472077
   vertex 147.13516869379876 28.54404675160566 1.52942497472077
  endloop
 endfacet
 facet normal 0.64278760968654 0.76604444311898 -0.00000000000000
  outer loop
   vertex 145.92075634962205 29.24518804542328 4.52942497472077
   vertex 146.46614745801597 28.78755056752259 4.52942497472077
   vertex 146.46614745801597 28.78755056752259 1.52942497472077
  endloop
 endfacet
 facet normal 0.86602540378443 0.50000000000001 -0.00000000000000
  outer loop
   vertex 145.56477758540484 29.86176135146307 4.52942497472077
   vertex 145.92075634962205 29.24518804542328 4.52942497472077
   vertex 145.92075634962205 29.24518804542328 1.52942497472077
  endloop
 endfacet
 facet normal 0.98480775301221 0.17364817766692 -0.00000000000000
  outer loop
   vertex 145.44114745801596 30.56290264528069 4.52942497472077
   vertex 145.56477758540484 29.86176135146307 4.52942497472077
   vertex 145.56477758540484 29.86176135146307 1.52942497472077
  endloop
 endfacet
 facet normal 0.98480775301221 -0.17364817766692 -0.00000000000000
  outer loop
   vertex 145.56477758540484 31.26404393909830 4.52942497472077
   vertex 145.44114745801596 30.56290264528069 4.52942497472077
   vertex 145.44114745801596 30.56290264528069 1.52942497472077
  endloop
 endfacet
 facet normal 0.86602540378444 -0.50000000000000 0.00000000000000
  outer loop
   vertex 145.92075634962205 31.88061724513809 4.52942497472077
   vertex 145.56477758540484 31.26404393909830 4.52942497472077
   vertex 145.56477758540484 31.26404393909830 1.52942497472077
  endloop
 endfacet
 facet normal 0.64278760968654 -0.76604444311898 0.00000000000000
  outer loop
   vertex 146.46614745801597 32.33825472303879 4.52942497472077
   vertex 145.92075634962205 31.88061724513809 4.52942497472077
   vertex 145.92075634962205 31.88061724513809 1.52942497472077
  endloop
 endfacet
 facet normal 0.34202014332566 -0.93969262078591 -0.00000000000000
  outer loop
   vertex 147.13516869379876 32.58175853895571 4.52942497472077
   vertex 146.46614745801597 32.33825472303879 4.52942497472077
   vertex 146.46614745801597 32.33825472303879 1.52942497472077
  endloop
 endfacet
 facet normal 0.00000000000001 -1.00000000000000 -0.00000000000000
  outer loop
   vertex 147.84712622223316 32.58175853895572 4.52942497472077
   vertex 147.13516869379876 32.58175853895571 4.52942497472077
   vertex 147.13516869379876 32.58175853895571 1.52942497472077
  endloop
 endfacet
 facet normal -0.34202014332567 -0.93969262078591 -0.00000000000000
  outer loop
   vertex 148.51614745801595 32.33825472303879 4.52942497472077
   vertex 147.84712622223316 32.58175853895572 4.52942497472077
   vertex 147.84712622223316 32.58175853895572 1.52942497472077
  endloop
 endfacet
 facet normal -0.64278760968653 -0.76604444311899 0.00000000000000
  outer loop
   vertex 149.06153856640987 31.88061724513810 4.52942497472077
   vertex 148.51614745801595 32.33825472303879 4.52942497472077
   vertex 148.51614745801595 32.33825472303879 1.52942497472077
  endloop
 endfacet
 facet normal -0.86602540378444 -0.50000000000000 0.00000000000000
  outer loop
   vertex 149.41751733062708 31.26404393909831 4.52942497472077
   vertex 149.06153856640987 31.88061724513810 4.52942497472077
   vertex 149.06153856640987 31.88061724513810 1.52942497472077
  endloop
 endfacet
 facet normal -0.98480775301220 -0.17364817766696 -0.00000000000000
  outer loop
   vertex 149.54114745801598 30.56290264528069 4.52942497472077
   vertex 149.41751733062708 31.26404393909831 4.52942497472077
   vertex 149.41751733062708 31.26404393909831 1.52942497472077
  endloop
 endfacet
 facet normal 0.00000000000000 0.00000000000000 1.00000000000000
  outer loop
   vertex 147.49114745801597 30.56290264528069 1.52942497472077
   vertex 145.56477758540484 29.86176135146307 1.52942497472077
   vertex 145.92075634962205 29.24518804542328 1.52942497472077
  endloop
 endfacet
 facet normal -0.00000000000000 0.00000000000000 1.00000000000000
  outer loop
   vertex 145.92075634962205 29.24518804542328 1.52942497472077
   vertex 146.46614745801597 28.78755056752259 1.52942497472077
   vertex 147.49114745801597 30.56290264528069 1.52942497472077
  endloop
 endfacet
 facet normal -0.00000000000000 0.00000000000000 1.00000000000000
  outer loop
   vertex 146.46614745801597 28.78755056752259 1.52942497472077
   vertex 147.13516869379876 28.54404675160566 1.52942497472077
   vertex 147.49114745801597 30.56290264528069 1.52942497472077
  endloop
 endfacet
 facet normal 0.00000000000000 0.00000000000000 1.00000000000000
  outer loop
   vertex 147.13516869379876 28.54404675160566 1.52942497472077
   vertex 147.84712622223316 28.54404675160566 1.52942497472077
   vertex 147.49114745801597 30.56290264528069 1.52942497472077
  endloop
 endfacet
 facet normal 0.00000000000000 -0.00000000000000 1.00000000000000
  outer loop
   vertex 147.84712622223316 28.54404675160566 1.52942497472077
   vertex 148.51614745801595 28.78755056752259 1.52942497472077
   vertex 147.49114745801597 30.56290264528069 1.52942497472077
  endloop
 endfacet
 facet normal 0.00000000000000 -0.00000000000000 1.00000000000000
  outer loop
   vertex 148.51614745801595 28.78755056752259 1.52942497472077
   vertex 149.06153856640987 29.24518804542328 1.52942497472077
   vertex 147.49114745801597 30.56290264528069 1.52942497472077
  endloop
 endfacet
 facet normal 0.00000000000000 -0.00000000000000 1.00000000000000
  outer loop
   vertex 149.06153856640987 29.24518804542328 1.52942497472077
   vertex 149.41751733062708 29.86176135146307 1.52942497472077
   vertex 147.49114745801597 30.56290264528069 1.52942497472077
  endloop
 endfacet
 facet normal 0.00000000000000 -0.00000000000000 1.00000000000000
  outer loop
   vertex 149.41751733062708 29.86176135146307 1.52942497472077
   vertex 149.54114745801598 30.56290264528069 1.52942497472077
   vertex 147.49114745801597 30.56290264528069 1.52942497472077
  endloop
 endfacet
 facet normal 0.00000000000000 0.00000000000000 1.00000000000000
  outer loop
   vertex 149.54114745801598 30.56290264528069 1.52942497472077
   vertex 149.41751733062708 31.26404393909831 1.52942497472077
   vertex 147.49114745801597 30.56290264528069 1.52942497472077
  endloop
 endfacet
 facet normal 0.00000000000000 0.00000000000000 1.00000000000000
  outer loop
   vertex 149.41751733062708 31.26404393909831 1.52942497472077
   vertex 149.06153856640987 31.88061724513810 1.52942497472077
   vertex 147.49114745801597 30.56290264528069 1.52942497472077
  endloop
 endfacet
 facet normal 0.00000000000000 0.00000000000000 1.00000000000000
  outer loop
   vertex 149.06153856640987 31.88061724513810 1.52942497472077
   vertex 148.51614745801595 32.33825472303879 1.52942497472077
   vertex 147.49114745801597 30.56290264528069 1.52942497472077
  endloop
 endfacet
 facet normal 0.00000000000000 0.00000000000000 1.00000000000000
  outer loop
   vertex 148.51614745801595 32.33825472303879 1.52942497472077
   vertex 147.84712622223316 32.58175853895572 1.52942497472077
   vertex 147.49114745801597 30.56290264528069 1.52942497472077
  endloop
 endfacet
 facet normal 0.00000000000000 0.00000000000000 1.00000000000000
  outer loop
   vertex 147.84712622223316 32.58175853895572 1.52942497472077
   vertex 147.13516869379876 32.58175853895571 1.52942497472077
   vertex 147.49114745801597 30.56290264528069 1.52942497472077
  endloop
 endfacet
 facet normal 0.00000000000000 0.00000000000000 1.00000000000000
  outer loop
   vertex 147.13516869379876 32.58175853895571 1.52942497472077
   vertex 146.46614745801597 32.33825472303879 1.52942497472077
   vertex 147.49114745801597 30.56290264528069 1.52942497472077
  endloop
 endfacet
 facet normal 0.00000000000000 0.00000000000000 1.00000000000000
  outer loop
   vertex 146.46614745801597 32.33825472303879 1.52942497472077
   vertex 145.92075634962205 31.88061724513809 1.52942497472077
   vertex 147.49114745801597 30.56290264528069 1.52942497472077
  endloop
 endfacet
 facet normal 0.00000000000000 0.00000000000000 1.00000000000000
  outer loop
   vertex 145.92075634962205 31.88061724513809 1.52942497472077
   vertex 145.56477758540484 31.26404393909830 1.52942497472077
   vertex 147.49114745801597 30.56290264528069 1.52942497472077
  endloop
 endfacet
 facet normal -0.00000000000000 -0.00000000000000 1.00000000000000
  outer loop
   vertex 145.56477758540484 31.26404393909830 1.52942497472077
   vertex 145.44114745801596 30.56290264528069 1.52942497472077
   vertex 147.49114745801597 30.56290264528069 1.52942497472077
  endloop
 endfacet
 facet normal -0.00000000000000 0.00000000000000 1.00000000000000
  outer loop
   vertex 145.44114745801596 30.56290264528069 1.52942497472077
   vertex 145.56477758540484 29.86176135146307 1.52942497472077
   vertex 147.49114745801597 30.56290264528069 1.52942497472077
  endloop
 endfacet
 facet normal -0.98480775301220 -0.17364817766698 0.00000000000000
  outer loop
   vertex 149.10167725182373 45.85912115051653 1.52942497472077
   vertex 149.16499999999854 45.50000000002458 1.52942497472077
   vertex 149.16499999999854 45.50000000002458 4.52942497472077
  endloop
 endfacet
 facet normal -0.86602540378444 -0.50000000000000 0.00000000000000
  outer loop
   vertex 148.91934666527345 46.17492699019544 1.52942497472077
   vertex 149.10167725182373 45.85912115051653 1.52942497472077
   vertex 149.10167725182373 45.85912115051653 4.52942497472077
  endloop
 endfacet
 facet normal -0.64278760968660 -0.76604444311893 0.00000000000000
  outer loop
   vertex 148.63999999999857 46.40932667399824 1.52942497472077
   vertex 148.91934666527345 46.17492699019544 1.52942497472077
   vertex 148.91934666527345 46.17492699019544 4.52942497472077
  endloop
 endfacet
 facet normal -0.34202014332565 -0.93969262078591 0.00000000000000
  outer loop
   vertex 148.29733058654884 46.53404814068740 1.52942497472077
   vertex 148.63999999999857 46.40932667399824 1.52942497472077
   vertex 148.63999999999857 46.40932667399824 4.52942497472077
  endloop
 endfacet
 facet normal 0.00000000000000 -1.00000000000000 0.00000000000000
  outer loop
   vertex 147.93266941344825 46.53404814068740 1.52942497472077
   vertex 148.29733058654884 46.53404814068740 1.52942497472077
   vertex 148.29733058654884 46.53404814068740 4.52942497472077
  endloop
 endfacet
 facet normal 0.34202014332568 -0.93969262078591 0.00000000000000
  outer loop
   vertex 147.58999999999855 46.40932667399824 1.52942497472077
   vertex 147.93266941344825 46.53404814068740 1.52942497472077
   vertex 147.93266941344825 46.53404814068740 4.52942497472077
  endloop
 endfacet
 facet normal 0.64278760968653 -0.76604444311899 0.00000000000000
  outer loop
   vertex 147.31065333472361 46.17492699019544 1.52942497472077
   vertex 147.58999999999855 46.40932667399824 1.52942497472077
   vertex 147.58999999999855 46.40932667399824 4.52942497472077
  endloop
 endfacet
 facet normal 0.86602540378444 -0.50000000000000 -0.00000000000000
  outer loop
   vertex 147.12832274817333 45.85912115051653 1.52942497472077
   vertex 147.31065333472361 46.17492699019544 1.52942497472077
   vertex 147.31065333472361 46.17492699019544 4.52942497472077
  endloop
 endfacet
 facet normal 0.98480775301221 -0.17364817766690 -0.00000000000000
  outer loop
   vertex 147.06499999999855 45.50000000002458 1.52942497472077
   vertex 147.12832274817333 45.85912115051653 1.52942497472077
   vertex 147.12832274817333 45.85912115051653 4.52942497472077
  endloop
 endfacet
 facet normal 0.98480775301221 0.17364817766690 -0.00000000000000
  outer loop
   vertex 147.12832274817333 45.14087884953263 1.52942497472077
   vertex 147.06499999999855 45.50000000002458 1.52942497472077
   vertex 147.06499999999855 45.50000000002458 4.52942497472077
  endloop
 endfacet
 facet normal 0.86602540378444 0.50000000000000 0.00000000000000
  outer loop
   vertex 147.31065333472361 44.82507300985372 1.52942497472077
   vertex 147.12832274817333 45.14087884953263 1.52942497472077
   vertex 147.12832274817333 45.14087884953263 4.52942497472077
  endloop
 endfacet
 facet normal 0.64278760968650 0.76604444311901 0.00000000000000
  outer loop
   vertex 147.58999999999855 44.59067332605093 1.52942497472077
   vertex 147.31065333472361 44.82507300985372 1.52942497472077
   vertex 147.31065333472361 44.82507300985372 4.52942497472077
  endloop
 endfacet
 facet normal 0.34202014332571 0.93969262078589 0.00000000000000
  outer loop
   vertex 147.93266941344825 44.46595185936177 1.52942497472077
   vertex 147.58999999999855 44.59067332605093 1.52942497472077
   vertex 147.58999999999855 44.59067332605093 4.52942497472077
  endloop
 endfacet
 facet normal 0.00000000000000 1.00000000000000 0.00000000000000
  outer loop
   vertex 148.29733058654884 44.46595185936177 1.52942497472077
   vertex 147.93266941344825 44.46595185936177 1.52942497472077
   vertex 147.93266941344825 44.46595185936177 4.52942497472077
  endloop
 endfacet
 facet normal -0.34202014332569 0.93969262078590 0.00000000000000
  outer loop
   vertex 148.63999999999857 44.59067332605093 1.52942497472077
   vertex 148.29733058654884 44.46595185936177 1.52942497472077
   vertex 148.29733058654884 44.46595185936177 4.52942497472077
  endloop
 endfacet
 facet normal -0.64278760968658 0.76604444311894 -0.00000000000000
  outer loop
   vertex 148.91934666527345 44.82507300985372 1.52942497472077
   vertex 148.63999999999857 44.59067332605093 1.52942497472077
   vertex 148.63999999999857 44.59067332605093 4.52942497472077
  endloop
 endfacet
 facet normal -0.86602540378444 0.50000000000000 -0.00000000000000
  outer loop
   vertex 149.10167725182373 45.14087884953263 1.52942497472077
   vertex 148.91934666527345 44.82507300985372 1.52942497472077
   vertex 148.91934666527345 44.82507300985372 4.52942497472077
  endloop
 endfacet
 facet normal -0.98480775301220 0.17364817766697 -0.00000000000000
  outer loop
   vertex 149.16499999999854 45.50000000002458 1.52942497472077
   vertex 149.10167725182373 45.14087884953263 1.52942497472077
   vertex 149.10167725182373 45.14087884953263 4.52942497472077
  endloop
 endfacet
 facet normal -0.98480775301220 0.17364817766697 -0.00000000000000
  outer loop
   vertex 149.10167725182373 45.14087884953263 4.52942497472077
   vertex 149.16499999999854 45.50000000002458 4.52942497472077
   vertex 149.16499999999854 45.50000000002458 1.52942497472077
  endloop
 endfacet
 facet normal -0.86602540378444 0.50000000000000 -0.00000000000000
  outer loop
   vertex 148.91934666527345 44.82507300985372 4.52942497472077
   vertex 149.10167725182373 45.14087884953263 4.52942497472077
   vertex 149.10167725182373 45.14087884953263 1.52942497472077
  endloop
 endfacet
 facet normal -0.64278760968658 0.76604444311894 -0.00000000000000
  outer loop
   vertex 148.63999999999857 44.59067332605093 4.52942497472077
   vertex 148.91934666527345 44.82507300985372 4.52942497472077
   vertex 148.91934666527345 44.82507300985372 1.52942497472077
  endloop
 endfacet
 facet normal -0.34202014332569 0.93969262078590 0.00000000000000
  outer loop
   vertex 148.29733058654884 44.46595185936177 4.52942497472077
   vertex 148.63999999999857 44.59067332605093 4.52942497472077
   vertex 148.63999999999857 44.59067332605093 1.52942497472077
  endloop
 endfacet
 facet normal -0.00000000000000 1.00000000000000 0.00000000000000
  outer loop
   vertex 147.93266941344825 44.46595185936177 4.52942497472077
   vertex 148.29733058654884 44.46595185936177 4.52942497472077
   vertex 148.29733058654884 44.46595185936177 1.52942497472077
  endloop
 endfacet
 facet normal 0.34202014332571 0.93969262078589 0.00000000000000
  outer loop
   vertex 147.58999999999855 44.59067332605093 4.52942497472077
   vertex 147.93266941344825 44.46595185936177 4.52942497472077
   vertex 147.93266941344825 44.46595185936177 1.52942497472077
  endloop
 endfacet
 facet normal 0.64278760968650 0.76604444311901 0.00000000000000
  outer loop
   vertex 147.31065333472361 44.82507300985372 4.52942497472077
   vertex 147.58999999999855 44.59067332605093 4.52942497472077
   vertex 147.58999999999855 44.59067332605093 1.52942497472077
  endloop
 endfacet
 facet normal 0.86602540378444 0.50000000000000 0.00000000000000
  outer loop
   vertex 147.12832274817333 45.14087884953263 4.52942497472077
   vertex 147.31065333472361 44.82507300985372 4.52942497472077
   vertex 147.31065333472361 44.82507300985372 1.52942497472077
  endloop
 endfacet
 facet normal 0.98480775301221 0.17364817766690 -0.00000000000000
  outer loop
   vertex 147.06499999999855 45.50000000002458 4.52942497472077
   vertex 147.12832274817333 45.14087884953263 4.52942497472077
   vertex 147.12832274817333 45.14087884953263 1.52942497472077
  endloop
 endfacet
 facet normal 0.98480775301221 -0.17364817766690 -0.00000000000000
  outer loop
   vertex 147.12832274817333 45.85912115051653 4.52942497472077
   vertex 147.06499999999855 45.50000000002458 4.52942497472077
   vertex 147.06499999999855 45.50000000002458 1.52942497472077
  endloop
 endfacet
 facet normal 0.86602540378444 -0.50000000000000 -0.00000000000000
  outer loop
   vertex 147.31065333472361 46.17492699019544 4.52942497472077
   vertex 147.12832274817333 45.85912115051653 4.52942497472077
   vertex 147.12832274817333 45.85912115051653 1.52942497472077
  endloop
 endfacet
 facet normal 0.64278760968653 -0.76604444311899 0.00000000000000
  outer loop
   vertex 147.58999999999855 46.40932667399824 4.52942497472077
   vertex 147.31065333472361 46.17492699019544 4.52942497472077
   vertex 147.31065333472361 46.17492699019544 1.52942497472077
  endloop
 endfacet
 facet normal 0.34202014332568 -0.93969262078591 0.00000000000000
  outer loop
   vertex 147.93266941344825 46.53404814068740 4.52942497472077
   vertex 147.58999999999855 46.40932667399824 4.52942497472077
   vertex 147.58999999999855 46.40932667399824 1.52942497472077
  endloop
 endfacet
 facet normal -0.00000000000000 -1.00000000000000 0.00000000000000
  outer loop
   vertex 148.29733058654884 46.53404814068740 4.52942497472077
   vertex 147.93266941344825 46.53404814068740 4.52942497472077
   vertex 147.93266941344825 46.53404814068740 1.52942497472077
  endloop
 endfacet
 facet normal -0.34202014332565 -0.93969262078591 0.00000000000000
  outer loop
   vertex 148.63999999999857 46.40932667399824 4.52942497472077
   vertex 148.29733058654884 46.53404814068740 4.52942497472077
   vertex 148.29733058654884 46.53404814068740 1.52942497472077
  endloop
 endfacet
 facet normal -0.64278760968660 -0.76604444311893 0.00000000000000
  outer loop
   vertex 148.91934666527345 46.17492699019544 4.52942497472077
   vertex 148.63999999999857 46.40932667399824 4.52942497472077
   vertex 148.63999999999857 46.40932667399824 1.52942497472077
  endloop
 endfacet
 facet normal -0.86602540378444 -0.50000000000000 0.00000000000000
  outer loop
   vertex 149.10167725182373 45.85912115051653 4.52942497472077
   vertex 148.91934666527345 46.17492699019544 4.52942497472077
   vertex 148.91934666527345 46.17492699019544 1.52942497472077
  endloop
 endfacet
 facet normal -0.98480775301220 -0.17364817766698 0.00000000000000
  outer loop
   vertex 149.16499999999854 45.50000000002458 4.52942497472077
   vertex 149.10167725182373 45.85912115051653 4.52942497472077
   vertex 149.10167725182373 45.85912115051653 1.52942497472077
  endloop
 endfacet
 facet normal 0.00000000000000 0.00000000000000 1.00000000000000
  outer loop
   vertex 148.11499999999856 45.50000000002458 1.52942497472077
   vertex 147.12832274817333 45.14087884953263 1.52942497472077
   vertex 147.31065333472361 44.82507300985372 1.52942497472077
  endloop
 endfacet
 facet normal -0.00000000000000 0.00000000000000 1.00000000000000
  outer loop
   vertex 147.31065333472361 44.82507300985372 1.52942497472077
   vertex 147.58999999999855 44.59067332605093 1.52942497472077
   vertex 148.11499999999856 45.50000000002458 1.52942497472077
  endloop
 endfacet
 facet normal -0.00000000000000 0.00000000000000 1.00000000000000
  outer loop
   vertex 147.58999999999855 44.59067332605093 1.52942497472077
   vertex 147.93266941344825 44.46595185936177 1.52942497472077
   vertex 148.11499999999856 45.50000000002458 1.52942497472077
  endloop
 endfacet
 facet normal 0.00000000000000 0.00000000000000 1.00000000000000
  outer loop
   vertex 147.93266941344825 44.46595185936177 1.52942497472077
   vertex 148.29733058654884 44.46595185936177 1.52942497472077
   vertex 148.11499999999856 45.50000000002458 1.52942497472077
  endloop
 endfacet
 facet normal 0.00000000000000 -0.00000000000000 1.00000000000000
  outer loop
   vertex 148.29733058654884 44.46595185936177 1.52942497472077
   vertex 148.63999999999857 44.59067332605093 1.52942497472077
   vertex 148.11499999999856 45.50000000002458 1.52942497472077
  endloop
 endfacet
 facet normal 0.00000000000000 -0.00000000000000 1.00000000000000
  outer loop
   vertex 148.63999999999857 44.59067332605093 1.52942497472077
   vertex 148.91934666527345 44.82507300985372 1.52942497472077
   vertex 148.11499999999856 45.50000000002458 1.52942497472077
  endloop
 endfacet
 facet normal 0.00000000000000 -0.00000000000000 1.00000000000000
  outer loop
   vertex 148.91934666527345 44.82507300985372 1.52942497472077
   vertex 149.10167725182373 45.14087884953263 1.52942497472077
   vertex 148.11499999999856 45.50000000002458 1.52942497472077
  endloop
 endfacet
 facet normal 0.00000000000000 -0.00000000000000 1.00000000000000
  outer loop
   vertex 149.10167725182373 45.14087884953263 1.52942497472077
   vertex 149.16499999999854 45.50000000002458 1.52942497472077
   vertex 148.11499999999856 45.50000000002458 1.52942497472077
  endloop
 endfacet
 facet normal 0.00000000000000 0.00000000000000 1.00000000000000
  outer loop
   vertex 149.16499999999854 45.50000000002458 1.52942497472077
   vertex 149.10167725182373 45.85912115051653 1.52942497472077
   vertex 148.11499999999856 45.50000000002458 1.52942497472077
  endloop
 endfacet
 facet normal 0.00000000000000 0.00000000000000 1.00000000000000
  outer loop
   vertex 149.10167725182373 45.85912115051653 1.52942497472077
   vertex 148.91934666527345 46.17492699019544 1.52942497472077
   vertex 148.11499999999856 45.50000000002458 1.52942497472077
  endloop
 endfacet
 facet normal 0.00000000000000 0.00000000000000 1.00000000000000
  outer loop
   vertex 148.91934666527345 46.17492699019544 1.52942497472077
   vertex 148.63999999999857 46.40932667399825 1.52942497472077
   vertex 148.11499999999856 45.50000000002458 1.52942497472077
  endloop
 endfacet
 facet normal 0.00000000000000 0.00000000000000 1.00000000000000
  outer loop
   vertex 148.63999999999857 46.40932667399825 1.52942497472077
   vertex 148.29733058654884 46.53404814068740 1.52942497472077
   vertex 148.11499999999856 45.50000000002458 1.52942497472077
  endloop
 endfacet
 facet normal 0.00000000000000 0.00000000000000 1.00000000000000
  outer loop
   vertex 148.29733058654884 46.53404814068740 1.52942497472077
   vertex 147.93266941344825 46.53404814068740 1.52942497472077
   vertex 148.11499999999856 45.50000000002458 1.52942497472077
  endloop
 endfacet
 facet normal 0.00000000000000 0.00000000000000 1.00000000000000
  outer loop
   vertex 147.93266941344825 46.53404814068740 1.52942497472077
   vertex 147.58999999999855 46.40932667399825 1.52942497472077
   vertex 148.11499999999856 45.50000000002458 1.52942497472077
  endloop
 endfacet
 facet normal 0.00000000000000 0.00000000000000 1.00000000000000
  outer loop
   vertex 147.58999999999855 46.40932667399825 1.52942497472077
   vertex 147.31065333472361 46.17492699019544 1.52942497472077
   vertex 148.11499999999856 45.50000000002458 1.52942497472077
  endloop
 endfacet
 facet normal 0.00000000000000 0.00000000000000 1.00000000000000
  outer loop
   vertex 147.31065333472361 46.17492699019544 1.52942497472077
   vertex 147.12832274817333 45.85912115051653 1.52942497472077
   vertex 148.11499999999856 45.50000000002458 1.52942497472077
  endloop
 endfacet
 facet normal -0.00000000000000 -0.00000000000000 1.00000000000000
  outer loop
   vertex 147.12832274817333 45.85912115051653 1.52942497472077
   vertex 147.06499999999855 45.50000000002458 1.52942497472077
   vertex 148.11499999999856 45.50000000002458 1.52942497472077
  endloop
 endfacet
 facet normal -0.00000000000000 0.00000000000000 1.00000000000000
  outer loop
   vertex 147.06499999999855 45.50000000002458 1.52942497472077
   vertex 147.12832274817333 45.14087884953263 1.52942497472077
   vertex 148.11499999999856 45.50000000002458 1.52942497472077
  endloop
 endfacet
 facet normal 0.00000000000000 0.00000000000000 1.00000000000000
  outer loop
   vertex 148.29733058654884 123.53404814065908 4.52942497472077
   vertex 147.59229910777481 139.35246444985270 4.52942497472077
   vertex 145.86499999999805 136.99999999996820 4.52942497472077
  endloop
 endfacet
 facet normal 0.00000000000000 0.00000000000000 1.00000000000000
  outer loop
   vertex 146.88034157934038 139.35246444985270 4.52942497472077
   vertex 146.21132034355759 139.59596826576961 4.52942497472077
   vertex 145.71816954888340 137.92705098309295 4.52942497472077
  endloop
 endfacet
 facet normal 0.00000000000000 0.00000000000000 1.00000000000000
  outer loop
   vertex 147.59229910777481 139.35246444985270 4.52942497472077
   vertex 146.88034157934038 139.35246444985270 4.52942497472077
   vertex 145.86499999999805 136.99999999996820 4.52942497472077
  endloop
 endfacet
 facet normal 0.00000000000000 0.00000000000000 1.00000000000000
  outer loop
   vertex 148.26132034355760 139.59596826576961 4.52942497472077
   vertex 148.63999999999857 123.40932667396991 4.52942497472077
   vertex 148.91934666527345 123.17492699016712 4.52942497472077
  endloop
 endfacet
 facet normal 0.00000000000000 0.00000000000000 1.00000000000000
  outer loop
   vertex 145.86499999999805 136.99999999996820 4.52942497472077
   vertex 147.93266941344825 123.53404814065908 4.52942497472077
   vertex 148.29733058654884 123.53404814065908 4.52942497472077
  endloop
 endfacet
 facet normal 0.00000000000000 0.00000000000000 1.00000000000000
  outer loop
   vertex 145.30995047094646 140.67017904971013 4.52942497472077
   vertex 143.79205098312278 139.85316954885357 4.52942497472077
   vertex 144.62835575687538 139.42705098309295 4.52942497472077
  endloop
 endfacet
 facet normal 0.00000000000000 0.00000000000000 1.00000000000000
  outer loop
   vertex 145.29205098312278 138.76335575684553 4.52942497472077
   vertex 146.21132034355759 139.59596826576961 4.52942497472077
   vertex 145.66592923516370 140.05360574367035 4.52942497472077
  endloop
 endfacet
 facet normal 0.00000000000000 0.00000000000000 1.00000000000000
  outer loop
   vertex 148.26132034355760 139.59596826576961 4.52942497472077
   vertex 148.29733058654884 123.53404814065908 4.52942497472077
   vertex 148.63999999999857 123.40932667396991 4.52942497472077
  endloop
 endfacet
 facet normal 0.00000000000000 0.00000000000000 1.00000000000000
  outer loop
   vertex 148.29733058654884 123.53404814065908 4.52942497472077
   vertex 148.26132034355760 139.59596826576961 4.52942497472077
   vertex 147.59229910777481 139.35246444985270 4.52942497472077
  endloop
 endfacet
 facet normal 0.00000000000000 0.00000000000000 1.00000000000000
  outer loop
   vertex 145.86499999999805 136.99999999996820 4.52942497472077
   vertex 147.12832274817333 122.85912115048819 4.52942497472077
   vertex 147.31065333472361 123.17492699016712 4.52942497472077
  endloop
 endfacet
 facet normal 0.00000000000000 -0.00000000000000 1.00000000000000
  outer loop
   vertex 145.18632034355758 141.37132034352774 4.52942497472077
   vertex 145.30995047094646 142.07246163734536 4.52942497472077
   vertex 123.80499999999915 142.24999999996936 4.52942497472077
  endloop
 endfacet
 facet normal 0.00000000000000 0.00000000000000 1.00000000000000
  outer loop
   vertex 145.18632034355758 141.37132034352774 4.52942497472077
   vertex 123.74167725182437 141.89087884947739 4.52942497472077
   vertex 142.86499999999808 139.99999999996814 4.52942497472077
  endloop
 endfacet
 facet normal 0.00000000000000 0.00000000000000 1.00000000000000
  outer loop
   vertex 145.30995047094646 140.67017904971013 4.52942497472077
   vertex 142.86499999999808 139.99999999996814 4.52942497472077
   vertex 143.79205098312278 139.85316954885357 4.52942497472077
  endloop
 endfacet
 facet normal 0.00000000000000 0.00000000000000 1.00000000000000
  outer loop
   vertex 145.66592923516370 140.05360574367035 4.52942497472077
   vertex 144.62835575687538 139.42705098309295 4.52942497472077
   vertex 145.29205098312278 138.76335575684553 4.52942497472077
  endloop
 endfacet
 facet normal -0.00000000000000 0.00000000000000 1.00000000000000
  outer loop
   vertex 145.71816954888340 137.92705098309295 4.52942497472077
   vertex 145.86499999999805 136.99999999996820 4.52942497472077
   vertex 146.88034157934038 139.35246444985270 4.52942497472077
  endloop
 endfacet
 facet normal 0.00000000000000 -0.00000000000000 1.00000000000000
  outer loop
   vertex 147.31065333472361 123.17492699016712 4.52942497472077
   vertex 147.58999999999855 123.40932667396991 4.52942497472077
   vertex 145.86499999999805 136.99999999996820 4.52942497472077
  endloop
 endfacet
 facet normal 0.00000000000000 0.00000000000000 1.00000000000000
  outer loop
   vertex 142.86499999999808 139.99999999996814 4.52942497472077
   vertex 145.30995047094646 140.67017904971013 4.52942497472077
   vertex 145.18632034355758 141.37132034352774 4.52942497472077
  endloop
 endfacet
 facet normal -0.00000000000000 0.00000000000000 1.00000000000000
  outer loop
   vertex 145.29205098312278 138.76335575684553 4.52942497472077
   vertex 145.71816954888340 137.92705098309295 4.52942497472077
   vertex 146.21132034355759 139.59596826576961 4.52942497472077
  endloop
 endfacet
 facet normal 0.00000000000000 -0.00000000000000 1.00000000000000
  outer loop
   vertex 147.58999999999855 123.40932667396991 4.52942497472077
   vertex 147.93266941344825 123.53404814065908 4.52942497472077
   vertex 145.86499999999805 136.99999999996820 4.52942497472077
  endloop
 endfacet
 facet normal 0.00000000000000 0.00000000000000 1.00000000000000
  outer loop
   vertex 149.10167725182373 122.85912115048819 4.52942497472077
   vertex 150.36499999999813 141.49999999996840 4.52942497472077
   vertex 149.16269021616873 140.67017904971013 4.52942497472077
  endloop
 endfacet
 facet normal 0.00000000000000 0.00000000000000 1.00000000000000
  outer loop
   vertex 123.80499999999915 142.24999999996936 4.52942497472077
   vertex 123.74167725182437 141.89087884947739 4.52942497472077
   vertex 145.18632034355758 141.37132034352774 4.52942497472077
  endloop
 endfacet
 facet normal -0.00000000000000 -0.00000000000000 1.00000000000000
  outer loop
   vertex 148.91934666527345 123.17492699016712 4.52942497472077
   vertex 149.10167725182373 122.85912115048819 4.52942497472077
   vertex 148.26132034355760 139.59596826576961 4.52942497472077
  endloop
 endfacet
 facet normal 0.00000000000000 0.00000000000000 1.00000000000000
  outer loop
   vertex 149.16269021616873 140.67017904971013 4.52942497472077
   vertex 148.80671145195151 140.05360574367035 4.52942497472077
   vertex 149.10167725182373 122.85912115048819 4.52942497472077
  endloop
 endfacet
 facet normal 0.00000000000000 0.00000000000000 1.00000000000000
  outer loop
   vertex 147.58999999999855 121.59067332602261 4.52942497472077
   vertex 145.90044258154057 120.23612695003096 4.52942497472077
   vertex 146.04685028257333 119.92499474795306 4.52942497472077
  endloop
 endfacet
 facet normal 0.00000000000000 0.00000000000000 1.00000000000000
  outer loop
   vertex 147.58999999999855 121.59067332602261 4.52942497472077
   vertex 147.31065333472361 121.82507300982539 4.52942497472077
   vertex 145.86499999999836 120.49999999999635 4.52942497472077
  endloop
 endfacet
 facet normal 0.00000000000000 0.00000000000000 1.00000000000000
  outer loop
   vertex 123.74167725182437 141.89087884947739 4.52942497472077
   vertex 123.55934666527409 141.57507300979847 4.52942497472077
   vertex 142.86499999999808 139.99999999996814 4.52942497472077
  endloop
 endfacet
 facet normal 0.00000000000000 0.00000000000000 1.00000000000000
  outer loop
   vertex 148.80671145195151 140.05360574367035 4.52942497472077
   vertex 148.26132034355760 139.59596826576961 4.52942497472077
   vertex 149.10167725182373 122.85912115048819 4.52942497472077
  endloop
 endfacet
 facet normal -0.00000000000000 0.00000000000000 1.00000000000000
  outer loop
   vertex 145.86499999999836 120.49999999999635 4.52942497472077
   vertex 145.90044258154057 120.23612695003096 4.52942497472077
   vertex 147.58999999999855 121.59067332602261 4.52942497472077
  endloop
 endfacet
 facet normal 0.00000000000000 0.00000000000000 1.00000000000000
  outer loop
   vertex 147.58999999999855 121.59067332602261 4.52942497472077
   vertex 146.60112695003301 119.53544258153855 4.52942497472077
   vertex 146.86499999999836 119.49999999999632 4.52942497472077
  endloop
 endfacet
 facet normal 0.00000000000000 0.00000000000000 1.00000000000000
  outer loop
   vertex 148.63999999999857 121.59067332602261 4.52942497472077
   vertex 150.32955741845652 120.23612695003096 4.52942497472077
   vertex 150.36499999999873 120.49999999999635 4.52942497472077
  endloop
 endfacet
 facet normal 0.00000000000000 0.00000000000000 1.00000000000000
  outer loop
   vertex 148.63999999999857 121.59067332602261 4.52942497472077
   vertex 149.94000525204200 119.68185028257132 4.52942497472077
   vertex 150.18314971742376 119.92499474795306 4.52942497472077
  endloop
 endfacet
 facet normal 0.00000000000000 0.00000000000000 1.00000000000000
  outer loop
   vertex 148.29205098312283 144.35316954885363 4.52942497472077
   vertex 147.36499999999830 144.49999999996834 4.52942497472077
   vertex 147.59229910777481 143.39017623720278 4.52942497472077
  endloop
 endfacet
 facet normal 0.00000000000000 0.00000000000000 1.00000000000000
  outer loop
   vertex 121.95065333472421 141.57507300979847 4.52942497472077
   vertex 120.49112695003376 140.03544258151038 4.52942497472077
   vertex 120.75499999999914 139.99999999996820 4.52942497472077
  endloop
 endfacet
 facet normal 0.00000000000000 0.00000000000000 1.00000000000000
  outer loop
   vertex 144.62835575687538 139.42705098309295 4.52942497472077
   vertex 145.66592923516370 140.05360574367035 4.52942497472077
   vertex 145.30995047094646 140.67017904971013 4.52942497472077
  endloop
 endfacet
 facet normal -0.00000000000000 0.00000000000000 1.00000000000000
  outer loop
   vertex 146.04685028257333 119.92499474795306 4.52942497472077
   vertex 146.28999474795509 119.68185028257132 4.52942497472077
   vertex 147.58999999999855 121.59067332602261 4.52942497472077
  endloop
 endfacet
 facet normal 0.00000000000000 0.00000000000000 1.00000000000000
  outer loop
   vertex 147.58999999999855 121.59067332602261 4.52942497472077
   vertex 146.28999474795509 119.68185028257132 4.52942497472077
   vertex 146.60112695003301 119.53544258153855 4.52942497472077
  endloop
 endfacet
 facet normal 0.00000000000000 0.00000000000000 1.00000000000000
  outer loop
   vertex 148.63999999999857 121.59067332602261 4.52942497472077
   vertex 148.29733058654884 121.46595185933344 4.52942497472077
   vertex 149.36499999999870 119.49999999999639 4.52942497472077
  endloop
 endfacet
 facet normal 0.00000000000000 -0.00000000000000 1.00000000000000
  outer loop
   vertex 150.18314971742376 119.92499474795306 4.52942497472077
   vertex 150.32955741845652 120.23612695003096 4.52942497472077
   vertex 148.63999999999857 121.59067332602261 4.52942497472077
  endloop
 endfacet
 facet normal 0.00000000000000 0.00000000000000 1.00000000000000
  outer loop
   vertex 148.26132034355760 143.14667242128587 4.52942497472077
   vertex 149.12835575687541 143.92705098309301 4.52942497472077
   vertex 148.29205098312283 144.35316954885363 4.52942497472077
  endloop
 endfacet
 facet normal 0.00000000000000 0.00000000000000 1.00000000000000
  outer loop
   vertex 121.95065333472421 142.92492699014022 4.52942497472077
   vertex 119.79044258154133 143.76387304993585 4.52942497472077
   vertex 119.75499999999914 143.49999999997044 4.52942497472077
  endloop
 endfacet
 facet normal 0.00000000000000 0.00000000000000 1.00000000000000
  outer loop
   vertex 121.95065333472421 142.92492699014022 4.52942497472077
   vertex 120.17999474795589 144.31814971739550 4.52942497472077
   vertex 119.93685028257411 144.07500525201377 4.52942497472077
  endloop
 endfacet
 facet normal 0.00000000000000 0.00000000000000 1.00000000000000
  outer loop
   vertex 119.75499999999914 140.99999999996817 4.52942497472077
   vertex 121.76832274817393 141.89087884947739 4.52942497472077
   vertex 121.70499999999913 142.24999999996936 4.52942497472077
  endloop
 endfacet
 facet normal 0.00000000000000 0.00000000000000 1.00000000000000
  outer loop
   vertex 121.95065333472421 141.57507300979847 4.52942497472077
   vertex 120.17999474795586 140.18185028254317 4.52942497472077
   vertex 120.49112695003376 140.03544258151038 4.52942497472077
  endloop
 endfacet
 facet normal 0.00000000000000 0.00000000000000 1.00000000000000
  outer loop
   vertex 150.36499999999873 120.49999999999635 4.52942497472077
   vertex 150.36499999999813 141.49999999996840 4.52942497472077
   vertex 149.10167725182373 122.85912115048819 4.52942497472077
  endloop
 endfacet
 facet normal 0.00000000000000 0.00000000000000 1.00000000000000
  outer loop
   vertex 150.36499999999813 141.49999999996840 4.52942497472077
   vertex 149.28632034355761 141.37132034352774 4.52942497472077
   vertex 149.16269021616873 140.67017904971013 4.52942497472077
  endloop
 endfacet
 facet normal 0.00000000000000 0.00000000000000 1.00000000000000
  outer loop
   vertex 145.86499999999836 120.49999999999635 4.52942497472077
   vertex 147.06499999999855 122.49999999999625 4.52942497472077
   vertex 147.12832274817333 122.85912115048819 4.52942497472077
  endloop
 endfacet
 facet normal 0.00000000000000 0.00000000000000 1.00000000000000
  outer loop
   vertex 146.86499999999836 119.49999999999632 4.52942497472077
   vertex 147.93266941344825 121.46595185933344 4.52942497472077
   vertex 147.58999999999855 121.59067332602261 4.52942497472077
  endloop
 endfacet
 facet normal 0.00000000000000 0.00000000000000 1.00000000000000
  outer loop
   vertex 146.86499999999836 119.49999999999632 4.52942497472077
   vertex 149.36499999999870 119.49999999999639 4.52942497472077
   vertex 148.29733058654884 121.46595185933344 4.52942497472077
  endloop
 endfacet
 facet normal 0.00000000000000 -0.00000000000000 1.00000000000000
  outer loop
   vertex 149.36499999999870 119.49999999999639 4.52942497472077
   vertex 149.62887304996408 119.53544258153855 4.52942497472077
   vertex 148.63999999999857 121.59067332602261 4.52942497472077
  endloop
 endfacet
 facet normal 0.00000000000000 0.00000000000000 1.00000000000000
  outer loop
   vertex 150.36499999999873 120.49999999999635 4.52942497472077
   vertex 149.10167725182373 122.14087884950430 4.52942497472077
   vertex 148.91934666527345 121.82507300982539 4.52942497472077
  endloop
 endfacet
 facet normal 0.00000000000000 0.00000000000000 1.00000000000000
  outer loop
   vertex 149.79205098312281 143.26335575684558 4.52942497472077
   vertex 148.80671145195151 142.68903494338514 4.52942497472077
   vertex 149.16269021616873 142.07246163734536 4.52942497472077
  endloop
 endfacet
 facet normal 0.00000000000000 0.00000000000000 1.00000000000000
  outer loop
   vertex 149.12835575687541 143.92705098309301 4.52942497472077
   vertex 148.26132034355760 143.14667242128587 4.52942497472077
   vertex 148.80671145195151 142.68903494338514 4.52942497472077
  endloop
 endfacet
 facet normal 0.00000000000000 0.00000000000000 1.00000000000000
  outer loop
   vertex 147.36499999999830 144.49999999996834 4.52942497472077
   vertex 146.88034157934038 143.39017623720278 4.52942497472077
   vertex 147.59229910777481 143.39017623720278 4.52942497472077
  endloop
 endfacet
 facet normal 0.00000000000000 0.00000000000000 1.00000000000000
  outer loop
   vertex 147.36499999999830 144.49999999996834 4.52942497472077
   vertex 123.55934666527409 142.92492699014022 4.52942497472077
   vertex 146.21132034355759 143.14667242128587 4.52942497472077
  endloop
 endfacet
 facet normal -0.00000000000000 0.00000000000000 1.00000000000000
  outer loop
   vertex 123.74167725182437 142.60912115046131 4.52942497472077
   vertex 123.80499999999915 142.24999999996936 4.52942497472077
   vertex 145.66592923516370 142.68903494338514 4.52942497472077
  endloop
 endfacet
 facet normal 0.00000000000000 0.00000000000000 1.00000000000000
  outer loop
   vertex 147.36499999999830 144.49999999996834 4.52942497472077
   vertex 120.75499999999921 144.49999999997041 4.52942497472077
   vertex 122.93733058654944 143.28404814063217 4.52942497472077
  endloop
 endfacet
 facet normal 0.00000000000000 -0.00000000000000 1.00000000000000
  outer loop
   vertex 121.95065333472421 142.92492699014022 4.52942497472077
   vertex 122.22999999999914 143.15932667394301 4.52942497472077
   vertex 120.75499999999921 144.49999999997041 4.52942497472077
  endloop
 endfacet
 facet normal 0.00000000000000 0.00000000000000 1.00000000000000
  outer loop
   vertex 119.93685028257411 144.07500525201377 4.52942497472077
   vertex 119.79044258154133 143.76387304993585 4.52942497472077
   vertex 121.95065333472421 142.92492699014022 4.52942497472077
  endloop
 endfacet
 facet normal 0.00000000000000 0.00000000000000 1.00000000000000
  outer loop
   vertex 121.70499999999913 142.24999999996936 4.52942497472077
   vertex 119.75499999999914 143.49999999997044 4.52942497472077
   vertex 119.75499999999914 140.99999999996817 4.52942497472077
  endloop
 endfacet
 facet normal 0.00000000000000 0.00000000000000 1.00000000000000
  outer loop
   vertex 121.95065333472421 141.57507300979847 4.52942497472077
   vertex 119.79044258154134 140.73612695000278 4.52942497472077
   vertex 119.93685028257411 140.42499474792487 4.52942497472077
  endloop
 endfacet
 facet normal 0.00000000000000 0.00000000000000 1.00000000000000
  outer loop
   vertex 121.95065333472421 141.57507300979847 4.52942497472077
   vertex 121.76832274817393 141.89087884947739 4.52942497472077
   vertex 119.75499999999914 140.99999999996817 4.52942497472077
  endloop
 endfacet
 facet normal 0.00000000000000 0.00000000000000 1.00000000000000
  outer loop
   vertex 120.75499999999914 139.99999999996820 4.52942497472077
   vertex 122.57266941344886 141.21595185930653 4.52942497472077
   vertex 122.22999999999914 141.34067332599568 4.52942497472077
  endloop
 endfacet
 facet normal 0.00000000000000 0.00000000000000 1.00000000000000
  outer loop
   vertex 142.86499999999808 139.99999999996814 4.52942497472077
   vertex 123.27999999999916 141.34067332599568 4.52942497472077
   vertex 122.93733058654944 141.21595185930653 4.52942497472077
  endloop
 endfacet
 facet normal 0.00000000000000 -0.00000000000000 1.00000000000000
  outer loop
   vertex 145.30995047094646 142.07246163734536 4.52942497472077
   vertex 145.66592923516370 142.68903494338514 4.52942497472077
   vertex 123.80499999999915 142.24999999996936 4.52942497472077
  endloop
 endfacet
 facet normal 0.00000000000000 0.00000000000000 1.00000000000000
  outer loop
   vertex 145.86499999999836 120.49999999999635 4.52942497472077
   vertex 147.12832274817333 122.14087884950430 4.52942497472077
   vertex 147.06499999999855 122.49999999999625 4.52942497472077
  endloop
 endfacet
 facet normal 0.00000000000000 0.00000000000000 1.00000000000000
  outer loop
   vertex 148.29733058654884 121.46595185933344 4.52942497472077
   vertex 147.93266941344825 121.46595185933344 4.52942497472077
   vertex 146.86499999999836 119.49999999999632 4.52942497472077
  endloop
 endfacet
 facet normal 0.00000000000000 0.00000000000000 1.00000000000000
  outer loop
   vertex 150.36499999999873 120.49999999999635 4.52942497472077
   vertex 148.91934666527345 121.82507300982539 4.52942497472077
   vertex 148.63999999999857 121.59067332602261 4.52942497472077
  endloop
 endfacet
 facet normal 0.00000000000000 0.00000000000000 1.00000000000000
  outer loop
   vertex 150.36499999999813 141.49999999996840 4.52942497472077
   vertex 150.21816954888342 142.42705098309301 4.52942497472077
   vertex 149.16269021616873 142.07246163734536 4.52942497472077
  endloop
 endfacet
 facet normal 0.00000000000000 0.00000000000000 1.00000000000000
  outer loop
   vertex 148.80671145195151 142.68903494338514 4.52942497472077
   vertex 149.79205098312281 143.26335575684558 4.52942497472077
   vertex 149.12835575687541 143.92705098309301 4.52942497472077
  endloop
 endfacet
 facet normal 0.00000000000000 0.00000000000000 1.00000000000000
  outer loop
   vertex 146.21132034355759 143.14667242128587 4.52942497472077
   vertex 146.88034157934038 143.39017623720278 4.52942497472077
   vertex 147.36499999999830 144.49999999996834 4.52942497472077
  endloop
 endfacet
 facet normal 0.00000000000000 0.00000000000000 1.00000000000000
  outer loop
   vertex 146.21132034355759 143.14667242128587 4.52942497472077
   vertex 123.55934666527409 142.92492699014022 4.52942497472077
   vertex 123.74167725182437 142.60912115046131 4.52942497472077
  endloop
 endfacet
 facet normal -0.00000000000000 0.00000000000000 1.00000000000000
  outer loop
   vertex 122.93733058654944 143.28404814063217 4.52942497472077
   vertex 123.27999999999916 143.15932667394301 4.52942497472077
   vertex 147.36499999999830 144.49999999996834 4.52942497472077
  endloop
 endfacet
 facet normal 0.00000000000000 0.00000000000000 1.00000000000000
  outer loop
   vertex 120.75499999999921 144.49999999997041 4.52942497472077
   vertex 120.49112695003382 144.46455741842826 4.52942497472077
   vertex 121.95065333472421 142.92492699014022 4.52942497472077
  endloop
 endfacet
 facet normal 0.00000000000000 -0.00000000000000 1.00000000000000
  outer loop
   vertex 121.70499999999913 142.24999999996936 4.52942497472077
   vertex 121.76832274817393 142.60912115046131 4.52942497472077
   vertex 119.75499999999914 143.49999999997044 4.52942497472077
  endloop
 endfacet
 facet normal -0.00000000000000 0.00000000000000 1.00000000000000
  outer loop
   vertex 119.75499999999914 140.99999999996817 4.52942497472077
   vertex 119.79044258154134 140.73612695000278 4.52942497472077
   vertex 121.95065333472421 141.57507300979847 4.52942497472077
  endloop
 endfacet
 facet normal 0.00000000000000 0.00000000000000 1.00000000000000
  outer loop
   vertex 120.75499999999914 139.99999999996820 4.52942497472077
   vertex 122.93733058654944 141.21595185930653 4.52942497472077
   vertex 122.57266941344886 141.21595185930653 4.52942497472077
  endloop
 endfacet
 facet normal 0.00000000000000 0.00000000000000 1.00000000000000
  outer loop
   vertex 142.86499999999808 139.99999999996814 4.52942497472077
   vertex 123.55934666527409 141.57507300979847 4.52942497472077
   vertex 123.27999999999916 141.34067332599568 4.52942497472077
  endloop
 endfacet
 facet normal 0.00000000000000 0.00000000000000 1.00000000000000
  outer loop
   vertex 147.12832274817333 122.85912115048819 4.52942497472077
   vertex 145.86499999999805 136.99999999996820 4.52942497472077
   vertex 145.86499999999836 120.49999999999635 4.52942497472077
  endloop
 endfacet
 facet normal 0.00000000000000 -0.00000000000000 1.00000000000000
  outer loop
   vertex 149.62887304996408 119.53544258153855 4.52942497472077
   vertex 149.94000525204200 119.68185028257132 4.52942497472077
   vertex 148.63999999999857 121.59067332602261 4.52942497472077
  endloop
 endfacet
 facet normal 0.00000000000000 0.00000000000000 1.00000000000000
  outer loop
   vertex 149.16269021616873 142.07246163734536 4.52942497472077
   vertex 150.21816954888342 142.42705098309301 4.52942497472077
   vertex 149.79205098312281 143.26335575684558 4.52942497472077
  endloop
 endfacet
 facet normal 0.00000000000000 -0.00000000000000 1.00000000000000
  outer loop
   vertex 145.66592923516370 142.68903494338514 4.52942497472077
   vertex 146.21132034355759 143.14667242128587 4.52942497472077
   vertex 123.74167725182437 142.60912115046131 4.52942497472077
  endloop
 endfacet
 facet normal 0.00000000000000 0.00000000000000 1.00000000000000
  outer loop
   vertex 120.75499999999921 144.49999999997041 4.52942497472077
   vertex 122.57266941344886 143.28404814063217 4.52942497472077
   vertex 122.93733058654944 143.28404814063217 4.52942497472077
  endloop
 endfacet
 facet normal 0.00000000000000 0.00000000000000 1.00000000000000
  outer loop
   vertex 120.49112695003382 144.46455741842826 4.52942497472077
   vertex 120.17999474795589 144.31814971739550 4.52942497472077
   vertex 121.95065333472421 142.92492699014022 4.52942497472077
  endloop
 endfacet
 facet normal -0.00000000000000 0.00000000000000 1.00000000000000
  outer loop
   vertex 119.93685028257411 140.42499474792487 4.52942497472077
   vertex 120.17999474795586 140.18185028254317 4.52942497472077
   vertex 121.95065333472421 141.57507300979847 4.52942497472077
  endloop
 endfacet
 facet normal 0.00000000000000 0.00000000000000 1.00000000000000
  outer loop
   vertex 122.93733058654944 141.21595185930653 4.52942497472077
   vertex 120.75499999999914 139.99999999996820 4.52942497472077
   vertex 142.86499999999808 139.99999999996814 4.52942497472077
  endloop
 endfacet
 facet normal 0.00000000000000 0.00000000000000 1.00000000000000
  outer loop
   vertex 147.31065333472361 121.82507300982539 4.52942497472077
   vertex 147.12832274817333 122.14087884950430 4.52942497472077
   vertex 145.86499999999836 120.49999999999635 4.52942497472077
  endloop
 endfacet
 facet normal -0.00000000000000 0.00000000000000 1.00000000000000
  outer loop
   vertex 147.59229910777481 143.39017623720278 4.52942497472077
   vertex 148.26132034355760 143.14667242128587 4.52942497472077
   vertex 148.29205098312283 144.35316954885363 4.52942497472077
  endloop
 endfacet
 facet normal 0.00000000000000 -0.00000000000000 1.00000000000000
  outer loop
   vertex 122.22999999999914 143.15932667394301 4.52942497472077
   vertex 122.57266941344886 143.28404814063217 4.52942497472077
   vertex 120.75499999999921 144.49999999997041 4.52942497472077
  endloop
 endfacet
 facet normal 0.00000000000000 0.00000000000000 1.00000000000000
  outer loop
   vertex 120.75499999999914 139.99999999996820 4.52942497472077
   vertex 122.22999999999914 141.34067332599568 4.52942497472077
   vertex 121.95065333472421 141.57507300979847 4.52942497472077
  endloop
 endfacet
 facet normal 0.00000000000000 0.00000000000000 1.00000000000000
  outer loop
   vertex 150.36499999999873 120.49999999999635 4.52942497472077
   vertex 149.16499999999854 122.49999999999625 4.52942497472077
   vertex 149.10167725182373 122.14087884950430 4.52942497472077
  endloop
 endfacet
 facet normal -0.00000000000000 0.00000000000000 1.00000000000000
  outer loop
   vertex 123.27999999999916 143.15932667394301 4.52942497472077
   vertex 123.55934666527409 142.92492699014022 4.52942497472077
   vertex 147.36499999999830 144.49999999996834 4.52942497472077
  endloop
 endfacet
 facet normal 0.00000000000000 0.00000000000000 1.00000000000000
  outer loop
   vertex 149.10167725182373 122.85912115048819 4.52942497472077
   vertex 149.16499999999854 122.49999999999625 4.52942497472077
   vertex 150.36499999999873 120.49999999999635 4.52942497472077
  endloop
 endfacet
 facet normal 0.00000000000000 0.00000000000000 1.00000000000000
  outer loop
   vertex 119.75499999999914 143.49999999997044 4.52942497472077
   vertex 121.76832274817393 142.60912115046131 4.52942497472077
   vertex 121.95065333472421 142.92492699014022 4.52942497472077
  endloop
 endfacet
 facet normal 0.00000000000000 0.00000000000000 1.00000000000000
  outer loop
   vertex 149.16269021616873 142.07246163734536 4.52942497472077
   vertex 149.28632034355761 141.37132034352774 4.52942497472077
   vertex 150.36499999999813 141.49999999996840 4.52942497472077
  endloop
 endfacet
 facet normal -0.98480775301220 -0.17364817766698 0.00000000000000
  outer loop
   vertex 149.10167725182373 122.85912115048819 1.52942497472077
   vertex 149.16499999999854 122.49999999999625 1.52942497472077
   vertex 149.16499999999854 122.49999999999625 4.52942497472077
  endloop
 endfacet
 facet normal -0.86602540378445 -0.49999999999999 0.00000000000000
  outer loop
   vertex 148.91934666527345 123.17492699016712 1.52942497472077
   vertex 149.10167725182373 122.85912115048819 1.52942497472077
   vertex 149.10167725182373 122.85912115048819 4.52942497472077
  endloop
 endfacet
 facet normal -0.64278760968659 -0.76604444311894 -0.00000000000000
  outer loop
   vertex 148.63999999999857 123.40932667396991 1.52942497472077
   vertex 148.91934666527345 123.17492699016712 1.52942497472077
   vertex 148.91934666527345 123.17492699016712 4.52942497472077
  endloop
 endfacet
 facet normal -0.34202014332569 -0.93969262078590 -0.00000000000000
  outer loop
   vertex 148.29733058654884 123.53404814065908 1.52942497472077
   vertex 148.63999999999857 123.40932667396991 1.52942497472077
   vertex 148.63999999999857 123.40932667396991 4.52942497472077
  endloop
 endfacet
 facet normal 0.00000000000000 -1.00000000000000 0.00000000000000
  outer loop
   vertex 147.93266941344825 123.53404814065908 1.52942497472077
   vertex 148.29733058654884 123.53404814065908 1.52942497472077
   vertex 148.29733058654884 123.53404814065908 4.52942497472077
  endloop
 endfacet
 facet normal 0.34202014332571 -0.93969262078589 -0.00000000000000
  outer loop
   vertex 147.58999999999855 123.40932667396991 1.52942497472077
   vertex 147.93266941344825 123.53404814065908 1.52942497472077
   vertex 147.93266941344825 123.53404814065908 4.52942497472077
  endloop
 endfacet
 facet normal 0.64278760968651 -0.76604444311900 -0.00000000000000
  outer loop
   vertex 147.31065333472361 123.17492699016712 1.52942497472077
   vertex 147.58999999999855 123.40932667396991 1.52942497472077
   vertex 147.58999999999855 123.40932667396991 4.52942497472077
  endloop
 endfacet
 facet normal 0.86602540378445 -0.49999999999999 -0.00000000000000
  outer loop
   vertex 147.12832274817333 122.85912115048819 1.52942497472077
   vertex 147.31065333472361 123.17492699016712 1.52942497472077
   vertex 147.31065333472361 123.17492699016712 4.52942497472077
  endloop
 endfacet
 facet normal 0.98480775301221 -0.17364817766690 -0.00000000000000
  outer loop
   vertex 147.06499999999855 122.49999999999625 1.52942497472077
   vertex 147.12832274817333 122.85912115048819 1.52942497472077
   vertex 147.12832274817333 122.85912115048819 4.52942497472077
  endloop
 endfacet
 facet normal 0.98480775301221 0.17364817766690 0.00000000000000
  outer loop
   vertex 147.12832274817333 122.14087884950430 1.52942497472077
   vertex 147.06499999999855 122.49999999999625 1.52942497472077
   vertex 147.06499999999855 122.49999999999625 4.52942497472077
  endloop
 endfacet
 facet normal 0.86602540378444 0.50000000000000 0.00000000000000
  outer loop
   vertex 147.31065333472361 121.82507300982539 1.52942497472077
   vertex 147.12832274817333 122.14087884950430 1.52942497472077
   vertex 147.12832274817333 122.14087884950430 4.52942497472077
  endloop
 endfacet
 facet normal 0.64278760968649 0.76604444311902 -0.00000000000000
  outer loop
   vertex 147.58999999999855 121.59067332602261 1.52942497472077
   vertex 147.31065333472361 121.82507300982539 1.52942497472077
   vertex 147.31065333472361 121.82507300982539 4.52942497472077
  endloop
 endfacet
 facet normal 0.34202014332571 0.93969262078589 0.00000000000000
  outer loop
   vertex 147.93266941344825 121.46595185933344 1.52942497472077
   vertex 147.58999999999855 121.59067332602261 1.52942497472077
   vertex 147.58999999999855 121.59067332602261 4.52942497472077
  endloop
 endfacet
 facet normal 0.00000000000000 1.00000000000000 0.00000000000000
  outer loop
   vertex 148.29733058654884 121.46595185933344 1.52942497472077
   vertex 147.93266941344825 121.46595185933344 1.52942497472077
   vertex 147.93266941344825 121.46595185933344 4.52942497472077
  endloop
 endfacet
 facet normal -0.34202014332569 0.93969262078590 0.00000000000000
  outer loop
   vertex 148.63999999999857 121.59067332602261 1.52942497472077
   vertex 148.29733058654884 121.46595185933344 1.52942497472077
   vertex 148.29733058654884 121.46595185933344 4.52942497472077
  endloop
 endfacet
 facet normal -0.64278760968657 0.76604444311895 0.00000000000000
  outer loop
   vertex 148.91934666527345 121.82507300982539 1.52942497472077
   vertex 148.63999999999857 121.59067332602261 1.52942497472077
   vertex 148.63999999999857 121.59067332602261 4.52942497472077
  endloop
 endfacet
 facet normal -0.86602540378444 0.50000000000000 -0.00000000000000
  outer loop
   vertex 149.10167725182373 122.14087884950430 1.52942497472077
   vertex 148.91934666527345 121.82507300982539 1.52942497472077
   vertex 148.91934666527345 121.82507300982539 4.52942497472077
  endloop
 endfacet
 facet normal -0.98480775301220 0.17364817766698 -0.00000000000000
  outer loop
   vertex 149.16499999999854 122.49999999999625 1.52942497472077
   vertex 149.10167725182373 122.14087884950430 1.52942497472077
   vertex 149.10167725182373 122.14087884950430 4.52942497472077
  endloop
 endfacet
 facet normal -0.98480775301220 0.17364817766698 -0.00000000000000
  outer loop
   vertex 149.10167725182373 122.14087884950430 4.52942497472077
   vertex 149.16499999999854 122.49999999999625 4.52942497472077
   vertex 149.16499999999854 122.49999999999625 1.52942497472077
  endloop
 endfacet
 facet normal -0.86602540378444 0.50000000000000 -0.00000000000000
  outer loop
   vertex 148.91934666527345 121.82507300982539 4.52942497472077
   vertex 149.10167725182373 122.14087884950430 4.52942497472077
   vertex 149.10167725182373 122.14087884950430 1.52942497472077
  endloop
 endfacet
 facet normal -0.64278760968657 0.76604444311895 0.00000000000000
  outer loop
   vertex 148.63999999999857 121.59067332602261 4.52942497472077
   vertex 148.91934666527345 121.82507300982539 4.52942497472077
   vertex 148.91934666527345 121.82507300982539 1.52942497472077
  endloop
 endfacet
 facet normal -0.34202014332569 0.93969262078590 0.00000000000000
  outer loop
   vertex 148.29733058654884 121.46595185933344 4.52942497472077
   vertex 148.63999999999857 121.59067332602261 4.52942497472077
   vertex 148.63999999999857 121.59067332602261 1.52942497472077
  endloop
 endfacet
 facet normal -0.00000000000000 1.00000000000000 0.00000000000000
  outer loop
   vertex 147.93266941344825 121.46595185933344 4.52942497472077
   vertex 148.29733058654884 121.46595185933344 4.52942497472077
   vertex 148.29733058654884 121.46595185933344 1.52942497472077
  endloop
 endfacet
 facet normal 0.34202014332571 0.93969262078589 0.00000000000000
  outer loop
   vertex 147.58999999999855 121.59067332602261 4.52942497472077
   vertex 147.93266941344825 121.46595185933344 4.52942497472077
   vertex 147.93266941344825 121.46595185933344 1.52942497472077
  endloop
 endfacet
 facet normal 0.64278760968649 0.76604444311902 -0.00000000000000
  outer loop
   vertex 147.31065333472361 121.82507300982539 4.52942497472077
   vertex 147.58999999999855 121.59067332602261 4.52942497472077
   vertex 147.58999999999855 121.59067332602261 1.52942497472077
  endloop
 endfacet
 facet normal 0.86602540378444 0.50000000000000 0.00000000000000
  outer loop
   vertex 147.12832274817333 122.14087884950430 4.52942497472077
   vertex 147.31065333472361 121.82507300982539 4.52942497472077
   vertex 147.31065333472361 121.82507300982539 1.52942497472077
  endloop
 endfacet
 facet normal 0.98480775301221 0.17364817766690 0.00000000000000
  outer loop
   vertex 147.06499999999855 122.49999999999625 4.52942497472077
   vertex 147.12832274817333 122.14087884950430 4.52942497472077
   vertex 147.12832274817333 122.14087884950430 1.52942497472077
  endloop
 endfacet
 facet normal 0.98480775301221 -0.17364817766690 -0.00000000000000
  outer loop
   vertex 147.12832274817333 122.85912115048819 4.52942497472077
   vertex 147.06499999999855 122.49999999999625 4.52942497472077
   vertex 147.06499999999855 122.49999999999625 1.52942497472077
  endloop
 endfacet
 facet normal 0.86602540378445 -0.49999999999999 -0.00000000000000
  outer loop
   vertex 147.31065333472361 123.17492699016712 4.52942497472077
   vertex 147.12832274817333 122.85912115048819 4.52942497472077
   vertex 147.12832274817333 122.85912115048819 1.52942497472077
  endloop
 endfacet
 facet normal 0.64278760968651 -0.76604444311900 -0.00000000000000
  outer loop
   vertex 147.58999999999855 123.40932667396991 4.52942497472077
   vertex 147.31065333472361 123.17492699016712 4.52942497472077
   vertex 147.31065333472361 123.17492699016712 1.52942497472077
  endloop
 endfacet
 facet normal 0.34202014332571 -0.93969262078589 -0.00000000000000
  outer loop
   vertex 147.93266941344825 123.53404814065908 4.52942497472077
   vertex 147.58999999999855 123.40932667396991 4.52942497472077
   vertex 147.58999999999855 123.40932667396991 1.52942497472077
  endloop
 endfacet
 facet normal -0.00000000000000 -1.00000000000000 0.00000000000000
  outer loop
   vertex 148.29733058654884 123.53404814065908 4.52942497472077
   vertex 147.93266941344825 123.53404814065908 4.52942497472077
   vertex 147.93266941344825 123.53404814065908 1.52942497472077
  endloop
 endfacet
 facet normal -0.34202014332569 -0.93969262078590 -0.00000000000000
  outer loop
   vertex 148.63999999999857 123.40932667396991 4.52942497472077
   vertex 148.29733058654884 123.53404814065908 4.52942497472077
   vertex 148.29733058654884 123.53404814065908 1.52942497472077
  endloop
 endfacet
 facet normal -0.64278760968659 -0.76604444311894 -0.00000000000000
  outer loop
   vertex 148.91934666527345 123.17492699016712 4.52942497472077
   vertex 148.63999999999857 123.40932667396991 4.52942497472077
   vertex 148.63999999999857 123.40932667396991 1.52942497472077
  endloop
 endfacet
 facet normal -0.86602540378445 -0.49999999999999 0.00000000000000
  outer loop
   vertex 149.10167725182373 122.85912115048819 4.52942497472077
   vertex 148.91934666527345 123.17492699016712 4.52942497472077
   vertex 148.91934666527345 123.17492699016712 1.52942497472077
  endloop
 endfacet
 facet normal -0.98480775301220 -0.17364817766698 0.00000000000000
  outer loop
   vertex 149.16499999999854 122.49999999999625 4.52942497472077
   vertex 149.10167725182373 122.85912115048819 4.52942497472077
   vertex 149.10167725182373 122.85912115048819 1.52942497472077
  endloop
 endfacet
 facet normal 0.00000000000000 0.00000000000000 1.00000000000000
  outer loop
   vertex 148.11499999999856 122.49999999999625 1.52942497472077
   vertex 147.12832274817333 122.14087884950430 1.52942497472077
   vertex 147.31065333472361 121.82507300982539 1.52942497472077
  endloop
 endfacet
 facet normal -0.00000000000000 0.00000000000000 1.00000000000000
  outer loop
   vertex 147.31065333472361 121.82507300982539 1.52942497472077
   vertex 147.58999999999855 121.59067332602261 1.52942497472077
   vertex 148.11499999999856 122.49999999999625 1.52942497472077
  endloop
 endfacet
 facet normal -0.00000000000000 0.00000000000000 1.00000000000000
  outer loop
   vertex 147.58999999999855 121.59067332602261 1.52942497472077
   vertex 147.93266941344825 121.46595185933344 1.52942497472077
   vertex 148.11499999999856 122.49999999999625 1.52942497472077
  endloop
 endfacet
 facet normal 0.00000000000000 0.00000000000000 1.00000000000000
  outer loop
   vertex 147.93266941344825 121.46595185933344 1.52942497472077
   vertex 148.29733058654884 121.46595185933344 1.52942497472077
   vertex 148.11499999999856 122.49999999999625 1.52942497472077
  endloop
 endfacet
 facet normal 0.00000000000000 -0.00000000000000 1.00000000000000
  outer loop
   vertex 148.29733058654884 121.46595185933344 1.52942497472077
   vertex 148.63999999999857 121.59067332602261 1.52942497472077
   vertex 148.11499999999856 122.49999999999625 1.52942497472077
  endloop
 endfacet
 facet normal 0.00000000000000 -0.00000000000000 1.00000000000000
  outer loop
   vertex 148.63999999999857 121.59067332602261 1.52942497472077
   vertex 148.91934666527345 121.82507300982539 1.52942497472077
   vertex 148.11499999999856 122.49999999999625 1.52942497472077
  endloop
 endfacet
 facet normal 0.00000000000000 -0.00000000000000 1.00000000000000
  outer loop
   vertex 148.91934666527345 121.82507300982539 1.52942497472077
   vertex 149.10167725182373 122.14087884950430 1.52942497472077
   vertex 148.11499999999856 122.49999999999625 1.52942497472077
  endloop
 endfacet
 facet normal 0.00000000000000 -0.00000000000000 1.00000000000000
  outer loop
   vertex 149.10167725182373 122.14087884950430 1.52942497472077
   vertex 149.16499999999854 122.49999999999625 1.52942497472077
   vertex 148.11499999999856 122.49999999999625 1.52942497472077
  endloop
 endfacet
 facet normal 0.00000000000000 0.00000000000000 1.00000000000000
  outer loop
   vertex 149.16499999999854 122.49999999999625 1.52942497472077
   vertex 149.10167725182373 122.85912115048819 1.52942497472077
   vertex 148.11499999999856 122.49999999999625 1.52942497472077
  endloop
 endfacet
 facet normal 0.00000000000000 0.00000000000000 1.00000000000000
  outer loop
   vertex 149.10167725182373 122.85912115048819 1.52942497472077
   vertex 148.91934666527345 123.17492699016712 1.52942497472077
   vertex 148.11499999999856 122.49999999999625 1.52942497472077
  endloop
 endfacet
 facet normal 0.00000000000000 0.00000000000000 1.00000000000000
  outer loop
   vertex 148.91934666527345 123.17492699016712 1.52942497472077
   vertex 148.63999999999857 123.40932667396991 1.52942497472077
   vertex 148.11499999999856 122.49999999999625 1.52942497472077
  endloop
 endfacet
 facet normal 0.00000000000000 0.00000000000000 1.00000000000000
  outer loop
   vertex 148.63999999999857 123.40932667396991 1.52942497472077
   vertex 148.29733058654884 123.53404814065908 1.52942497472077
   vertex 148.11499999999856 122.49999999999625 1.52942497472077
  endloop
 endfacet
 facet normal 0.00000000000000 0.00000000000000 1.00000000000000
  outer loop
   vertex 148.29733058654884 123.53404814065908 1.52942497472077
   vertex 147.93266941344825 123.53404814065908 1.52942497472077
   vertex 148.11499999999856 122.49999999999625 1.52942497472077
  endloop
 endfacet
 facet normal 0.00000000000000 0.00000000000000 1.00000000000000
  outer loop
   vertex 147.93266941344825 123.53404814065908 1.52942497472077
   vertex 147.58999999999855 123.40932667396991 1.52942497472077
   vertex 148.11499999999856 122.49999999999625 1.52942497472077
  endloop
 endfacet
 facet normal 0.00000000000000 0.00000000000000 1.00000000000000
  outer loop
   vertex 147.58999999999855 123.40932667396991 1.52942497472077
   vertex 147.31065333472361 123.17492699016712 1.52942497472077
   vertex 148.11499999999856 122.49999999999625 1.52942497472077
  endloop
 endfacet
 facet normal 0.00000000000000 0.00000000000000 1.00000000000000
  outer loop
   vertex 147.31065333472361 123.17492699016712 1.52942497472077
   vertex 147.12832274817333 122.85912115048819 1.52942497472077
   vertex 148.11499999999856 122.49999999999625 1.52942497472077
  endloop
 endfacet
 facet normal -0.00000000000000 -0.00000000000000 1.00000000000000
  outer loop
   vertex 147.12832274817333 122.85912115048819 1.52942497472077
   vertex 147.06499999999855 122.49999999999625 1.52942497472077
   vertex 148.11499999999856 122.49999999999625 1.52942497472077
  endloop
 endfacet
 facet normal -0.00000000000000 0.00000000000000 1.00000000000000
  outer loop
   vertex 147.06499999999855 122.49999999999625 1.52942497472077
   vertex 147.12832274817333 122.14087884950430 1.52942497472077
   vertex 148.11499999999856 122.49999999999625 1.52942497472077
  endloop
 endfacet
 facet normal -0.98480775301221 -0.17364817766692 0.00000000000000
  outer loop
   vertex 149.16269021616873 142.07246163734536 1.52942497472077
   vertex 149.28632034355761 141.37132034352774 1.52942497472077
   vertex 149.28632034355761 141.37132034352774 4.52942497472077
  endloop
 endfacet
 facet normal -0.86602540378443 -0.50000000000001 -0.00000000000000
  outer loop
   vertex 148.80671145195151 142.68903494338514 1.52942497472077
   vertex 149.16269021616873 142.07246163734536 1.52942497472077
   vertex 149.16269021616873 142.07246163734536 4.52942497472077
  endloop
 endfacet
 facet normal -0.64278760968656 -0.76604444311896 0.00000000000000
  outer loop
   vertex 148.26132034355760 143.14667242128587 1.52942497472077
   vertex 148.80671145195151 142.68903494338514 1.52942497472077
   vertex 148.80671145195151 142.68903494338514 4.52942497472077
  endloop
 endfacet
 facet normal -0.34202014332565 -0.93969262078592 -0.00000000000000
  outer loop
   vertex 147.59229910777481 143.39017623720278 1.52942497472077
   vertex 148.26132034355760 143.14667242128587 1.52942497472077
   vertex 148.26132034355760 143.14667242128587 4.52942497472077
  endloop
 endfacet
 facet normal 0.00000000000000 -1.00000000000000 0.00000000000000
  outer loop
   vertex 146.88034157934038 143.39017623720278 1.52942497472077
   vertex 147.59229910777481 143.39017623720278 1.52942497472077
   vertex 147.59229910777481 143.39017623720278 4.52942497472077
  endloop
 endfacet
 facet normal 0.34202014332565 -0.93969262078592 0.00000000000000
  outer loop
   vertex 146.21132034355759 143.14667242128587 1.52942497472077
   vertex 146.88034157934038 143.39017623720278 1.52942497472077
   vertex 146.88034157934038 143.39017623720278 4.52942497472077
  endloop
 endfacet
 facet normal 0.64278760968658 -0.76604444311894 0.00000000000000
  outer loop
   vertex 145.66592923516370 142.68903494338514 1.52942497472077
   vertex 146.21132034355759 143.14667242128587 1.52942497472077
   vertex 146.21132034355759 143.14667242128587 4.52942497472077
  endloop
 endfacet
 facet normal 0.86602540378442 -0.50000000000004 0.00000000000000
  outer loop
   vertex 145.30995047094646 142.07246163734536 1.52942497472077
   vertex 145.66592923516370 142.68903494338514 1.52942497472077
   vertex 145.66592923516370 142.68903494338514 4.52942497472077
  endloop
 endfacet
 facet normal 0.98480775301221 -0.17364817766692 -0.00000000000000
  outer loop
   vertex 145.18632034355758 141.37132034352774 1.52942497472077
   vertex 145.30995047094646 142.07246163734536 1.52942497472077
   vertex 145.30995047094646 142.07246163734536 4.52942497472077
  endloop
 endfacet
 facet normal 0.98480775301221 0.17364817766692 0.00000000000000
  outer loop
   vertex 145.30995047094646 140.67017904971013 1.52942497472077
   vertex 145.18632034355758 141.37132034352774 1.52942497472077
   vertex 145.18632034355758 141.37132034352774 4.52942497472077
  endloop
 endfacet
 facet normal 0.86602540378442 0.50000000000004 -0.00000000000000
  outer loop
   vertex 145.66592923516370 140.05360574367035 1.52942497472077
   vertex 145.30995047094646 140.67017904971013 1.52942497472077
   vertex 145.30995047094646 140.67017904971013 4.52942497472077
  endloop
 endfacet
 facet normal 0.64278760968658 0.76604444311894 -0.00000000000000
  outer loop
   vertex 146.21132034355759 139.59596826576961 1.52942497472077
   vertex 145.66592923516370 140.05360574367035 1.52942497472077
   vertex 145.66592923516370 140.05360574367035 4.52942497472077
  endloop
 endfacet
 facet normal 0.34202014332565 0.93969262078592 -0.00000000000000
  outer loop
   vertex 146.88034157934038 139.35246444985270 1.52942497472077
   vertex 146.21132034355759 139.59596826576961 1.52942497472077
   vertex 146.21132034355759 139.59596826576961 4.52942497472077
  endloop
 endfacet
 facet normal 0.00000000000000 1.00000000000000 0.00000000000000
  outer loop
   vertex 147.59229910777481 139.35246444985270 1.52942497472077
   vertex 146.88034157934038 139.35246444985270 1.52942497472077
   vertex 146.88034157934038 139.35246444985270 4.52942497472077
  endloop
 endfacet
 facet normal -0.34202014332565 0.93969262078592 0.00000000000000
  outer loop
   vertex 148.26132034355760 139.59596826576961 1.52942497472077
   vertex 147.59229910777481 139.35246444985270 1.52942497472077
   vertex 147.59229910777481 139.35246444985270 4.52942497472077
  endloop
 endfacet
 facet normal -0.64278760968656 0.76604444311896 -0.00000000000000
  outer loop
   vertex 148.80671145195151 140.05360574367035 1.52942497472077
   vertex 148.26132034355760 139.59596826576961 1.52942497472077
   vertex 148.26132034355760 139.59596826576961 4.52942497472077
  endloop
 endfacet
 facet normal -0.86602540378443 0.50000000000001 0.00000000000000
  outer loop
   vertex 149.16269021616873 140.67017904971013 1.52942497472077
   vertex 148.80671145195151 140.05360574367035 1.52942497472077
   vertex 148.80671145195151 140.05360574367035 4.52942497472077
  endloop
 endfacet
 facet normal -0.98480775301221 0.17364817766692 -0.00000000000000
  outer loop
   vertex 149.28632034355761 141.37132034352774 1.52942497472077
   vertex 149.16269021616873 140.67017904971013 1.52942497472077
   vertex 149.16269021616873 140.67017904971013 4.52942497472077
  endloop
 endfacet
 facet normal -0.98480775301221 0.17364817766692 -0.00000000000000
  outer loop
   vertex 149.16269021616873 140.67017904971013 4.52942497472077
   vertex 149.28632034355761 141.37132034352774 4.52942497472077
   vertex 149.28632034355761 141.37132034352774 1.52942497472077
  endloop
 endfacet
 facet normal -0.86602540378443 0.50000000000001 0.00000000000000
  outer loop
   vertex 148.80671145195151 140.05360574367035 4.52942497472077
   vertex 149.16269021616873 140.67017904971013 4.52942497472077
   vertex 149.16269021616873 140.67017904971013 1.52942497472077
  endloop
 endfacet
 facet normal -0.64278760968656 0.76604444311896 -0.00000000000000
  outer loop
   vertex 148.26132034355760 139.59596826576961 4.52942497472077
   vertex 148.80671145195151 140.05360574367035 4.52942497472077
   vertex 148.80671145195151 140.05360574367035 1.52942497472077
  endloop
 endfacet
 facet normal -0.34202014332565 0.93969262078592 0.00000000000000
  outer loop
   vertex 147.59229910777481 139.35246444985270 4.52942497472077
   vertex 148.26132034355760 139.59596826576961 4.52942497472077
   vertex 148.26132034355760 139.59596826576961 1.52942497472077
  endloop
 endfacet
 facet normal -0.00000000000000 1.00000000000000 0.00000000000000
  outer loop
   vertex 146.88034157934038 139.35246444985270 4.52942497472077
   vertex 147.59229910777481 139.35246444985270 4.52942497472077
   vertex 147.59229910777481 139.35246444985270 1.52942497472077
  endloop
 endfacet
 facet normal 0.34202014332565 0.93969262078592 -0.00000000000000
  outer loop
   vertex 146.21132034355759 139.59596826576961 4.52942497472077
   vertex 146.88034157934038 139.35246444985270 4.52942497472077
   vertex 146.88034157934038 139.35246444985270 1.52942497472077
  endloop
 endfacet
 facet normal 0.64278760968658 0.76604444311894 -0.00000000000000
  outer loop
   vertex 145.66592923516370 140.05360574367035 4.52942497472077
   vertex 146.21132034355759 139.59596826576961 4.52942497472077
   vertex 146.21132034355759 139.59596826576961 1.52942497472077
  endloop
 endfacet
 facet normal 0.86602540378442 0.50000000000004 -0.00000000000000
  outer loop
   vertex 145.30995047094646 140.67017904971013 4.52942497472077
   vertex 145.66592923516370 140.05360574367035 4.52942497472077
   vertex 145.66592923516370 140.05360574367035 1.52942497472077
  endloop
 endfacet
 facet normal 0.98480775301221 0.17364817766692 0.00000000000000
  outer loop
   vertex 145.18632034355758 141.37132034352774 4.52942497472077
   vertex 145.30995047094646 140.67017904971013 4.52942497472077
   vertex 145.30995047094646 140.67017904971013 1.52942497472077
  endloop
 endfacet
 facet normal 0.98480775301221 -0.17364817766692 -0.00000000000000
  outer loop
   vertex 145.30995047094646 142.07246163734536 4.52942497472077
   vertex 145.18632034355758 141.37132034352774 4.52942497472077
   vertex 145.18632034355758 141.37132034352774 1.52942497472077
  endloop
 endfacet
 facet normal 0.86602540378442 -0.50000000000004 0.00000000000000
  outer loop
   vertex 145.66592923516370 142.68903494338514 4.52942497472077
   vertex 145.30995047094646 142.07246163734536 4.52942497472077
   vertex 145.30995047094646 142.07246163734536 1.52942497472077
  endloop
 endfacet
 facet normal 0.64278760968658 -0.76604444311894 0.00000000000000
  outer loop
   vertex 146.21132034355759 143.14667242128587 4.52942497472077
   vertex 145.66592923516370 142.68903494338514 4.52942497472077
   vertex 145.66592923516370 142.68903494338514 1.52942497472077
  endloop
 endfacet
 facet normal 0.34202014332565 -0.93969262078592 0.00000000000000
  outer loop
   vertex 146.88034157934038 143.39017623720278 4.52942497472077
   vertex 146.21132034355759 143.14667242128587 4.52942497472077
   vertex 146.21132034355759 143.14667242128587 1.52942497472077
  endloop
 endfacet
 facet normal -0.00000000000000 -1.00000000000000 0.00000000000000
  outer loop
   vertex 147.59229910777481 143.39017623720278 4.52942497472077
   vertex 146.88034157934038 143.39017623720278 4.52942497472077
   vertex 146.88034157934038 143.39017623720278 1.52942497472077
  endloop
 endfacet
 facet normal -0.34202014332565 -0.93969262078592 -0.00000000000000
  outer loop
   vertex 148.26132034355760 143.14667242128587 4.52942497472077
   vertex 147.59229910777481 143.39017623720278 4.52942497472077
   vertex 147.59229910777481 143.39017623720278 1.52942497472077
  endloop
 endfacet
 facet normal -0.64278760968656 -0.76604444311896 0.00000000000000
  outer loop
   vertex 148.80671145195151 142.68903494338514 4.52942497472077
   vertex 148.26132034355760 143.14667242128587 4.52942497472077
   vertex 148.26132034355760 143.14667242128587 1.52942497472077
  endloop
 endfacet
 facet normal -0.86602540378443 -0.50000000000001 -0.00000000000000
  outer loop
   vertex 149.16269021616873 142.07246163734536 4.52942497472077
   vertex 148.80671145195151 142.68903494338514 4.52942497472077
   vertex 148.80671145195151 142.68903494338514 1.52942497472077
  endloop
 endfacet
 facet normal -0.98480775301221 -0.17364817766692 0.00000000000000
  outer loop
   vertex 149.28632034355761 141.37132034352774 4.52942497472077
   vertex 149.16269021616873 142.07246163734536 4.52942497472077
   vertex 149.16269021616873 142.07246163734536 1.52942497472077
  endloop
 endfacet
 facet normal 0.00000000000000 0.00000000000000 1.00000000000000
  outer loop
   vertex 147.23632034355759 141.37132034352774 1.52942497472077
   vertex 145.30995047094646 140.67017904971013 1.52942497472077
   vertex 145.66592923516370 140.05360574367035 1.52942497472077
  endloop
 endfacet
 facet normal -0.00000000000000 0.00000000000000 1.00000000000000
  outer loop
   vertex 145.66592923516370 140.05360574367035 1.52942497472077
   vertex 146.21132034355759 139.59596826576961 1.52942497472077
   vertex 147.23632034355759 141.37132034352774 1.52942497472077
  endloop
 endfacet
 facet normal -0.00000000000000 0.00000000000000 1.00000000000000
  outer loop
   vertex 146.21132034355759 139.59596826576961 1.52942497472077
   vertex 146.88034157934038 139.35246444985270 1.52942497472077
   vertex 147.23632034355759 141.37132034352774 1.52942497472077
  endloop
 endfacet
 facet normal 0.00000000000000 0.00000000000000 1.00000000000000
  outer loop
   vertex 146.88034157934038 139.35246444985270 1.52942497472077
   vertex 147.59229910777481 139.35246444985270 1.52942497472077
   vertex 147.23632034355759 141.37132034352774 1.52942497472077
  endloop
 endfacet
 facet normal 0.00000000000000 -0.00000000000000 1.00000000000000
  outer loop
   vertex 147.59229910777481 139.35246444985270 1.52942497472077
   vertex 148.26132034355760 139.59596826576961 1.52942497472077
   vertex 147.23632034355759 141.37132034352774 1.52942497472077
  endloop
 endfacet
 facet normal 0.00000000000000 -0.00000000000000 1.00000000000000
  outer loop
   vertex 148.26132034355760 139.59596826576961 1.52942497472077
   vertex 148.80671145195151 140.05360574367035 1.52942497472077
   vertex 147.23632034355759 141.37132034352774 1.52942497472077
  endloop
 endfacet
 facet normal 0.00000000000000 -0.00000000000000 1.00000000000000
  outer loop
   vertex 148.80671145195151 140.05360574367035 1.52942497472077
   vertex 149.16269021616873 140.67017904971013 1.52942497472077
   vertex 147.23632034355759 141.37132034352774 1.52942497472077
  endloop
 endfacet
 facet normal 0.00000000000000 -0.00000000000000 1.00000000000000
  outer loop
   vertex 149.16269021616873 140.67017904971013 1.52942497472077
   vertex 149.28632034355761 141.37132034352774 1.52942497472077
   vertex 147.23632034355759 141.37132034352774 1.52942497472077
  endloop
 endfacet
 facet normal 0.00000000000000 0.00000000000000 1.00000000000000
  outer loop
   vertex 149.28632034355761 141.37132034352774 1.52942497472077
   vertex 149.16269021616873 142.07246163734536 1.52942497472077
   vertex 147.23632034355759 141.37132034352774 1.52942497472077
  endloop
 endfacet
 facet normal 0.00000000000000 0.00000000000000 1.00000000000000
  outer loop
   vertex 149.16269021616873 142.07246163734536 1.52942497472077
   vertex 148.80671145195151 142.68903494338514 1.52942497472077
   vertex 147.23632034355759 141.37132034352774 1.52942497472077
  endloop
 endfacet
 facet normal 0.00000000000000 0.00000000000000 1.00000000000000
  outer loop
   vertex 148.80671145195151 142.68903494338514 1.52942497472077
   vertex 148.26132034355760 143.14667242128587 1.52942497472077
   vertex 147.23632034355759 141.37132034352774 1.52942497472077
  endloop
 endfacet
 facet normal 0.00000000000000 0.00000000000000 1.00000000000000
  outer loop
   vertex 148.26132034355760 143.14667242128587 1.52942497472077
   vertex 147.59229910777481 143.39017623720278 1.52942497472077
   vertex 147.23632034355759 141.37132034352774 1.52942497472077
  endloop
 endfacet
 facet normal 0.00000000000000 0.00000000000000 1.00000000000000
  outer loop
   vertex 147.59229910777481 143.39017623720278 1.52942497472077
   vertex 146.88034157934038 143.39017623720278 1.52942497472077
   vertex 147.23632034355759 141.37132034352774 1.52942497472077
  endloop
 endfacet
 facet normal 0.00000000000000 0.00000000000000 1.00000000000000
  outer loop
   vertex 146.88034157934038 143.39017623720278 1.52942497472077
   vertex 146.21132034355759 143.14667242128587 1.52942497472077
   vertex 147.23632034355759 141.37132034352774 1.52942497472077
  endloop
 endfacet
 facet normal 0.00000000000000 0.00000000000000 1.00000000000000
  outer loop
   vertex 146.21132034355759 143.14667242128587 1.52942497472077
   vertex 145.66592923516370 142.68903494338514 1.52942497472077
   vertex 147.23632034355759 141.37132034352774 1.52942497472077
  endloop
 endfacet
 facet normal 0.00000000000000 0.00000000000000 1.00000000000000
  outer loop
   vertex 145.66592923516370 142.68903494338514 1.52942497472077
   vertex 145.30995047094646 142.07246163734536 1.52942497472077
   vertex 147.23632034355759 141.37132034352774 1.52942497472077
  endloop
 endfacet
 facet normal -0.00000000000000 -0.00000000000000 1.00000000000000
  outer loop
   vertex 145.30995047094646 142.07246163734536 1.52942497472077
   vertex 145.18632034355758 141.37132034352774 1.52942497472077
   vertex 147.23632034355759 141.37132034352774 1.52942497472077
  endloop
 endfacet
 facet normal -0.00000000000000 0.00000000000000 1.00000000000000
  outer loop
   vertex 145.18632034355758 141.37132034352774 1.52942497472077
   vertex 145.30995047094646 140.67017904971013 1.52942497472077
   vertex 147.23632034355759 141.37132034352774 1.52942497472077
  endloop
 endfacet
 facet normal -0.98480775301221 -0.17364817766690 0.00000000000000
  outer loop
   vertex 123.74167725182437 142.60912115046131 1.52942497472077
   vertex 123.80499999999915 142.24999999996936 1.52942497472077
   vertex 123.80499999999915 142.24999999996936 4.52942497472077
  endloop
 endfacet
 facet normal -0.86602540378444 -0.50000000000000 0.00000000000000
  outer loop
   vertex 123.55934666527409 142.92492699014022 1.52942497472077
   vertex 123.74167725182437 142.60912115046131 1.52942497472077
   vertex 123.74167725182437 142.60912115046131 4.52942497472077
  endloop
 endfacet
 facet normal -0.64278760968653 -0.76604444311898 -0.00000000000000
  outer loop
   vertex 123.27999999999916 143.15932667394301 1.52942497472077
   vertex 123.55934666527409 142.92492699014022 1.52942497472077
   vertex 123.55934666527409 142.92492699014022 4.52942497472077
  endloop
 endfacet
 facet normal -0.34202014332565 -0.93969262078591 0.00000000000000
  outer loop
   vertex 122.93733058654944 143.28404814063217 1.52942497472077
   vertex 123.27999999999916 143.15932667394301 1.52942497472077
   vertex 123.27999999999916 143.15932667394301 4.52942497472077
  endloop
 endfacet
 facet normal 0.00000000000000 -1.00000000000000 0.00000000000000
  outer loop
   vertex 122.57266941344886 143.28404814063217 1.52942497472077
   vertex 122.93733058654944 143.28404814063217 1.52942497472077
   vertex 122.93733058654944 143.28404814063217 4.52942497472077
  endloop
 endfacet
 facet normal 0.34202014332565 -0.93969262078591 -0.00000000000000
  outer loop
   vertex 122.22999999999914 143.15932667394301 1.52942497472077
   vertex 122.57266941344886 143.28404814063217 1.52942497472077
   vertex 122.57266941344886 143.28404814063217 4.52942497472077
  endloop
 endfacet
 facet normal 0.64278760968653 -0.76604444311898 0.00000000000000
  outer loop
   vertex 121.95065333472421 142.92492699014022 1.52942497472077
   vertex 122.22999999999914 143.15932667394301 1.52942497472077
   vertex 122.22999999999914 143.15932667394301 4.52942497472077
  endloop
 endfacet
 facet normal 0.86602540378444 -0.50000000000000 -0.00000000000000
  outer loop
   vertex 121.76832274817393 142.60912115046131 1.52942497472077
   vertex 121.95065333472421 142.92492699014022 1.52942497472077
   vertex 121.95065333472421 142.92492699014022 4.52942497472077
  endloop
 endfacet
 facet normal 0.98480775301221 -0.17364817766694 0.00000000000000
  outer loop
   vertex 121.70499999999913 142.24999999996936 1.52942497472077
   vertex 121.76832274817393 142.60912115046131 1.52942497472077
   vertex 121.76832274817393 142.60912115046131 4.52942497472077
  endloop
 endfacet
 facet normal 0.98480775301221 0.17364817766693 -0.00000000000000
  outer loop
   vertex 121.76832274817393 141.89087884947739 1.52942497472077
   vertex 121.70499999999913 142.24999999996936 1.52942497472077
   vertex 121.70499999999913 142.24999999996936 4.52942497472077
  endloop
 endfacet
 facet normal 0.86602540378444 0.50000000000000 0.00000000000000
  outer loop
   vertex 121.95065333472421 141.57507300979847 1.52942497472077
   vertex 121.76832274817393 141.89087884947739 1.52942497472077
   vertex 121.76832274817393 141.89087884947739 4.52942497472077
  endloop
 endfacet
 facet normal 0.64278760968653 0.76604444311898 -0.00000000000000
  outer loop
   vertex 122.22999999999914 141.34067332599568 1.52942497472077
   vertex 121.95065333472421 141.57507300979847 1.52942497472077
   vertex 121.95065333472421 141.57507300979847 4.52942497472077
  endloop
 endfacet
 facet normal 0.34202014332565 0.93969262078591 0.00000000000000
  outer loop
   vertex 122.57266941344886 141.21595185930653 1.52942497472077
   vertex 122.22999999999914 141.34067332599568 1.52942497472077
   vertex 122.22999999999914 141.34067332599568 4.52942497472077
  endloop
 endfacet
 facet normal 0.00000000000000 1.00000000000000 0.00000000000000
  outer loop
   vertex 122.93733058654944 141.21595185930653 1.52942497472077
   vertex 122.57266941344886 141.21595185930653 1.52942497472077
   vertex 122.57266941344886 141.21595185930653 4.52942497472077
  endloop
 endfacet
 facet normal -0.34202014332565 0.93969262078591 -0.00000000000000
  outer loop
   vertex 123.27999999999916 141.34067332599568 1.52942497472077
   vertex 122.93733058654944 141.21595185930653 1.52942497472077
   vertex 122.93733058654944 141.21595185930653 4.52942497472077
  endloop
 endfacet
 facet normal -0.64278760968653 0.76604444311898 0.00000000000000
  outer loop
   vertex 123.55934666527409 141.57507300979847 1.52942497472077
   vertex 123.27999999999916 141.34067332599568 1.52942497472077
   vertex 123.27999999999916 141.34067332599568 4.52942497472077
  endloop
 endfacet
 facet normal -0.86602540378444 0.50000000000000 -0.00000000000000
  outer loop
   vertex 123.74167725182437 141.89087884947739 1.52942497472077
   vertex 123.55934666527409 141.57507300979847 1.52942497472077
   vertex 123.55934666527409 141.57507300979847 4.52942497472077
  endloop
 endfacet
 facet normal -0.98480775301222 0.17364817766689 0.00000000000000
  outer loop
   vertex 123.80499999999915 142.24999999996936 1.52942497472077
   vertex 123.74167725182437 141.89087884947739 1.52942497472077
   vertex 123.74167725182437 141.89087884947739 4.52942497472077
  endloop
 endfacet
 facet normal -0.98480775301222 0.17364817766689 0.00000000000000
  outer loop
   vertex 123.74167725182437 141.89087884947739 4.52942497472077
   vertex 123.80499999999915 142.24999999996936 4.52942497472077
   vertex 123.80499999999915 142.24999999996936 1.52942497472077
  endloop
 endfacet
 facet normal -0.86602540378444 0.50000000000000 -0.00000000000000
  outer loop
   vertex 123.55934666527409 141.57507300979847 4.52942497472077
   vertex 123.74167725182437 141.89087884947739 4.52942497472077
   vertex 123.74167725182437 141.89087884947739 1.52942497472077
  endloop
 endfacet
 facet normal -0.64278760968653 0.76604444311898 0.00000000000000
  outer loop
   vertex 123.27999999999916 141.34067332599568 4.52942497472077
   vertex 123.55934666527409 141.57507300979847 4.52942497472077
   vertex 123.55934666527409 141.57507300979847 1.52942497472077
  endloop
 endfacet
 facet normal -0.34202014332565 0.93969262078591 -0.00000000000000
  outer loop
   vertex 122.93733058654944 141.21595185930653 4.52942497472077
   vertex 123.27999999999916 141.34067332599568 4.52942497472077
   vertex 123.27999999999916 141.34067332599568 1.52942497472077
  endloop
 endfacet
 facet normal -0.00000000000000 1.00000000000000 0.00000000000000
  outer loop
   vertex 122.57266941344886 141.21595185930653 4.52942497472077
   vertex 122.93733058654944 141.21595185930653 4.52942497472077
   vertex 122.93733058654944 141.21595185930653 1.52942497472077
  endloop
 endfacet
 facet normal 0.34202014332565 0.93969262078591 0.00000000000000
  outer loop
   vertex 122.22999999999914 141.34067332599568 4.52942497472077
   vertex 122.57266941344886 141.21595185930653 4.52942497472077
   vertex 122.57266941344886 141.21595185930653 1.52942497472077
  endloop
 endfacet
 facet normal 0.64278760968653 0.76604444311898 -0.00000000000000
  outer loop
   vertex 121.95065333472421 141.57507300979847 4.52942497472077
   vertex 122.22999999999914 141.34067332599568 4.52942497472077
   vertex 122.22999999999914 141.34067332599568 1.52942497472077
  endloop
 endfacet
 facet normal 0.86602540378444 0.50000000000000 0.00000000000000
  outer loop
   vertex 121.76832274817393 141.89087884947739 4.52942497472077
   vertex 121.95065333472421 141.57507300979847 4.52942497472077
   vertex 121.95065333472421 141.57507300979847 1.52942497472077
  endloop
 endfacet
 facet normal 0.98480775301221 0.17364817766693 -0.00000000000000
  outer loop
   vertex 121.70499999999913 142.24999999996936 4.52942497472077
   vertex 121.76832274817393 141.89087884947739 4.52942497472077
   vertex 121.76832274817393 141.89087884947739 1.52942497472077
  endloop
 endfacet
 facet normal 0.98480775301221 -0.17364817766694 0.00000000000000
  outer loop
   vertex 121.76832274817393 142.60912115046131 4.52942497472077
   vertex 121.70499999999913 142.24999999996936 4.52942497472077
   vertex 121.70499999999913 142.24999999996936 1.52942497472077
  endloop
 endfacet
 facet normal 0.86602540378444 -0.50000000000000 -0.00000000000000
  outer loop
   vertex 121.95065333472421 142.92492699014022 4.52942497472077
   vertex 121.76832274817393 142.60912115046131 4.52942497472077
   vertex 121.76832274817393 142.60912115046131 1.52942497472077
  endloop
 endfacet
 facet normal 0.64278760968653 -0.76604444311898 0.00000000000000
  outer loop
   vertex 122.22999999999914 143.15932667394301 4.52942497472077
   vertex 121.95065333472421 142.92492699014022 4.52942497472077
   vertex 121.95065333472421 142.92492699014022 1.52942497472077
  endloop
 endfacet
 facet normal 0.34202014332565 -0.93969262078591 -0.00000000000000
  outer loop
   vertex 122.57266941344886 143.28404814063217 4.52942497472077
   vertex 122.22999999999914 143.15932667394301 4.52942497472077
   vertex 122.22999999999914 143.15932667394301 1.52942497472077
  endloop
 endfacet
 facet normal -0.00000000000000 -1.00000000000000 0.00000000000000
  outer loop
   vertex 122.93733058654944 143.28404814063217 4.52942497472077
   vertex 122.57266941344886 143.28404814063217 4.52942497472077
   vertex 122.57266941344886 143.28404814063217 1.52942497472077
  endloop
 endfacet
 facet normal -0.34202014332565 -0.93969262078591 0.00000000000000
  outer loop
   vertex 123.27999999999916 143.15932667394301 4.52942497472077
   vertex 122.93733058654944 143.28404814063217 4.52942497472077
   vertex 122.93733058654944 143.28404814063217 1.52942497472077
  endloop
 endfacet
 facet normal -0.64278760968653 -0.76604444311898 -0.00000000000000
  outer loop
   vertex 123.55934666527409 142.92492699014022 4.52942497472077
   vertex 123.27999999999916 143.15932667394301 4.52942497472077
   vertex 123.27999999999916 143.15932667394301 1.52942497472077
  endloop
 endfacet
 facet normal -0.86602540378444 -0.50000000000000 0.00000000000000
  outer loop
   vertex 123.74167725182437 142.60912115046131 4.52942497472077
   vertex 123.55934666527409 142.92492699014022 4.52942497472077
   vertex 123.55934666527409 142.92492699014022 1.52942497472077
  endloop
 endfacet
 facet normal -0.98480775301221 -0.17364817766690 0.00000000000000
  outer loop
   vertex 123.80499999999915 142.24999999996936 4.52942497472077
   vertex 123.74167725182437 142.60912115046131 4.52942497472077
   vertex 123.74167725182437 142.60912115046131 1.52942497472077
  endloop
 endfacet
 facet normal 0.00000000000000 0.00000000000000 1.00000000000000
  outer loop
   vertex 122.75499999999916 142.24999999996936 1.52942497472077
   vertex 121.76832274817393 141.89087884947739 1.52942497472077
   vertex 121.95065333472421 141.57507300979847 1.52942497472077
  endloop
 endfacet
 facet normal -0.00000000000000 0.00000000000000 1.00000000000000
  outer loop
   vertex 121.95065333472421 141.57507300979847 1.52942497472077
   vertex 122.22999999999914 141.34067332599568 1.52942497472077
   vertex 122.75499999999916 142.24999999996936 1.52942497472077
  endloop
 endfacet
 facet normal -0.00000000000000 0.00000000000000 1.00000000000000
  outer loop
   vertex 122.22999999999914 141.34067332599568 1.52942497472077
   vertex 122.57266941344886 141.21595185930653 1.52942497472077
   vertex 122.75499999999916 142.24999999996936 1.52942497472077
  endloop
 endfacet
 facet normal 0.00000000000000 0.00000000000000 1.00000000000000
  outer loop
   vertex 122.57266941344886 141.21595185930653 1.52942497472077
   vertex 122.93733058654944 141.21595185930653 1.52942497472077
   vertex 122.75499999999916 142.24999999996936 1.52942497472077
  endloop
 endfacet
 facet normal 0.00000000000000 -0.00000000000000 1.00000000000000
  outer loop
   vertex 122.93733058654944 141.21595185930653 1.52942497472077
   vertex 123.27999999999916 141.34067332599568 1.52942497472077
   vertex 122.75499999999916 142.24999999996936 1.52942497472077
  endloop
 endfacet
 facet normal 0.00000000000000 -0.00000000000000 1.00000000000000
  outer loop
   vertex 123.27999999999916 141.34067332599568 1.52942497472077
   vertex 123.55934666527409 141.57507300979847 1.52942497472077
   vertex 122.75499999999916 142.24999999996936 1.52942497472077
  endloop
 endfacet
 facet normal 0.00000000000000 -0.00000000000000 1.00000000000000
  outer loop
   vertex 123.55934666527409 141.57507300979847 1.52942497472077
   vertex 123.74167725182437 141.89087884947739 1.52942497472077
   vertex 122.75499999999916 142.24999999996936 1.52942497472077
  endloop
 endfacet
 facet normal 0.00000000000000 -0.00000000000000 1.00000000000000
  outer loop
   vertex 123.74167725182437 141.89087884947739 1.52942497472077
   vertex 123.80499999999915 142.24999999996936 1.52942497472077
   vertex 122.75499999999916 142.24999999996936 1.52942497472077
  endloop
 endfacet
 facet normal 0.00000000000000 0.00000000000000 1.00000000000000
  outer loop
   vertex 123.80499999999915 142.24999999996936 1.52942497472077
   vertex 123.74167725182437 142.60912115046131 1.52942497472077
   vertex 122.75499999999916 142.24999999996936 1.52942497472077
  endloop
 endfacet
 facet normal 0.00000000000000 0.00000000000000 1.00000000000000
  outer loop
   vertex 123.74167725182437 142.60912115046131 1.52942497472077
   vertex 123.55934666527409 142.92492699014022 1.52942497472077
   vertex 122.75499999999916 142.24999999996936 1.52942497472077
  endloop
 endfacet
 facet normal 0.00000000000000 0.00000000000000 1.00000000000000
  outer loop
   vertex 123.55934666527409 142.92492699014022 1.52942497472077
   vertex 123.27999999999916 143.15932667394301 1.52942497472077
   vertex 122.75499999999916 142.24999999996936 1.52942497472077
  endloop
 endfacet
 facet normal 0.00000000000000 0.00000000000000 1.00000000000000
  outer loop
   vertex 123.27999999999916 143.15932667394301 1.52942497472077
   vertex 122.93733058654944 143.28404814063217 1.52942497472077
   vertex 122.75499999999916 142.24999999996936 1.52942497472077
  endloop
 endfacet
 facet normal 0.00000000000000 0.00000000000000 1.00000000000000
  outer loop
   vertex 122.93733058654944 143.28404814063217 1.52942497472077
   vertex 122.57266941344886 143.28404814063217 1.52942497472077
   vertex 122.75499999999916 142.24999999996936 1.52942497472077
  endloop
 endfacet
 facet normal 0.00000000000000 0.00000000000000 1.00000000000000
  outer loop
   vertex 122.57266941344886 143.28404814063217 1.52942497472077
   vertex 122.22999999999914 143.15932667394301 1.52942497472077
   vertex 122.75499999999916 142.24999999996936 1.52942497472077
  endloop
 endfacet
 facet normal 0.00000000000000 0.00000000000000 1.00000000000000
  outer loop
   vertex 122.22999999999914 143.15932667394301 1.52942497472077
   vertex 121.95065333472421 142.92492699014022 1.52942497472077
   vertex 122.75499999999916 142.24999999996936 1.52942497472077
  endloop
 endfacet
 facet normal 0.00000000000000 0.00000000000000 1.00000000000000
  outer loop
   vertex 121.95065333472421 142.92492699014022 1.52942497472077
   vertex 121.76832274817393 142.60912115046131 1.52942497472077
   vertex 122.75499999999916 142.24999999996936 1.52942497472077
  endloop
 endfacet
 facet normal -0.00000000000000 -0.00000000000000 1.00000000000000
  outer loop
   vertex 121.76832274817393 142.60912115046131 1.52942497472077
   vertex 121.70499999999913 142.24999999996936 1.52942497472077
   vertex 122.75499999999916 142.24999999996936 1.52942497472077
  endloop
 endfacet
 facet normal -0.00000000000000 0.00000000000000 1.00000000000000
  outer loop
   vertex 121.70499999999913 142.24999999996936 1.52942497472077
   vertex 121.76832274817393 141.89087884947739 1.52942497472077
   vertex 122.75499999999916 142.24999999996936 1.52942497472077
  endloop
 endfacet
 facet normal 1.00000000000000 0.00000000000000 -0.00000000000001
  outer loop
   vertex -1.99499999999998 0.96378592044954 -2.19019925136189
   vertex -1.99499999999998 136.99999999996811 -2.19019925136189
   vertex -1.99499999999991 45.49999999997122 3.22809105762076
  endloop
 endfacet
 facet normal 1.00000000000000 0.00000000000000 -0.00000000000005
  outer loop
   vertex -1.99499999999988 136.99999999996805 4.52942497472077
   vertex -1.99499999999984 45.49999999997122 4.52942497472077
   vertex -1.99499999999991 45.49999999997122 3.22809105762076
  endloop
 endfacet
 facet normal 1.00000000000000 -0.00000000000003 0.00000000000018
  outer loop
   vertex -1.99500000000120 0.96378592044943 4.52942497472077
   vertex -1.99499999999998 0.96378592044954 -2.19019925136189
   vertex -1.99500000000078 7.49999999996817 3.22809105762076
  endloop
 endfacet
 facet normal 1.00000000000000 -0.00000000000000 -0.00000000000002
  outer loop
   vertex -1.99499999999991 45.49999999997122 3.22809105762076
   vertex -1.99499999999998 136.99999999996811 -2.19019925136189
   vertex -1.99499999999988 136.99999999996805 4.52942497472077
  endloop
 endfacet
 facet normal 1.00000000000000 -0.00000000000002 0.00000000000017
  outer loop
   vertex -1.99499999999991 45.49999999997122 3.22809105762076
   vertex -1.99500000000078 7.49999999996817 3.22809105762076
   vertex -1.99499999999998 0.96378592044954 -2.19019925136189
  endloop
 endfacet
 facet normal 1.00000000000000 0.00000000000006 0.00000000000064
  outer loop
   vertex -1.99500000000078 7.49999999996817 3.22809105762076
   vertex -1.99500000000161 7.49999999996819 4.52942497472077
   vertex -1.99500000000120 0.96378592044943 4.52942497472077
  endloop
 endfacet
 facet normal 0.90482705246602 -0.42577929156506 0.00000000000000
  outer loop
   vertex -2.03044258154207 45.23612695000585 3.22942497472077
   vertex -2.03044258154207 45.23612695000585 4.52942497472077
   vertex -2.17685028257485 44.92499474792794 4.52942497472077
  endloop
 endfacet
 facet normal 0.70710678118655 -0.70710678118655 0.00000000000000
  outer loop
   vertex -2.17685028257485 44.92499474792794 3.22942497472077
   vertex -2.17685028257485 44.92499474792794 4.52942497472077
   vertex -2.41999474795659 44.68185028254619 4.52942497472077
  endloop
 endfacet
 facet normal 0.42577929156506 -0.90482705246602 0.00000000000000
  outer loop
   vertex -2.41999474795659 44.68185028254619 3.22942497472077
   vertex -2.41999474795659 44.68185028254619 4.52942497472077
   vertex -2.73112695003450 44.53544258151342 4.52942497472077
  endloop
 endfacet
 facet normal 0.99109974736596 -0.13312133852664 -0.00000000000005
  outer loop
   vertex -1.99499999999991 45.49999999997122 3.22809105762076
   vertex -1.99499999999984 45.49999999997122 4.52942497472077
   vertex -2.03044258154207 45.23612695000585 4.52942497472077
  endloop
 endfacet
 facet normal 0.13312133852657 -0.99109974736597 0.00000000000000
  outer loop
   vertex -2.73112695003450 44.53544258151342 3.22942497472077
   vertex -2.73112695003450 44.53544258151342 4.52942497472077
   vertex -2.99499999999987 44.49999999997122 4.52942497472077
  endloop
 endfacet
 facet normal 0.13312133852657 -0.99109974736597 0.00000000000000
  outer loop
   vertex -2.99499999999987 44.49999999997122 4.52942497472077
   vertex -2.99499999999987 44.49999999997122 3.22809105762077
   vertex -2.73112695003450 44.53544258151342 3.22942497472077
  endloop
 endfacet
 facet normal 0.99109974736600 -0.13312133852639 0.00000000000000
  outer loop
   vertex -2.03044258154207 45.23612695000585 4.52942497472077
   vertex -2.03044258154207 45.23612695000585 3.22942497472077
   vertex -1.99499999999991 45.49999999997122 3.22809105762076
  endloop
 endfacet
 facet normal 0.42577929156506 -0.90482705246602 0.00000000000000
  outer loop
   vertex -2.73112695003450 44.53544258151342 4.52942497472077
   vertex -2.73112695003450 44.53544258151342 3.22942497472077
   vertex -2.41999474795659 44.68185028254619 3.22942497472077
  endloop
 endfacet
 facet normal 0.70710678118655 -0.70710678118655 0.00000000000000
  outer loop
   vertex -2.41999474795659 44.68185028254619 4.52942497472077
   vertex -2.41999474795659 44.68185028254619 3.22942497472077
   vertex -2.17685028257485 44.92499474792794 3.22942497472077
  endloop
 endfacet
 facet normal 0.90482705246602 -0.42577929156506 0.00000000000000
  outer loop
   vertex -2.17685028257485 44.92499474792794 4.52942497472077
   vertex -2.17685028257485 44.92499474792794 3.22942497472077
   vertex -2.03044258154207 45.23612695000585 3.22942497472077
  endloop
 endfacet
 facet normal 0.00000000000000 -1.00000000000000 0.00000000000000
  outer loop
   vertex -5.49499999999991 44.49999999997122 4.52942497472077
   vertex -5.49499999999991 44.49999999997122 3.22809105762077
   vertex -2.99499999999987 44.49999999997122 3.22809105762077
  endloop
 endfacet
 facet normal 0.00000000000000 -1.00000000000000 0.00000000000000
  outer loop
   vertex -2.99499999999987 44.49999999997122 3.22809105762077
   vertex -2.99499999999987 44.49999999997122 4.52942497472077
   vertex -5.49499999999991 44.49999999997122 4.52942497472077
  endloop
 endfacet
 facet normal -0.42577929156505 -0.90482705246603 0.00000000000000
  outer loop
   vertex -5.75887304996528 44.53544258151344 3.22942497472077
   vertex -5.75887304996528 44.53544258151344 4.52942497472077
   vertex -6.07000525204318 44.68185028254620 4.52942497472077
  endloop
 endfacet
 facet normal -0.70710678118655 -0.70710678118654 0.00000000000000
  outer loop
   vertex -6.07000525204318 44.68185028254620 3.22942497472077
   vertex -6.07000525204318 44.68185028254620 4.52942497472077
   vertex -6.31314971742493 44.92499474792795 4.52942497472077
  endloop
 endfacet
 facet normal -0.90482705246602 -0.42577929156506 0.00000000000000
  outer loop
   vertex -6.31314971742493 44.92499474792795 3.22942497472077
   vertex -6.31314971742493 44.92499474792795 4.52942497472077
   vertex -6.45955741845770 45.23612695000586 4.52942497472077
  endloop
 endfacet
 facet normal -0.13312133852662 -0.99109974736597 0.00000000000000
  outer loop
   vertex -5.49499999999991 44.49999999997122 3.22809105762077
   vertex -5.49499999999991 44.49999999997122 4.52942497472077
   vertex -5.75887304996528 44.53544258151344 4.52942497472077
  endloop
 endfacet
 facet normal -0.99109916707409 -0.13312565877492 0.00000089274166
  outer loop
   vertex -6.49499999999990 45.49999999997122 4.52942497472077
   vertex -6.49499999999994 45.49999127321656 3.22809105762076
   vertex -6.45955741845770 45.23612695000586 3.22942497472077
  endloop
 endfacet
 facet normal -0.99109974736597 -0.13312133852655 0.00000000000000
  outer loop
   vertex -6.45955741845770 45.23612695000586 3.22942497472077
   vertex -6.45955741845770 45.23612695000586 4.52942497472077
   vertex -6.49499999999990 45.49999999997122 4.52942497472077
  endloop
 endfacet
 facet normal -0.13312133852662 -0.99109974736597 -0.00000000000000
  outer loop
   vertex -5.75887304996528 44.53544258151344 4.52942497472077
   vertex -5.75887304996528 44.53544258151344 3.22942497472077
   vertex -5.49499999999991 44.49999999997122 3.22809105762077
  endloop
 endfacet
 facet normal -0.90482705246602 -0.42577929156506 -0.00000000000000
  outer loop
   vertex -6.45955741845770 45.23612695000586 4.52942497472077
   vertex -6.45955741845770 45.23612695000586 3.22942497472077
   vertex -6.31314971742493 44.92499474792795 3.22942497472077
  endloop
 endfacet
 facet normal -0.70710678118655 -0.70710678118654 -0.00000000000000
  outer loop
   vertex -6.31314971742493 44.92499474792795 4.52942497472077
   vertex -6.31314971742493 44.92499474792795 3.22942497472077
   vertex -6.07000525204318 44.68185028254620 3.22942497472077
  endloop
 endfacet
 facet normal -0.42577929156505 -0.90482705246603 -0.00000000000000
  outer loop
   vertex -6.07000525204318 44.68185028254620 4.52942497472077
   vertex -6.07000525204318 44.68185028254620 3.22942497472077
   vertex -5.75887304996528 44.53544258151344 3.22942497472077
  endloop
 endfacet
 facet normal -1.00000000000000 0.00000000000000 0.00000000000001
  outer loop
   vertex -6.49499999999990 141.49999999996817 4.52942497472077
   vertex -6.49499999999994 141.49999999996817 -2.17077142648073
   vertex -6.49499999999994 45.49999127321656 3.22809105762076
  endloop
 endfacet
 facet normal -1.00000000000000 -0.00000000000000 0.00000000000000
  outer loop
   vertex -6.49499999999990 -3.53621407955038 -2.17077142648073
   vertex -6.49499999999990 7.49999999996812 3.22809105762076
   vertex -6.49499999999994 45.49999127321656 3.22809105762076
  endloop
 endfacet
 facet normal -1.00000000000000 -0.00000000000000 -0.00000000000000
  outer loop
   vertex -6.49499999999994 45.49999127321656 3.22809105762076
   vertex -6.49499999999994 141.49999999996817 -2.17077142648073
   vertex -6.49499999999990 -3.53621407955038 -2.17077142648073
  endloop
 endfacet
 facet normal -1.00000000000000 0.00000000000000 0.00000000000003
  outer loop
   vertex -6.49499999999987 -3.53621407955042 4.52942497472077
   vertex -6.49499999999987 7.49999999996812 4.52942497472077
   vertex -6.49499999999990 7.49999999996812 3.22809105762076
  endloop
 endfacet
 facet normal -1.00000000000000 -0.00000000000000 0.00000000000001
  outer loop
   vertex -6.49499999999990 7.49999999996812 3.22809105762076
   vertex -6.49499999999990 -3.53621407955038 -2.17077142648073
   vertex -6.49499999999987 -3.53621407955042 4.52942497472077
  endloop
 endfacet
 facet normal -1.00000000000000 0.00000000000000 0.00000000000003
  outer loop
   vertex -6.49499999999994 45.49999127321656 3.22809105762076
   vertex -6.49499999999990 45.49999999997122 4.52942497472077
   vertex -6.49499999999990 141.49999999996817 4.52942497472077
  endloop
 endfacet
 facet normal -0.00000000000000 0.00000000000000 1.00000000000000
  outer loop
   vertex -1.99499999999991 45.49999999997122 3.22809105762076
   vertex -5.49499999999987 8.49999999996811 3.22809105762077
   vertex -2.99500000000161 8.49999999996813 3.22809105762077
  endloop
 endfacet
 facet normal 0.00512013491123 -0.00048433708620 0.99998677473058
  outer loop
   vertex -1.99499999999991 45.49999999997122 3.22809105762076
   vertex -5.75887304996525 8.46455741842591 3.22942497472077
   vertex -5.49499999999987 8.49999999996811 3.22809105762077
  endloop
 endfacet
 facet normal -0.00512013491123 0.00048433708620 0.99998677473058
  outer loop
   vertex -6.49499999999990 7.49999999996812 3.22809105762076
   vertex -2.73112695003450 44.53544258151342 3.22942497472077
   vertex -2.99499999999987 44.49999999997122 3.22809105762077
  endloop
 endfacet
 facet normal -0.00001779969459 0.00003782627645 0.99999999912617
  outer loop
   vertex -1.99499999999991 45.49999999997122 3.22809105762076
   vertex -6.07000525204315 8.31814971739314 3.22942497472077
   vertex -5.75887304996525 8.46455741842591 3.22942497472077
  endloop
 endfacet
 facet normal 0.00000000000000 -0.00000000000000 1.00000000000000
  outer loop
   vertex -2.99499999999987 44.49999999997122 3.22809105762077
   vertex -5.49499999999991 44.49999999997122 3.22809105762077
   vertex -6.49499999999990 7.49999999996812 3.22809105762076
  endloop
 endfacet
 facet normal -0.00503679849007 0.00013612968892 0.99998730598427
  outer loop
   vertex -2.99500000000161 8.49999999996813 3.22809105762077
   vertex -2.73112695003624 8.46455741842594 3.22942497472077
   vertex -1.99499999999991 45.49999999997122 3.22809105762076
  endloop
 endfacet
 facet normal 0.00503679849007 -0.00013612968892 0.99998730598427
  outer loop
   vertex -5.49499999999991 44.49999999997122 3.22809105762077
   vertex -5.75887304996528 44.53544258151344 3.22942497472077
   vertex -6.49499999999990 7.49999999996812 3.22809105762076
  endloop
 endfacet
 facet normal 0.29904610797880 -0.03534640743263 0.95358379641453
  outer loop
   vertex -6.45955741845767 7.76387304993349 3.22942497472077
   vertex -1.99499999999991 45.49999999997122 3.22809105762076
   vertex -2.03044258154207 45.23612695000585 3.22942497472077
  endloop
 endfacet
 facet normal 0.00007496984119 0.00003527812943 0.99999999656749
  outer loop
   vertex -1.99499999999991 45.49999999997122 3.22809105762076
   vertex -2.17685028257661 8.07500525201144 3.22942497472077
   vertex -2.03044258154383 7.76387304993355 3.22942497472077
  endloop
 endfacet
 facet normal 0.00001679140943 0.00003568356142 0.99999999922237
  outer loop
   vertex -2.73112695003624 8.46455741842594 3.22942497472077
   vertex -2.41999474795835 8.31814971739317 3.22942497472077
   vertex -1.99499999999991 45.49999999997122 3.22809105762076
  endloop
 endfacet
 facet normal 0.00001779969459 -0.00003782627645 0.99999999912617
  outer loop
   vertex -6.49499999999990 7.49999999996812 3.22809105762076
   vertex -2.41999474795659 44.68185028254619 3.22942497472077
   vertex -2.73112695003450 44.53544258151342 3.22942497472077
  endloop
 endfacet
 facet normal -0.29904610797374 0.03534640743203 0.95358379641613
  outer loop
   vertex -2.03044258154207 45.23612695000585 3.22942497472077
   vertex -6.49499999999990 7.49999999996812 3.22809105762076
   vertex -6.45955741845767 7.76387304993349 3.22942497472077
  endloop
 endfacet
 facet normal 0.00003547006129 0.00003547006129 0.99999999874187
  outer loop
   vertex -2.41999474795835 8.31814971739317 3.22942497472077
   vertex -2.17685028257661 8.07500525201144 3.22942497472077
   vertex -1.99499999999991 45.49999999997122 3.22809105762076
  endloop
 endfacet
 facet normal 0.00004029127803 -0.00004029127803 0.99999999837661
  outer loop
   vertex -6.49499999999990 7.49999999996812 3.22809105762076
   vertex -2.17685028257485 44.92499474792794 3.22942497472077
   vertex -2.41999474795659 44.68185028254619 3.22942497472077
  endloop
 endfacet
 facet normal -0.00010034947623 0.00004722087915 0.99999999385009
  outer loop
   vertex -6.45955741845767 7.76387304993349 3.22942497472077
   vertex -6.31314971742489 8.07500525201139 3.22942497472077
   vertex -1.99499999999991 45.49999999997122 3.22809105762076
  endloop
 endfacet
 facet normal -0.00007496984119 -0.00003527812943 0.99999999656749
  outer loop
   vertex -6.49499999999990 7.49999999996812 3.22809105762076
   vertex -6.31314971742493 44.92499474792795 3.22942497472077
   vertex -6.45955741845770 45.23612695000586 3.22942497472077
  endloop
 endfacet
 facet normal -0.00004029127803 0.00004029127803 0.99999999837661
  outer loop
   vertex -1.99499999999991 45.49999999997122 3.22809105762076
   vertex -6.31314971742489 8.07500525201139 3.22942497472077
   vertex -6.07000525204315 8.31814971739314 3.22942497472077
  endloop
 endfacet
 facet normal 0.00010034947623 -0.00004722087915 0.99999999385009
  outer loop
   vertex -2.03044258154207 45.23612695000585 3.22942497472077
   vertex -2.17685028257485 44.92499474792794 3.22942497472077
   vertex -6.49499999999990 7.49999999996812 3.22809105762076
  endloop
 endfacet
 facet normal -0.00003547006129 -0.00003547006129 0.99999999874187
  outer loop
   vertex -6.49499999999990 7.49999999996812 3.22809105762076
   vertex -6.07000525204318 44.68185028254620 3.22942497472077
   vertex -6.31314971742493 44.92499474792795 3.22942497472077
  endloop
 endfacet
 facet normal -0.00001679140943 -0.00003568356142 0.99999999922237
  outer loop
   vertex -5.75887304996528 44.53544258151344 3.22942497472077
   vertex -6.07000525204318 44.68185028254620 3.22942497472077
   vertex -6.49499999999990 7.49999999996812 3.22809105762076
  endloop
 endfacet
 facet normal 0.03760937602498 -0.00000000000000 0.99929251715152
  outer loop
   vertex -2.03044258154383 7.76387304993355 3.22942497472077
   vertex -1.99500000000078 7.49999999996817 3.22809105762076
   vertex -1.99499999999991 45.49999999997122 3.22809105762076
  endloop
 endfacet
 facet normal -0.03760937602585 -0.00000000000000 0.99929251715148
  outer loop
   vertex -6.45955741845770 45.23612695000586 3.22942497472077
   vertex -6.49499999999994 45.49999127321656 3.22809105762076
   vertex -6.49499999999990 7.49999999996812 3.22809105762076
  endloop
 endfacet
 facet normal -0.90482705246602 0.42577929156507 0.00000000000000
  outer loop
   vertex -6.45955741845767 7.76387304993349 3.22942497472077
   vertex -6.45955741845767 7.76387304993349 4.52942497472077
   vertex -6.31314971742489 8.07500525201139 4.52942497472077
  endloop
 endfacet
 facet normal -0.70710678118655 0.70710678118655 0.00000000000000
  outer loop
   vertex -6.31314971742489 8.07500525201139 3.22942497472077
   vertex -6.31314971742489 8.07500525201139 4.52942497472077
   vertex -6.07000525204315 8.31814971739314 4.52942497472077
  endloop
 endfacet
 facet normal -0.42577929156508 0.90482705246602 0.00000000000000
  outer loop
   vertex -6.07000525204315 8.31814971739314 3.22942497472077
   vertex -6.07000525204315 8.31814971739314 4.52942497472077
   vertex -5.75887304996525 8.46455741842591 4.52942497472077
  endloop
 endfacet
 facet normal -0.99109974736598 0.13312133852655 0.00000000000003
  outer loop
   vertex -6.49499999999990 7.49999999996812 3.22809105762076
   vertex -6.49499999999987 7.49999999996812 4.52942497472077
   vertex -6.45955741845767 7.76387304993349 4.52942497472077
  endloop
 endfacet
 facet normal -0.13312133852655 0.99109974736598 0.00000000000000
  outer loop
   vertex -5.75887304996525 8.46455741842591 3.22942497472077
   vertex -5.75887304996525 8.46455741842591 4.52942497472077
   vertex -5.49499999999987 8.49999999996811 4.52942497472077
  endloop
 endfacet
 facet normal -0.13312133852655 0.99109974736598 0.00000000000000
  outer loop
   vertex -5.49499999999987 8.49999999996811 4.52942497472077
   vertex -5.49499999999987 8.49999999996811 3.22809105762077
   vertex -5.75887304996525 8.46455741842591 3.22942497472077
  endloop
 endfacet
 facet normal -0.99109974736596 0.13312133852668 0.00000000000000
  outer loop
   vertex -6.45955741845767 7.76387304993349 4.52942497472077
   vertex -6.45955741845767 7.76387304993349 3.22942497472077
   vertex -6.49499999999990 7.49999999996812 3.22809105762076
  endloop
 endfacet
 facet normal -0.42577929156508 0.90482705246602 0.00000000000000
  outer loop
   vertex -5.75887304996525 8.46455741842591 4.52942497472077
   vertex -5.75887304996525 8.46455741842591 3.22942497472077
   vertex -6.07000525204315 8.31814971739314 3.22942497472077
  endloop
 endfacet
 facet normal -0.70710678118655 0.70710678118655 0.00000000000000
  outer loop
   vertex -6.07000525204315 8.31814971739314 4.52942497472077
   vertex -6.07000525204315 8.31814971739314 3.22942497472077
   vertex -6.31314971742489 8.07500525201139 3.22942497472077
  endloop
 endfacet
 facet normal -0.90482705246602 0.42577929156507 0.00000000000000
  outer loop
   vertex -6.31314971742489 8.07500525201139 4.52942497472077
   vertex -6.31314971742489 8.07500525201139 3.22942497472077
   vertex -6.45955741845767 7.76387304993349 3.22942497472077
  endloop
 endfacet
 facet normal -0.00000000000001 1.00000000000000 0.00000000000001
  outer loop
   vertex -2.99500000000161 8.49999999996811 4.52942497472077
   vertex -2.99500000000161 8.49999999996813 3.22809105762077
   vertex -5.49499999999987 8.49999999996811 3.22809105762077
  endloop
 endfacet
 facet normal 0.00000000000000 1.00000000000000 0.00000000000000
  outer loop
   vertex -5.49499999999987 8.49999999996811 3.22809105762077
   vertex -5.49499999999987 8.49999999996811 4.52942497472077
   vertex -2.99500000000161 8.49999999996811 4.52942497472077
  endloop
 endfacet
 facet normal 0.42577929156507 0.90482705246602 -0.00000000000000
  outer loop
   vertex -2.73112695003624 8.46455741842594 3.22942497472077
   vertex -2.73112695003624 8.46455741842594 4.52942497472077
   vertex -2.41999474795835 8.31814971739317 4.52942497472077
  endloop
 endfacet
 facet normal 0.70710678118653 0.70710678118656 -0.00000000000000
  outer loop
   vertex -2.41999474795835 8.31814971739317 3.22942497472077
   vertex -2.41999474795835 8.31814971739317 4.52942497472077
   vertex -2.17685028257661 8.07500525201144 4.52942497472077
  endloop
 endfacet
 facet normal 0.90482705246601 0.42577929156510 -0.00000000000000
  outer loop
   vertex -2.17685028257661 8.07500525201144 3.22942497472077
   vertex -2.17685028257661 8.07500525201144 4.52942497472077
   vertex -2.03044258154383 7.76387304993355 4.52942497472077
  endloop
 endfacet
 facet normal 0.13312133852646 0.99109974736599 0.00000000000001
  outer loop
   vertex -2.99500000000161 8.49999999996813 3.22809105762077
   vertex -2.99500000000161 8.49999999996811 4.52942497472077
   vertex -2.73112695003624 8.46455741842594 4.52942497472077
  endloop
 endfacet
 facet normal 0.99109974736596 0.13312133852662 -0.00000000000000
  outer loop
   vertex -2.03044258154383 7.76387304993355 3.22942497472077
   vertex -2.03044258154383 7.76387304993355 4.52942497472077
   vertex -1.99500000000161 7.49999999996819 4.52942497472077
  endloop
 endfacet
 facet normal 0.99109974736555 0.13312133852969 0.00000000000063
  outer loop
   vertex -1.99500000000161 7.49999999996819 4.52942497472077
   vertex -1.99500000000078 7.49999999996817 3.22809105762076
   vertex -2.03044258154383 7.76387304993355 3.22942497472077
  endloop
 endfacet
 facet normal 0.13312133852653 0.99109974736598 0.00000000000000
  outer loop
   vertex -2.73112695003624 8.46455741842594 4.52942497472077
   vertex -2.73112695003624 8.46455741842594 3.22942497472077
   vertex -2.99500000000161 8.49999999996813 3.22809105762077
  endloop
 endfacet
 facet normal 0.90482705246601 0.42577929156510 0.00000000000000
  outer loop
   vertex -2.03044258154383 7.76387304993355 4.52942497472077
   vertex -2.03044258154383 7.76387304993355 3.22942497472077
   vertex -2.17685028257661 8.07500525201144 3.22942497472077
  endloop
 endfacet
 facet normal 0.70710678118653 0.70710678118656 0.00000000000000
  outer loop
   vertex -2.17685028257661 8.07500525201144 4.52942497472077
   vertex -2.17685028257661 8.07500525201144 3.22942497472077
   vertex -2.41999474795835 8.31814971739317 3.22942497472077
  endloop
 endfacet
 facet normal 0.42577929156507 0.90482705246602 0.00000000000000
  outer loop
   vertex -2.41999474795835 8.31814971739317 4.52942497472077
   vertex -2.41999474795835 8.31814971739317 3.22942497472077
   vertex -2.73112695003624 8.46455741842594 3.22942497472077
  endloop
 endfacet
 facet normal 0.00000000000000 0.00000000000000 1.00000000000000
  outer loop
   vertex -1.43995047095048 142.07246163734544 4.52942497472077
   vertex 3.08072493137057 144.45105651626326 4.52942497472077
   vertex 2.77170793699561 144.49999999996805 4.52942497472077
  endloop
 endfacet
 facet normal 0.00000000000000 0.00000000000000 1.00000000000000
  outer loop
   vertex -1.43995047095048 142.07246163734544 4.52942497472077
   vertex 3.35949318928811 144.30901699434304 4.52942497472077
   vertex 3.08072493137057 144.45105651626326 4.52942497472077
  endloop
 endfacet
 facet normal 0.00000000000000 0.00000000000000 1.00000000000000
  outer loop
   vertex -1.43995047095048 142.07246163734544 4.52942497472077
   vertex 3.58072493137058 144.08778525226057 4.52942497472077
   vertex 3.35949318928811 144.30901699434304 4.52942497472077
  endloop
 endfacet
 facet normal 0.00000000000000 0.00000000000000 1.00000000000000
  outer loop
   vertex -3.49499999999989 144.49999999996811 4.52942497472077
   vertex -3.01034157934438 143.39017623720284 4.52942497472077
   vertex -2.34132034356160 143.14667242128593 4.52942497472077
  endloop
 endfacet
 facet normal 0.00000000000000 0.00000000000000 1.00000000000000
  outer loop
   vertex -4.42205098312474 144.35316954885369 4.52942497472077
   vertex -4.39132034356160 143.14667242128593 4.52942497472077
   vertex -3.72229910777882 143.39017623720284 4.52942497472077
  endloop
 endfacet
 facet normal 0.00000000000000 0.00000000000000 1.00000000000000
  outer loop
   vertex -5.25835575687734 143.92705098309304 4.52942497472077
   vertex -5.92205098312476 143.26335575684561 4.52942497472077
   vertex -4.93671145195551 142.68903494338522 4.52942497472077
  endloop
 endfacet
 facet normal 0.00000000000000 0.00000000000000 1.00000000000000
  outer loop
   vertex -5.92205098312476 143.26335575684561 4.52942497472077
   vertex -6.34816954888540 142.42705098309304 4.52942497472077
   vertex -5.29269021617273 142.07246163734544 4.52942497472077
  endloop
 endfacet
 facet normal -0.00000000000000 0.00000000000000 1.00000000000000
  outer loop
   vertex -6.49499999999990 141.49999999996817 4.52942497472077
   vertex -5.41632034356161 141.37132034352783 4.52942497472077
   vertex -5.29269021617273 142.07246163734544 4.52942497472077
  endloop
 endfacet
 facet normal 0.00000000000000 0.00000000000000 1.00000000000000
  outer loop
   vertex -1.43995047095048 142.07246163734544 4.52942497472077
   vertex 3.72276445329079 143.80901699434307 4.52942497472077
   vertex 3.58072493137058 144.08778525226057 4.52942497472077
  endloop
 endfacet
 facet normal 0.00000000000000 0.00000000000000 1.00000000000000
  outer loop
   vertex -3.49499999999989 144.49999999996811 4.52942497472077
   vertex -3.72229910777882 143.39017623720284 4.52942497472077
   vertex -3.01034157934438 143.39017623720284 4.52942497472077
  endloop
 endfacet
 facet normal 0.00000000000000 -0.00000000000000 1.00000000000000
  outer loop
   vertex -3.72229910777882 143.39017623720284 4.52942497472077
   vertex -3.49499999999989 144.49999999996811 4.52942497472077
   vertex -4.42205098312474 144.35316954885369 4.52942497472077
  endloop
 endfacet
 facet normal 0.00000000000000 -0.00000000000000 1.00000000000000
  outer loop
   vertex -5.29269021617273 142.07246163734544 4.52942497472077
   vertex -4.93671145195551 142.68903494338522 4.52942497472077
   vertex -5.92205098312476 143.26335575684561 4.52942497472077
  endloop
 endfacet
 facet normal 0.00000000000000 0.00000000000000 1.00000000000000
  outer loop
   vertex -6.49499999999990 141.49999999996817 4.52942497472077
   vertex -5.29269021617273 140.67017904971019 4.52942497472077
   vertex -5.41632034356161 141.37132034352783 4.52942497472077
  endloop
 endfacet
 facet normal 0.00000000000000 0.00000000000000 1.00000000000000
  outer loop
   vertex -4.77000000000075 48.40932667394488 4.52942497472077
   vertex -4.93671145195551 140.05360574367040 4.52942497472077
   vertex -5.29269021617273 140.67017904971019 4.52942497472077
  endloop
 endfacet
 facet normal 0.00000000000000 0.00000000000000 1.00000000000000
  outer loop
   vertex -3.72229910777882 139.35246444985279 4.52942497472077
   vertex -4.77000000000075 48.40932667394488 4.52942497472077
   vertex -4.42733058655102 48.53404814063403 4.52942497472077
  endloop
 endfacet
 facet normal 0.00000000000000 0.00000000000000 1.00000000000000
  outer loop
   vertex -3.01034157934438 139.35246444985279 4.52942497472077
   vertex -1.99499999999988 136.99999999996805 4.52942497472077
   vertex -1.84816954888546 137.92705098309295 4.52942497472077
  endloop
 endfacet
 facet normal 0.00000000000000 0.00000000000000 1.00000000000000
  outer loop
   vertex 2.77170793699561 144.49999999996805 4.52942497472077
   vertex -2.34132034356160 143.14667242128593 4.52942497472077
   vertex -1.79592923516769 142.68903494338522 4.52942497472077
  endloop
 endfacet
 facet normal 0.00000000000000 0.00000000000000 1.00000000000000
  outer loop
   vertex -4.42205098312474 144.35316954885369 4.52942497472077
   vertex -5.25835575687734 143.92705098309304 4.52942497472077
   vertex -4.39132034356160 143.14667242128593 4.52942497472077
  endloop
 endfacet
 facet normal 0.00000000000000 0.00000000000000 1.00000000000000
  outer loop
   vertex -5.29269021617273 142.07246163734544 4.52942497472077
   vertex -6.34816954888540 142.42705098309304 4.52942497472077
   vertex -6.49499999999990 141.49999999996817 4.52942497472077
  endloop
 endfacet
 facet normal 0.00000000000000 -0.00000000000000 1.00000000000000
  outer loop
   vertex -4.77000000000075 48.40932667394488 4.52942497472077
   vertex -4.39132034356160 139.59596826576970 4.52942497472077
   vertex -4.93671145195551 140.05360574367040 4.52942497472077
  endloop
 endfacet
 facet normal 0.00000000000000 0.00000000000000 1.00000000000000
  outer loop
   vertex -4.42733058655102 48.53404814063403 4.52942497472077
   vertex -3.01034157934438 139.35246444985279 4.52942497472077
   vertex -3.72229910777882 139.35246444985279 4.52942497472077
  endloop
 endfacet
 facet normal 0.00000000000000 0.00000000000000 1.00000000000000
  outer loop
   vertex -3.01034157934438 139.35246444985279 4.52942497472077
   vertex -4.42733058655102 48.53404814063403 4.52942497472077
   vertex -1.99499999999988 136.99999999996805 4.52942497472077
  endloop
 endfacet
 facet normal 0.00000000000000 0.00000000000000 1.00000000000000
  outer loop
   vertex -4.77000000000075 46.59067332599756 4.52942497472077
   vertex -6.45955741845771 45.23612695000586 4.52942497472077
   vertex -6.31314971742493 44.92499474792795 4.52942497472077
  endloop
 endfacet
 facet normal 0.00000000000000 0.00000000000000 1.00000000000000
  outer loop
   vertex -4.77000000000075 46.59067332599756 4.52942497472077
   vertex -5.04934666527566 46.82507300980035 4.52942497472077
   vertex -6.49499999999990 45.49999999997122 4.52942497472077
  endloop
 endfacet
 facet normal 0.00000000000000 -0.00000000000000 1.00000000000000
  outer loop
   vertex -2.34132034356160 143.14667242128593 4.52942497472077
   vertex 2.77170793699561 144.49999999996805 4.52942497472077
   vertex -3.49499999999989 144.49999999996811 4.52942497472077
  endloop
 endfacet
 facet normal 0.00000000000000 0.00000000000000 1.00000000000000
  outer loop
   vertex -5.29269021617273 140.67017904971019 4.52942497472077
   vertex -6.49499999999990 141.49999999996817 4.52942497472077
   vertex -4.77000000000075 48.40932667394488 4.52942497472077
  endloop
 endfacet
 facet normal 0.00000000000000 0.00000000000000 1.00000000000000
  outer loop
   vertex -1.99499999999988 136.99999999996805 4.52942497472077
   vertex -4.42733058655102 48.53404814063403 4.52942497472077
   vertex -4.06266941345046 48.53404814063403 4.52942497472077
  endloop
 endfacet
 facet normal 0.00000000000000 0.00000000000000 1.00000000000000
  outer loop
   vertex -1.84816954888546 137.92705098309295 4.52942497472077
   vertex -2.34132034356160 139.59596826576970 4.52942497472077
   vertex -3.01034157934438 139.35246444985279 4.52942497472077
  endloop
 endfacet
 facet normal 0.00000000000000 -0.00000000000000 1.00000000000000
  outer loop
   vertex -1.42205098312484 138.76335575684553 4.52942497472077
   vertex -0.75835575687742 139.42705098309295 4.52942497472077
   vertex -1.79592923516769 140.05360574367040 4.52942497472077
  endloop
 endfacet
 facet normal 0.00000000000000 0.00000000000000 1.00000000000000
  outer loop
   vertex -1.43995047095048 140.67017904971019 4.52942497472077
   vertex -1.79592923516769 140.05360574367040 4.52942497472077
   vertex -0.75835575687742 139.42705098309295 4.52942497472077
  endloop
 endfacet
 facet normal -0.00000000000000 0.00000000000000 1.00000000000000
  outer loop
   vertex -6.49499999999990 45.49999999997122 4.52942497472077
   vertex -6.45955741845771 45.23612695000586 4.52942497472077
   vertex -4.77000000000075 46.59067332599756 4.52942497472077
  endloop
 endfacet
 facet normal 0.00000000000000 0.00000000000000 1.00000000000000
  outer loop
   vertex -4.77000000000075 46.59067332599756 4.52942497472077
   vertex -5.75887304996529 44.53544258151345 4.52942497472077
   vertex -5.49499999999991 44.49999999997122 4.52942497472077
  endloop
 endfacet
 facet normal 0.00000000000000 0.00000000000000 1.00000000000000
  outer loop
   vertex -3.72000000000074 46.59067332599756 4.52942497472077
   vertex -2.03044258154208 45.23612695000585 4.52942497472077
   vertex -1.99499999999984 45.49999999997122 4.52942497472077
  endloop
 endfacet
 facet normal 0.00000000000000 0.00000000000000 1.00000000000000
  outer loop
   vertex -3.72000000000074 46.59067332599756 4.52942497472077
   vertex -2.41999474795659 44.68185028254620 4.52942497472077
   vertex -2.17685028257485 44.92499474792794 4.52942497472077
  endloop
 endfacet
 facet normal 0.00000000000000 -0.00000000000000 1.00000000000000
  outer loop
   vertex -4.93671145195551 142.68903494338522 4.52942497472077
   vertex -4.39132034356160 143.14667242128593 4.52942497472077
   vertex -5.25835575687734 143.92705098309304 4.52942497472077
  endloop
 endfacet
 facet normal 0.00000000000000 0.00000000000000 1.00000000000000
  outer loop
   vertex -3.72229910777882 139.35246444985279 4.52942497472077
   vertex -4.39132034356160 139.59596826576970 4.52942497472077
   vertex -4.77000000000075 48.40932667394488 4.52942497472077
  endloop
 endfacet
 facet normal 0.00000000000000 0.00000000000000 1.00000000000000
  outer loop
   vertex -2.34132034356160 139.59596826576970 4.52942497472077
   vertex -1.84816954888546 137.92705098309295 4.52942497472077
   vertex -1.42205098312484 138.76335575684553 4.52942497472077
  endloop
 endfacet
 facet normal 0.00000000000000 -0.00000000000000 1.00000000000000
  outer loop
   vertex -0.75835575687742 139.42705098309295 4.52942497472077
   vertex 0.07794901687515 139.85316954885357 4.52942497472077
   vertex -1.43995047095048 140.67017904971019 4.52942497472077
  endloop
 endfacet
 facet normal -0.00000000000000 0.00000000000000 1.00000000000000
  outer loop
   vertex -6.31314971742493 44.92499474792795 4.52942497472077
   vertex -6.07000525204319 44.68185028254620 4.52942497472077
   vertex -4.77000000000075 46.59067332599756 4.52942497472077
  endloop
 endfacet
 facet normal 0.00000000000000 0.00000000000000 1.00000000000000
  outer loop
   vertex -4.77000000000075 46.59067332599756 4.52942497472077
   vertex -6.07000525204319 44.68185028254620 4.52942497472077
   vertex -5.75887304996529 44.53544258151345 4.52942497472077
  endloop
 endfacet
 facet normal 0.00000000000000 0.00000000000000 1.00000000000000
  outer loop
   vertex -3.72000000000074 46.59067332599756 4.52942497472077
   vertex -4.06266941345046 46.46595185930840 4.52942497472077
   vertex -2.99499999999987 44.49999999997122 4.52942497472077
  endloop
 endfacet
 facet normal 0.00000000000000 -0.00000000000000 1.00000000000000
  outer loop
   vertex -2.17685028257485 44.92499474792794 4.52942497472077
   vertex -2.03044258154208 45.23612695000585 4.52942497472077
   vertex -3.72000000000074 46.59067332599756 4.52942497472077
  endloop
 endfacet
 facet normal 0.00000000000000 0.00000000000000 1.00000000000000
  outer loop
   vertex 3.77170793699564 143.49999999996808 4.52942497472077
   vertex -1.43995047095048 142.07246163734544 4.52942497472077
   vertex -1.31632034356160 141.37132034352783 4.52942497472077
  endloop
 endfacet
 facet normal -0.00000000000000 0.00000000000000 1.00000000000000
  outer loop
   vertex -4.06266941345046 48.53404814063403 4.52942497472077
   vertex -3.72000000000074 48.40932667394488 4.52942497472077
   vertex -1.99499999999988 136.99999999996805 4.52942497472077
  endloop
 endfacet
 facet normal 0.00000000000000 -0.00000000000000 1.00000000000000
  outer loop
   vertex 0.07794901687515 139.85316954885357 4.52942497472077
   vertex 1.00500000000007 139.99999999996805 4.52942497472077
   vertex -1.43995047095048 140.67017904971019 4.52942497472077
  endloop
 endfacet
 facet normal 0.00000000000000 0.00000000000000 1.00000000000000
  outer loop
   vertex 3.35949318928811 140.19098300559315 4.52942497472077
   vertex 3.58072493137058 140.41221474767565 4.52942497472077
   vertex 3.72276445329077 140.69098300559315 4.52942497472077
  endloop
 endfacet
 facet normal 0.00000000000000 0.00000000000000 1.00000000000000
  outer loop
   vertex 3.77170793699561 140.99999999996808 4.52942497472077
   vertex 2.77170793699565 139.99999999996805 4.52942497472077
   vertex 3.08072493137058 140.04894348367293 4.52942497472077
  endloop
 endfacet
 facet normal 0.00000000000000 0.00000000000000 1.00000000000000
  outer loop
   vertex -1.31632034356160 141.37132034352783 4.52942497472077
   vertex -1.43995047095048 140.67017904971019 4.52942497472077
   vertex 1.00500000000007 139.99999999996805 4.52942497472077
  endloop
 endfacet
 facet normal 0.00000000000000 0.00000000000000 1.00000000000000
  outer loop
   vertex -6.49499999999990 45.49999999997122 4.52942497472077
   vertex -5.29500000000074 47.49999999997122 4.52942497472077
   vertex -5.23167725182594 47.85912115046316 4.52942497472077
  endloop
 endfacet
 facet normal 0.00000000000000 0.00000000000000 1.00000000000000
  outer loop
   vertex -5.49499999999991 44.49999999997122 4.52942497472077
   vertex -4.42733058655102 46.46595185930840 4.52942497472077
   vertex -4.77000000000075 46.59067332599756 4.52942497472077
  endloop
 endfacet
 facet normal 0.00000000000000 0.00000000000000 1.00000000000000
  outer loop
   vertex -5.49499999999991 44.49999999997122 4.52942497472077
   vertex -2.99499999999987 44.49999999997122 4.52942497472077
   vertex -4.06266941345046 46.46595185930840 4.52942497472077
  endloop
 endfacet
 facet normal 0.00000000000000 -0.00000000000000 1.00000000000000
  outer loop
   vertex -2.99499999999987 44.49999999997122 4.52942497472077
   vertex -2.73112695003450 44.53544258151343 4.52942497472077
   vertex -3.72000000000074 46.59067332599756 4.52942497472077
  endloop
 endfacet
 facet normal 0.00000000000000 0.00000000000000 1.00000000000000
  outer loop
   vertex -1.99499999999984 45.49999999997122 4.52942497472077
   vertex -3.25832274817554 47.14087884947926 4.52942497472077
   vertex -3.44065333472582 46.82507300980035 4.52942497472077
  endloop
 endfacet
 facet normal -0.00000000000000 0.00000000000000 1.00000000000000
  outer loop
   vertex -1.31632034356160 141.37132034352783 4.52942497472077
   vertex 3.77170793699561 140.99999999996808 4.52942497472077
   vertex 3.77170793699564 143.49999999996808 4.52942497472077
  endloop
 endfacet
 facet normal 0.00000000000000 0.00000000000000 1.00000000000000
  outer loop
   vertex -1.79592923516769 140.05360574367040 4.52942497472077
   vertex -2.34132034356160 139.59596826576970 4.52942497472077
   vertex -1.42205098312484 138.76335575684553 4.52942497472077
  endloop
 endfacet
 facet normal 0.00000000000000 0.00000000000000 1.00000000000000
  outer loop
   vertex 3.08072493137058 140.04894348367293 4.52942497472077
   vertex 3.35949318928811 140.19098300559315 4.52942497472077
   vertex 3.77170793699561 140.99999999996808 4.52942497472077
  endloop
 endfacet
 facet normal 0.00000000000000 -0.00000000000000 1.00000000000000
  outer loop
   vertex 1.00500000000007 139.99999999996805 4.52942497472077
   vertex 3.77170793699561 140.99999999996808 4.52942497472077
   vertex -1.31632034356160 141.37132034352783 4.52942497472077
  endloop
 endfacet
 facet normal 0.00000000000000 0.00000000000000 1.00000000000000
  outer loop
   vertex -6.49499999999990 141.49999999996817 4.52942497472077
   vertex -5.23167725182594 47.85912115046316 4.52942497472077
   vertex -5.04934666527566 48.17492699014207 4.52942497472077
  endloop
 endfacet
 facet normal 0.00000000000000 0.00000000000000 1.00000000000000
  outer loop
   vertex -6.49499999999990 45.49999999997122 4.52942497472077
   vertex -5.23167725182594 47.14087884947926 4.52942497472077
   vertex -5.29500000000074 47.49999999997122 4.52942497472077
  endloop
 endfacet
 facet normal 0.00000000000000 0.00000000000000 1.00000000000000
  outer loop
   vertex -4.06266941345046 46.46595185930840 4.52942497472077
   vertex -4.42733058655102 46.46595185930840 4.52942497472077
   vertex -5.49499999999991 44.49999999997122 4.52942497472077
  endloop
 endfacet
 facet normal 0.00000000000000 0.00000000000000 1.00000000000000
  outer loop
   vertex -1.99499999999984 45.49999999997122 4.52942497472077
   vertex -3.44065333472582 46.82507300980035 4.52942497472077
   vertex -3.72000000000074 46.59067332599756 4.52942497472077
  endloop
 endfacet
 facet normal 0.00000000000000 0.00000000000000 1.00000000000000
  outer loop
   vertex -1.99499999999984 45.49999999997122 4.52942497472077
   vertex -1.99499999999988 136.99999999996805 4.52942497472077
   vertex -3.25832274817554 47.85912115046316 4.52942497472077
  endloop
 endfacet
 facet normal 0.00000000000000 0.00000000000000 1.00000000000000
  outer loop
   vertex -1.99499999999988 136.99999999996805 4.52942497472077
   vertex -3.72000000000074 48.40932667394488 4.52942497472077
   vertex -3.44065333472582 48.17492699014207 4.52942497472077
  endloop
 endfacet
 facet normal 0.00000000000000 0.00000000000000 1.00000000000000
  outer loop
   vertex 2.77170793699561 144.49999999996805 4.52942497472077
   vertex -1.79592923516769 142.68903494338522 4.52942497472077
   vertex -1.43995047095048 142.07246163734544 4.52942497472077
  endloop
 endfacet
 facet normal 0.00000000000000 0.00000000000000 1.00000000000000
  outer loop
   vertex 1.00500000000007 139.99999999996805 4.52942497472077
   vertex 2.77170793699565 139.99999999996805 4.52942497472077
   vertex 3.77170793699561 140.99999999996808 4.52942497472077
  endloop
 endfacet
 facet normal 0.00000000000000 0.00000000000000 1.00000000000000
  outer loop
   vertex -5.23167725182594 47.85912115046316 4.52942497472077
   vertex -6.49499999999990 141.49999999996817 4.52942497472077
   vertex -6.49499999999990 45.49999999997122 4.52942497472077
  endloop
 endfacet
 facet normal 0.00000000000000 -0.00000000000000 1.00000000000000
  outer loop
   vertex -2.73112695003450 44.53544258151343 4.52942497472077
   vertex -2.41999474795659 44.68185028254620 4.52942497472077
   vertex -3.72000000000074 46.59067332599756 4.52942497472077
  endloop
 endfacet
 facet normal -0.00000000000000 0.00000000000000 1.00000000000000
  outer loop
   vertex -3.44065333472582 48.17492699014207 4.52942497472077
   vertex -3.25832274817554 47.85912115046316 4.52942497472077
   vertex -1.99499999999988 136.99999999996805 4.52942497472077
  endloop
 endfacet
 facet normal 0.00000000000000 -0.00000000000000 1.00000000000000
  outer loop
   vertex 3.72276445329077 140.69098300559315 4.52942497472077
   vertex 3.77170793699561 140.99999999996808 4.52942497472077
   vertex 3.35949318928811 140.19098300559315 4.52942497472077
  endloop
 endfacet
 facet normal 0.00000000000000 0.00000000000000 1.00000000000000
  outer loop
   vertex -5.04934666527566 46.82507300980035 4.52942497472077
   vertex -5.23167725182594 47.14087884947926 4.52942497472077
   vertex -6.49499999999990 45.49999999997122 4.52942497472077
  endloop
 endfacet
 facet normal 0.00000000000000 0.00000000000000 1.00000000000000
  outer loop
   vertex 3.77170793699564 143.49999999996808 4.52942497472077
   vertex 3.72276445329079 143.80901699434307 4.52942497472077
   vertex -1.43995047095048 142.07246163734544 4.52942497472077
  endloop
 endfacet
 facet normal 0.00000000000000 0.00000000000000 1.00000000000000
  outer loop
   vertex -1.99499999999984 45.49999999997122 4.52942497472077
   vertex -3.19500000000075 47.49999999997122 4.52942497472077
   vertex -3.25832274817554 47.14087884947926 4.52942497472077
  endloop
 endfacet
 facet normal 0.00000000000000 -0.00000000000000 1.00000000000000
  outer loop
   vertex -5.04934666527566 48.17492699014207 4.52942497472077
   vertex -4.77000000000075 48.40932667394488 4.52942497472077
   vertex -6.49499999999990 141.49999999996817 4.52942497472077
  endloop
 endfacet
 facet normal 0.00000000000000 0.00000000000000 1.00000000000000
  outer loop
   vertex -3.25832274817554 47.85912115046316 4.52942497472077
   vertex -3.19500000000075 47.49999999997122 4.52942497472077
   vertex -1.99499999999984 45.49999999997122 4.52942497472077
  endloop
 endfacet
 facet normal -0.98480775301221 -0.17364817766693 -0.00000000000000
  outer loop
   vertex -1.43995047095048 142.07246163734544 1.52942497472077
   vertex -1.31632034356159 141.37132034352783 1.52942497472077
   vertex -1.31632034356159 141.37132034352783 4.52942497472077
  endloop
 endfacet
 facet normal -0.86602540378443 -0.50000000000001 -0.00000000000000
  outer loop
   vertex -1.79592923516769 142.68903494338522 1.52942497472077
   vertex -1.43995047095048 142.07246163734544 1.52942497472077
   vertex -1.43995047095048 142.07246163734544 4.52942497472077
  endloop
 endfacet
 facet normal -0.64278760968654 -0.76604444311897 0.00000000000000
  outer loop
   vertex -2.34132034356160 143.14667242128593 1.52942497472077
   vertex -1.79592923516769 142.68903494338522 1.52942497472077
   vertex -1.79592923516769 142.68903494338522 4.52942497472077
  endloop
 endfacet
 facet normal -0.34202014332565 -0.93969262078592 -0.00000000000000
  outer loop
   vertex -3.01034157934439 143.39017623720284 1.52942497472077
   vertex -2.34132034356160 143.14667242128593 1.52942497472077
   vertex -2.34132034356160 143.14667242128593 4.52942497472077
  endloop
 endfacet
 facet normal 0.00000000000000 -1.00000000000000 0.00000000000000
  outer loop
   vertex -3.72229910777881 143.39017623720284 1.52942497472077
   vertex -3.01034157934439 143.39017623720284 1.52942497472077
   vertex -3.01034157934439 143.39017623720284 4.52942497472077
  endloop
 endfacet
 facet normal 0.34202014332565 -0.93969262078592 -0.00000000000000
  outer loop
   vertex -4.39132034356161 143.14667242128593 1.52942497472077
   vertex -3.72229910777881 143.39017623720284 1.52942497472077
   vertex -3.72229910777881 143.39017623720284 4.52942497472077
  endloop
 endfacet
 facet normal 0.64278760968654 -0.76604444311897 -0.00000000000000
  outer loop
   vertex -4.93671145195552 142.68903494338522 1.52942497472077
   vertex -4.39132034356161 143.14667242128593 1.52942497472077
   vertex -4.39132034356161 143.14667242128593 4.52942497472077
  endloop
 endfacet
 facet normal 0.86602540378444 -0.50000000000001 -0.00000000000000
  outer loop
   vertex -5.29269021617273 142.07246163734544 1.52942497472077
   vertex -4.93671145195552 142.68903494338522 1.52942497472077
   vertex -4.93671145195552 142.68903494338522 4.52942497472077
  endloop
 endfacet
 facet normal 0.98480775301221 -0.17364817766693 -0.00000000000000
  outer loop
   vertex -5.41632034356161 141.37132034352783 1.52942497472077
   vertex -5.29269021617273 142.07246163734544 1.52942497472077
   vertex -5.29269021617273 142.07246163734544 4.52942497472077
  endloop
 endfacet
 facet normal 0.98480775301221 0.17364817766692 -0.00000000000000
  outer loop
   vertex -5.29269021617273 140.67017904971019 1.52942497472077
   vertex -5.41632034356161 141.37132034352783 1.52942497472077
   vertex -5.41632034356161 141.37132034352783 4.52942497472077
  endloop
 endfacet
 facet normal 0.86602540378443 0.50000000000001 -0.00000000000000
  outer loop
   vertex -4.93671145195551 140.05360574367040 1.52942497472077
   vertex -5.29269021617273 140.67017904971019 1.52942497472077
   vertex -5.29269021617273 140.67017904971019 4.52942497472077
  endloop
 endfacet
 facet normal 0.64278760968654 0.76604444311897 -0.00000000000000
  outer loop
   vertex -4.39132034356160 139.59596826576970 1.52942497472077
   vertex -4.93671145195551 140.05360574367040 1.52942497472077
   vertex -4.93671145195551 140.05360574367040 4.52942497472077
  endloop
 endfacet
 facet normal 0.34202014332565 0.93969262078592 -0.00000000000000
  outer loop
   vertex -3.72229910777881 139.35246444985279 1.52942497472077
   vertex -4.39132034356160 139.59596826576970 1.52942497472077
   vertex -4.39132034356160 139.59596826576970 4.52942497472077
  endloop
 endfacet
 facet normal 0.00000000000000 1.00000000000000 0.00000000000000
  outer loop
   vertex -3.01034157934439 139.35246444985279 1.52942497472077
   vertex -3.72229910777881 139.35246444985279 1.52942497472077
   vertex -3.72229910777881 139.35246444985279 4.52942497472077
  endloop
 endfacet
 facet normal -0.34202014332565 0.93969262078592 -0.00000000000000
  outer loop
   vertex -2.34132034356160 139.59596826576970 1.52942497472077
   vertex -3.01034157934439 139.35246444985279 1.52942497472077
   vertex -3.01034157934439 139.35246444985279 4.52942497472077
  endloop
 endfacet
 facet normal -0.64278760968654 0.76604444311897 -0.00000000000000
  outer loop
   vertex -1.79592923516769 140.05360574367040 1.52942497472077
   vertex -2.34132034356160 139.59596826576970 1.52942497472077
   vertex -2.34132034356160 139.59596826576970 4.52942497472077
  endloop
 endfacet
 facet normal -0.86602540378443 0.50000000000001 0.00000000000000
  outer loop
   vertex -1.43995047095048 140.67017904971019 1.52942497472077
   vertex -1.79592923516769 140.05360574367040 1.52942497472077
   vertex -1.79592923516769 140.05360574367040 4.52942497472077
  endloop
 endfacet
 facet normal -0.98480775301221 0.17364817766692 0.00000000000000
  outer loop
   vertex -1.31632034356159 141.37132034352783 1.52942497472077
   vertex -1.43995047095048 140.67017904971019 1.52942497472077
   vertex -1.43995047095048 140.67017904971019 4.52942497472077
  endloop
 endfacet
 facet normal -0.98480775301221 0.17364817766692 0.00000000000000
  outer loop
   vertex -1.43995047095048 140.67017904971019 4.52942497472077
   vertex -1.31632034356159 141.37132034352783 4.52942497472077
   vertex -1.31632034356159 141.37132034352783 1.52942497472077
  endloop
 endfacet
 facet normal -0.86602540378443 0.50000000000001 0.00000000000000
  outer loop
   vertex -1.79592923516769 140.05360574367040 4.52942497472077
   vertex -1.43995047095048 140.67017904971019 4.52942497472077
   vertex -1.43995047095048 140.67017904971019 1.52942497472077
  endloop
 endfacet
 facet normal -0.64278760968654 0.76604444311897 -0.00000000000000
  outer loop
   vertex -2.34132034356160 139.59596826576970 4.52942497472077
   vertex -1.79592923516769 140.05360574367040 4.52942497472077
   vertex -1.79592923516769 140.05360574367040 1.52942497472077
  endloop
 endfacet
 facet normal -0.34202014332565 0.93969262078592 -0.00000000000000
  outer loop
   vertex -3.01034157934439 139.35246444985279 4.52942497472077
   vertex -2.34132034356160 139.59596826576970 4.52942497472077
   vertex -2.34132034356160 139.59596826576970 1.52942497472077
  endloop
 endfacet
 facet normal -0.00000000000000 1.00000000000000 0.00000000000000
  outer loop
   vertex -3.72229910777881 139.35246444985279 4.52942497472077
   vertex -3.01034157934439 139.35246444985279 4.52942497472077
   vertex -3.01034157934439 139.35246444985279 1.52942497472077
  endloop
 endfacet
 facet normal 0.34202014332565 0.93969262078592 -0.00000000000000
  outer loop
   vertex -4.39132034356160 139.59596826576970 4.52942497472077
   vertex -3.72229910777881 139.35246444985279 4.52942497472077
   vertex -3.72229910777881 139.35246444985279 1.52942497472077
  endloop
 endfacet
 facet normal 0.64278760968654 0.76604444311897 -0.00000000000000
  outer loop
   vertex -4.93671145195551 140.05360574367040 4.52942497472077
   vertex -4.39132034356160 139.59596826576970 4.52942497472077
   vertex -4.39132034356160 139.59596826576970 1.52942497472077
  endloop
 endfacet
 facet normal 0.86602540378443 0.50000000000001 -0.00000000000000
  outer loop
   vertex -5.29269021617273 140.67017904971019 4.52942497472077
   vertex -4.93671145195551 140.05360574367040 4.52942497472077
   vertex -4.93671145195551 140.05360574367040 1.52942497472077
  endloop
 endfacet
 facet normal 0.98480775301221 0.17364817766692 -0.00000000000000
  outer loop
   vertex -5.41632034356161 141.37132034352783 4.52942497472077
   vertex -5.29269021617273 140.67017904971019 4.52942497472077
   vertex -5.29269021617273 140.67017904971019 1.52942497472077
  endloop
 endfacet
 facet normal 0.98480775301221 -0.17364817766693 -0.00000000000000
  outer loop
   vertex -5.29269021617273 142.07246163734544 4.52942497472077
   vertex -5.41632034356161 141.37132034352783 4.52942497472077
   vertex -5.41632034356161 141.37132034352783 1.52942497472077
  endloop
 endfacet
 facet normal 0.86602540378444 -0.50000000000001 -0.00000000000000
  outer loop
   vertex -4.93671145195552 142.68903494338522 4.52942497472077
   vertex -5.29269021617273 142.07246163734544 4.52942497472077
   vertex -5.29269021617273 142.07246163734544 1.52942497472077
  endloop
 endfacet
 facet normal 0.64278760968654 -0.76604444311897 -0.00000000000000
  outer loop
   vertex -4.39132034356161 143.14667242128593 4.52942497472077
   vertex -4.93671145195552 142.68903494338522 4.52942497472077
   vertex -4.93671145195552 142.68903494338522 1.52942497472077
  endloop
 endfacet
 facet normal 0.34202014332565 -0.93969262078592 -0.00000000000000
  outer loop
   vertex -3.72229910777881 143.39017623720284 4.52942497472077
   vertex -4.39132034356161 143.14667242128593 4.52942497472077
   vertex -4.39132034356161 143.14667242128593 1.52942497472077
  endloop
 endfacet
 facet normal -0.00000000000000 -1.00000000000000 0.00000000000000
  outer loop
   vertex -3.01034157934439 143.39017623720284 4.52942497472077
   vertex -3.72229910777881 143.39017623720284 4.52942497472077
   vertex -3.72229910777881 143.39017623720284 1.52942497472077
  endloop
 endfacet
 facet normal -0.34202014332565 -0.93969262078592 -0.00000000000000
  outer loop
   vertex -2.34132034356160 143.14667242128593 4.52942497472077
   vertex -3.01034157934439 143.39017623720284 4.52942497472077
   vertex -3.01034157934439 143.39017623720284 1.52942497472077
  endloop
 endfacet
 facet normal -0.64278760968654 -0.76604444311897 0.00000000000000
  outer loop
   vertex -1.79592923516769 142.68903494338522 4.52942497472077
   vertex -2.34132034356160 143.14667242128593 4.52942497472077
   vertex -2.34132034356160 143.14667242128593 1.52942497472077
  endloop
 endfacet
 facet normal -0.86602540378443 -0.50000000000001 -0.00000000000000
  outer loop
   vertex -1.43995047095048 142.07246163734544 4.52942497472077
   vertex -1.79592923516769 142.68903494338522 4.52942497472077
   vertex -1.79592923516769 142.68903494338522 1.52942497472077
  endloop
 endfacet
 facet normal -0.98480775301221 -0.17364817766693 -0.00000000000000
  outer loop
   vertex -1.31632034356159 141.37132034352783 4.52942497472077
   vertex -1.43995047095048 142.07246163734544 4.52942497472077
   vertex -1.43995047095048 142.07246163734544 1.52942497472077
  endloop
 endfacet
 facet normal 0.00000000000000 0.00000000000000 1.00000000000000
  outer loop
   vertex -3.36632034356160 141.37132034352783 1.52942497472077
   vertex -5.29269021617273 140.67017904971019 1.52942497472077
   vertex -4.93671145195551 140.05360574367040 1.52942497472077
  endloop
 endfacet
 facet normal -0.00000000000000 0.00000000000000 1.00000000000000
  outer loop
   vertex -4.93671145195551 140.05360574367040 1.52942497472077
   vertex -4.39132034356160 139.59596826576970 1.52942497472077
   vertex -3.36632034356160 141.37132034352783 1.52942497472077
  endloop
 endfacet
 facet normal -0.00000000000000 0.00000000000000 1.00000000000000
  outer loop
   vertex -4.39132034356160 139.59596826576970 1.52942497472077
   vertex -3.72229910777882 139.35246444985279 1.52942497472077
   vertex -3.36632034356160 141.37132034352783 1.52942497472077
  endloop
 endfacet
 facet normal 0.00000000000000 0.00000000000000 1.00000000000000
  outer loop
   vertex -3.72229910777882 139.35246444985279 1.52942497472077
   vertex -3.01034157934438 139.35246444985279 1.52942497472077
   vertex -3.36632034356160 141.37132034352783 1.52942497472077
  endloop
 endfacet
 facet normal 0.00000000000000 -0.00000000000000 1.00000000000000
  outer loop
   vertex -3.01034157934438 139.35246444985279 1.52942497472077
   vertex -2.34132034356160 139.59596826576970 1.52942497472077
   vertex -3.36632034356160 141.37132034352783 1.52942497472077
  endloop
 endfacet
 facet normal 0.00000000000000 -0.00000000000000 1.00000000000000
  outer loop
   vertex -2.34132034356160 139.59596826576970 1.52942497472077
   vertex -1.79592923516769 140.05360574367040 1.52942497472077
   vertex -3.36632034356160 141.37132034352783 1.52942497472077
  endloop
 endfacet
 facet normal 0.00000000000000 -0.00000000000000 1.00000000000000
  outer loop
   vertex -1.79592923516769 140.05360574367040 1.52942497472077
   vertex -1.43995047095048 140.67017904971019 1.52942497472077
   vertex -3.36632034356160 141.37132034352783 1.52942497472077
  endloop
 endfacet
 facet normal 0.00000000000000 -0.00000000000000 1.00000000000000
  outer loop
   vertex -1.43995047095048 140.67017904971019 1.52942497472077
   vertex -1.31632034356160 141.37132034352783 1.52942497472077
   vertex -3.36632034356160 141.37132034352783 1.52942497472077
  endloop
 endfacet
 facet normal 0.00000000000000 0.00000000000000 1.00000000000000
  outer loop
   vertex -1.31632034356160 141.37132034352783 1.52942497472077
   vertex -1.43995047095048 142.07246163734544 1.52942497472077
   vertex -3.36632034356160 141.37132034352783 1.52942497472077
  endloop
 endfacet
 facet normal 0.00000000000000 0.00000000000000 1.00000000000000
  outer loop
   vertex -1.43995047095048 142.07246163734544 1.52942497472077
   vertex -1.79592923516769 142.68903494338522 1.52942497472077
   vertex -3.36632034356160 141.37132034352783 1.52942497472077
  endloop
 endfacet
 facet normal 0.00000000000000 0.00000000000000 1.00000000000000
  outer loop
   vertex -1.79592923516769 142.68903494338522 1.52942497472077
   vertex -2.34132034356160 143.14667242128593 1.52942497472077
   vertex -3.36632034356160 141.37132034352783 1.52942497472077
  endloop
 endfacet
 facet normal 0.00000000000000 0.00000000000000 1.00000000000000
  outer loop
   vertex -2.34132034356160 143.14667242128593 1.52942497472077
   vertex -3.01034157934438 143.39017623720284 1.52942497472077
   vertex -3.36632034356160 141.37132034352783 1.52942497472077
  endloop
 endfacet
 facet normal 0.00000000000000 0.00000000000000 1.00000000000000
  outer loop
   vertex -3.01034157934438 143.39017623720284 1.52942497472077
   vertex -3.72229910777882 143.39017623720284 1.52942497472077
   vertex -3.36632034356160 141.37132034352783 1.52942497472077
  endloop
 endfacet
 facet normal 0.00000000000000 0.00000000000000 1.00000000000000
  outer loop
   vertex -3.72229910777882 143.39017623720284 1.52942497472077
   vertex -4.39132034356160 143.14667242128593 1.52942497472077
   vertex -3.36632034356160 141.37132034352783 1.52942497472077
  endloop
 endfacet
 facet normal 0.00000000000000 0.00000000000000 1.00000000000000
  outer loop
   vertex -4.39132034356160 143.14667242128593 1.52942497472077
   vertex -4.93671145195551 142.68903494338522 1.52942497472077
   vertex -3.36632034356160 141.37132034352783 1.52942497472077
  endloop
 endfacet
 facet normal 0.00000000000000 0.00000000000000 1.00000000000000
  outer loop
   vertex -4.93671145195551 142.68903494338522 1.52942497472077
   vertex -5.29269021617273 142.07246163734544 1.52942497472077
   vertex -3.36632034356160 141.37132034352783 1.52942497472077
  endloop
 endfacet
 facet normal -0.00000000000000 -0.00000000000000 1.00000000000000
  outer loop
   vertex -5.29269021617273 142.07246163734544 1.52942497472077
   vertex -5.41632034356161 141.37132034352783 1.52942497472077
   vertex -3.36632034356160 141.37132034352783 1.52942497472077
  endloop
 endfacet
 facet normal -0.00000000000000 0.00000000000000 1.00000000000000
  outer loop
   vertex -5.41632034356161 141.37132034352783 1.52942497472077
   vertex -5.29269021617273 140.67017904971019 1.52942497472077
   vertex -3.36632034356160 141.37132034352783 1.52942497472077
  endloop
 endfacet
 facet normal -0.98480775301221 -0.17364817766693 -0.00000000000000
  outer loop
   vertex -3.25832274817554 47.85912115046316 1.52942497472077
   vertex -3.19500000000074 47.49999999997122 1.52942497472077
   vertex -3.19500000000074 47.49999999997122 4.52942497472077
  endloop
 endfacet
 facet normal -0.86602540378444 -0.50000000000000 -0.00000000000000
  outer loop
   vertex -3.44065333472582 48.17492699014207 1.52942497472077
   vertex -3.25832274817554 47.85912115046316 1.52942497472077
   vertex -3.25832274817554 47.85912115046316 4.52942497472077
  endloop
 endfacet
 facet normal -0.64278760968655 -0.76604444311897 -0.00000000000000
  outer loop
   vertex -3.72000000000074 48.40932667394487 1.52942497472077
   vertex -3.44065333472582 48.17492699014207 1.52942497472077
   vertex -3.44065333472582 48.17492699014207 4.52942497472077
  endloop
 endfacet
 facet normal -0.34202014332567 -0.93969262078591 0.00000000000000
  outer loop
   vertex -4.06266941345047 48.53404814063403 1.52942497472077
   vertex -3.72000000000074 48.40932667394487 1.52942497472077
   vertex -3.72000000000074 48.40932667394487 4.52942497472077
  endloop
 endfacet
 facet normal 0.00000000000000 -1.00000000000000 0.00000000000000
  outer loop
   vertex -4.42733058655102 48.53404814063403 1.52942497472077
   vertex -4.06266941345047 48.53404814063403 1.52942497472077
   vertex -4.06266941345047 48.53404814063403 4.52942497472077
  endloop
 endfacet
 facet normal 0.34202014332567 -0.93969262078591 -0.00000000000000
  outer loop
   vertex -4.77000000000074 48.40932667394487 1.52942497472077
   vertex -4.42733058655102 48.53404814063403 1.52942497472077
   vertex -4.42733058655102 48.53404814063403 4.52942497472077
  endloop
 endfacet
 facet normal 0.64278760968655 -0.76604444311897 0.00000000000000
  outer loop
   vertex -5.04934666527567 48.17492699014207 1.52942497472077
   vertex -4.77000000000074 48.40932667394487 1.52942497472077
   vertex -4.77000000000074 48.40932667394487 4.52942497472077
  endloop
 endfacet
 facet normal 0.86602540378444 -0.50000000000000 -0.00000000000000
  outer loop
   vertex -5.23167725182594 47.85912115046316 1.52942497472077
   vertex -5.04934666527567 48.17492699014207 1.52942497472077
   vertex -5.04934666527567 48.17492699014207 4.52942497472077
  endloop
 endfacet
 facet normal 0.98480775301221 -0.17364817766693 0.00000000000000
  outer loop
   vertex -5.29500000000074 47.49999999997122 1.52942497472077
   vertex -5.23167725182594 47.85912115046316 1.52942497472077
   vertex -5.23167725182594 47.85912115046316 4.52942497472077
  endloop
 endfacet
 facet normal 0.98480775301221 0.17364817766693 0.00000000000000
  outer loop
   vertex -5.23167725182594 47.14087884947926 1.52942497472077
   vertex -5.29500000000074 47.49999999997122 1.52942497472077
   vertex -5.29500000000074 47.49999999997122 4.52942497472077
  endloop
 endfacet
 facet normal 0.86602540378444 0.50000000000000 0.00000000000000
  outer loop
   vertex -5.04934666527567 46.82507300980035 1.52942497472077
   vertex -5.23167725182594 47.14087884947926 1.52942497472077
   vertex -5.23167725182594 47.14087884947926 4.52942497472077
  endloop
 endfacet
 facet normal 0.64278760968655 0.76604444311897 -0.00000000000000
  outer loop
   vertex -4.77000000000074 46.59067332599755 1.52942497472077
   vertex -5.04934666527567 46.82507300980035 1.52942497472077
   vertex -5.04934666527567 46.82507300980035 4.52942497472077
  endloop
 endfacet
 facet normal 0.34202014332567 0.93969262078591 0.00000000000000
  outer loop
   vertex -4.42733058655102 46.46595185930839 1.52942497472077
   vertex -4.77000000000074 46.59067332599755 1.52942497472077
   vertex -4.77000000000074 46.59067332599755 4.52942497472077
  endloop
 endfacet
 facet normal 0.00000000000000 1.00000000000000 0.00000000000000
  outer loop
   vertex -4.06266941345047 46.46595185930839 1.52942497472077
   vertex -4.42733058655102 46.46595185930839 1.52942497472077
   vertex -4.42733058655102 46.46595185930839 4.52942497472077
  endloop
 endfacet
 facet normal -0.34202014332567 0.93969262078591 0.00000000000000
  outer loop
   vertex -3.72000000000074 46.59067332599755 1.52942497472077
   vertex -4.06266941345047 46.46595185930839 1.52942497472077
   vertex -4.06266941345047 46.46595185930839 4.52942497472077
  endloop
 endfacet
 facet normal -0.64278760968655 0.76604444311897 -0.00000000000000
  outer loop
   vertex -3.44065333472582 46.82507300980035 1.52942497472077
   vertex -3.72000000000074 46.59067332599755 1.52942497472077
   vertex -3.72000000000074 46.59067332599755 4.52942497472077
  endloop
 endfacet
 facet normal -0.86602540378444 0.50000000000000 0.00000000000000
  outer loop
   vertex -3.25832274817554 47.14087884947926 1.52942497472077
   vertex -3.44065333472582 46.82507300980035 1.52942497472077
   vertex -3.44065333472582 46.82507300980035 4.52942497472077
  endloop
 endfacet
 facet normal -0.98480775301221 0.17364817766693 -0.00000000000000
  outer loop
   vertex -3.19500000000074 47.49999999997122 1.52942497472077
   vertex -3.25832274817554 47.14087884947926 1.52942497472077
   vertex -3.25832274817554 47.14087884947926 4.52942497472077
  endloop
 endfacet
 facet normal -0.98480775301221 0.17364817766693 -0.00000000000000
  outer loop
   vertex -3.25832274817554 47.14087884947926 4.52942497472077
   vertex -3.19500000000074 47.49999999997122 4.52942497472077
   vertex -3.19500000000074 47.49999999997122 1.52942497472077
  endloop
 endfacet
 facet normal -0.86602540378444 0.50000000000000 0.00000000000000
  outer loop
   vertex -3.44065333472582 46.82507300980035 4.52942497472077
   vertex -3.25832274817554 47.14087884947926 4.52942497472077
   vertex -3.25832274817554 47.14087884947926 1.52942497472077
  endloop
 endfacet
 facet normal -0.64278760968655 0.76604444311897 -0.00000000000000
  outer loop
   vertex -3.72000000000074 46.59067332599755 4.52942497472077
   vertex -3.44065333472582 46.82507300980035 4.52942497472077
   vertex -3.44065333472582 46.82507300980035 1.52942497472077
  endloop
 endfacet
 facet normal -0.34202014332567 0.93969262078591 0.00000000000000
  outer loop
   vertex -4.06266941345047 46.46595185930839 4.52942497472077
   vertex -3.72000000000074 46.59067332599755 4.52942497472077
   vertex -3.72000000000074 46.59067332599755 1.52942497472077
  endloop
 endfacet
 facet normal -0.00000000000000 1.00000000000000 0.00000000000000
  outer loop
   vertex -4.42733058655102 46.46595185930839 4.52942497472077
   vertex -4.06266941345047 46.46595185930839 4.52942497472077
   vertex -4.06266941345047 46.46595185930839 1.52942497472077
  endloop
 endfacet
 facet normal 0.34202014332567 0.93969262078591 0.00000000000000
  outer loop
   vertex -4.77000000000074 46.59067332599755 4.52942497472077
   vertex -4.42733058655102 46.46595185930839 4.52942497472077
   vertex -4.42733058655102 46.46595185930839 1.52942497472077
  endloop
 endfacet
 facet normal 0.64278760968655 0.76604444311897 -0.00000000000000
  outer loop
   vertex -5.04934666527567 46.82507300980035 4.52942497472077
   vertex -4.77000000000074 46.59067332599755 4.52942497472077
   vertex -4.77000000000074 46.59067332599755 1.52942497472077
  endloop
 endfacet
 facet normal 0.86602540378444 0.50000000000000 0.00000000000000
  outer loop
   vertex -5.23167725182594 47.14087884947926 4.52942497472077
   vertex -5.04934666527567 46.82507300980035 4.52942497472077
   vertex -5.04934666527567 46.82507300980035 1.52942497472077
  endloop
 endfacet
 facet normal 0.98480775301221 0.17364817766693 0.00000000000000
  outer loop
   vertex -5.29500000000074 47.49999999997122 4.52942497472077
   vertex -5.23167725182594 47.14087884947926 4.52942497472077
   vertex -5.23167725182594 47.14087884947926 1.52942497472077
  endloop
 endfacet
 facet normal 0.98480775301221 -0.17364817766693 0.00000000000000
  outer loop
   vertex -5.23167725182594 47.85912115046316 4.52942497472077
   vertex -5.29500000000074 47.49999999997122 4.52942497472077
   vertex -5.29500000000074 47.49999999997122 1.52942497472077
  endloop
 endfacet
 facet normal 0.86602540378444 -0.50000000000000 -0.00000000000000
  outer loop
   vertex -5.04934666527567 48.17492699014207 4.52942497472077
   vertex -5.23167725182594 47.85912115046316 4.52942497472077
   vertex -5.23167725182594 47.85912115046316 1.52942497472077
  endloop
 endfacet
 facet normal 0.64278760968655 -0.76604444311897 0.00000000000000
  outer loop
   vertex -4.77000000000074 48.40932667394487 4.52942497472077
   vertex -5.04934666527567 48.17492699014207 4.52942497472077
   vertex -5.04934666527567 48.17492699014207 1.52942497472077
  endloop
 endfacet
 facet normal 0.34202014332567 -0.93969262078591 -0.00000000000000
  outer loop
   vertex -4.42733058655102 48.53404814063403 4.52942497472077
   vertex -4.77000000000074 48.40932667394487 4.52942497472077
   vertex -4.77000000000074 48.40932667394487 1.52942497472077
  endloop
 endfacet
 facet normal -0.00000000000000 -1.00000000000000 0.00000000000000
  outer loop
   vertex -4.06266941345047 48.53404814063403 4.52942497472077
   vertex -4.42733058655102 48.53404814063403 4.52942497472077
   vertex -4.42733058655102 48.53404814063403 1.52942497472077
  endloop
 endfacet
 facet normal -0.34202014332567 -0.93969262078591 0.00000000000000
  outer loop
   vertex -3.72000000000074 48.40932667394487 4.52942497472077
   vertex -4.06266941345047 48.53404814063403 4.52942497472077
   vertex -4.06266941345047 48.53404814063403 1.52942497472077
  endloop
 endfacet
 facet normal -0.64278760968655 -0.76604444311897 -0.00000000000000
  outer loop
   vertex -3.44065333472582 48.17492699014207 4.52942497472077
   vertex -3.72000000000074 48.40932667394487 4.52942497472077
   vertex -3.72000000000074 48.40932667394487 1.52942497472077
  endloop
 endfacet
 facet normal -0.86602540378444 -0.50000000000000 -0.00000000000000
  outer loop
   vertex -3.25832274817554 47.85912115046316 4.52942497472077
   vertex -3.44065333472582 48.17492699014207 4.52942497472077
   vertex -3.44065333472582 48.17492699014207 1.52942497472077
  endloop
 endfacet
 facet normal -0.98480775301221 -0.17364817766693 -0.00000000000000
  outer loop
   vertex -3.19500000000074 47.49999999997122 4.52942497472077
   vertex -3.25832274817554 47.85912115046316 4.52942497472077
   vertex -3.25832274817554 47.85912115046316 1.52942497472077
  endloop
 endfacet
 facet normal 0.00000000000000 0.00000000000000 1.00000000000000
  outer loop
   vertex -4.24500000000074 47.49999999997122 1.52942497472077
   vertex -5.23167725182594 47.14087884947926 1.52942497472077
   vertex -5.04934666527566 46.82507300980035 1.52942497472077
  endloop
 endfacet
 facet normal -0.00000000000000 0.00000000000000 1.00000000000000
  outer loop
   vertex -5.04934666527566 46.82507300980035 1.52942497472077
   vertex -4.77000000000075 46.59067332599756 1.52942497472077
   vertex -4.24500000000074 47.49999999997122 1.52942497472077
  endloop
 endfacet
 facet normal -0.00000000000000 0.00000000000000 1.00000000000000
  outer loop
   vertex -4.77000000000075 46.59067332599756 1.52942497472077
   vertex -4.42733058655102 46.46595185930840 1.52942497472077
   vertex -4.24500000000074 47.49999999997122 1.52942497472077
  endloop
 endfacet
 facet normal 0.00000000000000 0.00000000000000 1.00000000000000
  outer loop
   vertex -4.42733058655102 46.46595185930840 1.52942497472077
   vertex -4.06266941345046 46.46595185930840 1.52942497472077
   vertex -4.24500000000074 47.49999999997122 1.52942497472077
  endloop
 endfacet
 facet normal 0.00000000000000 -0.00000000000000 1.00000000000000
  outer loop
   vertex -4.06266941345046 46.46595185930840 1.52942497472077
   vertex -3.72000000000074 46.59067332599756 1.52942497472077
   vertex -4.24500000000074 47.49999999997122 1.52942497472077
  endloop
 endfacet
 facet normal 0.00000000000000 -0.00000000000000 1.00000000000000
  outer loop
   vertex -3.72000000000074 46.59067332599756 1.52942497472077
   vertex -3.44065333472582 46.82507300980035 1.52942497472077
   vertex -4.24500000000074 47.49999999997122 1.52942497472077
  endloop
 endfacet
 facet normal 0.00000000000000 -0.00000000000000 1.00000000000000
  outer loop
   vertex -3.44065333472582 46.82507300980035 1.52942497472077
   vertex -3.25832274817554 47.14087884947926 1.52942497472077
   vertex -4.24500000000074 47.49999999997122 1.52942497472077
  endloop
 endfacet
 facet normal 0.00000000000000 -0.00000000000000 1.00000000000000
  outer loop
   vertex -3.25832274817554 47.14087884947926 1.52942497472077
   vertex -3.19500000000075 47.49999999997122 1.52942497472077
   vertex -4.24500000000074 47.49999999997122 1.52942497472077
  endloop
 endfacet
 facet normal 0.00000000000000 0.00000000000000 1.00000000000000
  outer loop
   vertex -3.19500000000075 47.49999999997122 1.52942497472077
   vertex -3.25832274817554 47.85912115046316 1.52942497472077
   vertex -4.24500000000074 47.49999999997122 1.52942497472077
  endloop
 endfacet
 facet normal 0.00000000000000 0.00000000000000 1.00000000000000
  outer loop
   vertex -3.25832274817554 47.85912115046316 1.52942497472077
   vertex -3.44065333472582 48.17492699014207 1.52942497472077
   vertex -4.24500000000074 47.49999999997122 1.52942497472077
  endloop
 endfacet
 facet normal 0.00000000000000 0.00000000000000 1.00000000000000
  outer loop
   vertex -3.44065333472582 48.17492699014207 1.52942497472077
   vertex -3.72000000000074 48.40932667394488 1.52942497472077
   vertex -4.24500000000074 47.49999999997122 1.52942497472077
  endloop
 endfacet
 facet normal 0.00000000000000 0.00000000000000 1.00000000000000
  outer loop
   vertex -3.72000000000074 48.40932667394488 1.52942497472077
   vertex -4.06266941345046 48.53404814063403 1.52942497472077
   vertex -4.24500000000074 47.49999999997122 1.52942497472077
  endloop
 endfacet
 facet normal 0.00000000000000 0.00000000000000 1.00000000000000
  outer loop
   vertex -4.06266941345046 48.53404814063403 1.52942497472077
   vertex -4.42733058655102 48.53404814063403 1.52942497472077
   vertex -4.24500000000074 47.49999999997122 1.52942497472077
  endloop
 endfacet
 facet normal 0.00000000000000 0.00000000000000 1.00000000000000
  outer loop
   vertex -4.42733058655102 48.53404814063403 1.52942497472077
   vertex -4.77000000000075 48.40932667394488 1.52942497472077
   vertex -4.24500000000074 47.49999999997122 1.52942497472077
  endloop
 endfacet
 facet normal 0.00000000000000 0.00000000000000 1.00000000000000
  outer loop
   vertex -4.77000000000075 48.40932667394488 1.52942497472077
   vertex -5.04934666527566 48.17492699014207 1.52942497472077
   vertex -4.24500000000074 47.49999999997122 1.52942497472077
  endloop
 endfacet
 facet normal 0.00000000000000 0.00000000000000 1.00000000000000
  outer loop
   vertex -5.04934666527566 48.17492699014207 1.52942497472077
   vertex -5.23167725182594 47.85912115046316 1.52942497472077
   vertex -4.24500000000074 47.49999999997122 1.52942497472077
  endloop
 endfacet
 facet normal -0.00000000000000 -0.00000000000000 1.00000000000000
  outer loop
   vertex -5.23167725182594 47.85912115046316 1.52942497472077
   vertex -5.29500000000074 47.49999999997122 1.52942497472077
   vertex -4.24500000000074 47.49999999997122 1.52942497472077
  endloop
 endfacet
 facet normal -0.00000000000000 0.00000000000000 1.00000000000000
  outer loop
   vertex -5.29500000000074 47.49999999997122 1.52942497472077
   vertex -5.23167725182594 47.14087884947926 1.52942497472077
   vertex -4.24500000000074 47.49999999997122 1.52942497472077
  endloop
 endfacet
 facet normal -0.00000000000000 0.00000000000000 1.00000000000000
  outer loop
   vertex -4.42205098312477 -6.38938362843587 4.52942497472077
   vertex -3.49499999999985 -6.53621407955042 4.52942497472077
   vertex -3.72229910777807 -5.44570142187499 4.52942497472077
  endloop
 endfacet
 facet normal 0.00000000000000 0.00000000000000 1.00000000000000
  outer loop
   vertex 56.49276851027808 5.33540744045221 4.52942497472077
   vertex 58.25924772570889 4.12938721473320 4.52942497472077
   vertex 58.52284490832592 4.35019319760505 4.52942497472077
  endloop
 endfacet
 facet normal 0.00000000000000 0.00000000000000 1.00000000000000
  outer loop
   vertex 56.49276851027808 5.33540744045221 4.52942497472077
   vertex 56.31043792372780 5.01960160077330 4.52942497472077
   vertex 58.01309679686617 4.02792263625330 4.52942497472077
  endloop
 endfacet
 facet normal 0.00000000000000 0.00000000000000 1.00000000000000
  outer loop
   vertex -4.39132034356088 -5.20219760595806 4.52942497472077
   vertex -5.25835575687734 -5.96326506267525 4.52942497472077
   vertex -4.42205098312477 -6.38938362843587 4.52942497472077
  endloop
 endfacet
 facet normal 0.00000000000000 0.00000000000000 1.00000000000000
  outer loop
   vertex 17.50412421617862 -6.53621407955043 4.52942497472077
   vertex 16.92160572560556 -2.03621407955039 4.52942497472077
   vertex -1.31632034356087 -3.42684552819996 4.52942497472077
  endloop
 endfacet
 facet normal 0.00000000000000 0.00000000000000 1.00000000000000
  outer loop
   vertex 18.26801507286345 -6.43732951315066 4.52942497472077
   vertex 17.68549658229035 -1.93732951315062 4.52942497472077
   vertex 16.92160572560556 -2.03621407955039 4.52942497472077
  endloop
 endfacet
 facet normal 0.00000000000000 0.00000000000000 1.00000000000000
  outer loop
   vertex 18.26801507286345 -6.43732951315066 4.52942497472077
   vertex 58.01309679686617 4.02792263625330 4.52942497472077
   vertex 55.68842184500316 4.66048045028135 4.52942497472077
  endloop
 endfacet
 facet normal 0.00000000000000 -0.00000000000000 1.00000000000000
  outer loop
   vertex 58.01309679686617 4.02792263625330 4.52942497472077
   vertex 58.25924772570889 4.12938721473320 4.52942497472077
   vertex 56.49276851027808 5.33540744045221 4.52942497472077
  endloop
 endfacet
 facet normal 0.00000000000000 0.00000000000000 1.00000000000000
  outer loop
   vertex 56.31043792372780 6.36945558111503 4.52942497472077
   vertex 57.46961180237154 8.35015232730834 4.52942497472077
   vertex 57.13145554337991 8.41251026130723 4.52942497472077
  endloop
 endfacet
 facet normal 0.00000000000000 0.00000000000000 1.00000000000000
  outer loop
   vertex 56.31043792372780 6.36945558111503 4.52942497472077
   vertex 57.98745926372241 7.91333839409759 4.52942497472077
   vertex 57.76665360182464 8.17693472772480 4.52942497472077
  endloop
 endfacet
 facet normal 0.00000000000000 -0.00000000000000 1.00000000000000
  outer loop
   vertex -3.49499999999985 -6.53621407955042 4.52942497472077
   vertex -3.01034157934367 -5.44570142187499 4.52942497472077
   vertex -3.72229910777807 -5.44570142187499 4.52942497472077
  endloop
 endfacet
 facet normal -0.00000000000000 0.00000000000000 1.00000000000000
  outer loop
   vertex -3.49499999999985 -6.53621407955042 4.52942497472077
   vertex 17.50412421617862 -6.53621407955043 4.52942497472077
   vertex -2.34132034356087 -5.20219760595806 4.52942497472077
  endloop
 endfacet
 facet normal 0.00000000000000 0.00000000000000 1.00000000000000
  outer loop
   vertex 16.92160572560556 -2.03621407955039 4.52942497472077
   vertex 17.50412421617862 -6.53621407955043 4.52942497472077
   vertex 18.26801507286345 -6.43732951315066 4.52942497472077
  endloop
 endfacet
 facet normal -0.00000000000000 0.00000000000000 1.00000000000000
  outer loop
   vertex 17.68549658229035 -1.93732951315062 4.52942497472077
   vertex 18.26801507286345 -6.43732951315066 4.52942497472077
   vertex 54.51941400662768 5.33540744045221 4.52942497472077
  endloop
 endfacet
 facet normal 0.00000000000000 0.00000000000000 1.00000000000000
  outer loop
   vertex 18.26801507286345 -6.43732951315066 4.52942497472077
   vertex 54.98109125845290 4.78520191697050 4.52942497472077
   vertex 54.70174459317797 5.01960160077330 4.52942497472077
  endloop
 endfacet
 facet normal 0.00000000000000 0.00000000000000 1.00000000000000
  outer loop
   vertex 58.01309679686617 4.02792263625330 4.52942497472077
   vertex 56.03109125845288 4.78520191697050 4.52942497472077
   vertex 55.68842184500316 4.66048045028135 4.52942497472077
  endloop
 endfacet
 facet normal 0.00000000000000 -0.00000000000000 1.00000000000000
  outer loop
   vertex 58.52284490832592 4.35019319760505 4.52942497472077
   vertex 58.69606293958827 4.64723573732154 4.52942497472077
   vertex 56.49276851027808 5.33540744045221 4.52942497472077
  endloop
 endfacet
 facet normal 0.00000000000000 0.00000000000000 1.00000000000000
  outer loop
   vertex -4.77000000000075 6.40932667394177 4.52942497472077
   vertex -6.45955741845767 7.76387304993349 4.52942497472077
   vertex -6.49499999999987 7.49999999996812 4.52942497472077
  endloop
 endfacet
 facet normal 0.00000000000000 0.00000000000000 1.00000000000000
  outer loop
   vertex -4.77000000000075 6.40932667394177 4.52942497472077
   vertex -6.07000525204316 8.31814971739314 4.52942497472077
   vertex -6.31314971742489 8.07500525201139 4.52942497472077
  endloop
 endfacet
 facet normal -0.00000000000000 0.00000000000000 1.00000000000000
  outer loop
   vertex 56.31043792372780 6.36945558111503 4.52942497472077
   vertex 56.49276851027808 6.05364974143612 4.52942497472077
   vertex 58.08892399222772 7.66718824767854 4.52942497472077
  endloop
 endfacet
 facet normal 0.00000000000000 0.00000000000000 1.00000000000000
  outer loop
   vertex 57.76665360182464 8.17693472772480 4.52942497472077
   vertex 57.46961180237154 8.35015232730834 4.52942497472077
   vertex 56.31043792372780 6.36945558111503 4.52942497472077
  endloop
 endfacet
 facet normal 0.00000000000000 0.00000000000000 1.00000000000000
  outer loop
   vertex -4.77000000000075 4.59067332599445 4.52942497472077
   vertex -6.49499999999987 -3.53621407955042 4.52942497472077
   vertex -5.41632034356087 -3.42684552819996 4.52942497472077
  endloop
 endfacet
 facet normal 0.00000000000000 0.00000000000000 1.00000000000000
  outer loop
   vertex -4.42733058655102 4.46595185930529 4.52942497472077
   vertex -5.41632034356087 -3.42684552819996 4.52942497472077
   vertex -5.29269021617198 -2.72570423438234 4.52942497472077
  endloop
 endfacet
 facet normal 0.00000000000000 0.00000000000000 1.00000000000000
  outer loop
   vertex -5.25835575687734 -5.96326506267525 4.52942497472077
   vertex -4.39132034356088 -5.20219760595806 4.52942497472077
   vertex -4.93671145195478 -4.74456012805737 4.52942497472077
  endloop
 endfacet
 facet normal 0.00000000000000 0.00000000000000 1.00000000000000
  outer loop
   vertex -2.34132034356087 -5.20219760595806 4.52942497472077
   vertex -3.01034157934367 -5.44570142187499 4.52942497472077
   vertex -3.49499999999985 -6.53621407955042 4.52942497472077
  endloop
 endfacet
 facet normal 0.00000000000000 0.00000000000000 1.00000000000000
  outer loop
   vertex 54.51941400662768 5.33540744045221 4.52942497472077
   vertex 54.45609125845289 5.69452859094416 4.52942497472077
   vertex 17.68549658229035 -1.93732951315062 4.52942497472077
  endloop
 endfacet
 facet normal 0.00000000000000 0.00000000000000 1.00000000000000
  outer loop
   vertex 18.26801507286345 -6.43732951315066 4.52942497472077
   vertex 55.32376067190263 4.66048045028135 4.52942497472077
   vertex 54.98109125845290 4.78520191697050 4.52942497472077
  endloop
 endfacet
 facet normal 0.00000000000000 0.00000000000000 1.00000000000000
  outer loop
   vertex 56.31043792372780 5.01960160077330 4.52942497472077
   vertex 56.03109125845288 4.78520191697050 4.52942497472077
   vertex 58.01309679686617 4.02792263625330 4.52942497472077
  endloop
 endfacet
 facet normal 0.00000000000000 0.00000000000000 1.00000000000000
  outer loop
   vertex -3.72000000000074 6.40932667394177 4.52942497472077
   vertex -2.73112695003625 8.46455741842594 4.52942497472077
   vertex -2.99500000000161 8.49999999996811 4.52942497472077
  endloop
 endfacet
 facet normal 0.00000000000000 0.00000000000000 1.00000000000000
  outer loop
   vertex -6.31314971742489 8.07500525201139 4.52942497472077
   vertex -6.45955741845767 7.76387304993349 4.52942497472077
   vertex -4.77000000000075 6.40932667394177 4.52942497472077
  endloop
 endfacet
 facet normal 0.00000000000000 0.00000000000000 1.00000000000000
  outer loop
   vertex 57.13145554337991 8.41251026130723 4.52942497472077
   vertex 56.03109125845288 6.60385526491783 4.52942497472077
   vertex 56.31043792372780 6.36945558111503 4.52942497472077
  endloop
 endfacet
 facet normal 0.00000000000000 0.00000000000000 1.00000000000000
  outer loop
   vertex 56.03109125845288 6.60385526491783 4.52942497472077
   vertex 57.13145554337991 8.41251026130723 4.52942497472077
   vertex 56.86725573220976 8.37959452813248 4.52942497472077
  endloop
 endfacet
 facet normal 0.00000000000000 0.00000000000000 1.00000000000000
  outer loop
   vertex 56.86725573220976 8.37959452813248 4.52942497472077
   vertex 17.68549658229035 -1.93732951315062 4.52942497472077
   vertex 54.98109125845289 6.60385526491782 4.52942497472077
  endloop
 endfacet
 facet normal 0.00000000000000 0.00000000000000 1.00000000000000
  outer loop
   vertex -5.29269021617198 -2.72570423438234 4.52942497472077
   vertex -4.06266941345046 4.46595185930529 4.52942497472077
   vertex -4.42733058655102 4.46595185930529 4.52942497472077
  endloop
 endfacet
 facet normal 0.00000000000000 0.00000000000000 1.00000000000000
  outer loop
   vertex -6.49499999999987 -3.53621407955042 4.52942497472077
   vertex -6.34816954888538 -4.46326506267523 4.52942497472077
   vertex -5.29269021617198 -4.12798682201758 4.52942497472077
  endloop
 endfacet
 facet normal 0.00000000000000 0.00000000000000 1.00000000000000
  outer loop
   vertex -5.92205098312476 -5.29956983642782 4.52942497472077
   vertex -4.93671145195478 -4.74456012805737 4.52942497472077
   vertex -5.29269021617198 -4.12798682201758 4.52942497472077
  endloop
 endfacet
 facet normal 0.00000000000000 0.00000000000000 1.00000000000000
  outer loop
   vertex -3.72229910777807 -5.44570142187499 4.52942497472077
   vertex -4.39132034356088 -5.20219760595806 4.52942497472077
   vertex -4.42205098312477 -6.38938362843587 4.52942497472077
  endloop
 endfacet
 facet normal 0.00000000000000 0.00000000000000 1.00000000000000
  outer loop
   vertex -1.31632034356087 -3.42684552819996 4.52942497472077
   vertex -1.43995047094976 -4.12798682201758 4.52942497472077
   vertex 17.50412421617862 -6.53621407955043 4.52942497472077
  endloop
 endfacet
 facet normal 0.00000000000000 0.00000000000000 1.00000000000000
  outer loop
   vertex 55.68842184500316 4.66048045028135 4.52942497472077
   vertex 55.32376067190263 4.66048045028135 4.52942497472077
   vertex 18.26801507286345 -6.43732951315066 4.52942497472077
  endloop
 endfacet
 facet normal 0.00000000000000 0.00000000000000 1.00000000000000
  outer loop
   vertex -3.72000000000074 6.40932667394177 4.52942497472077
   vertex -2.41999474795834 8.31814971739317 4.52942497472077
   vertex -2.73112695003625 8.46455741842594 4.52942497472077
  endloop
 endfacet
 facet normal 0.00000000000000 0.00000000000000 1.00000000000000
  outer loop
   vertex -2.99500000000161 8.49999999996811 4.52942497472077
   vertex -5.49499999999987 8.49999999996811 4.52942497472077
   vertex -4.42733058655102 6.53404814063093 4.52942497472077
  endloop
 endfacet
 facet normal 0.00000000000000 -0.00000000000000 1.00000000000000
  outer loop
   vertex -4.77000000000075 6.40932667394177 4.52942497472077
   vertex -4.42733058655102 6.53404814063093 4.52942497472077
   vertex -5.49499999999987 8.49999999996811 4.52942497472077
  endloop
 endfacet
 facet normal 0.00000000000000 0.00000000000000 1.00000000000000
  outer loop
   vertex -6.49499999999987 7.49999999996812 4.52942497472077
   vertex -5.23167725182594 5.85912115046006 4.52942497472077
   vertex -5.04934666527566 6.17492699013898 4.52942497472077
  endloop
 endfacet
 facet normal 0.00000000000000 0.00000000000000 1.00000000000000
  outer loop
   vertex -6.49499999999987 7.49999999996812 4.52942497472077
   vertex -6.49499999999987 -3.53621407955042 4.52942497472077
   vertex -5.23167725182594 5.14087884947616 4.52942497472077
  endloop
 endfacet
 facet normal 0.00000000000000 0.00000000000000 1.00000000000000
  outer loop
   vertex -6.49499999999987 -3.53621407955042 4.52942497472077
   vertex -4.77000000000075 4.59067332599445 4.52942497472077
   vertex -5.04934666527566 4.82507300979725 4.52942497472077
  endloop
 endfacet
 facet normal 0.00000000000000 0.00000000000000 1.00000000000000
  outer loop
   vertex 56.86725573220976 8.37959452813248 4.52942497472077
   vertex 55.68842184500316 6.72857673160698 4.52942497472077
   vertex 56.03109125845288 6.60385526491783 4.52942497472077
  endloop
 endfacet
 facet normal 0.00000000000000 0.00000000000000 1.00000000000000
  outer loop
   vertex 54.98109125845289 6.60385526491782 4.52942497472077
   vertex 55.32376067190260 6.72857673160698 4.52942497472077
   vertex 56.86725573220976 8.37959452813248 4.52942497472077
  endloop
 endfacet
 facet normal 0.00000000000000 0.00000000000000 1.00000000000000
  outer loop
   vertex 17.68549658229035 -1.93732951315062 4.52942497472077
   vertex 54.51941400662768 6.05364974143612 4.52942497472077
   vertex 54.70174459317797 6.36945558111503 4.52942497472077
  endloop
 endfacet
 facet normal 0.00000000000000 0.00000000000000 1.00000000000000
  outer loop
   vertex -5.29269021617198 -2.72570423438234 4.52942497472077
   vertex -3.72000000000074 4.59067332599445 4.52942497472077
   vertex -4.06266941345046 4.46595185930529 4.52942497472077
  endloop
 endfacet
 facet normal 0.00000000000000 0.00000000000000 1.00000000000000
  outer loop
   vertex -5.29269021617198 -4.12798682201758 4.52942497472077
   vertex -6.34816954888538 -4.46326506267523 4.52942497472077
   vertex -5.92205098312476 -5.29956983642782 4.52942497472077
  endloop
 endfacet
 facet normal 0.00000000000000 0.00000000000000 1.00000000000000
  outer loop
   vertex 17.50412421617862 -6.53621407955043 4.52942497472077
   vertex -1.79592923516696 -4.74456012805737 4.52942497472077
   vertex -2.34132034356087 -5.20219760595806 4.52942497472077
  endloop
 endfacet
 facet normal 0.00000000000000 0.00000000000000 1.00000000000000
  outer loop
   vertex 54.70174459317797 5.01960160077330 4.52942497472077
   vertex 54.51941400662768 5.33540744045221 4.52942497472077
   vertex 18.26801507286345 -6.43732951315066 4.52942497472077
  endloop
 endfacet
 facet normal 0.00000000000000 0.00000000000000 1.00000000000000
  outer loop
   vertex -4.42733058655102 6.53404814063093 4.52942497472077
   vertex -4.06266941345046 6.53404814063093 4.52942497472077
   vertex -2.99500000000161 8.49999999996811 4.52942497472077
  endloop
 endfacet
 facet normal 0.00000000000000 0.00000000000000 1.00000000000000
  outer loop
   vertex -5.49499999999987 8.49999999996811 4.52942497472077
   vertex -5.75887304996525 8.46455741842591 4.52942497472077
   vertex -4.77000000000075 6.40932667394177 4.52942497472077
  endloop
 endfacet
 facet normal 0.00000000000000 0.00000000000000 1.00000000000000
  outer loop
   vertex -6.49499999999987 7.49999999996812 4.52942497472077
   vertex -5.29500000000074 5.49999999996811 4.52942497472077
   vertex -5.23167725182594 5.85912115046006 4.52942497472077
  endloop
 endfacet
 facet normal 0.00000000000000 0.00000000000000 1.00000000000000
  outer loop
   vertex -5.04934666527566 4.82507300979725 4.52942497472077
   vertex -5.23167725182594 5.14087884947616 4.52942497472077
   vertex -6.49499999999987 -3.53621407955042 4.52942497472077
  endloop
 endfacet
 facet normal 0.00000000000000 0.00000000000000 1.00000000000000
  outer loop
   vertex 55.32376067190260 6.72857673160698 4.52942497472077
   vertex 55.68842184500316 6.72857673160698 4.52942497472077
   vertex 56.86725573220976 8.37959452813248 4.52942497472077
  endloop
 endfacet
 facet normal 0.00000000000000 0.00000000000000 1.00000000000000
  outer loop
   vertex 17.68549658229035 -1.93732951315062 4.52942497472077
   vertex 54.45609125845289 5.69452859094416 4.52942497472077
   vertex 54.51941400662768 6.05364974143612 4.52942497472077
  endloop
 endfacet
 facet normal 0.00000000000000 0.00000000000000 1.00000000000000
  outer loop
   vertex -5.29269021617198 -4.12798682201758 4.52942497472077
   vertex -5.41632034356087 -3.42684552819996 4.52942497472077
   vertex -6.49499999999987 -3.53621407955042 4.52942497472077
  endloop
 endfacet
 facet normal 0.00000000000000 0.00000000000000 1.00000000000000
  outer loop
   vertex -1.43995047094976 -4.12798682201758 4.52942497472077
   vertex -1.79592923516696 -4.74456012805737 4.52942497472077
   vertex 17.50412421617862 -6.53621407955043 4.52942497472077
  endloop
 endfacet
 facet normal 0.00000000000000 0.00000000000000 1.00000000000000
  outer loop
   vertex -1.42205098312484 -0.79956983642788 4.52942497472077
   vertex -2.34132034356087 -1.65149345044186 4.52942497472077
   vertex -1.79592923516696 -2.10913092834255 4.52942497472077
  endloop
 endfacet
 facet normal -0.00000000000000 0.00000000000000 1.00000000000000
  outer loop
   vertex -3.01034157934367 -1.40798963452493 4.52942497472077
   vertex -2.34132034356087 -1.65149345044186 4.52942497472077
   vertex -1.84816954888546 0.03673493732470 4.52942497472077
  endloop
 endfacet
 facet normal 0.00000000000000 0.00000000000000 1.00000000000000
  outer loop
   vertex -3.01034157934367 -1.40798963452493 4.52942497472077
   vertex -3.19500000000075 5.49999999996811 4.52942497472077
   vertex -3.25832274817554 5.14087884947616 4.52942497472077
  endloop
 endfacet
 facet normal 0.00000000000000 0.00000000000000 1.00000000000000
  outer loop
   vertex -5.75887304996525 8.46455741842591 4.52942497472077
   vertex -6.07000525204316 8.31814971739314 4.52942497472077
   vertex -4.77000000000075 6.40932667394177 4.52942497472077
  endloop
 endfacet
 facet normal 0.00000000000000 0.00000000000000 1.00000000000000
  outer loop
   vertex -5.23167725182594 5.14087884947616 4.52942497472077
   vertex -5.29500000000074 5.49999999996811 4.52942497472077
   vertex -6.49499999999987 7.49999999996812 4.52942497472077
  endloop
 endfacet
 facet normal 0.00000000000000 -0.00000000000000 1.00000000000000
  outer loop
   vertex 54.70174459317797 6.36945558111503 4.52942497472077
   vertex 54.98109125845289 6.60385526491782 4.52942497472077
   vertex 17.68549658229035 -1.93732951315062 4.52942497472077
  endloop
 endfacet
 facet normal 0.00000000000000 0.00000000000000 1.00000000000000
  outer loop
   vertex -4.93671145195478 -4.74456012805737 4.52942497472077
   vertex -5.92205098312476 -5.29956983642782 4.52942497472077
   vertex -5.25835575687734 -5.96326506267525 4.52942497472077
  endloop
 endfacet
 facet normal 0.00000000000000 0.00000000000000 1.00000000000000
  outer loop
   vertex -1.79592923516696 -2.10913092834255 4.52942497472077
   vertex -0.75835575687742 -1.46326506267530 4.52942497472077
   vertex -1.42205098312484 -0.79956983642788 4.52942497472077
  endloop
 endfacet
 facet normal 0.00000000000000 0.00000000000000 1.00000000000000
  outer loop
   vertex -3.25832274817554 5.14087884947616 4.52942497472077
   vertex -3.72229910777809 -1.40798963452494 4.52942497472077
   vertex -3.01034157934367 -1.40798963452493 4.52942497472077
  endloop
 endfacet
 facet normal 0.00000000000000 0.00000000000000 1.00000000000000
  outer loop
   vertex -3.25832274817554 5.85912115046007 4.52942497472077
   vertex -1.84816954888546 0.03673493732470 4.52942497472077
   vertex -1.99500000000120 0.96378592044943 4.52942497472077
  endloop
 endfacet
 facet normal 0.00000000000000 0.00000000000000 1.00000000000000
  outer loop
   vertex -3.72000000000074 6.40932667394177 4.52942497472077
   vertex -2.03044258154383 7.76387304993355 4.52942497472077
   vertex -2.17685028257661 8.07500525201144 4.52942497472077
  endloop
 endfacet
 facet normal -0.00000000000000 0.00000000000000 1.00000000000000
  outer loop
   vertex -3.72000000000074 6.40932667394177 4.52942497472077
   vertex -3.44065333472582 6.17492699013898 4.52942497472077
   vertex -1.99500000000161 7.49999999996819 4.52942497472077
  endloop
 endfacet
 facet normal 0.00000000000000 0.00000000000000 1.00000000000000
  outer loop
   vertex -6.49499999999987 7.49999999996812 4.52942497472077
   vertex -5.04934666527566 6.17492699013898 4.52942497472077
   vertex -4.77000000000075 6.40932667394177 4.52942497472077
  endloop
 endfacet
 facet normal 0.00000000000000 0.00000000000000 1.00000000000000
  outer loop
   vertex -5.41632034356087 -3.42684552819996 4.52942497472077
   vertex -4.42733058655102 4.46595185930529 4.52942497472077
   vertex -4.77000000000075 4.59067332599445 4.52942497472077
  endloop
 endfacet
 facet normal 0.00000000000000 0.00000000000000 1.00000000000000
  outer loop
   vertex -1.43995047094976 -2.72570423438234 4.52942497472077
   vertex 0.07794901687517 -1.88938362843591 4.52942497472077
   vertex -0.75835575687742 -1.46326506267530 4.52942497472077
  endloop
 endfacet
 facet normal 0.00000000000000 0.00000000000000 1.00000000000000
  outer loop
   vertex -1.84816954888546 0.03673493732470 4.52942497472077
   vertex -3.19500000000075 5.49999999996811 4.52942497472077
   vertex -3.01034157934367 -1.40798963452493 4.52942497472077
  endloop
 endfacet
 facet normal 0.00000000000000 0.00000000000000 1.00000000000000
  outer loop
   vertex -3.25832274817554 5.14087884947616 4.52942497472077
   vertex -4.93671145195478 -2.10913092834256 4.52942497472077
   vertex -4.39132034356088 -1.65149345044186 4.52942497472077
  endloop
 endfacet
 facet normal 0.00000000000000 0.00000000000000 1.00000000000000
  outer loop
   vertex -1.99500000000161 7.49999999996819 4.52942497472077
   vertex -3.44065333472582 6.17492699013898 4.52942497472077
   vertex -3.25832274817554 5.85912115046007 4.52942497472077
  endloop
 endfacet
 facet normal 0.00000000000000 0.00000000000000 1.00000000000000
  outer loop
   vertex -1.99500000000161 7.49999999996819 4.52942497472077
   vertex -2.03044258154383 7.76387304993355 4.52942497472077
   vertex -3.72000000000074 6.40932667394177 4.52942497472077
  endloop
 endfacet
 facet normal 0.00000000000000 0.00000000000000 1.00000000000000
  outer loop
   vertex 58.08892399222772 7.66718824767854 4.52942497472077
   vertex 57.98745926372241 7.91333839409759 4.52942497472077
   vertex 56.31043792372780 6.36945558111503 4.52942497472077
  endloop
 endfacet
 facet normal 0.00000000000000 0.00000000000000 1.00000000000000
  outer loop
   vertex -5.29269021617198 -2.72570423438234 4.52942497472077
   vertex -3.25832274817554 5.14087884947616 4.52942497472077
   vertex -3.44065333472582 4.82507300979725 4.52942497472077
  endloop
 endfacet
 facet normal 0.00000000000000 0.00000000000000 1.00000000000000
  outer loop
   vertex -1.31632034356087 -3.42684552819996 4.52942497472077
   vertex 16.92160572560556 -2.03621407955039 4.52942497472077
   vertex 1.00499999999882 -2.03621407955041 4.52942497472077
  endloop
 endfacet
 facet normal 0.00000000000000 0.00000000000000 1.00000000000000
  outer loop
   vertex -1.43995047094976 -2.72570423438234 4.52942497472077
   vertex 1.00499999999882 -2.03621407955041 4.52942497472077
   vertex 0.07794901687517 -1.88938362843591 4.52942497472077
  endloop
 endfacet
 facet normal 0.00000000000000 0.00000000000000 1.00000000000000
  outer loop
   vertex -4.39132034356088 -1.65149345044186 4.52942497472077
   vertex -3.72229910777809 -1.40798963452494 4.52942497472077
   vertex -3.25832274817554 5.14087884947616 4.52942497472077
  endloop
 endfacet
 facet normal 0.00000000000000 0.00000000000000 1.00000000000000
  outer loop
   vertex -2.17685028257661 8.07500525201144 4.52942497472077
   vertex -2.41999474795834 8.31814971739317 4.52942497472077
   vertex -3.72000000000074 6.40932667394177 4.52942497472077
  endloop
 endfacet
 facet normal 0.00000000000000 0.00000000000000 1.00000000000000
  outer loop
   vertex -3.44065333472582 4.82507300979725 4.52942497472077
   vertex -3.72000000000074 4.59067332599445 4.52942497472077
   vertex -5.29269021617198 -2.72570423438234 4.52942497472077
  endloop
 endfacet
 facet normal 0.00000000000000 0.00000000000000 1.00000000000000
  outer loop
   vertex -0.75835575687742 -1.46326506267530 4.52942497472077
   vertex -1.79592923516696 -2.10913092834255 4.52942497472077
   vertex -1.43995047094976 -2.72570423438234 4.52942497472077
  endloop
 endfacet
 facet normal 0.00000000000000 0.00000000000000 1.00000000000000
  outer loop
   vertex -3.25832274817554 5.14087884947616 4.52942497472077
   vertex -5.29269021617198 -2.72570423438234 4.52942497472077
   vertex -4.93671145195478 -2.10913092834256 4.52942497472077
  endloop
 endfacet
 facet normal 0.00000000000000 0.00000000000000 1.00000000000000
  outer loop
   vertex -2.99500000000161 8.49999999996811 4.52942497472077
   vertex -4.06266941345046 6.53404814063093 4.52942497472077
   vertex -3.72000000000074 6.40932667394177 4.52942497472077
  endloop
 endfacet
 facet normal 0.00000000000000 0.00000000000000 1.00000000000000
  outer loop
   vertex -1.42205098312484 -0.79956983642788 4.52942497472077
   vertex -1.84816954888546 0.03673493732470 4.52942497472077
   vertex -2.34132034356087 -1.65149345044186 4.52942497472077
  endloop
 endfacet
 facet normal 0.00000000000000 0.00000000000000 1.00000000000000
  outer loop
   vertex 1.00499999999882 -2.03621407955041 4.52942497472077
   vertex -1.43995047094976 -2.72570423438234 4.52942497472077
   vertex -1.31632034356087 -3.42684552819996 4.52942497472077
  endloop
 endfacet
 facet normal 0.00000000000000 0.00000000000000 1.00000000000000
  outer loop
   vertex 56.49276851027808 5.33540744045221 4.52942497472077
   vertex 58.75842073483184 4.98539289328308 4.52942497472077
   vertex 58.72550448576098 5.24959331153283 4.52942497472077
  endloop
 endfacet
 facet normal 0.00000000000000 0.00000000000000 1.00000000000000
  outer loop
   vertex -1.99500000000120 0.96378592044943 4.52942497472077
   vertex -1.99500000000161 7.49999999996819 4.52942497472077
   vertex -3.25832274817554 5.85912115046007 4.52942497472077
  endloop
 endfacet
 facet normal 0.00000000000000 0.00000000000000 1.00000000000000
  outer loop
   vertex 56.49276851027808 5.33540744045221 4.52942497472077
   vertex 58.69606293958827 4.64723573732154 4.52942497472077
   vertex 58.75842073483184 4.98539289328308 4.52942497472077
  endloop
 endfacet
 facet normal 0.00000000000000 0.00000000000000 1.00000000000000
  outer loop
   vertex 58.72550448576098 5.24959331153283 4.52942497472077
   vertex 58.08892399222772 7.66718824767854 4.52942497472077
   vertex 56.49276851027808 6.05364974143612 4.52942497472077
  endloop
 endfacet
 facet normal 0.00000000000000 0.00000000000000 1.00000000000000
  outer loop
   vertex 58.72550448576098 5.24959331153283 4.52942497472077
   vertex 56.55609125845288 5.69452859094416 4.52942497472077
   vertex 56.49276851027808 5.33540744045221 4.52942497472077
  endloop
 endfacet
 facet normal 0.00000000000000 0.00000000000000 1.00000000000000
  outer loop
   vertex -3.25832274817554 5.85912115046007 4.52942497472077
   vertex -3.19500000000075 5.49999999996811 4.52942497472077
   vertex -1.84816954888546 0.03673493732470 4.52942497472077
  endloop
 endfacet
 facet normal 0.00000000000000 0.00000000000000 1.00000000000000
  outer loop
   vertex 56.49276851027808 6.05364974143612 4.52942497472077
   vertex 56.55609125845288 5.69452859094416 4.52942497472077
   vertex 58.72550448576098 5.24959331153283 4.52942497472077
  endloop
 endfacet
 facet normal -0.98480775301221 -0.17364817766693 -0.00000000000000
  outer loop
   vertex -3.25832274817554 5.85912115046007 1.52942497472077
   vertex -3.19500000000074 5.49999999996811 1.52942497472077
   vertex -3.19500000000074 5.49999999996811 4.52942497472077
  endloop
 endfacet
 facet normal -0.86602540378444 -0.50000000000000 0.00000000000000
  outer loop
   vertex -3.44065333472582 6.17492699013898 1.52942497472077
   vertex -3.25832274817554 5.85912115046007 1.52942497472077
   vertex -3.25832274817554 5.85912115046007 4.52942497472077
  endloop
 endfacet
 facet normal -0.64278760968654 -0.76604444311898 0.00000000000000
  outer loop
   vertex -3.72000000000074 6.40932667394177 1.52942497472077
   vertex -3.44065333472582 6.17492699013898 1.52942497472077
   vertex -3.44065333472582 6.17492699013898 4.52942497472077
  endloop
 endfacet
 facet normal -0.34202014332567 -0.93969262078591 0.00000000000000
  outer loop
   vertex -4.06266941345047 6.53404814063093 1.52942497472077
   vertex -3.72000000000074 6.40932667394177 1.52942497472077
   vertex -3.72000000000074 6.40932667394177 4.52942497472077
  endloop
 endfacet
 facet normal 0.00000000000000 -1.00000000000000 0.00000000000000
  outer loop
   vertex -4.42733058655102 6.53404814063093 1.52942497472077
   vertex -4.06266941345047 6.53404814063093 1.52942497472077
   vertex -4.06266941345047 6.53404814063093 4.52942497472077
  endloop
 endfacet
 facet normal 0.34202014332567 -0.93969262078591 -0.00000000000000
  outer loop
   vertex -4.77000000000074 6.40932667394177 1.52942497472077
   vertex -4.42733058655102 6.53404814063093 1.52942497472077
   vertex -4.42733058655102 6.53404814063093 4.52942497472077
  endloop
 endfacet
 facet normal 0.64278760968654 -0.76604444311898 0.00000000000000
  outer loop
   vertex -5.04934666527567 6.17492699013898 1.52942497472077
   vertex -4.77000000000074 6.40932667394177 1.52942497472077
   vertex -4.77000000000074 6.40932667394177 4.52942497472077
  endloop
 endfacet
 facet normal 0.86602540378444 -0.50000000000000 0.00000000000000
  outer loop
   vertex -5.23167725182594 5.85912115046006 1.52942497472077
   vertex -5.04934666527567 6.17492699013898 1.52942497472077
   vertex -5.04934666527567 6.17492699013898 4.52942497472077
  endloop
 endfacet
 facet normal 0.98480775301221 -0.17364817766693 0.00000000000000
  outer loop
   vertex -5.29500000000074 5.49999999996811 1.52942497472077
   vertex -5.23167725182594 5.85912115046006 1.52942497472077
   vertex -5.23167725182594 5.85912115046006 4.52942497472077
  endloop
 endfacet
 facet normal 0.98480775301221 0.17364817766693 -0.00000000000000
  outer loop
   vertex -5.23167725182594 5.14087884947616 1.52942497472077
   vertex -5.29500000000074 5.49999999996811 1.52942497472077
   vertex -5.29500000000074 5.49999999996811 4.52942497472077
  endloop
 endfacet
 facet normal 0.86602540378444 0.50000000000000 -0.00000000000000
  outer loop
   vertex -5.04934666527567 4.82507300979725 1.52942497472077
   vertex -5.23167725182594 5.14087884947616 1.52942497472077
   vertex -5.23167725182594 5.14087884947616 4.52942497472077
  endloop
 endfacet
 facet normal 0.64278760968654 0.76604444311898 -0.00000000000000
  outer loop
   vertex -4.77000000000074 4.59067332599445 1.52942497472077
   vertex -5.04934666527567 4.82507300979725 1.52942497472077
   vertex -5.04934666527567 4.82507300979725 4.52942497472077
  endloop
 endfacet
 facet normal 0.34202014332567 0.93969262078591 0.00000000000000
  outer loop
   vertex -4.42733058655102 4.46595185930529 1.52942497472077
   vertex -4.77000000000074 4.59067332599445 1.52942497472077
   vertex -4.77000000000074 4.59067332599445 4.52942497472077
  endloop
 endfacet
 facet normal 0.00000000000000 1.00000000000000 0.00000000000000
  outer loop
   vertex -4.06266941345046 4.46595185930529 1.52942497472077
   vertex -4.42733058655102 4.46595185930529 1.52942497472077
   vertex -4.42733058655102 4.46595185930529 4.52942497472077
  endloop
 endfacet
 facet normal -0.34202014332567 0.93969262078591 -0.00000000000000
  outer loop
   vertex -3.72000000000074 4.59067332599445 1.52942497472077
   vertex -4.06266941345046 4.46595185930529 1.52942497472077
   vertex -4.06266941345046 4.46595185930529 4.52942497472077
  endloop
 endfacet
 facet normal -0.64278760968654 0.76604444311898 -0.00000000000000
  outer loop
   vertex -3.44065333472581 4.82507300979725 1.52942497472077
   vertex -3.72000000000074 4.59067332599445 1.52942497472077
   vertex -3.72000000000074 4.59067332599445 4.52942497472077
  endloop
 endfacet
 facet normal -0.86602540378444 0.50000000000000 -0.00000000000000
  outer loop
   vertex -3.25832274817554 5.14087884947616 1.52942497472077
   vertex -3.44065333472581 4.82507300979725 1.52942497472077
   vertex -3.44065333472581 4.82507300979725 4.52942497472077
  endloop
 endfacet
 facet normal -0.98480775301221 0.17364817766693 -0.00000000000000
  outer loop
   vertex -3.19500000000074 5.49999999996811 1.52942497472077
   vertex -3.25832274817554 5.14087884947616 1.52942497472077
   vertex -3.25832274817554 5.14087884947616 4.52942497472077
  endloop
 endfacet
 facet normal -0.98480775301221 0.17364817766693 -0.00000000000000
  outer loop
   vertex -3.25832274817554 5.14087884947616 4.52942497472077
   vertex -3.19500000000074 5.49999999996811 4.52942497472077
   vertex -3.19500000000074 5.49999999996811 1.52942497472077
  endloop
 endfacet
 facet normal -0.86602540378444 0.50000000000000 -0.00000000000000
  outer loop
   vertex -3.44065333472581 4.82507300979725 4.52942497472077
   vertex -3.25832274817554 5.14087884947616 4.52942497472077
   vertex -3.25832274817554 5.14087884947616 1.52942497472077
  endloop
 endfacet
 facet normal -0.64278760968654 0.76604444311898 -0.00000000000000
  outer loop
   vertex -3.72000000000074 4.59067332599445 4.52942497472077
   vertex -3.44065333472581 4.82507300979725 4.52942497472077
   vertex -3.44065333472581 4.82507300979725 1.52942497472077
  endloop
 endfacet
 facet normal -0.34202014332567 0.93969262078591 -0.00000000000000
  outer loop
   vertex -4.06266941345046 4.46595185930529 4.52942497472077
   vertex -3.72000000000074 4.59067332599445 4.52942497472077
   vertex -3.72000000000074 4.59067332599445 1.52942497472077
  endloop
 endfacet
 facet normal -0.00000000000000 1.00000000000000 0.00000000000000
  outer loop
   vertex -4.42733058655102 4.46595185930529 4.52942497472077
   vertex -4.06266941345046 4.46595185930529 4.52942497472077
   vertex -4.06266941345046 4.46595185930529 1.52942497472077
  endloop
 endfacet
 facet normal 0.34202014332567 0.93969262078591 0.00000000000000
  outer loop
   vertex -4.77000000000074 4.59067332599445 4.52942497472077
   vertex -4.42733058655102 4.46595185930529 4.52942497472077
   vertex -4.42733058655102 4.46595185930529 1.52942497472077
  endloop
 endfacet
 facet normal 0.64278760968654 0.76604444311898 -0.00000000000000
  outer loop
   vertex -5.04934666527567 4.82507300979725 4.52942497472077
   vertex -4.77000000000074 4.59067332599445 4.52942497472077
   vertex -4.77000000000074 4.59067332599445 1.52942497472077
  endloop
 endfacet
 facet normal 0.86602540378444 0.50000000000000 -0.00000000000000
  outer loop
   vertex -5.23167725182594 5.14087884947616 4.52942497472077
   vertex -5.04934666527567 4.82507300979725 4.52942497472077
   vertex -5.04934666527567 4.82507300979725 1.52942497472077
  endloop
 endfacet
 facet normal 0.98480775301221 0.17364817766693 -0.00000000000000
  outer loop
   vertex -5.29500000000074 5.49999999996811 4.52942497472077
   vertex -5.23167725182594 5.14087884947616 4.52942497472077
   vertex -5.23167725182594 5.14087884947616 1.52942497472077
  endloop
 endfacet
 facet normal 0.98480775301221 -0.17364817766693 0.00000000000000
  outer loop
   vertex -5.23167725182594 5.85912115046006 4.52942497472077
   vertex -5.29500000000074 5.49999999996811 4.52942497472077
   vertex -5.29500000000074 5.49999999996811 1.52942497472077
  endloop
 endfacet
 facet normal 0.86602540378444 -0.50000000000000 0.00000000000000
  outer loop
   vertex -5.04934666527567 6.17492699013898 4.52942497472077
   vertex -5.23167725182594 5.85912115046006 4.52942497472077
   vertex -5.23167725182594 5.85912115046006 1.52942497472077
  endloop
 endfacet
 facet normal 0.64278760968654 -0.76604444311898 0.00000000000000
  outer loop
   vertex -4.77000000000074 6.40932667394177 4.52942497472077
   vertex -5.04934666527567 6.17492699013898 4.52942497472077
   vertex -5.04934666527567 6.17492699013898 1.52942497472077
  endloop
 endfacet
 facet normal 0.34202014332567 -0.93969262078591 -0.00000000000000
  outer loop
   vertex -4.42733058655102 6.53404814063093 4.52942497472077
   vertex -4.77000000000074 6.40932667394177 4.52942497472077
   vertex -4.77000000000074 6.40932667394177 1.52942497472077
  endloop
 endfacet
 facet normal -0.00000000000000 -1.00000000000000 0.00000000000000
  outer loop
   vertex -4.06266941345047 6.53404814063093 4.52942497472077
   vertex -4.42733058655102 6.53404814063093 4.52942497472077
   vertex -4.42733058655102 6.53404814063093 1.52942497472077
  endloop
 endfacet
 facet normal -0.34202014332567 -0.93969262078591 0.00000000000000
  outer loop
   vertex -3.72000000000074 6.40932667394177 4.52942497472077
   vertex -4.06266941345047 6.53404814063093 4.52942497472077
   vertex -4.06266941345047 6.53404814063093 1.52942497472077
  endloop
 endfacet
 facet normal -0.64278760968654 -0.76604444311898 0.00000000000000
  outer loop
   vertex -3.44065333472582 6.17492699013898 4.52942497472077
   vertex -3.72000000000074 6.40932667394177 4.52942497472077
   vertex -3.72000000000074 6.40932667394177 1.52942497472077
  endloop
 endfacet
 facet normal -0.86602540378444 -0.50000000000000 0.00000000000000
  outer loop
   vertex -3.25832274817554 5.85912115046007 4.52942497472077
   vertex -3.44065333472582 6.17492699013898 4.52942497472077
   vertex -3.44065333472582 6.17492699013898 1.52942497472077
  endloop
 endfacet
 facet normal -0.98480775301221 -0.17364817766693 -0.00000000000000
  outer loop
   vertex -3.19500000000074 5.49999999996811 4.52942497472077
   vertex -3.25832274817554 5.85912115046007 4.52942497472077
   vertex -3.25832274817554 5.85912115046007 1.52942497472077
  endloop
 endfacet
 facet normal 0.00000000000000 0.00000000000000 1.00000000000000
  outer loop
   vertex -4.24500000000074 5.49999999996811 1.52942497472077
   vertex -5.23167725182594 5.14087884947616 1.52942497472077
   vertex -5.04934666527566 4.82507300979725 1.52942497472077
  endloop
 endfacet
 facet normal -0.00000000000000 0.00000000000000 1.00000000000000
  outer loop
   vertex -5.04934666527566 4.82507300979725 1.52942497472077
   vertex -4.77000000000075 4.59067332599445 1.52942497472077
   vertex -4.24500000000074 5.49999999996811 1.52942497472077
  endloop
 endfacet
 facet normal -0.00000000000000 0.00000000000000 1.00000000000000
  outer loop
   vertex -4.77000000000075 4.59067332599445 1.52942497472077
   vertex -4.42733058655102 4.46595185930529 1.52942497472077
   vertex -4.24500000000074 5.49999999996811 1.52942497472077
  endloop
 endfacet
 facet normal 0.00000000000000 0.00000000000000 1.00000000000000
  outer loop
   vertex -4.42733058655102 4.46595185930529 1.52942497472077
   vertex -4.06266941345046 4.46595185930529 1.52942497472077
   vertex -4.24500000000074 5.49999999996811 1.52942497472077
  endloop
 endfacet
 facet normal 0.00000000000000 -0.00000000000000 1.00000000000000
  outer loop
   vertex -4.06266941345046 4.46595185930529 1.52942497472077
   vertex -3.72000000000074 4.59067332599445 1.52942497472077
   vertex -4.24500000000074 5.49999999996811 1.52942497472077
  endloop
 endfacet
 facet normal 0.00000000000000 -0.00000000000000 1.00000000000000
  outer loop
   vertex -3.72000000000074 4.59067332599445 1.52942497472077
   vertex -3.44065333472582 4.82507300979725 1.52942497472077
   vertex -4.24500000000074 5.49999999996811 1.52942497472077
  endloop
 endfacet
 facet normal 0.00000000000000 -0.00000000000000 1.00000000000000
  outer loop
   vertex -3.44065333472582 4.82507300979725 1.52942497472077
   vertex -3.25832274817554 5.14087884947616 1.52942497472077
   vertex -4.24500000000074 5.49999999996811 1.52942497472077
  endloop
 endfacet
 facet normal 0.00000000000000 -0.00000000000000 1.00000000000000
  outer loop
   vertex -3.25832274817554 5.14087884947616 1.52942497472077
   vertex -3.19500000000075 5.49999999996811 1.52942497472077
   vertex -4.24500000000074 5.49999999996811 1.52942497472077
  endloop
 endfacet
 facet normal 0.00000000000000 0.00000000000000 1.00000000000000
  outer loop
   vertex -3.19500000000075 5.49999999996811 1.52942497472077
   vertex -3.25832274817554 5.85912115046007 1.52942497472077
   vertex -4.24500000000074 5.49999999996811 1.52942497472077
  endloop
 endfacet
 facet normal 0.00000000000000 0.00000000000000 1.00000000000000
  outer loop
   vertex -3.25832274817554 5.85912115046007 1.52942497472077
   vertex -3.44065333472582 6.17492699013898 1.52942497472077
   vertex -4.24500000000074 5.49999999996811 1.52942497472077
  endloop
 endfacet
 facet normal 0.00000000000000 0.00000000000000 1.00000000000000
  outer loop
   vertex -3.44065333472582 6.17492699013898 1.52942497472077
   vertex -3.72000000000074 6.40932667394177 1.52942497472077
   vertex -4.24500000000074 5.49999999996811 1.52942497472077
  endloop
 endfacet
 facet normal 0.00000000000000 0.00000000000000 1.00000000000000
  outer loop
   vertex -3.72000000000074 6.40932667394177 1.52942497472077
   vertex -4.06266941345046 6.53404814063093 1.52942497472077
   vertex -4.24500000000074 5.49999999996811 1.52942497472077
  endloop
 endfacet
 facet normal 0.00000000000000 0.00000000000000 1.00000000000000
  outer loop
   vertex -4.06266941345046 6.53404814063093 1.52942497472077
   vertex -4.42733058655102 6.53404814063093 1.52942497472077
   vertex -4.24500000000074 5.49999999996811 1.52942497472077
  endloop
 endfacet
 facet normal 0.00000000000000 0.00000000000000 1.00000000000000
  outer loop
   vertex -4.42733058655102 6.53404814063093 1.52942497472077
   vertex -4.77000000000075 6.40932667394177 1.52942497472077
   vertex -4.24500000000074 5.49999999996811 1.52942497472077
  endloop
 endfacet
 facet normal 0.00000000000000 0.00000000000000 1.00000000000000
  outer loop
   vertex -4.77000000000075 6.40932667394177 1.52942497472077
   vertex -5.04934666527566 6.17492699013898 1.52942497472077
   vertex -4.24500000000074 5.49999999996811 1.52942497472077
  endloop
 endfacet
 facet normal 0.00000000000000 0.00000000000000 1.00000000000000
  outer loop
   vertex -5.04934666527566 6.17492699013898 1.52942497472077
   vertex -5.23167725182594 5.85912115046006 1.52942497472077
   vertex -4.24500000000074 5.49999999996811 1.52942497472077
  endloop
 endfacet
 facet normal -0.00000000000000 -0.00000000000000 1.00000000000000
  outer loop
   vertex -5.23167725182594 5.85912115046006 1.52942497472077
   vertex -5.29500000000074 5.49999999996811 1.52942497472077
   vertex -4.24500000000074 5.49999999996811 1.52942497472077
  endloop
 endfacet
 facet normal -0.00000000000000 0.00000000000000 1.00000000000000
  outer loop
   vertex -5.29500000000074 5.49999999996811 1.52942497472077
   vertex -5.23167725182594 5.14087884947616 1.52942497472077
   vertex -4.24500000000074 5.49999999996811 1.52942497472077
  endloop
 endfacet
 facet normal -0.98480775301221 -0.17364817766693 0.00000000000000
  outer loop
   vertex -1.43995047094976 -2.72570423438234 1.52942497472077
   vertex -1.31632034356087 -3.42684552819996 1.52942497472077
   vertex -1.31632034356087 -3.42684552819996 4.52942497472077
  endloop
 endfacet
 facet normal -0.86602540378444 -0.50000000000000 -0.00000000000000
  outer loop
   vertex -1.79592923516697 -2.10913092834255 1.52942497472077
   vertex -1.43995047094976 -2.72570423438234 1.52942497472077
   vertex -1.43995047094976 -2.72570423438234 4.52942497472077
  endloop
 endfacet
 facet normal -0.64278760968654 -0.76604444311898 -0.00000000000000
  outer loop
   vertex -2.34132034356087 -1.65149345044186 1.52942497472077
   vertex -1.79592923516697 -2.10913092834255 1.52942497472077
   vertex -1.79592923516697 -2.10913092834255 4.52942497472077
  endloop
 endfacet
 facet normal -0.34202014332567 -0.93969262078591 0.00000000000000
  outer loop
   vertex -3.01034157934367 -1.40798963452493 1.52942497472077
   vertex -2.34132034356087 -1.65149345044186 1.52942497472077
   vertex -2.34132034356087 -1.65149345044186 4.52942497472077
  endloop
 endfacet
 facet normal 0.00000000000000 -1.00000000000000 0.00000000000000
  outer loop
   vertex -3.72229910777808 -1.40798963452494 1.52942497472077
   vertex -3.01034157934367 -1.40798963452493 1.52942497472077
   vertex -3.01034157934367 -1.40798963452493 4.52942497472077
  endloop
 endfacet
 facet normal 0.34202014332567 -0.93969262078591 0.00000000000000
  outer loop
   vertex -4.39132034356088 -1.65149345044186 1.52942497472077
   vertex -3.72229910777808 -1.40798963452494 1.52942497472077
   vertex -3.72229910777808 -1.40798963452494 4.52942497472077
  endloop
 endfacet
 facet normal 0.64278760968654 -0.76604444311898 -0.00000000000000
  outer loop
   vertex -4.93671145195478 -2.10913092834256 1.52942497472077
   vertex -4.39132034356088 -1.65149345044186 1.52942497472077
   vertex -4.39132034356088 -1.65149345044186 4.52942497472077
  endloop
 endfacet
 facet normal 0.86602540378444 -0.50000000000000 -0.00000000000000
  outer loop
   vertex -5.29269021617199 -2.72570423438234 1.52942497472077
   vertex -4.93671145195478 -2.10913092834256 1.52942497472077
   vertex -4.93671145195478 -2.10913092834256 4.52942497472077
  endloop
 endfacet
 facet normal 0.98480775301221 -0.17364817766693 -0.00000000000000
  outer loop
   vertex -5.41632034356087 -3.42684552819996 1.52942497472077
   vertex -5.29269021617199 -2.72570423438234 1.52942497472077
   vertex -5.29269021617199 -2.72570423438234 4.52942497472077
  endloop
 endfacet
 facet normal 0.98480775301221 0.17364817766693 -0.00000000000000
  outer loop
   vertex -5.29269021617198 -4.12798682201758 1.52942497472077
   vertex -5.41632034356087 -3.42684552819996 1.52942497472077
   vertex -5.41632034356087 -3.42684552819996 4.52942497472077
  endloop
 endfacet
 facet normal 0.86602540378444 0.50000000000000 0.00000000000000
  outer loop
   vertex -4.93671145195478 -4.74456012805737 1.52942497472077
   vertex -5.29269021617198 -4.12798682201758 1.52942497472077
   vertex -5.29269021617198 -4.12798682201758 4.52942497472077
  endloop
 endfacet
 facet normal 0.64278760968654 0.76604444311898 0.00000000000000
  outer loop
   vertex -4.39132034356087 -5.20219760595806 1.52942497472077
   vertex -4.93671145195478 -4.74456012805737 1.52942497472077
   vertex -4.93671145195478 -4.74456012805737 4.52942497472077
  endloop
 endfacet
 facet normal 0.34202014332567 0.93969262078591 -0.00000000000000
  outer loop
   vertex -3.72229910777808 -5.44570142187499 1.52942497472077
   vertex -4.39132034356087 -5.20219760595806 1.52942497472077
   vertex -4.39132034356087 -5.20219760595806 4.52942497472077
  endloop
 endfacet
 facet normal 0.00000000000000 1.00000000000000 0.00000000000000
  outer loop
   vertex -3.01034157934367 -5.44570142187499 1.52942497472077
   vertex -3.72229910777808 -5.44570142187499 1.52942497472077
   vertex -3.72229910777808 -5.44570142187499 4.52942497472077
  endloop
 endfacet
 facet normal -0.34202014332567 0.93969262078591 0.00000000000000
  outer loop
   vertex -2.34132034356087 -5.20219760595806 1.52942497472077
   vertex -3.01034157934367 -5.44570142187499 1.52942497472077
   vertex -3.01034157934367 -5.44570142187499 4.52942497472077
  endloop
 endfacet
 facet normal -0.64278760968654 0.76604444311898 -0.00000000000000
  outer loop
   vertex -1.79592923516697 -4.74456012805737 1.52942497472077
   vertex -2.34132034356087 -5.20219760595806 1.52942497472077
   vertex -2.34132034356087 -5.20219760595806 4.52942497472077
  endloop
 endfacet
 facet normal -0.86602540378444 0.50000000000000 0.00000000000000
  outer loop
   vertex -1.43995047094976 -4.12798682201758 1.52942497472077
   vertex -1.79592923516697 -4.74456012805737 1.52942497472077
   vertex -1.79592923516697 -4.74456012805737 4.52942497472077
  endloop
 endfacet
 facet normal -0.98480775301221 0.17364817766693 0.00000000000000
  outer loop
   vertex -1.31632034356087 -3.42684552819996 1.52942497472077
   vertex -1.43995047094976 -4.12798682201758 1.52942497472077
   vertex -1.43995047094976 -4.12798682201758 4.52942497472077
  endloop
 endfacet
 facet normal -0.98480775301221 0.17364817766693 0.00000000000000
  outer loop
   vertex -1.43995047094976 -4.12798682201758 4.52942497472077
   vertex -1.31632034356087 -3.42684552819996 4.52942497472077
   vertex -1.31632034356087 -3.42684552819996 1.52942497472077
  endloop
 endfacet
 facet normal -0.86602540378444 0.50000000000000 0.00000000000000
  outer loop
   vertex -1.79592923516697 -4.74456012805737 4.52942497472077
   vertex -1.43995047094976 -4.12798682201758 4.52942497472077
   vertex -1.43995047094976 -4.12798682201758 1.52942497472077
  endloop
 endfacet
 facet normal -0.64278760968654 0.76604444311898 -0.00000000000000
  outer loop
   vertex -2.34132034356087 -5.20219760595806 4.52942497472077
   vertex -1.79592923516697 -4.74456012805737 4.52942497472077
   vertex -1.79592923516697 -4.74456012805737 1.52942497472077
  endloop
 endfacet
 facet normal -0.34202014332567 0.93969262078591 0.00000000000000
  outer loop
   vertex -3.01034157934367 -5.44570142187499 4.52942497472077
   vertex -2.34132034356087 -5.20219760595806 4.52942497472077
   vertex -2.34132034356087 -5.20219760595806 1.52942497472077
  endloop
 endfacet
 facet normal -0.00000000000000 1.00000000000000 0.00000000000000
  outer loop
   vertex -3.72229910777808 -5.44570142187499 4.52942497472077
   vertex -3.01034157934367 -5.44570142187499 4.52942497472077
   vertex -3.01034157934367 -5.44570142187499 1.52942497472077
  endloop
 endfacet
 facet normal 0.34202014332567 0.93969262078591 -0.00000000000000
  outer loop
   vertex -4.39132034356087 -5.20219760595806 4.52942497472077
   vertex -3.72229910777808 -5.44570142187499 4.52942497472077
   vertex -3.72229910777808 -5.44570142187499 1.52942497472077
  endloop
 endfacet
 facet normal 0.64278760968654 0.76604444311898 0.00000000000000
  outer loop
   vertex -4.93671145195478 -4.74456012805737 4.52942497472077
   vertex -4.39132034356087 -5.20219760595806 4.52942497472077
   vertex -4.39132034356087 -5.20219760595806 1.52942497472077
  endloop
 endfacet
 facet normal 0.86602540378444 0.50000000000000 0.00000000000000
  outer loop
   vertex -5.29269021617198 -4.12798682201758 4.52942497472077
   vertex -4.93671145195478 -4.74456012805737 4.52942497472077
   vertex -4.93671145195478 -4.74456012805737 1.52942497472077
  endloop
 endfacet
 facet normal 0.98480775301221 0.17364817766693 0.00000000000000
  outer loop
   vertex -5.41632034356087 -3.42684552819996 4.52942497472077
   vertex -5.29269021617198 -4.12798682201758 4.52942497472077
   vertex -5.29269021617198 -4.12798682201758 1.52942497472077
  endloop
 endfacet
 facet normal 0.98480775301221 -0.17364817766693 0.00000000000000
  outer loop
   vertex -5.29269021617199 -2.72570423438234 4.52942497472077
   vertex -5.41632034356087 -3.42684552819996 4.52942497472077
   vertex -5.41632034356087 -3.42684552819996 1.52942497472077
  endloop
 endfacet
 facet normal 0.86602540378444 -0.50000000000000 -0.00000000000000
  outer loop
   vertex -4.93671145195478 -2.10913092834256 4.52942497472077
   vertex -5.29269021617199 -2.72570423438234 4.52942497472077
   vertex -5.29269021617199 -2.72570423438234 1.52942497472077
  endloop
 endfacet
 facet normal 0.64278760968654 -0.76604444311898 -0.00000000000000
  outer loop
   vertex -4.39132034356088 -1.65149345044186 4.52942497472077
   vertex -4.93671145195478 -2.10913092834256 4.52942497472077
   vertex -4.93671145195478 -2.10913092834256 1.52942497472077
  endloop
 endfacet
 facet normal 0.34202014332567 -0.93969262078591 0.00000000000000
  outer loop
   vertex -3.72229910777808 -1.40798963452494 4.52942497472077
   vertex -4.39132034356088 -1.65149345044186 4.52942497472077
   vertex -4.39132034356088 -1.65149345044186 1.52942497472077
  endloop
 endfacet
 facet normal 0.00000000000000 -1.00000000000000 0.00000000000000
  outer loop
   vertex -3.01034157934367 -1.40798963452493 4.52942497472077
   vertex -3.72229910777808 -1.40798963452494 4.52942497472077
   vertex -3.72229910777808 -1.40798963452494 1.52942497472077
  endloop
 endfacet
 facet normal -0.34202014332567 -0.93969262078591 0.00000000000000
  outer loop
   vertex -2.34132034356087 -1.65149345044186 4.52942497472077
   vertex -3.01034157934367 -1.40798963452493 4.52942497472077
   vertex -3.01034157934367 -1.40798963452493 1.52942497472077
  endloop
 endfacet
 facet normal -0.64278760968654 -0.76604444311898 -0.00000000000000
  outer loop
   vertex -1.79592923516697 -2.10913092834255 4.52942497472077
   vertex -2.34132034356087 -1.65149345044186 4.52942497472077
   vertex -2.34132034356087 -1.65149345044186 1.52942497472077
  endloop
 endfacet
 facet normal -0.86602540378444 -0.50000000000000 -0.00000000000000
  outer loop
   vertex -1.43995047094976 -2.72570423438234 4.52942497472077
   vertex -1.79592923516697 -2.10913092834255 4.52942497472077
   vertex -1.79592923516697 -2.10913092834255 1.52942497472077
  endloop
 endfacet
 facet normal -0.98480775301221 -0.17364817766693 0.00000000000000
  outer loop
   vertex -1.31632034356087 -3.42684552819996 4.52942497472077
   vertex -1.43995047094976 -2.72570423438234 4.52942497472077
   vertex -1.43995047094976 -2.72570423438234 1.52942497472077
  endloop
 endfacet
 facet normal 0.00000000000000 0.00000000000000 1.00000000000000
  outer loop
   vertex -3.36632034356087 -3.42684552819996 1.52942497472077
   vertex -5.29269021617198 -4.12798682201758 1.52942497472077
   vertex -4.93671145195478 -4.74456012805737 1.52942497472077
  endloop
 endfacet
 facet normal -0.00000000000000 0.00000000000000 1.00000000000000
  outer loop
   vertex -4.93671145195478 -4.74456012805737 1.52942497472077
   vertex -4.39132034356088 -5.20219760595806 1.52942497472077
   vertex -3.36632034356087 -3.42684552819996 1.52942497472077
  endloop
 endfacet
 facet normal -0.00000000000000 0.00000000000000 1.00000000000000
  outer loop
   vertex -4.39132034356088 -5.20219760595806 1.52942497472077
   vertex -3.72229910777807 -5.44570142187499 1.52942497472077
   vertex -3.36632034356087 -3.42684552819996 1.52942497472077
  endloop
 endfacet
 facet normal 0.00000000000000 0.00000000000000 1.00000000000000
  outer loop
   vertex -3.72229910777807 -5.44570142187499 1.52942497472077
   vertex -3.01034157934367 -5.44570142187499 1.52942497472077
   vertex -3.36632034356087 -3.42684552819996 1.52942497472077
  endloop
 endfacet
 facet normal 0.00000000000000 -0.00000000000000 1.00000000000000
  outer loop
   vertex -3.01034157934367 -5.44570142187499 1.52942497472077
   vertex -2.34132034356087 -5.20219760595806 1.52942497472077
   vertex -3.36632034356087 -3.42684552819996 1.52942497472077
  endloop
 endfacet
 facet normal 0.00000000000000 -0.00000000000000 1.00000000000000
  outer loop
   vertex -2.34132034356087 -5.20219760595806 1.52942497472077
   vertex -1.79592923516696 -4.74456012805737 1.52942497472077
   vertex -3.36632034356087 -3.42684552819996 1.52942497472077
  endloop
 endfacet
 facet normal 0.00000000000000 -0.00000000000000 1.00000000000000
  outer loop
   vertex -1.79592923516696 -4.74456012805737 1.52942497472077
   vertex -1.43995047094976 -4.12798682201758 1.52942497472077
   vertex -3.36632034356087 -3.42684552819996 1.52942497472077
  endloop
 endfacet
 facet normal 0.00000000000000 -0.00000000000000 1.00000000000000
  outer loop
   vertex -1.43995047094976 -4.12798682201758 1.52942497472077
   vertex -1.31632034356087 -3.42684552819996 1.52942497472077
   vertex -3.36632034356087 -3.42684552819996 1.52942497472077
  endloop
 endfacet
 facet normal 0.00000000000000 0.00000000000000 1.00000000000000
  outer loop
   vertex -1.31632034356087 -3.42684552819996 1.52942497472077
   vertex -1.43995047094976 -2.72570423438234 1.52942497472077
   vertex -3.36632034356087 -3.42684552819996 1.52942497472077
  endloop
 endfacet
 facet normal 0.00000000000000 0.00000000000000 1.00000000000000
  outer loop
   vertex -1.43995047094976 -2.72570423438234 1.52942497472077
   vertex -1.79592923516696 -2.10913092834255 1.52942497472077
   vertex -3.36632034356087 -3.42684552819996 1.52942497472077
  endloop
 endfacet
 facet normal 0.00000000000000 0.00000000000000 1.00000000000000
  outer loop
   vertex -1.79592923516696 -2.10913092834255 1.52942497472077
   vertex -2.34132034356087 -1.65149345044186 1.52942497472077
   vertex -3.36632034356087 -3.42684552819996 1.52942497472077
  endloop
 endfacet
 facet normal 0.00000000000000 0.00000000000000 1.00000000000000
  outer loop
   vertex -2.34132034356087 -1.65149345044186 1.52942497472077
   vertex -3.01034157934367 -1.40798963452493 1.52942497472077
   vertex -3.36632034356087 -3.42684552819996 1.52942497472077
  endloop
 endfacet
 facet normal 0.00000000000000 0.00000000000000 1.00000000000000
  outer loop
   vertex -3.01034157934367 -1.40798963452493 1.52942497472077
   vertex -3.72229910777809 -1.40798963452494 1.52942497472077
   vertex -3.36632034356087 -3.42684552819996 1.52942497472077
  endloop
 endfacet
 facet normal 0.00000000000000 0.00000000000000 1.00000000000000
  outer loop
   vertex -3.72229910777809 -1.40798963452494 1.52942497472077
   vertex -4.39132034356088 -1.65149345044186 1.52942497472077
   vertex -3.36632034356087 -3.42684552819996 1.52942497472077
  endloop
 endfacet
 facet normal 0.00000000000000 0.00000000000000 1.00000000000000
  outer loop
   vertex -4.39132034356088 -1.65149345044186 1.52942497472077
   vertex -4.93671145195478 -2.10913092834256 1.52942497472077
   vertex -3.36632034356087 -3.42684552819996 1.52942497472077
  endloop
 endfacet
 facet normal 0.00000000000000 0.00000000000000 1.00000000000000
  outer loop
   vertex -4.93671145195478 -2.10913092834256 1.52942497472077
   vertex -5.29269021617198 -2.72570423438234 1.52942497472077
   vertex -3.36632034356087 -3.42684552819996 1.52942497472077
  endloop
 endfacet
 facet normal -0.00000000000000 -0.00000000000000 1.00000000000000
  outer loop
   vertex -5.29269021617198 -2.72570423438234 1.52942497472077
   vertex -5.41632034356087 -3.42684552819996 1.52942497472077
   vertex -3.36632034356087 -3.42684552819996 1.52942497472077
  endloop
 endfacet
 facet normal -0.00000000000000 0.00000000000000 1.00000000000000
  outer loop
   vertex -5.41632034356087 -3.42684552819996 1.52942497472077
   vertex -5.29269021617198 -4.12798682201758 1.52942497472077
   vertex -3.36632034356087 -3.42684552819996 1.52942497472077
  endloop
 endfacet
 facet normal -0.98480775301220 -0.17364817766695 -0.00000000000000
  outer loop
   vertex 56.49276851027808 6.05364974143612 1.52942497472077
   vertex 56.55609125845289 5.69452859094416 1.52942497472077
   vertex 56.55609125845289 5.69452859094416 4.52942497472077
  endloop
 endfacet
 facet normal -0.86602540378445 -0.49999999999998 0.00000000000000
  outer loop
   vertex 56.31043792372782 6.36945558111503 1.52942497472077
   vertex 56.49276851027808 6.05364974143612 1.52942497472077
   vertex 56.49276851027808 6.05364974143612 4.52942497472077
  endloop
 endfacet
 facet normal -0.64278760968654 -0.76604444311898 -0.00000000000000
  outer loop
   vertex 56.03109125845289 6.60385526491783 1.52942497472077
   vertex 56.31043792372782 6.36945558111503 1.52942497472077
   vertex 56.31043792372782 6.36945558111503 4.52942497472077
  endloop
 endfacet
 facet normal -0.34202014332566 -0.93969262078591 0.00000000000000
  outer loop
   vertex 55.68842184500316 6.72857673160698 1.52942497472077
   vertex 56.03109125845289 6.60385526491783 1.52942497472077
   vertex 56.03109125845289 6.60385526491783 4.52942497472077
  endloop
 endfacet
 facet normal 0.00000000000000 -1.00000000000000 0.00000000000000
  outer loop
   vertex 55.32376067190260 6.72857673160698 1.52942497472077
   vertex 55.68842184500316 6.72857673160698 1.52942497472077
   vertex 55.68842184500316 6.72857673160698 4.52942497472077
  endloop
 endfacet
 facet normal 0.34202014332567 -0.93969262078591 0.00000000000000
  outer loop
   vertex 54.98109125845289 6.60385526491782 1.52942497472077
   vertex 55.32376067190260 6.72857673160698 1.52942497472077
   vertex 55.32376067190260 6.72857673160698 4.52942497472077
  endloop
 endfacet
 facet normal 0.64278760968654 -0.76604444311897 -0.00000000000000
  outer loop
   vertex 54.70174459317796 6.36945558111503 1.52942497472077
   vertex 54.98109125845289 6.60385526491782 1.52942497472077
   vertex 54.98109125845289 6.60385526491782 4.52942497472077
  endloop
 endfacet
 facet normal 0.86602540378444 -0.50000000000001 0.00000000000000
  outer loop
   vertex 54.51941400662768 6.05364974143612 1.52942497472077
   vertex 54.70174459317796 6.36945558111503 1.52942497472077
   vertex 54.70174459317796 6.36945558111503 4.52942497472077
  endloop
 endfacet
 facet normal 0.98480775301221 -0.17364817766693 0.00000000000000
  outer loop
   vertex 54.45609125845289 5.69452859094416 1.52942497472077
   vertex 54.51941400662768 6.05364974143612 1.52942497472077
   vertex 54.51941400662768 6.05364974143612 4.52942497472077
  endloop
 endfacet
 facet normal 0.98480775301221 0.17364817766693 -0.00000000000000
  outer loop
   vertex 54.51941400662768 5.33540744045221 1.52942497472077
   vertex 54.45609125845289 5.69452859094416 1.52942497472077
   vertex 54.45609125845289 5.69452859094416 4.52942497472077
  endloop
 endfacet
 facet normal 0.86602540378444 0.50000000000001 0.00000000000000
  outer loop
   vertex 54.70174459317796 5.01960160077330 1.52942497472077
   vertex 54.51941400662768 5.33540744045221 1.52942497472077
   vertex 54.51941400662768 5.33540744045221 4.52942497472077
  endloop
 endfacet
 facet normal 0.64278760968654 0.76604444311898 -0.00000000000000
  outer loop
   vertex 54.98109125845289 4.78520191697050 1.52942497472077
   vertex 54.70174459317796 5.01960160077330 1.52942497472077
   vertex 54.70174459317796 5.01960160077330 4.52942497472077
  endloop
 endfacet
 facet normal 0.34202014332566 0.93969262078591 0.00000000000000
  outer loop
   vertex 55.32376067190262 4.66048045028135 1.52942497472077
   vertex 54.98109125845289 4.78520191697050 1.52942497472077
   vertex 54.98109125845289 4.78520191697050 4.52942497472077
  endloop
 endfacet
 facet normal 0.00000000000000 1.00000000000000 0.00000000000000
  outer loop
   vertex 55.68842184500316 4.66048045028135 1.52942497472077
   vertex 55.32376067190262 4.66048045028135 1.52942497472077
   vertex 55.32376067190262 4.66048045028135 4.52942497472077
  endloop
 endfacet
 facet normal -0.34202014332566 0.93969262078591 -0.00000000000000
  outer loop
   vertex 56.03109125845289 4.78520191697050 1.52942497472077
   vertex 55.68842184500316 4.66048045028135 1.52942497472077
   vertex 55.68842184500316 4.66048045028135 4.52942497472077
  endloop
 endfacet
 facet normal -0.64278760968654 0.76604444311898 0.00000000000000
  outer loop
   vertex 56.31043792372782 5.01960160077330 1.52942497472077
   vertex 56.03109125845289 4.78520191697050 1.52942497472077
   vertex 56.03109125845289 4.78520191697050 4.52942497472077
  endloop
 endfacet
 facet normal -0.86602540378445 0.49999999999998 -0.00000000000000
  outer loop
   vertex 56.49276851027808 5.33540744045221 1.52942497472077
   vertex 56.31043792372782 5.01960160077330 1.52942497472077
   vertex 56.31043792372782 5.01960160077330 4.52942497472077
  endloop
 endfacet
 facet normal -0.98480775301220 0.17364817766695 -0.00000000000000
  outer loop
   vertex 56.55609125845289 5.69452859094416 1.52942497472077
   vertex 56.49276851027808 5.33540744045221 1.52942497472077
   vertex 56.49276851027808 5.33540744045221 4.52942497472077
  endloop
 endfacet
 facet normal -0.98480775301220 0.17364817766695 -0.00000000000000
  outer loop
   vertex 56.49276851027808 5.33540744045221 4.52942497472077
   vertex 56.55609125845289 5.69452859094416 4.52942497472077
   vertex 56.55609125845289 5.69452859094416 1.52942497472077
  endloop
 endfacet
 facet normal -0.86602540378445 0.49999999999998 -0.00000000000000
  outer loop
   vertex 56.31043792372782 5.01960160077330 4.52942497472077
   vertex 56.49276851027808 5.33540744045221 4.52942497472077
   vertex 56.49276851027808 5.33540744045221 1.52942497472077
  endloop
 endfacet
 facet normal -0.64278760968654 0.76604444311898 0.00000000000000
  outer loop
   vertex 56.03109125845289 4.78520191697050 4.52942497472077
   vertex 56.31043792372782 5.01960160077330 4.52942497472077
   vertex 56.31043792372782 5.01960160077330 1.52942497472077
  endloop
 endfacet
 facet normal -0.34202014332566 0.93969262078591 -0.00000000000000
  outer loop
   vertex 55.68842184500316 4.66048045028135 4.52942497472077
   vertex 56.03109125845289 4.78520191697050 4.52942497472077
   vertex 56.03109125845289 4.78520191697050 1.52942497472077
  endloop
 endfacet
 facet normal -0.00000000000000 1.00000000000000 0.00000000000000
  outer loop
   vertex 55.32376067190262 4.66048045028135 4.52942497472077
   vertex 55.68842184500316 4.66048045028135 4.52942497472077
   vertex 55.68842184500316 4.66048045028135 1.52942497472077
  endloop
 endfacet
 facet normal 0.34202014332566 0.93969262078591 0.00000000000000
  outer loop
   vertex 54.98109125845289 4.78520191697050 4.52942497472077
   vertex 55.32376067190262 4.66048045028135 4.52942497472077
   vertex 55.32376067190262 4.66048045028135 1.52942497472077
  endloop
 endfacet
 facet normal 0.64278760968654 0.76604444311898 -0.00000000000000
  outer loop
   vertex 54.70174459317796 5.01960160077330 4.52942497472077
   vertex 54.98109125845289 4.78520191697050 4.52942497472077
   vertex 54.98109125845289 4.78520191697050 1.52942497472077
  endloop
 endfacet
 facet normal 0.86602540378444 0.50000000000001 0.00000000000000
  outer loop
   vertex 54.51941400662768 5.33540744045221 4.52942497472077
   vertex 54.70174459317796 5.01960160077330 4.52942497472077
   vertex 54.70174459317796 5.01960160077330 1.52942497472077
  endloop
 endfacet
 facet normal 0.98480775301221 0.17364817766693 -0.00000000000000
  outer loop
   vertex 54.45609125845289 5.69452859094416 4.52942497472077
   vertex 54.51941400662768 5.33540744045221 4.52942497472077
   vertex 54.51941400662768 5.33540744045221 1.52942497472077
  endloop
 endfacet
 facet normal 0.98480775301221 -0.17364817766693 0.00000000000000
  outer loop
   vertex 54.51941400662768 6.05364974143612 4.52942497472077
   vertex 54.45609125845289 5.69452859094416 4.52942497472077
   vertex 54.45609125845289 5.69452859094416 1.52942497472077
  endloop
 endfacet
 facet normal 0.86602540378444 -0.50000000000001 0.00000000000000
  outer loop
   vertex 54.70174459317796 6.36945558111503 4.52942497472077
   vertex 54.51941400662768 6.05364974143612 4.52942497472077
   vertex 54.51941400662768 6.05364974143612 1.52942497472077
  endloop
 endfacet
 facet normal 0.64278760968654 -0.76604444311897 -0.00000000000000
  outer loop
   vertex 54.98109125845289 6.60385526491782 4.52942497472077
   vertex 54.70174459317796 6.36945558111503 4.52942497472077
   vertex 54.70174459317796 6.36945558111503 1.52942497472077
  endloop
 endfacet
 facet normal 0.34202014332567 -0.93969262078591 0.00000000000000
  outer loop
   vertex 55.32376067190260 6.72857673160698 4.52942497472077
   vertex 54.98109125845289 6.60385526491782 4.52942497472077
   vertex 54.98109125845289 6.60385526491782 1.52942497472077
  endloop
 endfacet
 facet normal 0.00000000000000 -1.00000000000000 0.00000000000000
  outer loop
   vertex 55.68842184500316 6.72857673160698 4.52942497472077
   vertex 55.32376067190260 6.72857673160698 4.52942497472077
   vertex 55.32376067190260 6.72857673160698 1.52942497472077
  endloop
 endfacet
 facet normal -0.34202014332566 -0.93969262078591 0.00000000000000
  outer loop
   vertex 56.03109125845289 6.60385526491783 4.52942497472077
   vertex 55.68842184500316 6.72857673160698 4.52942497472077
   vertex 55.68842184500316 6.72857673160698 1.52942497472077
  endloop
 endfacet
 facet normal -0.64278760968654 -0.76604444311898 -0.00000000000000
  outer loop
   vertex 56.31043792372782 6.36945558111503 4.52942497472077
   vertex 56.03109125845289 6.60385526491783 4.52942497472077
   vertex 56.03109125845289 6.60385526491783 1.52942497472077
  endloop
 endfacet
 facet normal -0.86602540378445 -0.49999999999998 0.00000000000000
  outer loop
   vertex 56.49276851027808 6.05364974143612 4.52942497472077
   vertex 56.31043792372782 6.36945558111503 4.52942497472077
   vertex 56.31043792372782 6.36945558111503 1.52942497472077
  endloop
 endfacet
 facet normal -0.98480775301220 -0.17364817766695 -0.00000000000000
  outer loop
   vertex 56.55609125845289 5.69452859094416 4.52942497472077
   vertex 56.49276851027808 6.05364974143612 4.52942497472077
   vertex 56.49276851027808 6.05364974143612 1.52942497472077
  endloop
 endfacet
 facet normal 0.00000000000000 0.00000000000000 1.00000000000000
  outer loop
   vertex 55.50609125845288 5.69452859094416 1.52942497472077
   vertex 54.51941400662768 5.33540744045221 1.52942497472077
   vertex 54.70174459317797 5.01960160077330 1.52942497472077
  endloop
 endfacet
 facet normal -0.00000000000000 0.00000000000000 1.00000000000000
  outer loop
   vertex 54.70174459317797 5.01960160077330 1.52942497472077
   vertex 54.98109125845290 4.78520191697050 1.52942497472077
   vertex 55.50609125845288 5.69452859094416 1.52942497472077
  endloop
 endfacet
 facet normal -0.00000000000000 0.00000000000000 1.00000000000000
  outer loop
   vertex 54.98109125845290 4.78520191697050 1.52942497472077
   vertex 55.32376067190263 4.66048045028135 1.52942497472077
   vertex 55.50609125845288 5.69452859094416 1.52942497472077
  endloop
 endfacet
 facet normal 0.00000000000000 0.00000000000000 1.00000000000000
  outer loop
   vertex 55.32376067190263 4.66048045028135 1.52942497472077
   vertex 55.68842184500316 4.66048045028135 1.52942497472077
   vertex 55.50609125845288 5.69452859094416 1.52942497472077
  endloop
 endfacet
 facet normal 0.00000000000000 -0.00000000000000 1.00000000000000
  outer loop
   vertex 55.68842184500316 4.66048045028135 1.52942497472077
   vertex 56.03109125845288 4.78520191697050 1.52942497472077
   vertex 55.50609125845288 5.69452859094416 1.52942497472077
  endloop
 endfacet
 facet normal 0.00000000000000 -0.00000000000000 1.00000000000000
  outer loop
   vertex 56.03109125845288 4.78520191697050 1.52942497472077
   vertex 56.31043792372780 5.01960160077330 1.52942497472077
   vertex 55.50609125845288 5.69452859094416 1.52942497472077
  endloop
 endfacet
 facet normal 0.00000000000000 -0.00000000000000 1.00000000000000
  outer loop
   vertex 56.31043792372780 5.01960160077330 1.52942497472077
   vertex 56.49276851027808 5.33540744045221 1.52942497472077
   vertex 55.50609125845288 5.69452859094416 1.52942497472077
  endloop
 endfacet
 facet normal 0.00000000000000 -0.00000000000000 1.00000000000000
  outer loop
   vertex 56.49276851027808 5.33540744045221 1.52942497472077
   vertex 56.55609125845288 5.69452859094416 1.52942497472077
   vertex 55.50609125845288 5.69452859094416 1.52942497472077
  endloop
 endfacet
 facet normal 0.00000000000000 0.00000000000000 1.00000000000000
  outer loop
   vertex 56.55609125845288 5.69452859094416 1.52942497472077
   vertex 56.49276851027808 6.05364974143612 1.52942497472077
   vertex 55.50609125845288 5.69452859094416 1.52942497472077
  endloop
 endfacet
 facet normal 0.00000000000000 0.00000000000000 1.00000000000000
  outer loop
   vertex 56.49276851027808 6.05364974143612 1.52942497472077
   vertex 56.31043792372780 6.36945558111503 1.52942497472077
   vertex 55.50609125845288 5.69452859094416 1.52942497472077
  endloop
 endfacet
 facet normal 0.00000000000000 0.00000000000000 1.00000000000000
  outer loop
   vertex 56.31043792372780 6.36945558111503 1.52942497472077
   vertex 56.03109125845288 6.60385526491783 1.52942497472077
   vertex 55.50609125845288 5.69452859094416 1.52942497472077
  endloop
 endfacet
 facet normal 0.00000000000000 0.00000000000000 1.00000000000000
  outer loop
   vertex 56.03109125845288 6.60385526491783 1.52942497472077
   vertex 55.68842184500316 6.72857673160698 1.52942497472077
   vertex 55.50609125845288 5.69452859094416 1.52942497472077
  endloop
 endfacet
 facet normal 0.00000000000000 0.00000000000000 1.00000000000000
  outer loop
   vertex 55.68842184500316 6.72857673160698 1.52942497472077
   vertex 55.32376067190260 6.72857673160698 1.52942497472077
   vertex 55.50609125845288 5.69452859094416 1.52942497472077
  endloop
 endfacet
 facet normal 0.00000000000000 0.00000000000000 1.00000000000000
  outer loop
   vertex 55.32376067190260 6.72857673160698 1.52942497472077
   vertex 54.98109125845289 6.60385526491782 1.52942497472077
   vertex 55.50609125845288 5.69452859094416 1.52942497472077
  endloop
 endfacet
 facet normal 0.00000000000000 0.00000000000000 1.00000000000000
  outer loop
   vertex 54.98109125845289 6.60385526491782 1.52942497472077
   vertex 54.70174459317797 6.36945558111503 1.52942497472077
   vertex 55.50609125845288 5.69452859094416 1.52942497472077
  endloop
 endfacet
 facet normal 0.00000000000000 0.00000000000000 1.00000000000000
  outer loop
   vertex 54.70174459317797 6.36945558111503 1.52942497472077
   vertex 54.51941400662768 6.05364974143612 1.52942497472077
   vertex 55.50609125845288 5.69452859094416 1.52942497472077
  endloop
 endfacet
 facet normal -0.00000000000000 -0.00000000000000 1.00000000000000
  outer loop
   vertex 54.51941400662768 6.05364974143612 1.52942497472077
   vertex 54.45609125845289 5.69452859094416 1.52942497472077
   vertex 55.50609125845288 5.69452859094416 1.52942497472077
  endloop
 endfacet
 facet normal -0.00000000000000 0.00000000000000 1.00000000000000
  outer loop
   vertex 54.45609125845289 5.69452859094416 1.52942497472077
   vertex 54.51941400662768 5.33540744045221 1.52942497472077
   vertex 55.50609125845288 5.69452859094416 1.52942497472077
  endloop
 endfacet
 facet normal 0.00000000000000 0.00000000000000 1.00000000000000
  outer loop
   vertex -5.92205098312476 143.26335575684561 -2.17077142648073
   vertex -9.44957870617009 147.05872450461493 -2.17077142648073
   vertex -9.74742216975607 146.58470934776199 -2.17077142648073
  endloop
 endfacet
 facet normal 0.00000000000000 -0.00000000000000 1.00000000000000
  outer loop
   vertex -5.92205098312476 143.26335575684561 -2.17077142648073
   vertex -5.25835575687734 143.92705098309304 -2.17077142648073
   vertex -8.05130233489078 147.93731978042268 -2.17077142648073
  endloop
 endfacet
 facet normal 0.00000000000000 0.00000000000000 1.00000000000000
  outer loop
   vertex -5.92205098312476 143.26335575684561 -2.17077142648073
   vertex -9.05372450464684 147.45457870613816 -2.17077142648073
   vertex -9.44957870617009 147.05872450461493 -2.17077142648073
  endloop
 endfacet
 facet normal 0.00000000000000 0.00000000000000 1.00000000000000
  outer loop
   vertex -8.05130233489078 147.93731978042268 -2.17077142648073
   vertex -8.57970934779391 147.75242216972416 -2.17077142648073
   vertex -5.92205098312476 143.26335575684561 -2.17077142648073
  endloop
 endfacet
 facet normal 0.00000000000000 0.00000000000000 1.00000000000000
  outer loop
   vertex -5.25835575687734 -5.96326506267525 -2.17077142648073
   vertex -9.44957870617000 -9.09493858419723 -2.17077142648073
   vertex -9.05372450464677 -9.49079278572047 -2.17077142648073
  endloop
 endfacet
 facet normal 0.00000000000000 0.00000000000000 1.00000000000000
  outer loop
   vertex -5.25835575687734 -5.96326506267525 -2.17077142648073
   vertex -5.92205098312476 -5.29956983642782 -2.17077142648073
   vertex -9.93231978045449 -8.09251641444118 -2.17077142648073
  endloop
 endfacet
 facet normal 0.00000000000000 0.00000000000000 1.00000000000000
  outer loop
   vertex 149.12835575687541 143.92705098309301 -2.17077142648073
   vertex 152.92372450464472 147.45457870613822 -2.17077142648073
   vertex 152.44970934779178 147.75242216972421 -2.17077142648073
  endloop
 endfacet
 facet normal -0.00000000000000 0.00000000000000 1.00000000000000
  outer loop
   vertex 149.12835575687541 143.92705098309301 -2.17077142648073
   vertex 149.79205098312281 143.26335575684558 -2.17077142648073
   vertex 153.80231978045248 146.05630233485894 -2.17077142648073
  endloop
 endfacet
 facet normal 0.00000000000000 0.00000000000000 1.00000000000000
  outer loop
   vertex -7.49500000000000 147.99999999996817 -2.17077142648073
   vertex 44.96269094262072 144.45105651626562 -2.17077142648073
   vertex 45.27170793699568 144.49999999997050 -2.17077142648073
  endloop
 endfacet
 facet normal 0.00000000000000 0.00000000000000 1.00000000000000
  outer loop
   vertex -8.57970934779391 147.75242216972416 -2.17077142648073
   vertex -9.05372450464684 147.45457870613816 -2.17077142648073
   vertex -5.92205098312476 143.26335575684561 -2.17077142648073
  endloop
 endfacet
 facet normal 0.00000000000000 0.00000000000000 1.00000000000000
  outer loop
   vertex -5.92205098312476 143.26335575684561 -2.17077142648073
   vertex -9.93231978045458 146.05630233485888 -2.17077142648073
   vertex -9.99500000000000 145.49999999996808 -2.17077142648073
  endloop
 endfacet
 facet normal 0.00000000000000 0.00000000000000 1.00000000000000
  outer loop
   vertex -9.99500000000000 145.49999999996808 -2.17077142648073
   vertex -9.99499999999993 -7.53621407955039 -2.17077142648073
   vertex -6.49499999999990 -3.53621407955038 -2.17077142648073
  endloop
 endfacet
 facet normal -0.00000000000000 0.00000000000000 1.00000000000000
  outer loop
   vertex -9.05372450464677 -9.49079278572047 -2.17077142648073
   vertex -8.57970934779384 -9.78863624930644 -2.17077142648073
   vertex -5.25835575687734 -5.96326506267525 -2.17077142648073
  endloop
 endfacet
 facet normal -0.00000000000000 0.00000000000000 1.00000000000000
  outer loop
   vertex -9.93231978045449 -8.09251641444118 -2.17077142648073
   vertex -9.74742216975598 -8.62092342734429 -2.17077142648073
   vertex -5.25835575687734 -5.96326506267525 -2.17077142648073
  endloop
 endfacet
 facet normal 0.00000000000000 0.00000000000000 1.00000000000000
  outer loop
   vertex 18.26801507286358 -6.43732951315063 -2.17077142648073
   vertex 17.50412421617879 -6.53621407955040 -2.17077142648073
   vertex 18.02191843002201 -10.03621407955040 -2.17077142648073
  endloop
 endfacet
 facet normal 0.00000000000000 0.00000000000000 1.00000000000000
  outer loop
   vertex 149.12835575687541 143.92705098309301 -2.17077142648073
   vertex 153.31957870616799 147.05872450461499 -2.17077142648073
   vertex 152.92372450464472 147.45457870613822 -2.17077142648073
  endloop
 endfacet
 facet normal 0.00000000000000 0.00000000000000 1.00000000000000
  outer loop
   vertex 153.80231978045248 146.05630233485894 -2.17077142648073
   vertex 153.61742216975395 146.58470934776204 -2.17077142648073
   vertex 149.12835575687541 143.92705098309301 -2.17077142648073
  endloop
 endfacet
 facet normal 0.00000000000000 0.00000000000000 1.00000000000000
  outer loop
   vertex 151.36499999999791 147.99999999996817 -2.17077142648073
   vertex 45.27170793699568 144.49999999997050 -2.17077142648073
   vertex 147.36499999999802 144.49999999996820 -2.17077142648073
  endloop
 endfacet
 facet normal 0.00000000000000 0.00000000000000 1.00000000000000
  outer loop
   vertex -7.49500000000000 147.99999999996817 -2.17077142648073
   vertex 44.68392268470318 144.30901699434540 -2.17077142648073
   vertex 44.96269094262072 144.45105651626562 -2.17077142648073
  endloop
 endfacet
 facet normal 0.00000000000000 0.00000000000000 1.00000000000000
  outer loop
   vertex 44.68392268470318 140.19098300559321 -2.17077142648073
   vertex -7.49500000000000 147.99999999996817 -2.17077142648073
   vertex 2.77170793699561 144.49999999996805 -2.17077142648073
  endloop
 endfacet
 facet normal 0.00000000000000 -0.00000000000000 1.00000000000000
  outer loop
   vertex -5.25835575687734 143.92705098309304 -2.17077142648073
   vertex -4.42205098312474 144.35316954885369 -2.17077142648073
   vertex -7.49500000000000 147.99999999996817 -2.17077142648073
  endloop
 endfacet
 facet normal 0.00000000000000 0.00000000000000 1.00000000000000
  outer loop
   vertex -9.99500000000000 145.49999999996808 -2.17077142648073
   vertex -6.34816954888540 142.42705098309304 -2.17077142648073
   vertex -5.92205098312476 143.26335575684561 -2.17077142648073
  endloop
 endfacet
 facet normal 0.00000000000000 0.00000000000000 1.00000000000000
  outer loop
   vertex -9.99499999999993 -7.53621407955039 -2.17077142648073
   vertex -6.34816954888538 -4.46326506267523 -2.17077142648073
   vertex -6.49499999999990 -3.53621407955038 -2.17077142648073
  endloop
 endfacet
 facet normal -0.00000000000000 0.00000000000000 1.00000000000000
  outer loop
   vertex -9.74742216975598 -8.62092342734429 -2.17077142648073
   vertex -9.44957870617000 -9.09493858419723 -2.17077142648073
   vertex -5.25835575687734 -5.96326506267525 -2.17077142648073
  endloop
 endfacet
 facet normal 0.00000000000000 0.00000000000000 1.00000000000000
  outer loop
   vertex -5.25835575687734 -5.96326506267525 -2.17077142648073
   vertex -8.05130233489071 -9.97353386000496 -2.17077142648073
   vertex -7.49499999999993 -10.03621407955040 -2.17077142648073
  endloop
 endfacet
 facet normal 0.00000000000000 0.00000000000000 1.00000000000000
  outer loop
   vertex 18.02191843002201 -10.03621407955040 -2.17077142648073
   vertex 17.50412421617879 -6.53621407955040 -2.17077142648073
   vertex -3.49499999999992 -6.53621407955040 -2.17077142648073
  endloop
 endfacet
 facet normal 0.00000000000000 0.00000000000000 1.00000000000000
  outer loop
   vertex 18.02191843002201 -10.03621407955040 -2.17077142648073
   vertex 18.34286197126641 -10.01552754164701 -2.17077142648073
   vertex 18.26801507286358 -6.43732951315063 -2.17077142648073
  endloop
 endfacet
 facet normal 0.00000000000000 0.00000000000000 1.00000000000000
  outer loop
   vertex 45.27170793699565 139.99999999996820 -2.17077142648073
   vertex 3.77170793699564 143.49999999996808 -2.17077142648073
   vertex 3.77170793699561 140.99999999996808 -2.17077142648073
  endloop
 endfacet
 facet normal -0.00000000000000 0.00000000000000 1.00000000000000
  outer loop
   vertex 149.79205098312281 143.26335575684558 -2.17077142648073
   vertex 150.21816954888342 142.42705098309301 -2.17077142648073
   vertex 153.86499999999791 145.49999999996817 -2.17077142648073
  endloop
 endfacet
 facet normal 0.00000000000000 0.00000000000000 1.00000000000000
  outer loop
   vertex 153.61742216975395 146.58470934776204 -2.17077142648073
   vertex 153.31957870616799 147.05872450461499 -2.17077142648073
   vertex 149.12835575687541 143.92705098309301 -2.17077142648073
  endloop
 endfacet
 facet normal 0.00000000000000 0.00000000000000 1.00000000000000
  outer loop
   vertex 149.12835575687541 143.92705098309301 -2.17077142648073
   vertex 151.92130233488868 147.93731978042271 -2.17077142648073
   vertex 151.36499999999791 147.99999999996817 -2.17077142648073
  endloop
 endfacet
 facet normal 0.00000000000000 -0.00000000000000 1.00000000000000
  outer loop
   vertex 45.27170793699568 144.49999999997050 -2.17077142648073
   vertex 151.36499999999791 147.99999999996817 -2.17077142648073
   vertex -7.49500000000000 147.99999999996817 -2.17077142648073
  endloop
 endfacet
 facet normal 0.00000000000000 0.00000000000000 1.00000000000000
  outer loop
   vertex -7.49500000000000 147.99999999996817 -2.17077142648073
   vertex 44.27170793699566 140.99999999996817 -2.17077142648073
   vertex 44.27170793699566 143.49999999997044 -2.17077142648073
  endloop
 endfacet
 facet normal 0.00000000000000 0.00000000000000 1.00000000000000
  outer loop
   vertex -7.49500000000000 147.99999999996817 -2.17077142648073
   vertex 44.46269094262071 140.41221474767570 -2.17077142648073
   vertex 44.32065142070051 140.69098300559321 -2.17077142648073
  endloop
 endfacet
 facet normal 0.00000000000000 0.00000000000000 1.00000000000000
  outer loop
   vertex -7.49500000000000 147.99999999996817 -2.17077142648073
   vertex -3.49499999999989 144.49999999996820 -2.17077142648073
   vertex 2.77170793699561 144.49999999996805 -2.17077142648073
  endloop
 endfacet
 facet normal 0.00000000000000 0.00000000000000 1.00000000000000
  outer loop
   vertex -9.74742216975607 146.58470934776199 -2.17077142648073
   vertex -9.93231978045458 146.05630233485888 -2.17077142648073
   vertex -5.92205098312476 143.26335575684561 -2.17077142648073
  endloop
 endfacet
 facet normal 0.00000000000000 0.00000000000000 1.00000000000000
  outer loop
   vertex -6.49499999999990 -3.53621407955038 -2.17077142648073
   vertex -6.49499999999994 141.49999999996817 -2.17077142648073
   vertex -9.99500000000000 145.49999999996808 -2.17077142648073
  endloop
 endfacet
 facet normal 0.00000000000000 0.00000000000000 1.00000000000000
  outer loop
   vertex -5.92205098312476 -5.29956983642782 -2.17077142648073
   vertex -6.34816954888538 -4.46326506267523 -2.17077142648073
   vertex -9.99499999999993 -7.53621407955039 -2.17077142648073
  endloop
 endfacet
 facet normal 0.00000000000000 0.00000000000000 1.00000000000000
  outer loop
   vertex -7.49499999999993 -10.03621407955040 -2.17077142648073
   vertex -4.42205098312477 -6.38938362843587 -2.17077142648073
   vertex -5.25835575687734 -5.96326506267525 -2.17077142648073
  endloop
 endfacet
 facet normal 0.00000000000000 -0.00000000000000 1.00000000000000
  outer loop
   vertex 18.34286197126641 -10.01552754164701 -2.17077142648073
   vertex 18.65849414392617 -9.95381027421723 -2.17077142648073
   vertex 18.26801507286358 -6.43732951315063 -2.17077142648073
  endloop
 endfacet
 facet normal 0.00000000000000 0.00000000000000 1.00000000000000
  outer loop
   vertex 18.65849414392617 -9.95381027421723 -2.17077142648073
   vertex 152.00157571390184 25.15667158863904 -2.17077142648073
   vertex 148.12889085668272 27.75625496246901 -2.17077142648073
  endloop
 endfacet
 facet normal 0.00000000000000 0.00000000000000 1.00000000000000
  outer loop
   vertex 45.27170793699565 139.99999999996820 -2.17077142648073
   vertex 3.72276445329079 143.80901699434307 -2.17077142648073
   vertex 3.77170793699564 143.49999999996808 -2.17077142648073
  endloop
 endfacet
 facet normal 0.00000000000000 0.00000000000000 1.00000000000000
  outer loop
   vertex 152.44970934779178 147.75242216972421 -2.17077142648073
   vertex 151.92130233488868 147.93731978042271 -2.17077142648073
   vertex 149.12835575687541 143.92705098309301 -2.17077142648073
  endloop
 endfacet
 facet normal -0.00000000000000 0.00000000000000 1.00000000000000
  outer loop
   vertex 147.36499999999802 144.49999999996820 -2.17077142648073
   vertex 148.29205098312283 144.35316954885363 -2.17077142648073
   vertex 151.36499999999791 147.99999999996817 -2.17077142648073
  endloop
 endfacet
 facet normal 0.00000000000000 0.00000000000000 1.00000000000000
  outer loop
   vertex 44.32065142070051 140.69098300559321 -2.17077142648073
   vertex 44.27170793699566 140.99999999996817 -2.17077142648073
   vertex -7.49500000000000 147.99999999996817 -2.17077142648073
  endloop
 endfacet
 facet normal 0.00000000000000 0.00000000000000 1.00000000000000
  outer loop
   vertex -7.49500000000000 147.99999999996817 -2.17077142648073
   vertex -4.42205098312474 144.35316954885369 -2.17077142648073
   vertex -3.49499999999989 144.49999999996820 -2.17077142648073
  endloop
 endfacet
 facet normal 0.00000000000000 -0.00000000000000 1.00000000000000
  outer loop
   vertex -6.49499999999994 141.49999999996817 -2.17077142648073
   vertex -6.34816954888540 142.42705098309304 -2.17077142648073
   vertex -9.99500000000000 145.49999999996808 -2.17077142648073
  endloop
 endfacet
 facet normal -0.00000000000000 0.00000000000000 1.00000000000000
  outer loop
   vertex -8.57970934779384 -9.78863624930644 -2.17077142648073
   vertex -8.05130233489071 -9.97353386000496 -2.17077142648073
   vertex -5.25835575687734 -5.96326506267525 -2.17077142648073
  endloop
 endfacet
 facet normal 0.00000000000000 0.00000000000000 1.00000000000000
  outer loop
   vertex 148.12889085668272 27.75625496246901 -2.17077142648073
   vertex 18.26801507286358 -6.43732951315063 -2.17077142648073
   vertex 18.65849414392617 -9.95381027421723 -2.17077142648073
  endloop
 endfacet
 facet normal 0.00000000000000 0.00000000000000 1.00000000000000
  outer loop
   vertex 3.77170793699561 140.99999999996808 -2.17077142648073
   vertex 3.72276445329077 140.69098300559315 -2.17077142648073
   vertex 45.27170793699565 139.99999999996820 -2.17077142648073
  endloop
 endfacet
 facet normal 0.00000000000000 0.00000000000000 1.00000000000000
  outer loop
   vertex 151.36499999999791 147.99999999996817 -2.17077142648073
   vertex 148.29205098312283 144.35316954885363 -2.17077142648073
   vertex 149.12835575687541 143.92705098309301 -2.17077142648073
  endloop
 endfacet
 facet normal 0.00000000000000 -0.00000000000000 1.00000000000000
  outer loop
   vertex 44.27170793699566 143.49999999997044 -2.17077142648073
   vertex 44.32065142070051 143.80901699434543 -2.17077142648073
   vertex -7.49500000000000 147.99999999996817 -2.17077142648073
  endloop
 endfacet
 facet normal 0.00000000000000 0.00000000000000 1.00000000000000
  outer loop
   vertex 2.77170793699561 144.49999999996805 -2.17077142648073
   vertex 44.96269094262069 140.04894348367301 -2.17077142648073
   vertex 44.68392268470318 140.19098300559321 -2.17077142648073
  endloop
 endfacet
 facet normal -0.00000000000000 0.00000000000000 1.00000000000000
  outer loop
   vertex -9.99499999999993 -7.53621407955039 -2.17077142648073
   vertex -9.93231978045449 -8.09251641444118 -2.17077142648073
   vertex -5.92205098312476 -5.29956983642782 -2.17077142648073
  endloop
 endfacet
 facet normal 0.00000000000000 0.00000000000000 1.00000000000000
  outer loop
   vertex -3.49499999999992 -6.53621407955040 -2.17077142648073
   vertex -7.49499999999993 -10.03621407955040 -2.17077142648073
   vertex 18.02191843002201 -10.03621407955040 -2.17077142648073
  endloop
 endfacet
 facet normal 0.00000000000000 0.00000000000000 1.00000000000000
  outer loop
   vertex 45.27170793699565 139.99999999996820 -2.17077142648073
   vertex 3.58072493137058 140.41221474767565 -2.17077142648073
   vertex 3.35949318928811 140.19098300559315 -2.17077142648073
  endloop
 endfacet
 facet normal 0.00000000000000 0.00000000000000 1.00000000000000
  outer loop
   vertex 45.27170793699565 139.99999999996820 -2.17077142648073
   vertex 3.58072493137058 144.08778525226057 -2.17077142648073
   vertex 3.72276445329079 143.80901699434307 -2.17077142648073
  endloop
 endfacet
 facet normal 0.00000000000000 0.00000000000000 1.00000000000000
  outer loop
   vertex 45.27170793699565 139.99999999996820 -2.17077142648073
   vertex 3.08072493137057 144.45105651626326 -2.17077142648073
   vertex 3.35949318928811 144.30901699434304 -2.17077142648073
  endloop
 endfacet
 facet normal 0.00000000000000 0.00000000000000 1.00000000000000
  outer loop
   vertex 153.86499999999791 145.49999999996817 -2.17077142648073
   vertex 153.80231978045248 146.05630233485894 -2.17077142648073
   vertex 149.79205098312281 143.26335575684558 -2.17077142648073
  endloop
 endfacet
 facet normal 0.00000000000000 -0.00000000000000 1.00000000000000
  outer loop
   vertex 44.32065142070051 143.80901699434543 -2.17077142648073
   vertex 44.46269094262071 144.08778525226293 -2.17077142648073
   vertex -7.49500000000000 147.99999999996817 -2.17077142648073
  endloop
 endfacet
 facet normal 0.00000000000000 0.00000000000000 1.00000000000000
  outer loop
   vertex -7.49500000000000 147.99999999996817 -2.17077142648073
   vertex -8.05130233489078 147.93731978042268 -2.17077142648073
   vertex -5.25835575687734 143.92705098309304 -2.17077142648073
  endloop
 endfacet
 facet normal 0.00000000000000 0.00000000000000 1.00000000000000
  outer loop
   vertex 152.00157571390184 25.15667158863904 -2.17077142648073
   vertex 149.02851224297646 28.16082738272847 -2.17077142648073
   vertex 148.12889085668272 27.75625496246901 -2.17077142648073
  endloop
 endfacet
 facet normal 0.00000000000000 0.00000000000000 1.00000000000000
  outer loop
   vertex 3.35949318928811 140.19098300559315 -2.17077142648073
   vertex 3.08072493137058 140.04894348367293 -2.17077142648073
   vertex 45.27170793699565 139.99999999996820 -2.17077142648073
  endloop
 endfacet
 facet normal 0.00000000000000 0.00000000000000 1.00000000000000
  outer loop
   vertex 3.35949318928811 144.30901699434304 -2.17077142648073
   vertex 3.58072493137058 144.08778525226057 -2.17077142648073
   vertex 45.27170793699565 139.99999999996820 -2.17077142648073
  endloop
 endfacet
 facet normal 0.00000000000000 -0.00000000000000 1.00000000000000
  outer loop
   vertex 44.46269094262071 144.08778525226293 -2.17077142648073
   vertex 44.68392268470318 144.30901699434540 -2.17077142648073
   vertex -7.49500000000000 147.99999999996817 -2.17077142648073
  endloop
 endfacet
 facet normal 0.00000000000000 0.00000000000000 1.00000000000000
  outer loop
   vertex -3.49499999999992 -6.53621407955040 -2.17077142648073
   vertex -4.42205098312477 -6.38938362843587 -2.17077142648073
   vertex -7.49499999999993 -10.03621407955040 -2.17077142648073
  endloop
 endfacet
 facet normal 0.00000000000000 0.00000000000000 1.00000000000000
  outer loop
   vertex 3.72276445329077 140.69098300559315 -2.17077142648073
   vertex 3.58072493137058 140.41221474767565 -2.17077142648073
   vertex 45.27170793699565 139.99999999996820 -2.17077142648073
  endloop
 endfacet
 facet normal 0.00000000000000 0.00000000000000 1.00000000000000
  outer loop
   vertex 3.08072493137057 144.45105651626326 -2.17077142648073
   vertex 45.27170793699565 139.99999999996820 -2.17077142648073
   vertex 44.96269094262069 140.04894348367301 -2.17077142648073
  endloop
 endfacet
 facet normal 0.00000000000000 0.00000000000000 1.00000000000000
  outer loop
   vertex 149.74829427513941 28.83530881695671 -2.17077142648073
   vertex 153.80534852540512 27.03140585376683 -2.17077142648073
   vertex 153.86499999999791 27.57426778330589 -2.17077142648073
  endloop
 endfacet
 facet normal 0.00000000000000 0.00000000000000 1.00000000000000
  outer loop
   vertex 44.68392268470318 140.19098300559321 -2.17077142648073
   vertex 44.46269094262071 140.41221474767570 -2.17077142648073
   vertex -7.49500000000000 147.99999999996817 -2.17077142648073
  endloop
 endfacet
 facet normal 0.00000000000000 0.00000000000000 1.00000000000000
  outer loop
   vertex 44.96269094262069 140.04894348367301 -2.17077142648073
   vertex 2.77170793699561 144.49999999996805 -2.17077142648073
   vertex 3.08072493137057 144.45105651626326 -2.17077142648073
  endloop
 endfacet
 facet normal 0.00000000000000 0.00000000000000 1.00000000000000
  outer loop
   vertex 149.74829427513941 28.83530881695671 -2.17077142648073
   vertex 152.51135501592540 25.35258594797080 -2.17077142648073
   vertex 152.96642890426338 25.65452158534557 -2.17077142648073
  endloop
 endfacet
 facet normal 0.00000000000000 0.00000000000000 1.00000000000000
  outer loop
   vertex 149.74829427513941 28.83530881695671 -2.17077142648073
   vertex 149.02851224297646 28.16082738272847 -2.17077142648073
   vertex 152.00157571390184 25.15667158863904 -2.17077142648073
  endloop
 endfacet
 facet normal 0.00000000000000 0.00000000000000 1.00000000000000
  outer loop
   vertex 149.74829427513941 28.83530881695671 -2.17077142648073
   vertex 153.62924074036360 26.51444993590561 -2.17077142648073
   vertex 153.80534852540512 27.03140585376683 -2.17077142648073
  endloop
 endfacet
 facet normal 0.00000000000000 -0.00000000000000 1.00000000000000
  outer loop
   vertex 153.86499999999791 27.57426778330589 -2.17077142648073
   vertex 153.86499999999791 145.49999999996817 -2.17077142648073
   vertex 150.36499999999793 141.49999999996817 -2.17077142648073
  endloop
 endfacet
 facet normal 0.00000000000000 0.00000000000000 1.00000000000000
  outer loop
   vertex 3.08072493137058 140.04894348367293 -2.17077142648073
   vertex 2.77170793699565 139.99999999996805 -2.17077142648073
   vertex 45.27170793699565 139.99999999996820 -2.17077142648073
  endloop
 endfacet
 facet normal 0.00000000000000 -0.00000000000000 1.00000000000000
  outer loop
   vertex 152.00157571390184 25.15667158863904 -2.17077142648073
   vertex 152.51135501592540 25.35258594797080 -2.17077142648073
   vertex 149.74829427513941 28.83530881695671 -2.17077142648073
  endloop
 endfacet
 facet normal 0.00000000000000 0.00000000000000 1.00000000000000
  outer loop
   vertex 149.74829427513941 28.83530881695671 -2.17077142648073
   vertex 153.34508071612538 26.04806977596214 -2.17077142648073
   vertex 153.62924074036360 26.51444993590561 -2.17077142648073
  endloop
 endfacet
 facet normal 0.00000000000000 0.00000000000000 1.00000000000000
  outer loop
   vertex 150.36499999999793 141.49999999996817 -2.17077142648073
   vertex 150.36499999999796 30.65737039606926 -2.17077142648073
   vertex 153.86499999999791 27.57426778330589 -2.17077142648073
  endloop
 endfacet
 facet normal 0.00000000000000 -0.00000000000000 1.00000000000000
  outer loop
   vertex 152.96642890426338 25.65452158534557 -2.17077142648073
   vertex 153.34508071612538 26.04806977596214 -2.17077142648073
   vertex 149.74829427513941 28.83530881695671 -2.17077142648073
  endloop
 endfacet
 facet normal 0.00000000000000 0.00000000000000 1.00000000000000
  outer loop
   vertex 150.36499999999796 30.65737039606926 -2.17077142648073
   vertex 150.21041270184872 29.70677765669738 -2.17077142648073
   vertex 153.86499999999791 27.57426778330589 -2.17077142648073
  endloop
 endfacet
 facet normal 0.00000000000000 0.00000000000000 1.00000000000000
  outer loop
   vertex 153.86499999999791 27.57426778330589 -2.17077142648073
   vertex 150.21041270184872 29.70677765669738 -2.17077142648073
   vertex 149.74829427513941 28.83530881695671 -2.17077142648073
  endloop
 endfacet
 facet normal -0.00000000000000 0.00000000000000 1.00000000000000
  outer loop
   vertex 150.21816954888342 142.42705098309301 -2.17077142648073
   vertex 150.36499999999793 141.49999999996817 -2.17077142648073
   vertex 153.86499999999791 145.49999999996817 -2.17077142648073
  endloop
 endfacet
 facet normal 0.00000000000000 -0.15643446504025 0.98768834059513
  outer loop
   vertex 18.02191843002201 -10.03621407955040 -2.17077142648073
   vertex -7.49499999999993 -10.03621407955040 -2.17077142648073
   vertex -7.49499999999993 -10.19072257673787 -2.19524316833316
  endloop
 endfacet
 facet normal 0.00000000000000 -0.45399049973956 0.89100652418836
  outer loop
   vertex 18.02191843002201 -10.19072257673786 -2.19524316833316
   vertex -7.49499999999993 -10.19072257673787 -2.19524316833316
   vertex -7.49499999999993 -10.33010670569663 -2.26626292929327
  endloop
 endfacet
 facet normal 0.00000000000000 -0.70710678118655 0.70710678118654
  outer loop
   vertex 18.02191843002201 -10.33010670569663 -2.26626292929327
   vertex -7.49499999999993 -10.33010670569663 -2.26626292929327
   vertex -7.49499999999993 -10.44072257673786 -2.37687880033450
  endloop
 endfacet
 facet normal 0.00000000000000 -0.89100652418837 0.45399049973953
  outer loop
   vertex 18.02191843002201 -10.44072257673786 -2.37687880033450
   vertex -7.49499999999993 -10.44072257673786 -2.37687880033450
   vertex -7.49499999999993 -10.51174233769796 -2.51626292929326
  endloop
 endfacet
 facet normal 0.00000000000000 -0.98768834059513 0.15643446504028
  outer loop
   vertex 18.02191843002201 -10.51174233769796 -2.51626292929326
   vertex -7.49499999999993 -10.51174233769796 -2.51626292929326
   vertex -7.49499999999993 -10.53621407955039 -2.67077142648074
  endloop
 endfacet
 facet normal 0.00000000000000 -0.98768834059513 0.15643446504030
  outer loop
   vertex -7.49499999999993 -10.53621407955039 -2.67077142648074
   vertex 18.02191843002201 -10.53621407955039 -2.67077142648074
   vertex 18.02191843002201 -10.51174233769796 -2.51626292929326
  endloop
 endfacet
 facet normal 0.00000000000000 -0.89100652418837 0.45399049973953
  outer loop
   vertex -7.49499999999993 -10.51174233769796 -2.51626292929326
   vertex 18.02191843002201 -10.51174233769796 -2.51626292929326
   vertex 18.02191843002201 -10.44072257673786 -2.37687880033450
  endloop
 endfacet
 facet normal 0.00000000000000 -0.70710678118655 0.70710678118654
  outer loop
   vertex -7.49499999999993 -10.44072257673786 -2.37687880033450
   vertex 18.02191843002201 -10.44072257673786 -2.37687880033450
   vertex 18.02191843002201 -10.33010670569663 -2.26626292929327
  endloop
 endfacet
 facet normal 0.00000000000000 -0.45399049973955 0.89100652418836
  outer loop
   vertex -7.49499999999993 -10.33010670569663 -2.26626292929327
   vertex 18.02191843002201 -10.33010670569663 -2.26626292929327
   vertex 18.02191843002201 -10.19072257673786 -2.19524316833316
  endloop
 endfacet
 facet normal 0.00000000000000 -0.15643446504026 0.98768834059513
  outer loop
   vertex -7.49499999999993 -10.19072257673787 -2.19524316833316
   vertex 18.02191843002201 -10.19072257673786 -2.19524316833316
   vertex 18.02191843002201 -10.03621407955040 -2.17077142648073
  endloop
 endfacet
 facet normal -0.98162854659712 -0.11060297423494 0.15547468795923
  outer loop
   vertex -10.47052825814751 -7.53621407955039 -2.51626292929326
   vertex -10.49499999999991 -7.53621407955039 -2.67077142648074
   vertex -10.41978373654541 -8.20377688141934 -2.67077142648074
  endloop
 endfacet
 facet normal -0.93240559234687 -0.32626282773896 0.15547468795936
  outer loop
   vertex -10.17585832615482 -8.82724740604542 -2.51626292929326
   vertex -10.39592555235377 -8.19833140656680 -2.51626292929326
   vertex -10.33107763860943 -8.45728434460161 -2.67077142648074
  endloop
 endfacet
 facet normal -0.93240559234687 -0.32626282773896 0.15547468795935
  outer loop
   vertex -10.39592555235377 -8.19833140656680 -2.51626292929326
   vertex -10.41978373654541 -8.20377688141934 -2.67077142648074
   vertex -10.33107763860943 -8.45728434460161 -2.67077142648074
  endloop
 endfacet
 facet normal -0.83642792830969 -0.52556250070520 0.15547468795935
  outer loop
   vertex -10.17585832615482 -8.82724740604542 -2.51626292929326
   vertex -10.19790660370719 -8.83786529690307 -2.67077142648074
   vertex -9.91183271933292 -9.29314927574404 -2.67077142648074
  endloop
 endfacet
 facet normal -0.83642792830969 -0.52556250070520 0.15547468795937
  outer loop
   vertex -9.91183271933292 -9.29314927574404 -2.67077142648074
   vertex -9.82136166919297 -9.39142560364789 -2.51626292929326
   vertex -10.17585832615482 -8.82724740604542 -2.51626292929326
  endloop
 endfacet
 facet normal -0.69850827532820 -0.69850827532819 0.15547468795935
  outer loop
   vertex -9.82136166919297 -9.39142560364789 -2.51626292929326
   vertex -9.84049444740402 -9.40668348512660 -2.67077142648074
   vertex -9.36546940557614 -9.88170852695449 -2.67077142648074
  endloop
 endfacet
 facet normal -0.52556250070520 -0.83642792830969 0.15547468795937
  outer loop
   vertex -8.78603332649496 -10.21707240570528 -2.51626292929326
   vertex -9.35021152409743 -9.86257574874343 -2.51626292929326
   vertex -9.25193519619358 -9.95304679888339 -2.67077142648074
  endloop
 endfacet
 facet normal -0.52556250070522 -0.83642792830968 0.15547468795936
  outer loop
   vertex -9.35021152409743 -9.86257574874343 -2.51626292929326
   vertex -9.36546940557614 -9.88170852695449 -2.67077142648074
   vertex -9.25193519619358 -9.95304679888339 -2.67077142648074
  endloop
 endfacet
 facet normal -0.32626282773896 -0.93240559234687 0.15547468795936
  outer loop
   vertex -8.78603332649496 -10.21707240570528 -2.51626292929326
   vertex -8.79665121735261 -10.23912068325765 -2.67077142648074
   vertex -8.41607026505115 -10.37229171815989 -2.67077142648074
  endloop
 endfacet
 facet normal -0.32626282773896 -0.93240559234687 0.15547468795937
  outer loop
   vertex -8.41607026505115 -10.37229171815989 -2.67077142648074
   vertex -8.15711732701634 -10.43713963190423 -2.51626292929326
   vertex -8.78603332649496 -10.21707240570528 -2.51626292929326
  endloop
 endfacet
 facet normal -0.11060297423496 -0.98162854659709 0.15547468795937
  outer loop
   vertex -8.15711732701634 -10.43713963190423 -2.51626292929326
   vertex -8.16256280186888 -10.46099781609587 -2.67077142648074
   vertex -7.49499999999993 -10.53621407955039 -2.67077142648074
  endloop
 endfacet
 facet normal -0.88655012423964 -0.09989020886689 0.45171985055255
  outer loop
   vertex -10.39950849718741 -7.53621407955039 -2.37687880033450
   vertex -10.47052825814751 -7.53621407955039 -2.51626292929326
   vertex -10.39592555235377 -8.19833140656680 -2.51626292929326
  endloop
 endfacet
 facet normal -0.84209479909933 -0.29466171442289 0.45171985055255
  outer loop
   vertex -10.32668640507729 -8.18252802302860 -2.37687880033450
   vertex -10.39592555235377 -8.19833140656680 -2.51626292929326
   vertex -10.17585832615482 -8.82724740604542 -2.51626292929326
  endloop
 endfacet
 facet normal -0.75541332445053 -0.47465765121757 0.45171985055255
  outer loop
   vertex -10.11187173252389 -8.79643308660882 -2.37687880033450
   vertex -10.17585832615482 -8.82724740604542 -2.51626292929326
   vertex -9.82136166919297 -9.39142560364789 -2.51626292929326
  endloop
 endfacet
 facet normal -0.63085227138245 -0.63085227138245 0.45171985055254
  outer loop
   vertex -9.76583618419701 -9.34714550695882 -2.37687880033450
   vertex -9.82136166919297 -9.39142560364789 -2.51626292929326
   vertex -9.35021152409743 -9.86257574874343 -2.51626292929326
  endloop
 endfacet
 facet normal -0.47465765121756 -0.75541332445053 0.45171985055255
  outer loop
   vertex -9.30593142740836 -9.80705026374747 -2.37687880033450
   vertex -9.35021152409743 -9.86257574874343 -2.51626292929326
   vertex -8.78603332649496 -10.21707240570528 -2.51626292929326
  endloop
 endfacet
 facet normal -0.29466171442289 -0.84209479909934 0.45171985055254
  outer loop
   vertex -8.75521900705836 -10.15308581207435 -2.37687880033450
   vertex -8.78603332649496 -10.21707240570528 -2.51626292929326
   vertex -8.15711732701634 -10.43713963190423 -2.51626292929326
  endloop
 endfacet
 facet normal -0.09989020886689 -0.88655012423964 0.45171985055254
  outer loop
   vertex -8.14131394347814 -10.36790048462775 -2.37687880033450
   vertex -8.15711732701634 -10.43713963190423 -2.51626292929326
   vertex -7.49499999999993 -10.51174233769798 -2.51626292929326
  endloop
 endfacet
 facet normal -0.70487319502669 -0.07942013514044 0.70487319502669
  outer loop
   vertex -10.28889262614617 -7.53621407955039 -2.26626292929326
   vertex -10.39950849718741 -7.53621407955039 -2.37687880033450
   vertex -10.32668640507729 -8.18252802302860 -2.37687880033450
  endloop
 endfacet
 facet normal -0.66952790973392 -0.23427794821578 0.70487319502669
  outer loop
   vertex -10.21884390486888 -8.15791367609412 -2.26626292929326
   vertex -10.32668640507729 -8.18252802302860 -2.37687880033450
   vertex -10.11187173252389 -8.79643308660882 -2.37687880033450
  endloop
 endfacet
 facet normal -0.60060969934201 -0.37738808670806 0.70487319502669
  outer loop
   vertex -10.01221027641983 -8.74843865887570 -2.26626292929326
   vertex -10.11187173252389 -8.79643308660882 -2.37687880033450
   vertex -9.76583618419701 -9.34714550695882 -2.37687880033450
  endloop
 endfacet
 facet normal -0.50157441069738 -0.50157441069739 0.70487319502670
  outer loop
   vertex -9.67935321375634 -9.27817763944089 -2.26626292929326
   vertex -9.76583618419701 -9.34714550695882 -2.37687880033450
   vertex -9.30593142740836 -9.80705026374747 -2.37687880033450
  endloop
 endfacet
 facet normal -0.37738808670807 -0.60060969934201 0.70487319502669
  outer loop
   vertex -9.23696355989043 -9.72056729330681 -2.26626292929326
   vertex -9.30593142740836 -9.80705026374747 -2.37687880033450
   vertex -8.75521900705836 -10.15308581207435 -2.37687880033450
  endloop
 endfacet
 facet normal -0.23427794821578 -0.66952790973392 0.70487319502669
  outer loop
   vertex -8.70722457932524 -10.05342435597029 -2.26626292929326
   vertex -8.75521900705836 -10.15308581207435 -2.37687880033450
   vertex -8.14131394347814 -10.36790048462775 -2.37687880033450
  endloop
 endfacet
 facet normal -0.07942013514044 -0.70487319502668 0.70487319502670
  outer loop
   vertex -8.11669959654365 -10.26005798441934 -2.26626292929326
   vertex -8.14131394347814 -10.36790048462775 -2.37687880033450
   vertex -7.49499999999993 -10.44072257673787 -2.37687880033450
  endloop
 endfacet
 facet normal -0.45339771324648 -0.05108565329547 0.88984311518955
  outer loop
   vertex -10.14950849718741 -7.53621407955039 -2.19524316833316
   vertex -10.28889262614617 -7.53621407955039 -2.26626292929326
   vertex -10.21884390486888 -8.15791367609412 -2.26626292929326
  endloop
 endfacet
 facet normal -0.43066245868033 -0.15069531191506 0.88984311518955
  outer loop
   vertex -10.08295442703183 -8.12689778953952 -2.19524316833316
   vertex -10.21884390486888 -8.15791367609412 -2.26626292929326
   vertex -10.01221027641983 -8.74843865887570 -2.26626292929326
  endloop
 endfacet
 facet normal -0.38633199014613 -0.24274847834641 0.88984311518955
  outer loop
   vertex -9.88662951554829 -8.68796215182943 -2.19524316833316
   vertex -10.01221027641983 -8.74843865887570 -2.26626292929326
   vertex -9.67935321375634 -9.27817763944089 -2.26626292929326
  endloop
 endfacet
 facet normal -0.32262922244410 -0.32262922244410 0.88984311518955
  outer loop
   vertex -9.57037831358000 -9.19127305649414 -2.19524316833316
   vertex -9.67935321375634 -9.27817763944089 -2.26626292929326
   vertex -9.23696355989043 -9.72056729330681 -2.26626292929326
  endloop
 endfacet
 facet normal -0.24274847834641 -0.38633199014613 0.88984311518955
  outer loop
   vertex -9.15005897694368 -9.61159239313046 -2.19524316833316
   vertex -9.23696355989043 -9.72056729330681 -2.26626292929326
   vertex -8.70722457932524 -10.05342435597029 -2.26626292929326
  endloop
 endfacet
 facet normal -0.15069531191506 -0.43066245868033 0.88984311518955
  outer loop
   vertex -8.64674807227897 -9.92784359509875 -2.19524316833316
   vertex -8.70722457932524 -10.05342435597029 -2.26626292929326
   vertex -8.11669959654365 -10.26005798441934 -2.26626292929326
  endloop
 endfacet
 facet normal -0.05108565329547 -0.45339771324648 0.88984311518955
  outer loop
   vertex -8.08568370998906 -10.12416850658229 -2.19524316833316
   vertex -8.11669959654365 -10.26005798441934 -2.26626292929326
   vertex -7.49499999999993 -10.33010670569664 -2.26626292929326
  endloop
 endfacet
 facet normal -0.15641017068361 -0.01762319376120 0.98753495206417
  outer loop
   vertex -9.99499999999993 -7.53621407955039 -2.17077142648073
   vertex -10.14950849718741 -7.53621407955039 -2.19524316833316
   vertex -10.08295442703183 -8.12689778953952 -2.19524316833316
  endloop
 endfacet
 facet normal -0.14856711161353 -0.05198588076036 0.98753495206417
  outer loop
   vertex -9.93231978045450 -8.09251641444118 -2.17077142648074
   vertex -10.08295442703183 -8.12689778953952 -2.19524316833316
   vertex -9.88662951554829 -8.68796215182943 -2.19524316833316
  endloop
 endfacet
 facet normal -0.13327427720493 -0.08374177862407 0.98753495206417
  outer loop
   vertex -9.74742216975598 -8.62092342734429 -2.17077142648074
   vertex -9.88662951554829 -8.68796215182943 -2.19524316833316
   vertex -9.57037831358000 -9.19127305649414 -2.19524316833316
  endloop
 endfacet
 facet normal -0.11129851403235 -0.11129851403235 0.98753495206417
  outer loop
   vertex -9.44957870617001 -9.09493858419723 -2.17077142648074
   vertex -9.57037831358000 -9.19127305649414 -2.19524316833316
   vertex -9.15005897694368 -9.61159239313046 -2.19524316833316
  endloop
 endfacet
 facet normal -0.08374177862407 -0.13327427720492 0.98753495206417
  outer loop
   vertex -9.05372450464677 -9.49079278572047 -2.17077142648074
   vertex -9.15005897694368 -9.61159239313046 -2.19524316833316
   vertex -8.64674807227897 -9.92784359509875 -2.19524316833316
  endloop
 endfacet
 facet normal -0.05198588076036 -0.14856711161353 0.98753495206417
  outer loop
   vertex -8.57970934779383 -9.78863624930644 -2.17077142648074
   vertex -8.64674807227897 -9.92784359509875 -2.19524316833316
   vertex -8.08568370998906 -10.12416850658229 -2.19524316833316
  endloop
 endfacet
 facet normal -0.01762319376120 -0.15641017068360 0.98753495206417
  outer loop
   vertex -8.05130233489072 -9.97353386000496 -2.17077142648074
   vertex -8.08568370998906 -10.12416850658229 -2.19524316833316
   vertex -7.49499999999993 -10.19072257673787 -2.19524316833316
  endloop
 endfacet
 facet normal -0.01762319376120 -0.15641017068361 0.98753495206417
  outer loop
   vertex -7.49499999999993 -10.19072257673787 -2.19524316833316
   vertex -7.49499999999993 -10.03621407955040 -2.17077142648073
   vertex -8.05130233489072 -9.97353386000496 -2.17077142648074
  endloop
 endfacet
 facet normal -0.05198588076036 -0.14856711161353 0.98753495206417
  outer loop
   vertex -8.08568370998906 -10.12416850658229 -2.19524316833316
   vertex -8.05130233489072 -9.97353386000496 -2.17077142648074
   vertex -8.57970934779383 -9.78863624930644 -2.17077142648074
  endloop
 endfacet
 facet normal -0.08374177862407 -0.13327427720492 0.98753495206417
  outer loop
   vertex -8.64674807227897 -9.92784359509875 -2.19524316833316
   vertex -8.57970934779383 -9.78863624930644 -2.17077142648074
   vertex -9.05372450464677 -9.49079278572047 -2.17077142648074
  endloop
 endfacet
 facet normal -0.11129851403235 -0.11129851403235 0.98753495206417
  outer loop
   vertex -9.15005897694368 -9.61159239313046 -2.19524316833316
   vertex -9.05372450464677 -9.49079278572047 -2.17077142648074
   vertex -9.44957870617001 -9.09493858419723 -2.17077142648074
  endloop
 endfacet
 facet normal -0.13327427720492 -0.08374177862407 0.98753495206417
  outer loop
   vertex -9.57037831358000 -9.19127305649414 -2.19524316833316
   vertex -9.44957870617001 -9.09493858419723 -2.17077142648074
   vertex -9.74742216975598 -8.62092342734429 -2.17077142648074
  endloop
 endfacet
 facet normal -0.14856711161353 -0.05198588076036 0.98753495206417
  outer loop
   vertex -9.88662951554829 -8.68796215182943 -2.19524316833316
   vertex -9.74742216975598 -8.62092342734429 -2.17077142648074
   vertex -9.93231978045450 -8.09251641444118 -2.17077142648074
  endloop
 endfacet
 facet normal -0.15641017068360 -0.01762319376120 0.98753495206417
  outer loop
   vertex -10.08295442703183 -8.12689778953952 -2.19524316833316
   vertex -9.93231978045450 -8.09251641444118 -2.17077142648074
   vertex -9.99499999999993 -7.53621407955039 -2.17077142648073
  endloop
 endfacet
 facet normal -0.05108565329547 -0.45339771324648 0.88984311518955
  outer loop
   vertex -7.49499999999993 -10.33010670569664 -2.26626292929326
   vertex -7.49499999999993 -10.19072257673787 -2.19524316833316
   vertex -8.08568370998906 -10.12416850658229 -2.19524316833316
  endloop
 endfacet
 facet normal -0.15069531191506 -0.43066245868033 0.88984311518955
  outer loop
   vertex -8.11669959654365 -10.26005798441934 -2.26626292929326
   vertex -8.08568370998906 -10.12416850658229 -2.19524316833316
   vertex -8.64674807227897 -9.92784359509875 -2.19524316833316
  endloop
 endfacet
 facet normal -0.24274847834640 -0.38633199014612 0.88984311518955
  outer loop
   vertex -8.70722457932524 -10.05342435597029 -2.26626292929326
   vertex -8.64674807227897 -9.92784359509875 -2.19524316833316
   vertex -9.15005897694368 -9.61159239313046 -2.19524316833316
  endloop
 endfacet
 facet normal -0.32262922244409 -0.32262922244409 0.88984311518955
  outer loop
   vertex -9.23696355989043 -9.72056729330681 -2.26626292929326
   vertex -9.15005897694368 -9.61159239313046 -2.19524316833316
   vertex -9.57037831358000 -9.19127305649414 -2.19524316833316
  endloop
 endfacet
 facet normal -0.38633199014613 -0.24274847834641 0.88984311518955
  outer loop
   vertex -9.67935321375634 -9.27817763944089 -2.26626292929326
   vertex -9.57037831358000 -9.19127305649414 -2.19524316833316
   vertex -9.88662951554829 -8.68796215182943 -2.19524316833316
  endloop
 endfacet
 facet normal -0.43066245868033 -0.15069531191506 0.88984311518955
  outer loop
   vertex -10.01221027641983 -8.74843865887570 -2.26626292929326
   vertex -9.88662951554829 -8.68796215182943 -2.19524316833316
   vertex -10.08295442703183 -8.12689778953952 -2.19524316833316
  endloop
 endfacet
 facet normal -0.45339771324648 -0.05108565329547 0.88984311518955
  outer loop
   vertex -10.21884390486888 -8.15791367609412 -2.26626292929326
   vertex -10.08295442703183 -8.12689778953952 -2.19524316833316
   vertex -10.14950849718741 -7.53621407955039 -2.19524316833316
  endloop
 endfacet
 facet normal -0.07942013514044 -0.70487319502669 0.70487319502669
  outer loop
   vertex -7.49499999999993 -10.44072257673787 -2.37687880033450
   vertex -7.49499999999993 -10.33010670569664 -2.26626292929326
   vertex -8.11669959654365 -10.26005798441934 -2.26626292929326
  endloop
 endfacet
 facet normal -0.23427794821577 -0.66952790973391 0.70487319502670
  outer loop
   vertex -8.14131394347814 -10.36790048462775 -2.37687880033450
   vertex -8.11669959654365 -10.26005798441934 -2.26626292929326
   vertex -8.70722457932524 -10.05342435597029 -2.26626292929326
  endloop
 endfacet
 facet normal -0.37738808670806 -0.60060969934201 0.70487319502669
  outer loop
   vertex -8.75521900705836 -10.15308581207435 -2.37687880033450
   vertex -8.70722457932524 -10.05342435597029 -2.26626292929326
   vertex -9.23696355989043 -9.72056729330681 -2.26626292929326
  endloop
 endfacet
 facet normal -0.50157441069739 -0.50157441069739 0.70487319502669
  outer loop
   vertex -9.30593142740836 -9.80705026374747 -2.37687880033450
   vertex -9.23696355989043 -9.72056729330681 -2.26626292929326
   vertex -9.67935321375634 -9.27817763944089 -2.26626292929326
  endloop
 endfacet
 facet normal -0.60060969934200 -0.37738808670806 0.70487319502670
  outer loop
   vertex -9.76583618419701 -9.34714550695882 -2.37687880033450
   vertex -9.67935321375634 -9.27817763944089 -2.26626292929326
   vertex -10.01221027641983 -8.74843865887570 -2.26626292929326
  endloop
 endfacet
 facet normal -0.66952790973392 -0.23427794821578 0.70487319502669
  outer loop
   vertex -10.11187173252389 -8.79643308660882 -2.37687880033450
   vertex -10.01221027641983 -8.74843865887570 -2.26626292929326
   vertex -10.21884390486888 -8.15791367609412 -2.26626292929326
  endloop
 endfacet
 facet normal -0.70487319502669 -0.07942013514044 0.70487319502669
  outer loop
   vertex -10.32668640507729 -8.18252802302860 -2.37687880033450
   vertex -10.21884390486888 -8.15791367609412 -2.26626292929326
   vertex -10.28889262614617 -7.53621407955039 -2.26626292929326
  endloop
 endfacet
 facet normal -0.09989020886689 -0.88655012423964 0.45171985055255
  outer loop
   vertex -7.49499999999993 -10.51174233769798 -2.51626292929326
   vertex -7.49499999999993 -10.44072257673787 -2.37687880033450
   vertex -8.14131394347814 -10.36790048462775 -2.37687880033450
  endloop
 endfacet
 facet normal -0.29466171442290 -0.84209479909934 0.45171985055254
  outer loop
   vertex -8.15711732701634 -10.43713963190423 -2.51626292929326
   vertex -8.14131394347814 -10.36790048462775 -2.37687880033450
   vertex -8.75521900705836 -10.15308581207435 -2.37687880033450
  endloop
 endfacet
 facet normal -0.47465765121757 -0.75541332445054 0.45171985055254
  outer loop
   vertex -8.78603332649496 -10.21707240570528 -2.51626292929326
   vertex -8.75521900705836 -10.15308581207435 -2.37687880033450
   vertex -9.30593142740836 -9.80705026374747 -2.37687880033450
  endloop
 endfacet
 facet normal -0.63085227138245 -0.63085227138245 0.45171985055255
  outer loop
   vertex -9.35021152409743 -9.86257574874343 -2.51626292929326
   vertex -9.30593142740836 -9.80705026374747 -2.37687880033450
   vertex -9.76583618419701 -9.34714550695882 -2.37687880033450
  endloop
 endfacet
 facet normal -0.75541332445054 -0.47465765121757 0.45171985055254
  outer loop
   vertex -9.82136166919297 -9.39142560364789 -2.51626292929326
   vertex -9.76583618419701 -9.34714550695882 -2.37687880033450
   vertex -10.11187173252389 -8.79643308660882 -2.37687880033450
  endloop
 endfacet
 facet normal -0.84209479909933 -0.29466171442289 0.45171985055255
  outer loop
   vertex -10.17585832615482 -8.82724740604542 -2.51626292929326
   vertex -10.11187173252389 -8.79643308660882 -2.37687880033450
   vertex -10.32668640507729 -8.18252802302860 -2.37687880033450
  endloop
 endfacet
 facet normal -0.88655012423964 -0.09989020886689 0.45171985055255
  outer loop
   vertex -10.39592555235377 -8.19833140656680 -2.51626292929326
   vertex -10.32668640507729 -8.18252802302860 -2.37687880033450
   vertex -10.39950849718741 -7.53621407955039 -2.37687880033450
  endloop
 endfacet
 facet normal -0.11060297423497 -0.98162854659710 0.15547468795933
  outer loop
   vertex -7.49499999999993 -10.53621407955039 -2.67077142648074
   vertex -7.49499999999993 -10.51174233769798 -2.51626292929326
   vertex -8.15711732701634 -10.43713963190423 -2.51626292929326
  endloop
 endfacet
 facet normal -0.32626282773896 -0.93240559234687 0.15547468795937
  outer loop
   vertex -8.41607026505115 -10.37229171815989 -2.67077142648074
   vertex -8.16256280186888 -10.46099781609587 -2.67077142648074
   vertex -8.15711732701634 -10.43713963190423 -2.51626292929326
  endloop
 endfacet
 facet normal -0.52556250070520 -0.83642792830969 0.15547468795936
  outer loop
   vertex -9.25193519619358 -9.95304679888339 -2.67077142648074
   vertex -8.79665121735261 -10.23912068325765 -2.67077142648074
   vertex -8.78603332649496 -10.21707240570528 -2.51626292929326
  endloop
 endfacet
 facet normal -0.69850827532820 -0.69850827532819 0.15547468795935
  outer loop
   vertex -9.36546940557614 -9.88170852695449 -2.67077142648074
   vertex -9.35021152409743 -9.86257574874343 -2.51626292929326
   vertex -9.82136166919297 -9.39142560364789 -2.51626292929326
  endloop
 endfacet
 facet normal -0.83642792830968 -0.52556250070522 0.15547468795936
  outer loop
   vertex -9.91183271933292 -9.29314927574404 -2.67077142648074
   vertex -9.84049444740402 -9.40668348512660 -2.67077142648074
   vertex -9.82136166919297 -9.39142560364789 -2.51626292929326
  endloop
 endfacet
 facet normal -0.93240559234687 -0.32626282773897 0.15547468795935
  outer loop
   vertex -10.33107763860943 -8.45728434460161 -2.67077142648074
   vertex -10.19790660370719 -8.83786529690307 -2.67077142648074
   vertex -10.17585832615482 -8.82724740604542 -2.51626292929326
  endloop
 endfacet
 facet normal -0.98162854659709 -0.11060297423497 0.15547468795935
  outer loop
   vertex -10.41978373654541 -8.20377688141934 -2.67077142648074
   vertex -10.39592555235377 -8.19833140656680 -2.51626292929326
   vertex -10.47052825814751 -7.53621407955039 -2.51626292929326
  endloop
 endfacet
 facet normal 0.06353321287708 -0.98569293821140 0.15611842435052
  outer loop
   vertex 18.02191843002200 -10.51174233769796 -2.51626292929326
   vertex 18.02191843002201 -10.53621407955039 -2.67077142648074
   vertex 18.40705067951524 -10.51139023406634 -2.67077142648074
  endloop
 endfacet
 facet normal 0.18954821285820 -0.96938047874949 0.15611842435045
  outer loop
   vertex 18.40390906051903 -10.48712098646008 -2.51626292929326
   vertex 18.40705067951524 -10.51139023406634 -2.67077142648074
   vertex 18.78580928670694 -10.43732951315059 -2.67077142648074
  endloop
 endfacet
 facet normal 0.05733568895264 -0.88954077952068 0.45324366552890
  outer loop
   vertex 18.02191843002201 -10.44072257673786 -2.37687880033450
   vertex 18.02191843002200 -10.51174233769796 -2.51626292929326
   vertex 18.40390906051903 -10.48712098646008 -2.51626292929326
  endloop
 endfacet
 facet normal 0.17105820533576 -0.87481956427896 0.45324366552891
  outer loop
   vertex 18.39479172708669 -10.41668888669077 -2.37687880033450
   vertex 18.40390906051903 -10.48712098646008 -2.51626292929326
   vertex 18.77957804009085 -10.41366439715890 -2.51626292929326
  endloop
 endfacet
 facet normal 0.04552957269336 -0.70637350531088 0.70637350531088
  outer loop
   vertex 18.02191843002201 -10.33010670569662 -2.26626292929326
   vertex 18.02191843002201 -10.44072257673786 -2.37687880033450
   vertex 18.39479172708669 -10.41668888669077 -2.37687880033450
  endloop
 endfacet
 facet normal 0.13583523869509 -0.69468356747764 0.70637350531088
  outer loop
   vertex 18.38059114733878 -10.30698831941313 -2.26626292929326
   vertex 18.39479172708669 -10.41668888669077 -2.37687880033450
   vertex 18.76149425807707 -10.34498555562158 -2.37687880033450
  endloop
 endfacet
 facet normal 0.02924961003321 -0.45379625473954 0.89062529691070
  outer loop
   vertex 18.02191843002201 -10.19072257673786 -2.19524316833316
   vertex 18.02191843002201 -10.33010670569662 -2.26626292929326
   vertex 18.38059114733878 -10.30698831941313 -2.26626292929326
  endloop
 endfacet
 facet normal 0.08726477156636 -0.44628627600028 0.89062529691070
  outer loop
   vertex 18.36269737296227 -10.16875754048110 -2.19524316833316
   vertex 18.38059114733878 -10.30698831941313 -2.26626292929326
   vertex 18.73332810724620 -10.23801575206196 -2.26626292929326
  endloop
 endfacet
 facet normal 0.01008253036522 -0.15642651347621 0.98763813639567
  outer loop
   vertex 18.02191843002201 -10.03621407955040 -2.17077142648073
   vertex 18.02191843002201 -10.19072257673786 -2.19524316833316
   vertex 18.36269737296227 -10.16875754048110 -2.19524316833316
  endloop
 endfacet
 facet normal 0.03008073297841 -0.15383777507610 0.98763813639567
  outer loop
   vertex 18.34286197126640 -10.01552754164701 -2.17077142648074
   vertex 18.36269737296227 -10.16875754048110 -2.19524316833316
   vertex 18.69783668668668 -10.10322593615489 -2.19524316833316
  endloop
 endfacet
 facet normal 0.03008073297841 -0.15383777507611 0.98763813639567
  outer loop
   vertex 18.69783668668668 -10.10322593615489 -2.19524316833316
   vertex 18.65849414392617 -9.95381027421723 -2.17077142648073
   vertex 18.34286197126640 -10.01552754164701 -2.17077142648074
  endloop
 endfacet
 facet normal 0.01008253036523 -0.15642651347619 0.98763813639567
  outer loop
   vertex 18.36269737296227 -10.16875754048110 -2.19524316833316
   vertex 18.34286197126640 -10.01552754164701 -2.17077142648074
   vertex 18.02191843002201 -10.03621407955040 -2.17077142648073
  endloop
 endfacet
 facet normal 0.08726477156636 -0.44628627600028 0.89062529691070
  outer loop
   vertex 18.73332810724620 -10.23801575206196 -2.26626292929326
   vertex 18.69783668668668 -10.10322593615489 -2.19524316833316
   vertex 18.36269737296227 -10.16875754048110 -2.19524316833316
  endloop
 endfacet
 facet normal 0.02924961003321 -0.45379625473954 0.89062529691070
  outer loop
   vertex 18.38059114733878 -10.30698831941313 -2.26626292929326
   vertex 18.36269737296227 -10.16875754048110 -2.19524316833316
   vertex 18.02191843002201 -10.19072257673786 -2.19524316833316
  endloop
 endfacet
 facet normal 0.13583523869509 -0.69468356747764 0.70637350531088
  outer loop
   vertex 18.76149425807707 -10.34498555562158 -2.37687880033450
   vertex 18.73332810724620 -10.23801575206196 -2.26626292929326
   vertex 18.38059114733878 -10.30698831941313 -2.26626292929326
  endloop
 endfacet
 facet normal 0.04552957269336 -0.70637350531088 0.70637350531088
  outer loop
   vertex 18.39479172708669 -10.41668888669077 -2.37687880033450
   vertex 18.38059114733878 -10.30698831941313 -2.26626292929326
   vertex 18.02191843002201 -10.33010670569662 -2.26626292929326
  endloop
 endfacet
 facet normal 0.17105820533576 -0.87481956427897 0.45324366552889
  outer loop
   vertex 18.77957804009085 -10.41366439715890 -2.51626292929326
   vertex 18.76149425807707 -10.34498555562158 -2.37687880033450
   vertex 18.39479172708669 -10.41668888669077 -2.37687880033450
  endloop
 endfacet
 facet normal 0.05733568895264 -0.88954077952067 0.45324366552891
  outer loop
   vertex 18.40390906051903 -10.48712098646008 -2.51626292929326
   vertex 18.39479172708669 -10.41668888669077 -2.37687880033450
   vertex 18.02191843002201 -10.44072257673786 -2.37687880033450
  endloop
 endfacet
 facet normal 0.18954821285814 -0.96938047874953 0.15611842435030
  outer loop
   vertex 18.78580928670694 -10.43732951315059 -2.67077142648074
   vertex 18.77957804009085 -10.41366439715890 -2.51626292929326
   vertex 18.40390906051903 -10.48712098646008 -2.51626292929326
  endloop
 endfacet
 facet normal 0.06353321287705 -0.98569293821142 0.15611842435045
  outer loop
   vertex 18.40705067951524 -10.51139023406634 -2.67077142648074
   vertex 18.40390906051903 -10.48712098646008 -2.51626292929326
   vertex 18.02191843002200 -10.51174233769796 -2.51626292929326
  endloop
 endfacet
 facet normal -0.00000000000000 -1.00000000000000 0.00000000000000
  outer loop
   vertex 18.02191843002201 -10.53621407955039 -2.67077142648074
   vertex -7.49499999999993 -10.53621407955039 -2.67077142648074
   vertex -7.49499999999993 -10.53621407955039 -5.89019925136189
  endloop
 endfacet
 facet normal 0.00000000000000 -1.00000000000000 0.00000000000000
  outer loop
   vertex -7.49499999999993 -10.53621407955039 -5.89019925136189
   vertex 18.02191843002201 -10.53621407955039 -5.89019925136189
   vertex 18.02191843002201 -10.53621407955039 -2.67077142648074
  endloop
 endfacet
 facet normal -0.15643446504024 -0.00000000000000 0.98768834059514
  outer loop
   vertex -9.99499999999993 -7.53621407955039 -2.17077142648073
   vertex -9.99500000000000 145.49999999996808 -2.17077142648073
   vertex -10.14950849718748 145.49999999996808 -2.19524316833316
  endloop
 endfacet
 facet normal -0.45399049973955 -0.00000000000000 0.89100652418836
  outer loop
   vertex -10.14950849718741 -7.53621407955039 -2.19524316833316
   vertex -10.14950849718748 145.49999999996808 -2.19524316833316
   vertex -10.28889262614624 145.49999999996808 -2.26626292929326
  endloop
 endfacet
 facet normal -0.70710678118656 -0.00000000000000 0.70710678118654
  outer loop
   vertex -10.28889262614617 -7.53621407955039 -2.26626292929326
   vertex -10.28889262614624 145.49999999996808 -2.26626292929326
   vertex -10.39950849718747 145.49999999996808 -2.37687880033450
  endloop
 endfacet
 facet normal -0.89100652418837 -0.00000000000000 0.45399049973955
  outer loop
   vertex -10.39950849718740 -7.53621407955039 -2.37687880033450
   vertex -10.39950849718747 145.49999999996808 -2.37687880033450
   vertex -10.47052825814758 145.49999999996808 -2.51626292929326
  endloop
 endfacet
 facet normal -0.98768834059515 -0.00000000000000 0.15643446504013
  outer loop
   vertex -10.47052825814751 -7.53621407955039 -2.51626292929326
   vertex -10.47052825814758 145.49999999996808 -2.51626292929326
   vertex -10.49499999999998 145.49999999996808 -2.67077142648074
  endloop
 endfacet
 facet normal -0.98768834059515 -0.00000000000000 0.15643446504013
  outer loop
   vertex -10.49499999999998 145.49999999996808 -2.67077142648074
   vertex -10.49499999999991 -7.53621407955039 -2.67077142648074
   vertex -10.47052825814751 -7.53621407955039 -2.51626292929326
  endloop
 endfacet
 facet normal -0.89100652418837 -0.00000000000000 0.45399049973954
  outer loop
   vertex -10.47052825814758 145.49999999996808 -2.51626292929326
   vertex -10.47052825814751 -7.53621407955039 -2.51626292929326
   vertex -10.39950849718740 -7.53621407955039 -2.37687880033450
  endloop
 endfacet
 facet normal -0.70710678118655 -0.00000000000000 0.70710678118655
  outer loop
   vertex -10.39950849718747 145.49999999996808 -2.37687880033450
   vertex -10.39950849718740 -7.53621407955039 -2.37687880033450
   vertex -10.28889262614617 -7.53621407955039 -2.26626292929326
  endloop
 endfacet
 facet normal -0.45399049973955 -0.00000000000000 0.89100652418836
  outer loop
   vertex -10.28889262614624 145.49999999996808 -2.26626292929326
   vertex -10.28889262614617 -7.53621407955039 -2.26626292929326
   vertex -10.14950849718741 -7.53621407955039 -2.19524316833316
  endloop
 endfacet
 facet normal -0.15643446504024 -0.00000000000000 0.98768834059514
  outer loop
   vertex -10.14950849718748 145.49999999996808 -2.19524316833316
   vertex -10.14950849718741 -7.53621407955039 -2.19524316833316
   vertex -9.99499999999993 -7.53621407955039 -2.17077142648073
  endloop
 endfacet
 facet normal -0.33027906195517 -0.94388333030837 -0.00000000000000
  outer loop
   vertex -8.41607026505115 -10.37229171815989 -2.67077142648074
   vertex -8.41607026505115 -10.37229171815989 -5.89019925136189
   vertex -8.16256280186888 -10.46099781609587 -5.89019925136189
  endloop
 endfacet
 facet normal -0.11196447610330 -0.99371220989324 0.00000000000000
  outer loop
   vertex -7.49499999999993 -10.53621407955039 -5.89019925136189
   vertex -7.49499999999993 -10.53621407955039 -2.67077142648074
   vertex -8.16256280186888 -10.46099781609587 -2.67077142648074
  endloop
 endfacet
 facet normal -0.11196447610330 -0.99371220989324 -0.00000000000000
  outer loop
   vertex -8.16256280186888 -10.46099781609587 -2.67077142648074
   vertex -8.16256280186888 -10.46099781609587 -5.89019925136189
   vertex -7.49499999999993 -10.53621407955039 -5.89019925136189
  endloop
 endfacet
 facet normal -0.53203207651533 -0.84672419922829 -0.00000000000000
  outer loop
   vertex -9.25193519619358 -9.95304679888339 -2.67077142648074
   vertex -9.25193519619358 -9.95304679888339 -5.89019925136189
   vertex -8.79665121735261 -10.23912068325765 -5.89019925136189
  endloop
 endfacet
 facet normal -0.33027906195517 -0.94388333030837 0.00000000000000
  outer loop
   vertex -8.41607026505115 -10.37229171815989 -5.89019925136189
   vertex -8.41607026505115 -10.37229171815989 -2.67077142648074
   vertex -8.79665121735261 -10.23912068325765 -2.67077142648074
  endloop
 endfacet
 facet normal -0.33027906195517 -0.94388333030837 0.00000000000000
  outer loop
   vertex -8.79665121735261 -10.23912068325765 -2.67077142648074
   vertex -8.79665121735261 -10.23912068325765 -5.89019925136189
   vertex -8.41607026505115 -10.37229171815989 -5.89019925136189
  endloop
 endfacet
 facet normal -0.84672419922829 -0.53203207651533 0.00000000000000
  outer loop
   vertex -9.91183271933292 -9.29314927574404 -5.89019925136189
   vertex -9.84049444740403 -9.40668348512660 -5.89019925136189
   vertex -9.84049444740403 -9.40668348512660 -2.67077142648074
  endloop
 endfacet
 facet normal -0.70710678118655 -0.70710678118655 -0.00000000000000
  outer loop
   vertex -9.84049444740403 -9.40668348512660 -2.67077142648074
   vertex -9.84049444740403 -9.40668348512660 -5.89019925136189
   vertex -9.36546940557614 -9.88170852695449 -5.89019925136189
  endloop
 endfacet
 facet normal -0.70710678118655 -0.70710678118655 -0.00000000000000
  outer loop
   vertex -9.36546940557614 -9.88170852695449 -5.89019925136189
   vertex -9.36546940557614 -9.88170852695449 -2.67077142648074
   vertex -9.84049444740403 -9.40668348512660 -2.67077142648074
  endloop
 endfacet
 facet normal -0.53203207651533 -0.84672419922829 0.00000000000000
  outer loop
   vertex -9.25193519619358 -9.95304679888339 -5.89019925136189
   vertex -9.25193519619358 -9.95304679888339 -2.67077142648074
   vertex -9.36546940557614 -9.88170852695449 -2.67077142648074
  endloop
 endfacet
 facet normal -0.53203207651535 -0.84672419922828 -0.00000000000000
  outer loop
   vertex -9.36546940557614 -9.88170852695449 -2.67077142648074
   vertex -9.36546940557614 -9.88170852695449 -5.89019925136189
   vertex -9.25193519619358 -9.95304679888339 -5.89019925136189
  endloop
 endfacet
 facet normal -0.94388333030837 -0.33027906195517 0.00000000000000
  outer loop
   vertex -10.33107763860943 -8.45728434460161 -5.89019925136189
   vertex -10.19790660370719 -8.83786529690307 -5.89019925136189
   vertex -10.19790660370719 -8.83786529690307 -2.67077142648074
  endloop
 endfacet
 facet normal -0.84672419922829 -0.53203207651533 -0.00000000000000
  outer loop
   vertex -9.91183271933292 -9.29314927574404 -2.67077142648074
   vertex -10.19790660370719 -8.83786529690307 -2.67077142648074
   vertex -10.19790660370719 -8.83786529690307 -5.89019925136189
  endloop
 endfacet
 facet normal -0.84672419922829 -0.53203207651533 -0.00000000000000
  outer loop
   vertex -10.19790660370719 -8.83786529690307 -5.89019925136189
   vertex -9.91183271933292 -9.29314927574404 -5.89019925136189
   vertex -9.91183271933292 -9.29314927574404 -2.67077142648074
  endloop
 endfacet
 facet normal -0.99371220989325 -0.11196447610328 -0.00000000000000
  outer loop
   vertex -10.49499999999991 -7.53621407955039 -5.89019925136189
   vertex -10.41978373654541 -8.20377688141934 -5.89019925136189
   vertex -10.41978373654541 -8.20377688141934 -2.67077142648074
  endloop
 endfacet
 facet normal -0.94388333030837 -0.33027906195516 0.00000000000000
  outer loop
   vertex -10.33107763860943 -8.45728434460161 -2.67077142648074
   vertex -10.41978373654541 -8.20377688141934 -2.67077142648074
   vertex -10.41978373654541 -8.20377688141934 -5.89019925136189
  endloop
 endfacet
 facet normal -0.94388333030837 -0.33027906195516 0.00000000000000
  outer loop
   vertex -10.41978373654541 -8.20377688141934 -5.89019925136189
   vertex -10.33107763860943 -8.45728434460161 -5.89019925136189
   vertex -10.33107763860943 -8.45728434460161 -2.67077142648074
  endloop
 endfacet
 facet normal -0.99371220989325 -0.11196447610328 -0.00000000000000
  outer loop
   vertex -10.41978373654541 -8.20377688141934 -2.67077142648074
   vertex -10.49499999999991 -7.53621407955039 -2.67077142648074
   vertex -10.49499999999991 -7.53621407955039 -5.89019925136189
  endloop
 endfacet
 facet normal -0.94388333030837 -0.33027906195517 0.00000000000000
  outer loop
   vertex -10.19790660370719 -8.83786529690307 -2.67077142648074
   vertex -10.33107763860943 -8.45728434460161 -2.67077142648074
   vertex -10.33107763860943 -8.45728434460161 -5.89019925136189
  endloop
 endfacet
 facet normal -0.84672419922829 -0.53203207651533 0.00000000000000
  outer loop
   vertex -9.84049444740403 -9.40668348512660 -2.67077142648074
   vertex -9.91183271933292 -9.29314927574404 -2.67077142648074
   vertex -9.91183271933292 -9.29314927574404 -5.89019925136189
  endloop
 endfacet
 facet normal -0.53203207651533 -0.84672419922829 0.00000000000000
  outer loop
   vertex -8.79665121735261 -10.23912068325765 -5.89019925136189
   vertex -8.79665121735261 -10.23912068325765 -2.67077142648074
   vertex -9.25193519619358 -9.95304679888339 -2.67077142648074
  endloop
 endfacet
 facet normal -0.33027906195517 -0.94388333030837 0.00000000000000
  outer loop
   vertex -8.16256280186888 -10.46099781609587 -5.89019925136189
   vertex -8.16256280186888 -10.46099781609587 -2.67077142648074
   vertex -8.41607026505115 -10.37229171815989 -2.67077142648074
  endloop
 endfacet
 facet normal 0.03983295250487 -0.15127814695841 0.98768834059514
  outer loop
   vertex 152.00157571390184 25.15667158863904 -2.17077142648073
   vertex 18.65849414392617 -9.95381027421723 -2.17077142648073
   vertex 18.69783668668668 -10.10322593615489 -2.19524316833316
  endloop
 endfacet
 facet normal 0.11559973059093 -0.43902628183412 0.89100652418836
  outer loop
   vertex 152.04091825666242 25.00725592670138 -2.19524316833316
   vertex 18.69783668668668 -10.10322593615489 -2.19524316833316
   vertex 18.73332810724621 -10.23801575206195 -2.26626292929326
  endloop
 endfacet
 facet normal 0.18005080161607 -0.68379946536791 0.70710678118652
  outer loop
   vertex 152.07640967722193 24.87246611079431 -2.26626292929326
   vertex 18.73332810724621 -10.23801575206195 -2.26626292929326
   vertex 18.76149425807709 -10.34498555562157 -2.37687880033450
  endloop
 endfacet
 facet normal 0.22687724569132 -0.86163759292046 0.45399049973954
  outer loop
   vertex 152.10457582805282 24.76549630723469 -2.37687880033450
   vertex 18.76149425807709 -10.34498555562157 -2.37687880033450
   vertex 18.77957804009087 -10.41366439715889 -2.51626292929326
  endloop
 endfacet
 facet normal 0.25149536421159 -0.95513262949588 0.15643446504003
  outer loop
   vertex 152.12265961006659 24.69681746569737 -2.51626292929326
   vertex 18.77957804009087 -10.41366439715889 -2.51626292929326
   vertex 18.78580928670694 -10.43732951315059 -2.67077142648074
  endloop
 endfacet
 facet normal 0.25149536421159 -0.95513262949587 0.15643446504007
  outer loop
   vertex 18.78580928670694 -10.43732951315059 -2.67077142648074
   vertex 152.12889085668266 24.67315234970566 -2.67077142648074
   vertex 152.12265961006659 24.69681746569737 -2.51626292929326
  endloop
 endfacet
 facet normal 0.22687724569132 -0.86163759292047 0.45399049973952
  outer loop
   vertex 18.77957804009087 -10.41366439715889 -2.51626292929326
   vertex 152.12265961006659 24.69681746569737 -2.51626292929326
   vertex 152.10457582805282 24.76549630723469 -2.37687880033450
  endloop
 endfacet
 facet normal 0.18005080161606 -0.68379946536789 0.70710678118655
  outer loop
   vertex 18.76149425807709 -10.34498555562157 -2.37687880033450
   vertex 152.10457582805282 24.76549630723469 -2.37687880033450
   vertex 152.07640967722193 24.87246611079431 -2.26626292929326
  endloop
 endfacet
 facet normal 0.11559973059094 -0.43902628183414 0.89100652418835
  outer loop
   vertex 18.73332810724621 -10.23801575206195 -2.26626292929326
   vertex 152.07640967722193 24.87246611079431 -2.26626292929326
   vertex 152.04091825666242 25.00725592670138 -2.19524316833316
  endloop
 endfacet
 facet normal 0.03983295250487 -0.15127814695839 0.98768834059514
  outer loop
   vertex 18.69783668668668 -10.10322593615489 -2.19524316833316
   vertex 152.04091825666242 25.00725592670138 -2.19524316833316
   vertex 152.00157571390184 25.15667158863904 -2.17077142648073
  endloop
 endfacet
 facet normal 0.06432190591606 -0.99792920210771 -0.00000000000000
  outer loop
   vertex 18.02191843002201 -10.53621407955039 -5.89019925136189
   vertex 18.40705067951525 -10.51139023406634 -5.89019925136189
   vertex 18.40705067951525 -10.51139023406634 -2.67077142648074
  endloop
 endfacet
 facet normal 0.19190123971240 -0.98141424189628 -0.00000000000000
  outer loop
   vertex 18.78580928670694 -10.43732951315059 -2.67077142648074
   vertex 18.40705067951525 -10.51139023406634 -2.67077142648074
   vertex 18.40705067951525 -10.51139023406634 -5.89019925136189
  endloop
 endfacet
 facet normal 0.19190123971240 -0.98141424189628 -0.00000000000000
  outer loop
   vertex 18.40705067951525 -10.51139023406634 -5.89019925136189
   vertex 18.78580928670694 -10.43732951315059 -5.89019925136189
   vertex 18.78580928670694 -10.43732951315059 -2.67077142648074
  endloop
 endfacet
 facet normal 0.06432190591606 -0.99792920210771 -0.00000000000000
  outer loop
   vertex 18.40705067951525 -10.51139023406634 -2.67077142648074
   vertex 18.02191843002201 -10.53621407955039 -2.67077142648074
   vertex 18.02191843002201 -10.53621407955039 -5.89019925136189
  endloop
 endfacet
 facet normal -0.11060297423497 0.98162854659708 0.15547468795946
  outer loop
   vertex -7.49500000000000 148.47552825811567 -2.51626292929327
   vertex -7.49500000000000 148.49999999996811 -2.67077142648074
   vertex -8.16256280186895 148.42478373651358 -2.67077142648074
  endloop
 endfacet
 facet normal -0.32626282773895 0.93240559234689 0.15547468795928
  outer loop
   vertex -8.78603332649504 148.18085832612300 -2.51626292929327
   vertex -8.15711732701641 148.40092555232195 -2.51626292929327
   vertex -8.41607026505122 148.33607763857759 -2.67077142648074
  endloop
 endfacet
 facet normal -0.32626282773897 0.93240559234688 0.15547468795930
  outer loop
   vertex -8.15711732701641 148.40092555232195 -2.51626292929327
   vertex -8.16256280186895 148.42478373651358 -2.67077142648074
   vertex -8.41607026505122 148.33607763857759 -2.67077142648074
  endloop
 endfacet
 facet normal -0.52556250070522 0.83642792830970 0.15547468795925
  outer loop
   vertex -8.78603332649504 148.18085832612300 -2.51626292929327
   vertex -8.79665121735268 148.20290660367536 -2.67077142648074
   vertex -9.25193519619365 147.91683271930108 -2.67077142648074
  endloop
 endfacet
 facet normal -0.52556250070522 0.83642792830970 0.15547468795925
  outer loop
   vertex -9.25193519619365 147.91683271930108 -2.67077142648074
   vertex -9.35021152409751 147.82636166916114 -2.51626292929327
   vertex -8.78603332649504 148.18085832612300 -2.51626292929327
  endloop
 endfacet
 facet normal -0.69850827532820 0.69850827532822 0.15547468795925
  outer loop
   vertex -9.35021152409751 147.82636166916114 -2.51626292929327
   vertex -9.36546940557621 147.84549444737218 -2.67077142648074
   vertex -9.84049444740410 147.37046940554430 -2.67077142648074
  endloop
 endfacet
 facet normal -0.83642792830970 0.52556250070521 0.15547468795927
  outer loop
   vertex -10.17585832615490 146.79103332646312 -2.51626292929327
   vertex -9.82136166919305 147.35521152406560 -2.51626292929327
   vertex -9.91183271933300 147.25693519616172 -2.67077142648074
  endloop
 endfacet
 facet normal -0.83642792830973 0.52556250070514 0.15547468795933
  outer loop
   vertex -9.82136166919305 147.35521152406560 -2.51626292929327
   vertex -9.84049444740410 147.37046940554430 -2.67077142648074
   vertex -9.91183271933300 147.25693519616172 -2.67077142648074
  endloop
 endfacet
 facet normal -0.93240559234688 0.32626282773894 0.15547468795934
  outer loop
   vertex -10.17585832615490 146.79103332646312 -2.51626292929327
   vertex -10.19790660370727 146.80165121732077 -2.67077142648074
   vertex -10.33107763860950 146.42107026501930 -2.67077142648074
  endloop
 endfacet
 facet normal -0.93240559234688 0.32626282773896 0.15547468795928
  outer loop
   vertex -10.33107763860950 146.42107026501930 -2.67077142648074
   vertex -10.39592555235386 146.16211732698449 -2.51626292929327
   vertex -10.17585832615490 146.79103332646312 -2.51626292929327
  endloop
 endfacet
 facet normal -0.98162854659710 0.11060297423492 0.15547468795932
  outer loop
   vertex -10.39592555235386 146.16211732698449 -2.51626292929327
   vertex -10.41978373654549 146.16756280183702 -2.67077142648074
   vertex -10.49499999999998 145.49999999996808 -2.67077142648074
  endloop
 endfacet
 facet normal -0.09989020886686 0.88655012423965 0.45171985055253
  outer loop
   vertex -7.49500000000000 148.40450849715558 -2.37687880033450
   vertex -7.49500000000000 148.47552825811567 -2.51626292929327
   vertex -8.15711732701641 148.40092555232195 -2.51626292929327
  endloop
 endfacet
 facet normal -0.29466171442287 0.84209479909929 0.45171985055264
  outer loop
   vertex -8.14131394347821 148.33168640504545 -2.37687880033450
   vertex -8.15711732701641 148.40092555232195 -2.51626292929327
   vertex -8.78603332649504 148.18085832612300 -2.51626292929327
  endloop
 endfacet
 facet normal -0.47465765121755 0.75541332445049 0.45171985055263
  outer loop
   vertex -8.75521900705843 148.11687173249206 -2.37687880033450
   vertex -8.78603332649504 148.18085832612300 -2.51626292929327
   vertex -9.35021152409751 147.82636166916114 -2.51626292929327
  endloop
 endfacet
 facet normal -0.63085227138245 0.63085227138244 0.45171985055256
  outer loop
   vertex -9.30593142740844 147.77083618416518 -2.37687880033450
   vertex -9.35021152409751 147.82636166916114 -2.51626292929327
   vertex -9.82136166919305 147.35521152406560 -2.51626292929327
  endloop
 endfacet
 facet normal -0.75541332445052 0.47465765121756 0.45171985055257
  outer loop
   vertex -9.76583618419709 147.31093142737652 -2.37687880033450
   vertex -9.82136166919305 147.35521152406560 -2.51626292929327
   vertex -10.17585832615490 146.79103332646312 -2.51626292929327
  endloop
 endfacet
 facet normal -0.84209479909935 0.29466171442289 0.45171985055252
  outer loop
   vertex -10.11187173252398 146.76021900702654 -2.37687880033450
   vertex -10.17585832615490 146.79103332646312 -2.51626292929327
   vertex -10.39592555235386 146.16211732698449 -2.51626292929327
  endloop
 endfacet
 facet normal -0.88655012423964 0.09989020886689 0.45171985055254
  outer loop
   vertex -10.32668640507737 146.14631394344630 -2.37687880033450
   vertex -10.39592555235386 146.16211732698449 -2.51626292929327
   vertex -10.47052825814760 145.49999999996808 -2.51626292929327
  endloop
 endfacet
 facet normal -0.07942013514045 0.70487319502671 0.70487319502668
  outer loop
   vertex -7.49500000000000 148.29389262611434 -2.26626292929327
   vertex -7.49500000000000 148.40450849715558 -2.37687880033450
   vertex -8.14131394347821 148.33168640504545 -2.37687880033450
  endloop
 endfacet
 facet normal -0.23427794821579 0.66952790973396 0.70487319502665
  outer loop
   vertex -8.11669959654373 148.22384390483705 -2.26626292929327
   vertex -8.14131394347821 148.33168640504545 -2.37687880033450
   vertex -8.75521900705843 148.11687173249206 -2.37687880033450
  endloop
 endfacet
 facet normal -0.37738808670807 0.60060969934202 0.70487319502668
  outer loop
   vertex -8.70722457932531 148.01721027638800 -2.26626292929327
   vertex -8.75521900705843 148.11687173249206 -2.37687880033450
   vertex -9.30593142740844 147.77083618416518 -2.37687880033450
  endloop
 endfacet
 facet normal -0.50157441069738 0.50157441069737 0.70487319502671
  outer loop
   vertex -9.23696355989051 147.68435321372451 -2.26626292929327
   vertex -9.30593142740844 147.77083618416518 -2.37687880033450
   vertex -9.76583618419709 147.31093142737652 -2.37687880033450
  endloop
 endfacet
 facet normal -0.60060969934200 0.37738808670808 0.70487319502668
  outer loop
   vertex -9.67935321375643 147.24196355985859 -2.26626292929327
   vertex -9.76583618419709 147.31093142737652 -2.37687880033450
   vertex -10.11187173252398 146.76021900702654 -2.37687880033450
  endloop
 endfacet
 facet normal -0.66952790973388 0.23427794821576 0.70487319502674
  outer loop
   vertex -10.01221027641991 146.71222457929338 -2.26626292929327
   vertex -10.11187173252398 146.76021900702654 -2.37687880033450
   vertex -10.32668640507737 146.14631394344630 -2.37687880033450
  endloop
 endfacet
 facet normal -0.70487319502668 0.07942013514044 0.70487319502670
  outer loop
   vertex -10.21884390486897 146.12169959651180 -2.26626292929327
   vertex -10.32668640507737 146.14631394344630 -2.37687880033450
   vertex -10.39950849718750 145.49999999996808 -2.37687880033450
  endloop
 endfacet
 facet normal -0.05108565329546 0.45339771324649 0.88984311518954
  outer loop
   vertex -7.49500000000000 148.15450849715558 -2.19524316833316
   vertex -7.49500000000000 148.29389262611434 -2.26626292929327
   vertex -8.11669959654373 148.22384390483705 -2.26626292929327
  endloop
 endfacet
 facet normal -0.15069531191506 0.43066245868033 0.88984311518955
  outer loop
   vertex -8.08568370998913 148.08795442700000 -2.19524316833316
   vertex -8.11669959654373 148.22384390483705 -2.26626292929327
   vertex -8.70722457932531 148.01721027638800 -2.26626292929327
  endloop
 endfacet
 facet normal -0.24274847834638 0.38633199014608 0.88984311518958
  outer loop
   vertex -8.64674807227904 147.89162951551643 -2.19524316833316
   vertex -8.70722457932531 148.01721027638800 -2.26626292929327
   vertex -9.23696355989051 147.68435321372451 -2.26626292929327
  endloop
 endfacet
 facet normal -0.32262922244409 0.32262922244410 0.88984311518955
  outer loop
   vertex -9.15005897694375 147.57537831354816 -2.19524316833316
   vertex -9.23696355989051 147.68435321372451 -2.26626292929327
   vertex -9.67935321375643 147.24196355985859 -2.26626292929327
  endloop
 endfacet
 facet normal -0.38633199014614 0.24274847834641 0.88984311518954
  outer loop
   vertex -9.57037831358008 147.15505897691185 -2.19524316833316
   vertex -9.67935321375643 147.24196355985859 -2.26626292929327
   vertex -10.01221027641991 146.71222457929338 -2.26626292929327
  endloop
 endfacet
 facet normal -0.43066245868035 0.15069531191507 0.88984311518953
  outer loop
   vertex -9.88662951554837 146.65174807224713 -2.19524316833316
   vertex -10.01221027641991 146.71222457929338 -2.26626292929327
   vertex -10.21884390486897 146.12169959651180 -2.26626292929327
  endloop
 endfacet
 facet normal -0.45339771324648 0.05108565329547 0.88984311518955
  outer loop
   vertex -10.08295442703191 146.09068370995720 -2.19524316833316
   vertex -10.21884390486897 146.12169959651180 -2.26626292929327
   vertex -10.28889262614626 145.49999999996808 -2.26626292929327
  endloop
 endfacet
 facet normal -0.01762319376121 0.15641017068368 0.98753495206416
  outer loop
   vertex -7.49500000000000 147.99999999996817 -2.17077142648073
   vertex -7.49500000000000 148.15450849715558 -2.19524316833316
   vertex -8.08568370998913 148.08795442700000 -2.19524316833316
  endloop
 endfacet
 facet normal -0.05198588076038 0.14856711161355 0.98753495206417
  outer loop
   vertex -8.05130233489079 147.93731978042268 -2.17077142648074
   vertex -8.08568370998913 148.08795442700000 -2.19524316833316
   vertex -8.64674807227904 147.89162951551643 -2.19524316833316
  endloop
 endfacet
 facet normal -0.08374177862408 0.13327427720495 0.98753495206416
  outer loop
   vertex -8.57970934779391 147.75242216972416 -2.17077142648074
   vertex -8.64674807227904 147.89162951551643 -2.19524316833316
   vertex -9.15005897694375 147.57537831354816 -2.19524316833316
  endloop
 endfacet
 facet normal -0.11129851403235 0.11129851403235 0.98753495206417
  outer loop
   vertex -9.05372450464685 147.45457870613816 -2.17077142648074
   vertex -9.15005897694375 147.57537831354816 -2.19524316833316
   vertex -9.57037831358008 147.15505897691185 -2.19524316833316
  endloop
 endfacet
 facet normal -0.13327427720493 0.08374177862407 0.98753495206417
  outer loop
   vertex -9.44957870617009 147.05872450461493 -2.17077142648074
   vertex -9.57037831358008 147.15505897691185 -2.19524316833316
   vertex -9.88662951554837 146.65174807224713 -2.19524316833316
  endloop
 endfacet
 facet normal -0.14856711161354 0.05198588076036 0.98753495206417
  outer loop
   vertex -9.74742216975607 146.58470934776199 -2.17077142648074
   vertex -9.88662951554837 146.65174807224713 -2.19524316833316
   vertex -10.08295442703191 146.09068370995720 -2.19524316833316
  endloop
 endfacet
 facet normal -0.15641017068361 0.01762319376120 0.98753495206417
  outer loop
   vertex -9.93231978045458 146.05630233485888 -2.17077142648074
   vertex -10.08295442703191 146.09068370995720 -2.19524316833316
   vertex -10.14950849718749 145.49999999996808 -2.19524316833316
  endloop
 endfacet
 facet normal -0.15641017068360 0.01762319376120 0.98753495206417
  outer loop
   vertex -10.14950849718749 145.49999999996808 -2.19524316833316
   vertex -9.99500000000000 145.49999999996808 -2.17077142648073
   vertex -9.93231978045458 146.05630233485888 -2.17077142648074
  endloop
 endfacet
 facet normal -0.14856711161355 0.05198588076037 0.98753495206417
  outer loop
   vertex -10.08295442703191 146.09068370995720 -2.19524316833316
   vertex -9.93231978045458 146.05630233485888 -2.17077142648074
   vertex -9.74742216975607 146.58470934776199 -2.17077142648074
  endloop
 endfacet
 facet normal -0.13327427720493 0.08374177862407 0.98753495206417
  outer loop
   vertex -9.88662951554837 146.65174807224713 -2.19524316833316
   vertex -9.74742216975607 146.58470934776199 -2.17077142648074
   vertex -9.44957870617009 147.05872450461493 -2.17077142648074
  endloop
 endfacet
 facet normal -0.11129851403235 0.11129851403235 0.98753495206417
  outer loop
   vertex -9.57037831358008 147.15505897691185 -2.19524316833316
   vertex -9.44957870617009 147.05872450461493 -2.17077142648074
   vertex -9.05372450464685 147.45457870613816 -2.17077142648074
  endloop
 endfacet
 facet normal -0.08374177862407 0.13327427720493 0.98753495206417
  outer loop
   vertex -9.15005897694375 147.57537831354816 -2.19524316833316
   vertex -9.05372450464685 147.45457870613816 -2.17077142648074
   vertex -8.57970934779391 147.75242216972416 -2.17077142648074
  endloop
 endfacet
 facet normal -0.05198588076038 0.14856711161356 0.98753495206416
  outer loop
   vertex -8.64674807227904 147.89162951551643 -2.19524316833316
   vertex -8.57970934779391 147.75242216972416 -2.17077142648074
   vertex -8.05130233489079 147.93731978042268 -2.17077142648074
  endloop
 endfacet
 facet normal -0.01762319376122 0.15641017068362 0.98753495206417
  outer loop
   vertex -8.08568370998913 148.08795442700000 -2.19524316833316
   vertex -8.05130233489079 147.93731978042268 -2.17077142648074
   vertex -7.49500000000000 147.99999999996817 -2.17077142648073
  endloop
 endfacet
 facet normal -0.45339771324648 0.05108565329547 0.88984311518955
  outer loop
   vertex -10.28889262614626 145.49999999996808 -2.26626292929327
   vertex -10.14950849718749 145.49999999996808 -2.19524316833316
   vertex -10.08295442703191 146.09068370995720 -2.19524316833316
  endloop
 endfacet
 facet normal -0.43066245868033 0.15069531191505 0.88984311518955
  outer loop
   vertex -10.21884390486897 146.12169959651180 -2.26626292929327
   vertex -10.08295442703191 146.09068370995720 -2.19524316833316
   vertex -9.88662951554837 146.65174807224713 -2.19524316833316
  endloop
 endfacet
 facet normal -0.38633199014616 0.24274847834643 0.88984311518953
  outer loop
   vertex -10.01221027641991 146.71222457929338 -2.26626292929327
   vertex -9.88662951554837 146.65174807224713 -2.19524316833316
   vertex -9.57037831358008 147.15505897691185 -2.19524316833316
  endloop
 endfacet
 facet normal -0.32262922244410 0.32262922244411 0.88984311518954
  outer loop
   vertex -9.67935321375643 147.24196355985859 -2.26626292929327
   vertex -9.57037831358008 147.15505897691185 -2.19524316833316
   vertex -9.15005897694375 147.57537831354816 -2.19524316833316
  endloop
 endfacet
 facet normal -0.24274847834640 0.38633199014613 0.88984311518955
  outer loop
   vertex -9.23696355989051 147.68435321372451 -2.26626292929327
   vertex -9.15005897694375 147.57537831354816 -2.19524316833316
   vertex -8.64674807227904 147.89162951551643 -2.19524316833316
  endloop
 endfacet
 facet normal -0.15069531191506 0.43066245868026 0.88984311518958
  outer loop
   vertex -8.70722457932531 148.01721027638800 -2.26626292929327
   vertex -8.64674807227904 147.89162951551643 -2.19524316833316
   vertex -8.08568370998913 148.08795442700000 -2.19524316833316
  endloop
 endfacet
 facet normal -0.05108565329547 0.45339771324648 0.88984311518955
  outer loop
   vertex -8.11669959654373 148.22384390483705 -2.26626292929327
   vertex -8.08568370998913 148.08795442700000 -2.19524316833316
   vertex -7.49500000000000 148.15450849715558 -2.19524316833316
  endloop
 endfacet
 facet normal -0.70487319502669 0.07942013514044 0.70487319502669
  outer loop
   vertex -10.39950849718750 145.49999999996808 -2.37687880033450
   vertex -10.28889262614626 145.49999999996808 -2.26626292929327
   vertex -10.21884390486897 146.12169959651180 -2.26626292929327
  endloop
 endfacet
 facet normal -0.66952790973390 0.23427794821578 0.70487319502671
  outer loop
   vertex -10.32668640507737 146.14631394344630 -2.37687880033450
   vertex -10.21884390486897 146.12169959651180 -2.26626292929327
   vertex -10.01221027641991 146.71222457929338 -2.26626292929327
  endloop
 endfacet
 facet normal -0.60060969934195 0.37738808670801 0.70487319502676
  outer loop
   vertex -10.11187173252398 146.76021900702654 -2.37687880033450
   vertex -10.01221027641991 146.71222457929338 -2.26626292929327
   vertex -9.67935321375643 147.24196355985859 -2.26626292929327
  endloop
 endfacet
 facet normal -0.50157441069740 0.50157441069740 0.70487319502668
  outer loop
   vertex -9.76583618419709 147.31093142737652 -2.37687880033450
   vertex -9.67935321375643 147.24196355985859 -2.26626292929327
   vertex -9.23696355989051 147.68435321372451 -2.26626292929327
  endloop
 endfacet
 facet normal -0.37738808670806 0.60060969934198 0.70487319502671
  outer loop
   vertex -9.30593142740844 147.77083618416518 -2.37687880033450
   vertex -9.23696355989051 147.68435321372451 -2.26626292929327
   vertex -8.70722457932531 148.01721027638800 -2.26626292929327
  endloop
 endfacet
 facet normal -0.23427794821579 0.66952790973393 0.70487319502668
  outer loop
   vertex -8.75521900705843 148.11687173249206 -2.37687880033450
   vertex -8.70722457932531 148.01721027638800 -2.26626292929327
   vertex -8.11669959654373 148.22384390483705 -2.26626292929327
  endloop
 endfacet
 facet normal -0.07942013514044 0.70487319502674 0.70487319502664
  outer loop
   vertex -8.14131394347821 148.33168640504545 -2.37687880033450
   vertex -8.11669959654373 148.22384390483705 -2.26626292929327
   vertex -7.49500000000000 148.29389262611434 -2.26626292929327
  endloop
 endfacet
 facet normal -0.88655012423964 0.09989020886689 0.45171985055254
  outer loop
   vertex -10.47052825814760 145.49999999996808 -2.51626292929327
   vertex -10.39950849718750 145.49999999996808 -2.37687880033450
   vertex -10.32668640507737 146.14631394344630 -2.37687880033450
  endloop
 endfacet
 facet normal -0.84209479909935 0.29466171442289 0.45171985055252
  outer loop
   vertex -10.39592555235386 146.16211732698449 -2.51626292929327
   vertex -10.32668640507737 146.14631394344630 -2.37687880033450
   vertex -10.11187173252398 146.76021900702654 -2.37687880033450
  endloop
 endfacet
 facet normal -0.75541332445054 0.47465765121760 0.45171985055250
  outer loop
   vertex -10.17585832615490 146.79103332646312 -2.51626292929327
   vertex -10.11187173252398 146.76021900702654 -2.37687880033450
   vertex -9.76583618419709 147.31093142737652 -2.37687880033450
  endloop
 endfacet
 facet normal -0.63085227138244 0.63085227138243 0.45171985055258
  outer loop
   vertex -9.82136166919305 147.35521152406560 -2.51626292929327
   vertex -9.76583618419709 147.31093142737652 -2.37687880033450
   vertex -9.30593142740844 147.77083618416518 -2.37687880033450
  endloop
 endfacet
 facet normal -0.47465765121755 0.75541332445053 0.45171985055257
  outer loop
   vertex -9.35021152409751 147.82636166916114 -2.51626292929327
   vertex -9.30593142740844 147.77083618416518 -2.37687880033450
   vertex -8.75521900705843 148.11687173249206 -2.37687880033450
  endloop
 endfacet
 facet normal -0.29466171442287 0.84209479909929 0.45171985055264
  outer loop
   vertex -8.78603332649504 148.18085832612300 -2.51626292929327
   vertex -8.75521900705843 148.11687173249206 -2.37687880033450
   vertex -8.14131394347821 148.33168640504545 -2.37687880033450
  endloop
 endfacet
 facet normal -0.09989020886689 0.88655012423958 0.45171985055265
  outer loop
   vertex -8.15711732701641 148.40092555232195 -2.51626292929327
   vertex -8.14131394347821 148.33168640504545 -2.37687880033450
   vertex -7.49500000000000 148.40450849715558 -2.37687880033450
  endloop
 endfacet
 facet normal -0.98162854659713 0.11060297423497 0.15547468795913
  outer loop
   vertex -10.49499999999998 145.49999999996808 -2.67077142648074
   vertex -10.47052825814760 145.49999999996808 -2.51626292929327
   vertex -10.39592555235386 146.16211732698449 -2.51626292929327
  endloop
 endfacet
 facet normal -0.93240559234687 0.32626282773898 0.15547468795932
  outer loop
   vertex -10.33107763860950 146.42107026501930 -2.67077142648074
   vertex -10.41978373654549 146.16756280183702 -2.67077142648074
   vertex -10.39592555235386 146.16211732698449 -2.51626292929327
  endloop
 endfacet
 facet normal -0.83642792830968 0.52556250070522 0.15547468795934
  outer loop
   vertex -9.91183271933300 147.25693519616172 -2.67077142648074
   vertex -10.19790660370727 146.80165121732077 -2.67077142648074
   vertex -10.17585832615490 146.79103332646312 -2.51626292929327
  endloop
 endfacet
 facet normal -0.69850827532820 0.69850827532819 0.15547468795933
  outer loop
   vertex -9.84049444740410 147.37046940554430 -2.67077142648074
   vertex -9.82136166919305 147.35521152406560 -2.51626292929327
   vertex -9.35021152409751 147.82636166916114 -2.51626292929327
  endloop
 endfacet
 facet normal -0.52556250070524 0.83642792830969 0.15547468795923
  outer loop
   vertex -9.25193519619365 147.91683271930108 -2.67077142648074
   vertex -9.36546940557621 147.84549444737218 -2.67077142648074
   vertex -9.35021152409751 147.82636166916114 -2.51626292929327
  endloop
 endfacet
 facet normal -0.32626282773897 0.93240559234689 0.15547468795924
  outer loop
   vertex -8.41607026505122 148.33607763857759 -2.67077142648074
   vertex -8.79665121735268 148.20290660367536 -2.67077142648074
   vertex -8.78603332649504 148.18085832612300 -2.51626292929327
  endloop
 endfacet
 facet normal -0.11060297423494 0.98162854659710 0.15547468795930
  outer loop
   vertex -8.16256280186895 148.42478373651358 -2.67077142648074
   vertex -8.15711732701641 148.40092555232195 -2.51626292929327
   vertex -7.49500000000000 148.47552825811567 -2.51626292929327
  endloop
 endfacet
 facet normal -1.00000000000000 -0.00000000000000 0.00000000000000
  outer loop
   vertex -10.49499999999991 -7.53621407955039 -2.67077142648074
   vertex -10.49499999999998 145.49999999996808 -2.67077142648074
   vertex -10.49499999999998 145.49999999996808 -5.89019925136189
  endloop
 endfacet
 facet normal -1.00000000000000 -0.00000000000000 0.00000000000000
  outer loop
   vertex -10.49499999999998 145.49999999996808 -5.89019925136189
   vertex -10.49499999999991 -7.53621407955039 -5.89019925136189
   vertex -10.49499999999991 -7.53621407955039 -2.67077142648074
  endloop
 endfacet
 facet normal 0.35436760036547 -0.92208283553195 0.15552121472190
  outer loop
   vertex 152.12265961006659 24.69681746569738 -2.51626292929326
   vertex 152.12889085668266 24.67315234970566 -2.67077142648074
   vertex 152.74062601911089 24.90824958090378 -2.67077142648074
  endloop
 endfacet
 facet normal 0.54613764731828 -0.82313232347726 0.15552121472195
  outer loop
   vertex 152.72940469750247 24.92999695064479 -2.51626292929326
   vertex 152.74062601911089 24.90824958090378 -2.67077142648074
   vertex 153.01367035211368 25.08941096332865 -2.67077142648074
  endloop
 endfacet
 facet normal 0.54613764731826 -0.82313232347728 0.15552121472189
  outer loop
   vertex 153.01367035211368 25.08941096332865 -2.67077142648074
   vertex 153.27103878322040 25.28936415910497 -2.51626292929326
   vertex 152.72940469750247 24.92999695064479 -2.51626292929326
  endloop
 endfacet
 facet normal 0.71184536147654 -0.68490096591823 0.15552121472200
  outer loop
   vertex 153.27103878322040 25.28936415910497 -2.51626292929326
   vertex 153.28671468511649 25.27057234575350 -2.67077142648074
   vertex 153.74109685935090 25.74283017449338 -2.67077142648074
  endloop
 endfacet
 facet normal 0.84358297523950 -0.51398532630561 0.15552121472197
  outer loop
   vertex 153.72171444969808 25.75776966395394 -2.51626292929326
   vertex 153.74109685935090 25.74283017449338 -2.67077142648074
   vertex 154.08208888843677 26.30248636642555 -2.67077142648074
  endloop
 endfacet
 facet normal 0.93506381427097 -0.31854170058642 0.15552121472179
  outer loop
   vertex 154.26953039882909 26.92814737865950 -2.51626292929326
   vertex 154.05992492248077 26.31286060193442 -2.51626292929326
   vertex 154.18775355946164 26.61265991714228 -2.67077142648074
  endloop
 endfacet
 facet normal 0.93506381427097 -0.31854170058631 0.15552121472199
  outer loop
   vertex 154.05992492248077 26.31286060193442 -2.51626292929326
   vertex 154.08208888843677 26.30248636642555 -2.67077142648074
   vertex 154.18775355946164 26.61265991714228 -2.67077142648074
  endloop
 endfacet
 facet normal 0.98192230501470 -0.10789688913980 0.15552121472188
  outer loop
   vertex 154.26953039882909 26.92814737865950 -2.51626292929326
   vertex 154.29341823048657 26.92283346785903 -2.67077142648074
   vertex 154.36499999999793 27.57426778330589 -2.67077142648074
  endloop
 endfacet
 facet normal 0.32002666359446 -0.83272594082717 0.45183010309418
  outer loop
   vertex 152.10457582805279 24.76549630723469 -2.37687880033450
   vertex 152.12265961006659 24.69681746569738 -2.51626292929326
   vertex 152.72940469750247 24.92999695064479 -2.51626292929326
  endloop
 endfacet
 facet normal 0.49321272304334 -0.74336449186526 0.45183010309416
  outer loop
   vertex 152.69683915381984 24.99311027579475 -2.37687880033450
   vertex 152.72940469750247 24.92999695064479 -2.51626292929326
   vertex 153.27103878322040 25.28936415910497 -2.51626292929326
  endloop
 endfacet
 facet normal 0.64286208951825 -0.61852881242351 0.45183010309428
  outer loop
   vertex 153.22554554403015 25.34390012553825 -2.37687880033450
   vertex 153.27103878322040 25.28936415910497 -2.51626292929326
   vertex 153.72171444969808 25.75776966395394 -2.51626292929326
  endloop
 endfacet
 facet normal 0.76183331871355 -0.46417620839052 0.45183010309418
  outer loop
   vertex 153.66546450604164 25.80112575101768 -2.37687880033450
   vertex 153.72171444969808 25.75776966395394 -2.51626292929326
   vertex 154.05992492248077 26.31286060193442 -2.51626292929326
  endloop
 endfacet
 facet normal 0.84444896322466 -0.28767256811637 0.45183010309421
  outer loop
   vertex 153.99560258802600 26.34296780600787 -2.37687880033450
   vertex 154.05992492248077 26.31286060193442 -2.51626292929326
   vertex 154.26953039882909 26.92814737865950 -2.51626292929326
  endloop
 endfacet
 facet normal 0.88676650703607 -0.09744085353179 0.45183010309412
  outer loop
   vertex 154.20020521125559 26.94356894844757 -2.37687880033450
   vertex 154.26953039882909 26.92814737865950 -2.51626292929326
   vertex 154.34052825814550 27.57426778330590 -2.51626292929326
  endloop
 endfacet
 facet normal 0.25442212195839 -0.66201952829633 0.70498193452918
  outer loop
   vertex 152.07640967722193 24.87246611079432 -2.26626292929326
   vertex 152.10457582805279 24.76549630723469 -2.37687880033450
   vertex 152.69683915381984 24.99311027579475 -2.37687880033450
  endloop
 endfacet
 facet normal 0.39210553947026 -0.59097691824999 0.70498193452916
  outer loop
   vertex 152.64611713037613 25.09141158435159 -2.26626292929326
   vertex 152.69683915381984 24.99311027579475 -2.37687880033450
   vertex 153.22554554403015 25.34390012553825 -2.37687880033450
  endloop
 endfacet
 facet normal 0.51107721808179 -0.49173219250454 0.70498193452915
  outer loop
   vertex 153.15468816276780 25.42884188468445 -2.26626292929326
   vertex 153.22554554403015 25.34390012553825 -2.37687880033450
   vertex 153.66546450604164 25.80112575101768 -2.37687880033450
  endloop
 endfacet
 facet normal 0.60565968894187 -0.36902142644896 0.70498193452912
  outer loop
   vertex 153.57785316478311 25.86865443980317 -2.26626292929326
   vertex 153.66546450604164 25.80112575101768 -2.37687880033450
   vertex 153.99560258802600 26.34296780600787 -2.37687880033450
  endloop
 endfacet
 facet normal 0.67133936496446 -0.22870052259816 0.70498193452914
  outer loop
   vertex 153.89541820332897 26.38986087574196 -2.26626292929326
   vertex 153.99560258802600 26.34296780600787 -2.37687880033450
   vertex 154.20020521125559 26.94356894844757 -2.37687880033450
  endloop
 endfacet
 facet normal 0.70498193452913 -0.07746576001682 0.70498193452924
  outer loop
   vertex 154.09222870014273 26.96758860652401 -2.26626292929326
   vertex 154.20020521125559 26.94356894844757 -2.37687880033450
   vertex 154.26950849718540 27.57426778330588 -2.37687880033450
  endloop
 endfacet
 facet normal 0.16363790973554 -0.42579430978976 0.88989990462301
  outer loop
   vertex 152.04091825666239 25.00725592670138 -2.19524316833316
   vertex 152.07640967722193 24.87246611079432 -2.26626292929326
   vertex 152.64611713037613 25.09141158435159 -2.26626292929326
  endloop
 endfacet
 facet normal 0.25219242092922 -0.38010148983897 0.88989990462302
  outer loop
   vertex 152.58220365222709 25.21527845932827 -2.19524316833316
   vertex 152.64611713037613 25.09141158435159 -2.26626292929326
   vertex 153.15468816276780 25.42884188468445 -2.26626292929326
  endloop
 endfacet
 facet normal 0.32871201229123 -0.31626977839714 0.88989990462303
  outer loop
   vertex 153.06540265360360 25.53587474533428 -2.19524316833316
   vertex 153.15468816276780 25.42884188468445 -2.26626292929326
   vertex 153.57785316478311 25.86865443980317 -2.26626292929326
  endloop
 endfacet
 facet normal 0.38954507865365 -0.23734530003488 0.88989990462303
  outer loop
   vertex 153.46745643442890 25.95374555175205 -2.19524316833316
   vertex 153.57785316478311 25.86865443980317 -2.26626292929326
   vertex 153.89541820332897 26.38986087574196 -2.26626292929326
  endloop
 endfacet
 facet normal 0.43178859432642 -0.14709442396483 0.88989990462303
  outer loop
   vertex 153.76917851398943 26.44894959074789 -2.19524316833316
   vertex 153.89541820332897 26.38986087574196 -2.26626292929326
   vertex 154.09222870014273 26.96758860652401 -2.26626292929326
  endloop
 endfacet
 facet normal 0.45342664890806 -0.04982402845968 0.88989990462302
  outer loop
   vertex 153.95617035871484 26.99785514140148 -2.19524316833316
   vertex 154.09222870014273 26.96758860652401 -2.26626292929326
   vertex 154.15889262614414 27.57426778330588 -2.26626292929326
  endloop
 endfacet
 facet normal 0.05644755955009 -0.14687947124715 0.98754245171891
  outer loop
   vertex 152.00157571390184 25.15667158863904 -2.17077142648073
   vertex 152.04091825666239 25.00725592670138 -2.19524316833316
   vertex 152.58220365222709 25.21527845932827 -2.19524316833316
  endloop
 endfacet
 facet normal 0.08699479675272 -0.13111754799017 0.98754245171891
  outer loop
   vertex 152.51135501592537 25.35258594797080 -2.17077142648074
   vertex 152.58220365222709 25.21527845932827 -2.19524316833316
   vertex 153.06540265360360 25.53587474533428 -2.19524316833316
  endloop
 endfacet
 facet normal 0.11339053962880 -0.10909854066714 0.98754245171891
  outer loop
   vertex 152.96642890426338 25.65452158534557 -2.17077142648074
   vertex 153.06540265360360 25.53587474533428 -2.19524316833316
   vertex 153.46745643442890 25.95374555175205 -2.19524316833316
  endloop
 endfacet
 facet normal 0.13437515218986 -0.08187322228268 0.98754245171891
  outer loop
   vertex 153.34508071612538 26.04806977596213 -2.17077142648074
   vertex 153.46745643442890 25.95374555175205 -2.19524316833316
   vertex 153.76917851398943 26.44894959074789 -2.19524316833316
  endloop
 endfacet
 facet normal 0.14894722396955 -0.05074081714720 0.98754245171891
  outer loop
   vertex 153.62924074036360 26.51444993590560 -2.17077142648074
   vertex 153.76917851398943 26.44894959074789 -2.19524316833316
   vertex 153.95617035871484 26.99785514140148 -2.19524316833316
  endloop
 endfacet
 facet normal 0.15641135851219 -0.01718700035981 0.98754245171891
  outer loop
   vertex 153.80534852540509 27.03140585376683 -2.17077142648074
   vertex 153.95617035871484 26.99785514140148 -2.19524316833316
   vertex 154.01950849718537 27.57426778330588 -2.19524316833316
  endloop
 endfacet
 facet normal 0.15641135851223 -0.01718700035982 0.98754245171891
  outer loop
   vertex 154.01950849718537 27.57426778330588 -2.19524316833316
   vertex 153.86499999999791 27.57426778330589 -2.17077142648073
   vertex 153.80534852540509 27.03140585376683 -2.17077142648074
  endloop
 endfacet
 facet normal 0.14894722396954 -0.05074081714719 0.98754245171891
  outer loop
   vertex 153.95617035871484 26.99785514140148 -2.19524316833316
   vertex 153.80534852540509 27.03140585376683 -2.17077142648074
   vertex 153.62924074036360 26.51444993590560 -2.17077142648074
  endloop
 endfacet
 facet normal 0.13437515218987 -0.08187322228269 0.98754245171891
  outer loop
   vertex 153.76917851398943 26.44894959074789 -2.19524316833316
   vertex 153.62924074036360 26.51444993590560 -2.17077142648074
   vertex 153.34508071612538 26.04806977596213 -2.17077142648074
  endloop
 endfacet
 facet normal 0.11339053962878 -0.10909854066711 0.98754245171891
  outer loop
   vertex 153.46745643442890 25.95374555175205 -2.19524316833316
   vertex 153.34508071612538 26.04806977596213 -2.17077142648074
   vertex 152.96642890426338 25.65452158534557 -2.17077142648074
  endloop
 endfacet
 facet normal 0.08699479675272 -0.13111754799019 0.98754245171891
  outer loop
   vertex 153.06540265360360 25.53587474533428 -2.19524316833316
   vertex 152.96642890426338 25.65452158534557 -2.17077142648074
   vertex 152.51135501592537 25.35258594797080 -2.17077142648074
  endloop
 endfacet
 facet normal 0.05644755955009 -0.14687947124715 0.98754245171891
  outer loop
   vertex 152.58220365222709 25.21527845932827 -2.19524316833316
   vertex 152.51135501592537 25.35258594797080 -2.17077142648074
   vertex 152.00157571390184 25.15667158863904 -2.17077142648073
  endloop
 endfacet
 facet normal 0.45342664890807 -0.04982402845968 0.88989990462301
  outer loop
   vertex 154.15889262614414 27.57426778330588 -2.26626292929326
   vertex 154.01950849718537 27.57426778330588 -2.19524316833316
   vertex 153.95617035871484 26.99785514140148 -2.19524316833316
  endloop
 endfacet
 facet normal 0.43178859432643 -0.14709442396484 0.88989990462302
  outer loop
   vertex 154.09222870014273 26.96758860652401 -2.26626292929326
   vertex 153.95617035871484 26.99785514140148 -2.19524316833316
   vertex 153.76917851398943 26.44894959074789 -2.19524316833316
  endloop
 endfacet
 facet normal 0.38954507865366 -0.23734530003488 0.88989990462302
  outer loop
   vertex 153.89541820332897 26.38986087574196 -2.26626292929326
   vertex 153.76917851398943 26.44894959074789 -2.19524316833316
   vertex 153.46745643442890 25.95374555175205 -2.19524316833316
  endloop
 endfacet
 facet normal 0.32871201229124 -0.31626977839715 0.88989990462302
  outer loop
   vertex 153.57785316478311 25.86865443980317 -2.26626292929326
   vertex 153.46745643442890 25.95374555175205 -2.19524316833316
   vertex 153.06540265360360 25.53587474533428 -2.19524316833316
  endloop
 endfacet
 facet normal 0.25219242092922 -0.38010148983896 0.88989990462302
  outer loop
   vertex 153.15468816276780 25.42884188468445 -2.26626292929326
   vertex 153.06540265360360 25.53587474533428 -2.19524316833316
   vertex 152.58220365222709 25.21527845932827 -2.19524316833316
  endloop
 endfacet
 facet normal 0.16363790973554 -0.42579430978975 0.88989990462301
  outer loop
   vertex 152.64611713037613 25.09141158435159 -2.26626292929326
   vertex 152.58220365222709 25.21527845932827 -2.19524316833316
   vertex 152.04091825666239 25.00725592670138 -2.19524316833316
  endloop
 endfacet
 facet normal 0.70498193452911 -0.07746576001681 0.70498193452925
  outer loop
   vertex 154.26950849718540 27.57426778330588 -2.37687880033450
   vertex 154.15889262614414 27.57426778330588 -2.26626292929326
   vertex 154.09222870014273 26.96758860652401 -2.26626292929326
  endloop
 endfacet
 facet normal 0.67133936496438 -0.22870052259810 0.70498193452924
  outer loop
   vertex 154.20020521125559 26.94356894844757 -2.37687880033450
   vertex 154.09222870014273 26.96758860652401 -2.26626292929326
   vertex 153.89541820332897 26.38986087574196 -2.26626292929326
  endloop
 endfacet
 facet normal 0.60565968894185 -0.36902142644894 0.70498193452914
  outer loop
   vertex 153.99560258802600 26.34296780600787 -2.37687880033450
   vertex 153.89541820332897 26.38986087574196 -2.26626292929326
   vertex 153.57785316478311 25.86865443980317 -2.26626292929326
  endloop
 endfacet
 facet normal 0.51107721808180 -0.49173219250456 0.70498193452913
  outer loop
   vertex 153.66546450604164 25.80112575101768 -2.37687880033450
   vertex 153.57785316478311 25.86865443980317 -2.26626292929326
   vertex 153.15468816276780 25.42884188468445 -2.26626292929326
  endloop
 endfacet
 facet normal 0.39210553947026 -0.59097691824999 0.70498193452916
  outer loop
   vertex 153.22554554403015 25.34390012553825 -2.37687880033450
   vertex 153.15468816276780 25.42884188468445 -2.26626292929326
   vertex 152.64611713037613 25.09141158435159 -2.26626292929326
  endloop
 endfacet
 facet normal 0.25442212195839 -0.66201952829633 0.70498193452917
  outer loop
   vertex 152.69683915381984 24.99311027579475 -2.37687880033450
   vertex 152.64611713037613 25.09141158435159 -2.26626292929326
   vertex 152.07640967722193 24.87246611079432 -2.26626292929326
  endloop
 endfacet
 facet normal 0.88676650703607 -0.09744085353178 0.45183010309412
  outer loop
   vertex 154.34052825814550 27.57426778330590 -2.51626292929326
   vertex 154.26950849718540 27.57426778330588 -2.37687880033450
   vertex 154.20020521125559 26.94356894844757 -2.37687880033450
  endloop
 endfacet
 facet normal 0.84444896322470 -0.28767256811641 0.45183010309411
  outer loop
   vertex 154.26953039882909 26.92814737865950 -2.51626292929326
   vertex 154.20020521125559 26.94356894844757 -2.37687880033450
   vertex 153.99560258802600 26.34296780600787 -2.37687880033450
  endloop
 endfacet
 facet normal 0.76183331871355 -0.46417620839051 0.45183010309419
  outer loop
   vertex 154.05992492248077 26.31286060193442 -2.51626292929326
   vertex 153.99560258802600 26.34296780600787 -2.37687880033450
   vertex 153.66546450604164 25.80112575101768 -2.37687880033450
  endloop
 endfacet
 facet normal 0.64286208951827 -0.61852881242357 0.45183010309417
  outer loop
   vertex 153.72171444969808 25.75776966395394 -2.51626292929326
   vertex 153.66546450604164 25.80112575101768 -2.37687880033450
   vertex 153.22554554403015 25.34390012553825 -2.37687880033450
  endloop
 endfacet
 facet normal 0.49321272304334 -0.74336449186520 0.45183010309425
  outer loop
   vertex 153.27103878322040 25.28936415910497 -2.51626292929326
   vertex 153.22554554403015 25.34390012553825 -2.37687880033450
   vertex 152.69683915381984 24.99311027579475 -2.37687880033450
  endloop
 endfacet
 facet normal 0.32002666359446 -0.83272594082719 0.45183010309416
  outer loop
   vertex 152.72940469750247 24.92999695064479 -2.51626292929326
   vertex 152.69683915381984 24.99311027579475 -2.37687880033450
   vertex 152.10457582805279 24.76549630723469 -2.37687880033450
  endloop
 endfacet
 facet normal 0.98192230501468 -0.10789688913977 0.15552121472202
  outer loop
   vertex 154.36499999999793 27.57426778330589 -2.67077142648074
   vertex 154.34052825814550 27.57426778330590 -2.51626292929326
   vertex 154.26953039882909 26.92814737865950 -2.51626292929326
  endloop
 endfacet
 facet normal 0.93506381427094 -0.31854170058646 0.15552121472188
  outer loop
   vertex 154.18775355946164 26.61265991714228 -2.67077142648074
   vertex 154.29341823048657 26.92283346785903 -2.67077142648074
   vertex 154.26953039882909 26.92814737865950 -2.51626292929326
  endloop
 endfacet
 facet normal 0.84358297523950 -0.51398532630560 0.15552121472198
  outer loop
   vertex 154.08208888843677 26.30248636642555 -2.67077142648074
   vertex 154.05992492248077 26.31286060193442 -2.51626292929326
   vertex 153.72171444969808 25.75776966395394 -2.51626292929326
  endloop
 endfacet
 facet normal 0.71184536147654 -0.68490096591824 0.15552121472196
  outer loop
   vertex 153.74109685935090 25.74283017449338 -2.67077142648074
   vertex 153.72171444969808 25.75776966395394 -2.51626292929326
   vertex 153.27103878322040 25.28936415910497 -2.51626292929326
  endloop
 endfacet
 facet normal 0.54613764731821 -0.82313232347729 0.15552121472199
  outer loop
   vertex 153.01367035211368 25.08941096332865 -2.67077142648074
   vertex 153.28671468511649 25.27057234575350 -2.67077142648074
   vertex 153.27103878322040 25.28936415910497 -2.51626292929326
  endloop
 endfacet
 facet normal 0.35436760036547 -0.92208283553194 0.15552121472193
  outer loop
   vertex 152.74062601911089 24.90824958090378 -2.67077142648074
   vertex 152.72940469750247 24.92999695064479 -2.51626292929326
   vertex 152.12265961006659 24.69681746569738 -2.51626292929326
  endloop
 endfacet
 facet normal 0.25463028556158 -0.96703847786674 -0.00000000000000
  outer loop
   vertex 152.12889085668266 24.67315234970566 -2.67077142648074
   vertex 18.78580928670694 -10.43732951315059 -2.67077142648074
   vertex 18.78580928670694 -10.43732951315059 -5.89019925136189
  endloop
 endfacet
 facet normal 0.25463028556158 -0.96703847786674 -0.00000000000000
  outer loop
   vertex 18.78580928670694 -10.43732951315059 -5.89019925136189
   vertex 152.12889085668266 24.67315234970566 -5.89019925136189
   vertex 152.12889085668266 24.67315234970566 -2.67077142648074
  endloop
 endfacet
 facet normal -0.00000000000000 0.15643446504024 0.98768834059514
  outer loop
   vertex -7.49500000000000 147.99999999996817 -2.17077142648073
   vertex 151.36499999999791 147.99999999996817 -2.17077142648073
   vertex 151.36499999999791 148.15450849715563 -2.19524316833316
  endloop
 endfacet
 facet normal -0.00000000000000 0.45399049973955 0.89100652418837
  outer loop
   vertex -7.49499999999998 148.15450849715563 -2.19524316833316
   vertex 151.36499999999791 148.15450849715563 -2.19524316833316
   vertex 151.36499999999791 148.29389262611440 -2.26626292929326
  endloop
 endfacet
 facet normal -0.00000000000000 0.70710678118656 0.70710678118653
  outer loop
   vertex -7.49499999999998 148.29389262611440 -2.26626292929326
   vertex 151.36499999999791 148.29389262611440 -2.26626292929326
   vertex 151.36499999999791 148.40450849715563 -2.37687880033450
  endloop
 endfacet
 facet normal -0.00000000000000 0.89100652418838 0.45399049973953
  outer loop
   vertex -7.49499999999998 148.40450849715563 -2.37687880033450
   vertex 151.36499999999791 148.40450849715563 -2.37687880033450
   vertex 151.36499999999791 148.47552825811573 -2.51626292929326
  endloop
 endfacet
 facet normal -0.00000000000000 0.98768834059512 0.15643446504032
  outer loop
   vertex -7.49499999999998 148.47552825811573 -2.51626292929326
   vertex 151.36499999999791 148.47552825811573 -2.51626292929326
   vertex 151.36499999999791 148.49999999996817 -2.67077142648074
  endloop
 endfacet
 facet normal -0.00000000000000 0.98768834059518 0.15643446503997
  outer loop
   vertex 151.36499999999791 148.49999999996817 -2.67077142648074
   vertex -7.49500000000000 148.49999999996811 -2.67077142648074
   vertex -7.49499999999998 148.47552825811573 -2.51626292929326
  endloop
 endfacet
 facet normal 0.00000000000000 0.89100652418838 0.45399049973953
  outer loop
   vertex 151.36499999999791 148.47552825811573 -2.51626292929326
   vertex -7.49499999999998 148.47552825811573 -2.51626292929326
   vertex -7.49499999999998 148.40450849715563 -2.37687880033450
  endloop
 endfacet
 facet normal 0.00000000000000 0.70710678118656 0.70710678118653
  outer loop
   vertex 151.36499999999791 148.40450849715563 -2.37687880033450
   vertex -7.49499999999998 148.40450849715563 -2.37687880033450
   vertex -7.49499999999998 148.29389262611440 -2.26626292929326
  endloop
 endfacet
 facet normal 0.00000000000000 0.45399049973955 0.89100652418837
  outer loop
   vertex 151.36499999999791 148.29389262611440 -2.26626292929326
   vertex -7.49499999999998 148.29389262611440 -2.26626292929326
   vertex -7.49499999999998 148.15450849715563 -2.19524316833316
  endloop
 endfacet
 facet normal 0.00000000000000 0.15643446504024 0.98768834059514
  outer loop
   vertex 151.36499999999791 148.15450849715563 -2.19524316833316
   vertex -7.49499999999998 148.15450849715563 -2.19524316833316
   vertex -7.49500000000000 147.99999999996817 -2.17077142648073
  endloop
 endfacet
 facet normal -0.94388333030836 0.33027906195518 0.00000000000000
  outer loop
   vertex -10.33107763860950 146.42107026501930 -5.89019925136189
   vertex -10.41978373654548 146.16756280183702 -5.89019925136189
   vertex -10.41978373654548 146.16756280183702 -2.67077142648074
  endloop
 endfacet
 facet normal -0.99371220989325 0.11196447610326 -0.00000000000000
  outer loop
   vertex -10.49499999999998 145.49999999996808 -2.67077142648074
   vertex -10.41978373654548 146.16756280183702 -2.67077142648074
   vertex -10.41978373654548 146.16756280183702 -5.89019925136189
  endloop
 endfacet
 facet normal -0.99371220989325 0.11196447610326 -0.00000000000000
  outer loop
   vertex -10.41978373654548 146.16756280183702 -5.89019925136189
   vertex -10.49499999999998 145.49999999996808 -5.89019925136189
   vertex -10.49499999999998 145.49999999996808 -2.67077142648074
  endloop
 endfacet
 facet normal -0.84672419922827 0.53203207651536 0.00000000000000
  outer loop
   vertex -9.91183271933300 147.25693519616172 -5.89019925136189
   vertex -10.19790660370727 146.80165121732077 -5.89019925136189
   vertex -10.19790660370727 146.80165121732077 -2.67077142648074
  endloop
 endfacet
 facet normal -0.94388333030838 0.33027906195514 0.00000000000000
  outer loop
   vertex -10.33107763860950 146.42107026501930 -2.67077142648074
   vertex -10.19790660370727 146.80165121732077 -2.67077142648074
   vertex -10.19790660370727 146.80165121732077 -5.89019925136189
  endloop
 endfacet
 facet normal -0.94388333030838 0.33027906195514 0.00000000000000
  outer loop
   vertex -10.19790660370727 146.80165121732077 -5.89019925136189
   vertex -10.33107763860950 146.42107026501930 -5.89019925136189
   vertex -10.33107763860950 146.42107026501930 -2.67077142648074
  endloop
 endfacet
 facet normal -0.53203207651537 0.84672419922826 -0.00000000000000
  outer loop
   vertex -9.25193519619365 147.91683271930108 -5.89019925136189
   vertex -9.36546940557621 147.84549444737218 -5.89019925136189
   vertex -9.36546940557621 147.84549444737218 -2.67077142648074
  endloop
 endfacet
 facet normal -0.70710678118654 0.70710678118656 -0.00000000000000
  outer loop
   vertex -9.84049444740410 147.37046940554430 -2.67077142648074
   vertex -9.36546940557621 147.84549444737218 -2.67077142648074
   vertex -9.36546940557621 147.84549444737218 -5.89019925136189
  endloop
 endfacet
 facet normal -0.70710678118654 0.70710678118656 -0.00000000000000
  outer loop
   vertex -9.36546940557621 147.84549444737218 -5.89019925136189
   vertex -9.84049444740410 147.37046940554430 -5.89019925136189
   vertex -9.84049444740410 147.37046940554430 -2.67077142648074
  endloop
 endfacet
 facet normal -0.84672419922832 0.53203207651528 -0.00000000000000
  outer loop
   vertex -9.91183271933300 147.25693519616172 -2.67077142648074
   vertex -9.84049444740410 147.37046940554430 -2.67077142648074
   vertex -9.84049444740410 147.37046940554430 -5.89019925136189
  endloop
 endfacet
 facet normal -0.84672419922832 0.53203207651528 -0.00000000000000
  outer loop
   vertex -9.84049444740410 147.37046940554430 -5.89019925136189
   vertex -9.91183271933300 147.25693519616172 -5.89019925136189
   vertex -9.91183271933300 147.25693519616172 -2.67077142648074
  endloop
 endfacet
 facet normal -0.33027906195517 0.94388333030837 -0.00000000000000
  outer loop
   vertex -8.41607026505122 148.33607763857759 -5.89019925136189
   vertex -8.79665121735268 148.20290660367536 -5.89019925136189
   vertex -8.79665121735268 148.20290660367536 -2.67077142648074
  endloop
 endfacet
 facet normal -0.53203207651535 0.84672419922828 0.00000000000000
  outer loop
   vertex -9.25193519619365 147.91683271930108 -2.67077142648074
   vertex -8.79665121735268 148.20290660367536 -2.67077142648074
   vertex -8.79665121735268 148.20290660367536 -5.89019925136189
  endloop
 endfacet
 facet normal -0.53203207651535 0.84672419922828 0.00000000000000
  outer loop
   vertex -8.79665121735268 148.20290660367536 -5.89019925136189
   vertex -9.25193519619365 147.91683271930108 -5.89019925136189
   vertex -9.25193519619365 147.91683271930108 -2.67077142648074
  endloop
 endfacet
 facet normal -0.11196447610332 0.99371220989324 -0.00000000000000
  outer loop
   vertex -7.49500000000000 148.49999999996811 -5.89019925136189
   vertex -8.16256280186895 148.42478373651358 -5.89019925136189
   vertex -8.16256280186895 148.42478373651358 -2.67077142648074
  endloop
 endfacet
 facet normal -0.33027906195517 0.94388333030837 -0.00000000000000
  outer loop
   vertex -8.41607026505122 148.33607763857759 -2.67077142648074
   vertex -8.16256280186895 148.42478373651358 -2.67077142648074
   vertex -8.16256280186895 148.42478373651358 -5.89019925136189
  endloop
 endfacet
 facet normal -0.33027906195517 0.94388333030837 -0.00000000000000
  outer loop
   vertex -8.16256280186895 148.42478373651358 -5.89019925136189
   vertex -8.41607026505122 148.33607763857759 -5.89019925136189
   vertex -8.41607026505122 148.33607763857759 -2.67077142648074
  endloop
 endfacet
 facet normal -0.11196447610332 0.99371220989324 -0.00000000000000
  outer loop
   vertex -8.16256280186895 148.42478373651358 -2.67077142648074
   vertex -7.49500000000000 148.49999999996811 -2.67077142648074
   vertex -7.49500000000000 148.49999999996811 -5.89019925136189
  endloop
 endfacet
 facet normal -0.33027906195517 0.94388333030837 -0.00000000000000
  outer loop
   vertex -8.79665121735268 148.20290660367536 -2.67077142648074
   vertex -8.41607026505122 148.33607763857759 -2.67077142648074
   vertex -8.41607026505122 148.33607763857759 -5.89019925136189
  endloop
 endfacet
 facet normal -0.53203207651537 0.84672419922826 -0.00000000000000
  outer loop
   vertex -9.36546940557621 147.84549444737218 -2.67077142648074
   vertex -9.25193519619365 147.91683271930108 -2.67077142648074
   vertex -9.25193519619365 147.91683271930108 -5.89019925136189
  endloop
 endfacet
 facet normal -0.84672419922827 0.53203207651536 0.00000000000000
  outer loop
   vertex -10.19790660370727 146.80165121732077 -2.67077142648074
   vertex -9.91183271933300 147.25693519616172 -2.67077142648074
   vertex -9.91183271933300 147.25693519616172 -5.89019925136189
  endloop
 endfacet
 facet normal -0.94388333030836 0.33027906195518 0.00000000000000
  outer loop
   vertex -10.41978373654548 146.16756280183702 -2.67077142648074
   vertex -10.33107763860950 146.42107026501930 -2.67077142648074
   vertex -10.33107763860950 146.42107026501930 -5.89019925136189
  endloop
 endfacet
 facet normal 0.15643446504024 0.00000000000000 0.98768834059514
  outer loop
   vertex 153.86499999999791 145.49999999996817 -2.17077142648073
   vertex 153.86499999999791 27.57426778330589 -2.17077142648073
   vertex 154.01950849718537 27.57426778330589 -2.19524316833316
  endloop
 endfacet
 facet normal 0.45399049973947 0.00000000000000 0.89100652418840
  outer loop
   vertex 154.01950849718537 145.49999999996817 -2.19524316833316
   vertex 154.01950849718537 27.57426778330589 -2.19524316833316
   vertex 154.15889262614417 27.57426778330589 -2.26626292929326
  endloop
 endfacet
 facet normal 0.70710678118656 0.00000000000000 0.70710678118653
  outer loop
   vertex 154.15889262614417 145.49999999996817 -2.26626292929326
   vertex 154.15889262614417 27.57426778330589 -2.26626292929326
   vertex 154.26950849718540 27.57426778330589 -2.37687880033450
  endloop
 endfacet
 facet normal 0.89100652418838 0.00000000000000 0.45399049973952
  outer loop
   vertex 154.26950849718540 145.49999999996817 -2.37687880033450
   vertex 154.26950849718540 27.57426778330589 -2.37687880033450
   vertex 154.34052825814550 27.57426778330589 -2.51626292929326
  endloop
 endfacet
 facet normal 0.98768834059512 0.00000000000000 0.15643446504032
  outer loop
   vertex 154.34052825814550 145.49999999996817 -2.51626292929326
   vertex 154.34052825814550 27.57426778330589 -2.51626292929326
   vertex 154.36499999999793 27.57426778330589 -2.67077142648074
  endloop
 endfacet
 facet normal 0.98768834059512 -0.00000000000000 0.15643446504032
  outer loop
   vertex 154.36499999999793 27.57426778330589 -2.67077142648074
   vertex 154.36499999999793 145.49999999996817 -2.67077142648074
   vertex 154.34052825814550 145.49999999996817 -2.51626292929326
  endloop
 endfacet
 facet normal 0.89100652418838 -0.00000000000000 0.45399049973952
  outer loop
   vertex 154.34052825814550 27.57426778330589 -2.51626292929326
   vertex 154.34052825814550 145.49999999996817 -2.51626292929326
   vertex 154.26950849718540 145.49999999996817 -2.37687880033450
  endloop
 endfacet
 facet normal 0.70710678118656 -0.00000000000000 0.70710678118653
  outer loop
   vertex 154.26950849718540 27.57426778330589 -2.37687880033450
   vertex 154.26950849718540 145.49999999996817 -2.37687880033450
   vertex 154.15889262614417 145.49999999996817 -2.26626292929326
  endloop
 endfacet
 facet normal 0.45399049973947 -0.00000000000000 0.89100652418840
  outer loop
   vertex 154.15889262614417 27.57426778330589 -2.26626292929326
   vertex 154.15889262614417 145.49999999996817 -2.26626292929326
   vertex 154.01950849718537 145.49999999996817 -2.19524316833316
  endloop
 endfacet
 facet normal 0.15643446504024 -0.00000000000000 0.98768834059514
  outer loop
   vertex 154.01950849718537 27.57426778330589 -2.19524316833316
   vertex 154.01950849718537 145.49999999996817 -2.19524316833316
   vertex 153.86499999999791 145.49999999996817 -2.17077142648073
  endloop
 endfacet
 facet normal 0.94658129245483 -0.32246527995203 0.00000000000000
  outer loop
   vertex 154.18775355946164 26.61265991714228 -5.89019925136189
   vertex 154.29341823048657 26.92283346785903 -5.89019925136189
   vertex 154.29341823048657 26.92283346785903 -2.67077142648074
  endloop
 endfacet
 facet normal 0.99401695412173 -0.10922588941530 0.00000000000000
  outer loop
   vertex 154.36499999999793 27.57426778330589 -2.67077142648074
   vertex 154.29341823048657 26.92283346785903 -2.67077142648074
   vertex 154.29341823048657 26.92283346785903 -5.89019925136189
  endloop
 endfacet
 facet normal 0.99401695412173 -0.10922588941530 0.00000000000000
  outer loop
   vertex 154.29341823048657 26.92283346785903 -5.89019925136189
   vertex 154.36499999999793 27.57426778330589 -5.89019925136189
   vertex 154.36499999999793 27.57426778330589 -2.67077142648074
  endloop
 endfacet
 facet normal 0.85397365485446 -0.52031624692539 -0.00000000000000
  outer loop
   vertex 154.08208888843677 26.30248636642555 -2.67077142648074
   vertex 153.74109685935090 25.74283017449339 -2.67077142648074
   vertex 153.74109685935090 25.74283017449339 -5.89019925136189
  endloop
 endfacet
 facet normal 0.94658129245488 -0.32246527995189 0.00000000000000
  outer loop
   vertex 154.18775355946164 26.61265991714228 -2.67077142648074
   vertex 154.08208888843677 26.30248636642555 -2.67077142648074
   vertex 154.08208888843677 26.30248636642555 -5.89019925136189
  endloop
 endfacet
 facet normal 0.94658129245488 -0.32246527995189 0.00000000000000
  outer loop
   vertex 154.08208888843677 26.30248636642555 -5.89019925136189
   vertex 154.18775355946164 26.61265991714228 -5.89019925136189
   vertex 154.18775355946164 26.61265991714228 -2.67077142648074
  endloop
 endfacet
 facet normal 0.55286459829465 -0.83327110591482 -0.00000000000000
  outer loop
   vertex 153.01367035211368 25.08941096332865 -5.89019925136189
   vertex 153.28671468511646 25.27057234575350 -5.89019925136189
   vertex 153.28671468511646 25.27057234575350 -2.67077142648074
  endloop
 endfacet
 facet normal 0.72061338703371 -0.69333710879182 0.00000000000000
  outer loop
   vertex 153.28671468511646 25.27057234575350 -2.67077142648074
   vertex 153.28671468511646 25.27057234575350 -5.89019925136189
   vertex 153.74109685935090 25.74283017449339 -5.89019925136189
  endloop
 endfacet
 facet normal 0.72061338703371 -0.69333710879182 0.00000000000000
  outer loop
   vertex 153.74109685935090 25.74283017449339 -5.89019925136189
   vertex 153.74109685935090 25.74283017449339 -2.67077142648074
   vertex 153.28671468511646 25.27057234575350 -2.67077142648074
  endloop
 endfacet
 facet normal 0.35873245872486 -0.93344042287508 -0.00000000000000
  outer loop
   vertex 152.12889085668266 24.67315234970566 -5.89019925136189
   vertex 152.74062601911089 24.90824958090378 -5.89019925136189
   vertex 152.74062601911089 24.90824958090378 -2.67077142648074
  endloop
 endfacet
 facet normal 0.55286459829467 -0.83327110591480 0.00000000000000
  outer loop
   vertex 153.01367035211368 25.08941096332865 -2.67077142648074
   vertex 152.74062601911089 24.90824958090378 -2.67077142648074
   vertex 152.74062601911089 24.90824958090378 -5.89019925136189
  endloop
 endfacet
 facet normal 0.55286459829467 -0.83327110591480 0.00000000000000
  outer loop
   vertex 152.74062601911089 24.90824958090378 -5.89019925136189
   vertex 153.01367035211368 25.08941096332865 -5.89019925136189
   vertex 153.01367035211368 25.08941096332865 -2.67077142648074
  endloop
 endfacet
 facet normal 0.35873245872486 -0.93344042287508 -0.00000000000000
  outer loop
   vertex 152.74062601911089 24.90824958090378 -2.67077142648074
   vertex 152.12889085668266 24.67315234970566 -2.67077142648074
   vertex 152.12889085668266 24.67315234970566 -5.89019925136189
  endloop
 endfacet
 facet normal 0.55286459829465 -0.83327110591482 -0.00000000000000
  outer loop
   vertex 153.28671468511646 25.27057234575350 -2.67077142648074
   vertex 153.01367035211368 25.08941096332865 -2.67077142648074
   vertex 153.01367035211368 25.08941096332865 -5.89019925136189
  endloop
 endfacet
 facet normal 0.85397365485446 -0.52031624692539 -0.00000000000000
  outer loop
   vertex 153.74109685935090 25.74283017449339 -5.89019925136189
   vertex 154.08208888843677 26.30248636642555 -5.89019925136189
   vertex 154.08208888843677 26.30248636642555 -2.67077142648074
  endloop
 endfacet
 facet normal 0.94658129245483 -0.32246527995203 0.00000000000000
  outer loop
   vertex 154.29341823048657 26.92283346785903 -2.67077142648074
   vertex 154.18775355946164 26.61265991714228 -2.67077142648074
   vertex 154.18775355946164 26.61265991714228 -5.89019925136189
  endloop
 endfacet
 facet normal 0.98162854659707 0.11060297423502 0.15547468795945
  outer loop
   vertex 154.34052825814550 145.49999999996817 -2.51626292929326
   vertex 154.36499999999793 145.49999999996817 -2.67077142648074
   vertex 154.28978373654337 146.16756280183711 -2.67077142648074
  endloop
 endfacet
 facet normal 0.93240559234688 0.32626282773896 0.15547468795929
  outer loop
   vertex 154.04585832615280 146.79103332646318 -2.51626292929326
   vertex 154.26592555235175 146.16211732698457 -2.51626292929326
   vertex 154.20107763860739 146.42107026501938 -2.67077142648074
  endloop
 endfacet
 facet normal 0.93240559234688 0.32626282773897 0.15547468795929
  outer loop
   vertex 154.26592555235175 146.16211732698457 -2.51626292929326
   vertex 154.28978373654337 146.16756280183711 -2.67077142648074
   vertex 154.20107763860739 146.42107026501938 -2.67077142648074
  endloop
 endfacet
 facet normal 0.83642792830973 0.52556250070517 0.15547468795925
  outer loop
   vertex 154.04585832615280 146.79103332646318 -2.51626292929326
   vertex 154.06790660370515 146.80165121732082 -2.67077142648074
   vertex 153.78183271933091 147.25693519616181 -2.67077142648074
  endloop
 endfacet
 facet normal 0.83642792830967 0.52556250070520 0.15547468795943
  outer loop
   vertex 153.78183271933091 147.25693519616181 -2.67077142648074
   vertex 153.69136166919094 147.35521152406565 -2.51626292929326
   vertex 154.04585832615280 146.79103332646318 -2.51626292929326
  endloop
 endfacet
 facet normal 0.69850827532817 0.69850827532821 0.15547468795938
  outer loop
   vertex 153.69136166919094 147.35521152406565 -2.51626292929326
   vertex 153.71049444740200 147.37046940554436 -2.67077142648074
   vertex 153.23546940557409 147.84549444737223 -2.67077142648074
  endloop
 endfacet
 facet normal 0.52556250070519 0.83642792830972 0.15547468795922
  outer loop
   vertex 152.65603332649295 148.18085832612303 -2.51626292929326
   vertex 153.22021152409542 147.82636166916120 -2.51626292929326
   vertex 153.12193519619154 147.91683271930114 -2.67077142648074
  endloop
 endfacet
 facet normal 0.52556250070528 0.83642792830968 0.15547468795914
  outer loop
   vertex 153.22021152409542 147.82636166916120 -2.51626292929326
   vertex 153.23546940557409 147.84549444737223 -2.67077142648074
   vertex 153.12193519619154 147.91683271930114 -2.67077142648074
  endloop
 endfacet
 facet normal 0.32626282773893 0.93240559234687 0.15547468795941
  outer loop
   vertex 152.65603332649295 148.18085832612303 -2.51626292929326
   vertex 152.66665121735059 148.20290660367542 -2.67077142648074
   vertex 152.28607026504909 148.33607763857765 -2.67077142648074
  endloop
 endfacet
 facet normal 0.32626282773899 0.93240559234687 0.15547468795927
  outer loop
   vertex 152.28607026504909 148.33607763857765 -2.67077142648074
   vertex 152.02711732701431 148.40092555232201 -2.51626292929326
   vertex 152.65603332649295 148.18085832612303 -2.51626292929326
  endloop
 endfacet
 facet normal 0.11060297423498 0.98162854659710 0.15547468795930
  outer loop
   vertex 152.02711732701431 148.40092555232201 -2.51626292929326
   vertex 152.03256280186685 148.42478373651363 -2.67077142648074
   vertex 151.36499999999791 148.49999999996817 -2.67077142648074
  endloop
 endfacet
 facet normal 0.88655012423965 0.09989020886690 0.45171985055252
  outer loop
   vertex 154.26950849718540 145.49999999996817 -2.37687880033450
   vertex 154.34052825814550 145.49999999996817 -2.51626292929326
   vertex 154.26592555235175 146.16211732698457 -2.51626292929326
  endloop
 endfacet
 facet normal 0.84209479909934 0.29466171442289 0.45171985055253
  outer loop
   vertex 154.19668640507527 146.14631394344636 -2.37687880033450
   vertex 154.26592555235175 146.16211732698457 -2.51626292929326
   vertex 154.04585832615280 146.79103332646318 -2.51626292929326
  endloop
 endfacet
 facet normal 0.75541332445057 0.47465765121760 0.45171985055245
  outer loop
   vertex 153.98187173252188 146.76021900702659 -2.37687880033450
   vertex 154.04585832615280 146.79103332646318 -2.51626292929326
   vertex 153.69136166919094 147.35521152406565 -2.51626292929326
  endloop
 endfacet
 facet normal 0.63085227138248 0.63085227138245 0.45171985055250
  outer loop
   vertex 153.63583618419497 147.31093142737660 -2.37687880033450
   vertex 153.69136166919094 147.35521152406565 -2.51626292929326
   vertex 153.22021152409542 147.82636166916120 -2.51626292929326
  endloop
 endfacet
 facet normal 0.47465765121754 0.75541332445053 0.45171985055259
  outer loop
   vertex 153.17593142740634 147.77083618416523 -2.37687880033450
   vertex 153.22021152409542 147.82636166916120 -2.51626292929326
   vertex 152.65603332649295 148.18085832612303 -2.51626292929326
  endloop
 endfacet
 facet normal 0.29466171442292 0.84209479909934 0.45171985055252
  outer loop
   vertex 152.62521900705633 148.11687173249211 -2.37687880033450
   vertex 152.65603332649295 148.18085832612303 -2.51626292929326
   vertex 152.02711732701431 148.40092555232201 -2.51626292929326
  endloop
 endfacet
 facet normal 0.09989020886686 0.88655012423959 0.45171985055265
  outer loop
   vertex 152.01131394347610 148.33168640504550 -2.37687880033450
   vertex 152.02711732701431 148.40092555232201 -2.51626292929326
   vertex 151.36499999999791 148.47552825811573 -2.51626292929326
  endloop
 endfacet
 facet normal 0.70487319502663 0.07942013514044 0.70487319502675
  outer loop
   vertex 154.15889262614414 145.49999999996817 -2.26626292929326
   vertex 154.26950849718540 145.49999999996817 -2.37687880033450
   vertex 154.19668640507527 146.14631394344636 -2.37687880033450
  endloop
 endfacet
 facet normal 0.66952790973392 0.23427794821577 0.70487319502669
  outer loop
   vertex 154.08884390486685 146.12169959651189 -2.26626292929326
   vertex 154.19668640507527 146.14631394344636 -2.37687880033450
   vertex 153.98187173252188 146.76021900702659 -2.37687880033450
  endloop
 endfacet
 facet normal 0.60060969934190 0.37738808670802 0.70487319502681
  outer loop
   vertex 153.88221027641779 146.71222457929343 -2.26626292929326
   vertex 153.98187173252188 146.76021900702659 -2.37687880033450
   vertex 153.63583618419497 147.31093142737660 -2.37687880033450
  endloop
 endfacet
 facet normal 0.50157441069735 0.50157441069735 0.70487319502674
  outer loop
   vertex 153.54935321375430 147.24196355985865 -2.26626292929326
   vertex 153.63583618419497 147.31093142737660 -2.37687880033450
   vertex 153.17593142740634 147.77083618416523 -2.37687880033450
  endloop
 endfacet
 facet normal 0.37738808670802 0.60060969934195 0.70487319502676
  outer loop
   vertex 153.10696355988841 147.68435321372453 -2.26626292929326
   vertex 153.17593142740634 147.77083618416523 -2.37687880033450
   vertex 152.62521900705633 148.11687173249211 -2.37687880033450
  endloop
 endfacet
 facet normal 0.23427794821574 0.66952790973386 0.70487319502676
  outer loop
   vertex 152.57722457932320 148.01721027638803 -2.26626292929326
   vertex 152.62521900705633 148.11687173249211 -2.37687880033450
   vertex 152.01131394347610 148.33168640504550 -2.37687880033450
  endloop
 endfacet
 facet normal 0.07942013514045 0.70487319502667 0.70487319502671
  outer loop
   vertex 151.98669959654163 148.22384390483708 -2.26626292929326
   vertex 152.01131394347610 148.33168640504550 -2.37687880033450
   vertex 151.36499999999791 148.40450849715563 -2.37687880033450
  endloop
 endfacet
 facet normal 0.45339771324646 0.05108565329546 0.88984311518956
  outer loop
   vertex 154.01950849718537 145.49999999996817 -2.19524316833315
   vertex 154.15889262614414 145.49999999996817 -2.26626292929326
   vertex 154.08884390486685 146.12169959651189 -2.26626292929326
  endloop
 endfacet
 facet normal 0.43066245868030 0.15069531191506 0.88984311518956
  outer loop
   vertex 153.95295442702979 146.09068370995729 -2.19524316833315
   vertex 154.08884390486685 146.12169959651189 -2.26626292929326
   vertex 153.88221027641779 146.71222457929343 -2.26626292929326
  endloop
 endfacet
 facet normal 0.38633199014614 0.24274847834642 0.88984311518954
  outer loop
   vertex 153.75662951554625 146.65174807224719 -2.19524316833315
   vertex 153.88221027641779 146.71222457929343 -2.26626292929326
   vertex 153.54935321375430 147.24196355985865 -2.26626292929326
  endloop
 endfacet
 facet normal 0.32262922244413 0.32262922244413 0.88984311518952
  outer loop
   vertex 153.44037831357798 147.15505897691190 -2.19524316833315
   vertex 153.54935321375430 147.24196355985865 -2.26626292929326
   vertex 153.10696355988841 147.68435321372453 -2.26626292929326
  endloop
 endfacet
 facet normal 0.24274847834641 0.38633199014614 0.88984311518954
  outer loop
   vertex 153.02005897694164 147.57537831354821 -2.19524316833315
   vertex 153.10696355988841 147.68435321372453 -2.26626292929326
   vertex 152.57722457932320 148.01721027638803 -2.26626292929326
  endloop
 endfacet
 facet normal 0.15069531191506 0.43066245868031 0.88984311518956
  outer loop
   vertex 152.51674807227693 147.89162951551648 -2.19524316833315
   vertex 152.57722457932320 148.01721027638803 -2.26626292929326
   vertex 151.98669959654163 148.22384390483708 -2.26626292929326
  endloop
 endfacet
 facet normal 0.05108565329546 0.45339771324645 0.88984311518956
  outer loop
   vertex 151.95568370998703 148.08795442700003 -2.19524316833315
   vertex 151.98669959654163 148.22384390483708 -2.26626292929326
   vertex 151.36499999999791 148.29389262611437 -2.26626292929326
  endloop
 endfacet
 facet normal 0.15641017068358 0.01762319376120 0.98753495206417
  outer loop
   vertex 153.86499999999791 145.49999999996817 -2.17077142648073
   vertex 154.01950849718537 145.49999999996817 -2.19524316833315
   vertex 153.95295442702979 146.09068370995729 -2.19524316833315
  endloop
 endfacet
 facet normal 0.14856711161349 0.05198588076035 0.98753495206418
  outer loop
   vertex 153.80231978045245 146.05630233485894 -2.17077142648074
   vertex 153.95295442702979 146.09068370995729 -2.19524316833315
   vertex 153.75662951554625 146.65174807224719 -2.19524316833315
  endloop
 endfacet
 facet normal 0.13327427720487 0.08374177862403 0.98753495206418
  outer loop
   vertex 153.61742216975392 146.58470934776204 -2.17077142648074
   vertex 153.75662951554625 146.65174807224719 -2.19524316833315
   vertex 153.44037831357798 147.15505897691190 -2.19524316833315
  endloop
 endfacet
 facet normal 0.11129851403231 0.11129851403232 0.98753495206418
  outer loop
   vertex 153.31957870616799 147.05872450461499 -2.17077142648074
   vertex 153.44037831357798 147.15505897691190 -2.19524316833315
   vertex 153.02005897694164 147.57537831354821 -2.19524316833315
  endloop
 endfacet
 facet normal 0.08374177862404 0.13327427720489 0.98753495206418
  outer loop
   vertex 152.92372450464472 147.45457870613822 -2.17077142648074
   vertex 153.02005897694164 147.57537831354821 -2.19524316833315
   vertex 152.51674807227693 147.89162951551648 -2.19524316833315
  endloop
 endfacet
 facet normal 0.05198588076035 0.14856711161350 0.98753495206418
  outer loop
   vertex 152.44970934779178 147.75242216972418 -2.17077142648074
   vertex 152.51674807227693 147.89162951551648 -2.19524316833315
   vertex 151.95568370998703 148.08795442700003 -2.19524316833315
  endloop
 endfacet
 facet normal 0.01762319376120 0.15641017068358 0.98753495206417
  outer loop
   vertex 151.92130233488868 147.93731978042271 -2.17077142648074
   vertex 151.95568370998703 148.08795442700003 -2.19524316833315
   vertex 151.36499999999791 148.15450849715560 -2.19524316833315
  endloop
 endfacet
 facet normal 0.01762319376121 0.15641017068361 0.98753495206417
  outer loop
   vertex 151.36499999999791 148.15450849715560 -2.19524316833315
   vertex 151.36499999999791 147.99999999996817 -2.17077142648073
   vertex 151.92130233488868 147.93731978042271 -2.17077142648074
  endloop
 endfacet
 facet normal 0.05198588076036 0.14856711161351 0.98753495206417
  outer loop
   vertex 151.95568370998703 148.08795442700003 -2.19524316833315
   vertex 151.92130233488868 147.93731978042271 -2.17077142648074
   vertex 152.44970934779178 147.75242216972418 -2.17077142648074
  endloop
 endfacet
 facet normal 0.08374177862405 0.13327427720489 0.98753495206418
  outer loop
   vertex 152.51674807227693 147.89162951551648 -2.19524316833315
   vertex 152.44970934779178 147.75242216972418 -2.17077142648074
   vertex 152.92372450464472 147.45457870613822 -2.17077142648074
  endloop
 endfacet
 facet normal 0.11129851403231 0.11129851403232 0.98753495206418
  outer loop
   vertex 153.02005897694164 147.57537831354821 -2.19524316833315
   vertex 152.92372450464472 147.45457870613822 -2.17077142648074
   vertex 153.31957870616799 147.05872450461499 -2.17077142648074
  endloop
 endfacet
 facet normal 0.13327427720490 0.08374177862404 0.98753495206418
  outer loop
   vertex 153.44037831357798 147.15505897691190 -2.19524316833315
   vertex 153.31957870616799 147.05872450461499 -2.17077142648074
   vertex 153.61742216975392 146.58470934776204 -2.17077142648074
  endloop
 endfacet
 facet normal 0.14856711161347 0.05198588076035 0.98753495206418
  outer loop
   vertex 153.75662951554625 146.65174807224719 -2.19524316833315
   vertex 153.61742216975392 146.58470934776204 -2.17077142648074
   vertex 153.80231978045245 146.05630233485894 -2.17077142648074
  endloop
 endfacet
 facet normal 0.15641017068355 0.01762319376120 0.98753495206418
  outer loop
   vertex 153.95295442702979 146.09068370995729 -2.19524316833315
   vertex 153.80231978045245 146.05630233485894 -2.17077142648074
   vertex 153.86499999999791 145.49999999996817 -2.17077142648073
  endloop
 endfacet
 facet normal 0.05108565329546 0.45339771324646 0.88984311518956
  outer loop
   vertex 151.36499999999791 148.29389262611437 -2.26626292929326
   vertex 151.36499999999791 148.15450849715560 -2.19524316833315
   vertex 151.95568370998703 148.08795442700003 -2.19524316833315
  endloop
 endfacet
 facet normal 0.15069531191505 0.43066245868030 0.88984311518956
  outer loop
   vertex 151.98669959654163 148.22384390483708 -2.26626292929326
   vertex 151.95568370998703 148.08795442700003 -2.19524316833315
   vertex 152.51674807227693 147.89162951551648 -2.19524316833315
  endloop
 endfacet
 facet normal 0.24274847834639 0.38633199014612 0.88984311518956
  outer loop
   vertex 152.57722457932320 148.01721027638803 -2.26626292929326
   vertex 152.51674807227693 147.89162951551648 -2.19524316833315
   vertex 153.02005897694164 147.57537831354821 -2.19524316833315
  endloop
 endfacet
 facet normal 0.32262922244408 0.32262922244410 0.88984311518955
  outer loop
   vertex 153.10696355988841 147.68435321372453 -2.26626292929326
   vertex 153.02005897694164 147.57537831354821 -2.19524316833315
   vertex 153.44037831357798 147.15505897691190 -2.19524316833315
  endloop
 endfacet
 facet normal 0.38633199014618 0.24274847834642 0.88984311518952
  outer loop
   vertex 153.54935321375430 147.24196355985865 -2.26626292929326
   vertex 153.44037831357798 147.15505897691190 -2.19524316833315
   vertex 153.75662951554625 146.65174807224719 -2.19524316833315
  endloop
 endfacet
 facet normal 0.43066245868033 0.15069531191506 0.88984311518954
  outer loop
   vertex 153.88221027641779 146.71222457929343 -2.26626292929326
   vertex 153.75662951554625 146.65174807224719 -2.19524316833315
   vertex 153.95295442702979 146.09068370995729 -2.19524316833315
  endloop
 endfacet
 facet normal 0.45339771324645 0.05108565329546 0.88984311518956
  outer loop
   vertex 154.08884390486685 146.12169959651189 -2.26626292929326
   vertex 153.95295442702979 146.09068370995729 -2.19524316833315
   vertex 154.01950849718537 145.49999999996817 -2.19524316833315
  endloop
 endfacet
 facet normal 0.07942013514043 0.70487319502663 0.70487319502675
  outer loop
   vertex 151.36499999999791 148.40450849715563 -2.37687880033450
   vertex 151.36499999999791 148.29389262611437 -2.26626292929326
   vertex 151.98669959654163 148.22384390483708 -2.26626292929326
  endloop
 endfacet
 facet normal 0.23427794821579 0.66952790973391 0.70487319502669
  outer loop
   vertex 152.01131394347610 148.33168640504550 -2.37687880033450
   vertex 151.98669959654163 148.22384390483708 -2.26626292929326
   vertex 152.57722457932320 148.01721027638803 -2.26626292929326
  endloop
 endfacet
 facet normal 0.37738808670802 0.60060969934195 0.70487319502676
  outer loop
   vertex 152.62521900705633 148.11687173249211 -2.37687880033450
   vertex 152.57722457932320 148.01721027638803 -2.26626292929326
   vertex 153.10696355988841 147.68435321372453 -2.26626292929326
  endloop
 endfacet
 facet normal 0.50157441069735 0.50157441069735 0.70487319502674
  outer loop
   vertex 153.17593142740634 147.77083618416523 -2.37687880033450
   vertex 153.10696355988841 147.68435321372453 -2.26626292929326
   vertex 153.54935321375430 147.24196355985865 -2.26626292929326
  endloop
 endfacet
 facet normal 0.60060969934197 0.37738808670804 0.70487319502673
  outer loop
   vertex 153.63583618419497 147.31093142737660 -2.37687880033450
   vertex 153.54935321375430 147.24196355985865 -2.26626292929326
   vertex 153.88221027641779 146.71222457929343 -2.26626292929326
  endloop
 endfacet
 facet normal 0.66952790973382 0.23427794821576 0.70487319502679
  outer loop
   vertex 153.98187173252188 146.76021900702659 -2.37687880033450
   vertex 153.88221027641779 146.71222457929343 -2.26626292929326
   vertex 154.08884390486685 146.12169959651189 -2.26626292929326
  endloop
 endfacet
 facet normal 0.70487319502668 0.07942013514043 0.70487319502671
  outer loop
   vertex 154.19668640507527 146.14631394344636 -2.37687880033450
   vertex 154.08884390486685 146.12169959651189 -2.26626292929326
   vertex 154.15889262614414 145.49999999996817 -2.26626292929326
  endloop
 endfacet
 facet normal 0.09989020886690 0.88655012423965 0.45171985055252
  outer loop
   vertex 151.36499999999791 148.47552825811573 -2.51626292929326
   vertex 151.36499999999791 148.40450849715563 -2.37687880033450
   vertex 152.01131394347610 148.33168640504550 -2.37687880033450
  endloop
 endfacet
 facet normal 0.29466171442285 0.84209479909928 0.45171985055267
  outer loop
   vertex 152.02711732701431 148.40092555232201 -2.51626292929326
   vertex 152.01131394347610 148.33168640504550 -2.37687880033450
   vertex 152.62521900705633 148.11687173249211 -2.37687880033450
  endloop
 endfacet
 facet normal 0.47465765121757 0.75541332445054 0.45171985055253
  outer loop
   vertex 152.65603332649295 148.18085832612303 -2.51626292929326
   vertex 152.62521900705633 148.11687173249211 -2.37687880033450
   vertex 153.17593142740634 147.77083618416523 -2.37687880033450
  endloop
 endfacet
 facet normal 0.63085227138243 0.63085227138243 0.45171985055260
  outer loop
   vertex 153.22021152409542 147.82636166916120 -2.51626292929326
   vertex 153.17593142740634 147.77083618416523 -2.37687880033450
   vertex 153.63583618419497 147.31093142737660 -2.37687880033450
  endloop
 endfacet
 facet normal 0.75541332445053 0.47465765121760 0.45171985055252
  outer loop
   vertex 153.69136166919094 147.35521152406565 -2.51626292929326
   vertex 153.63583618419497 147.31093142737660 -2.37687880033450
   vertex 153.98187173252188 146.76021900702659 -2.37687880033450
  endloop
 endfacet
 facet normal 0.84209479909938 0.29466171442289 0.45171985055247
  outer loop
   vertex 154.04585832615280 146.79103332646318 -2.51626292929326
   vertex 153.98187173252188 146.76021900702659 -2.37687880033450
   vertex 154.19668640507527 146.14631394344636 -2.37687880033450
  endloop
 endfacet
 facet normal 0.88655012423965 0.09989020886690 0.45171985055251
  outer loop
   vertex 154.26592555235175 146.16211732698457 -2.51626292929326
   vertex 154.19668640507527 146.14631394344636 -2.37687880033450
   vertex 154.26950849718540 145.49999999996817 -2.37687880033450
  endloop
 endfacet
 facet normal 0.11060297423494 0.98162854659708 0.15547468795945
  outer loop
   vertex 151.36499999999791 148.49999999996817 -2.67077142648074
   vertex 151.36499999999791 148.47552825811573 -2.51626292929326
   vertex 152.02711732701431 148.40092555232201 -2.51626292929326
  endloop
 endfacet
 facet normal 0.32626282773900 0.93240559234687 0.15547468795929
  outer loop
   vertex 152.28607026504909 148.33607763857765 -2.67077142648074
   vertex 152.03256280186685 148.42478373651363 -2.67077142648074
   vertex 152.02711732701431 148.40092555232201 -2.51626292929326
  endloop
 endfacet
 facet normal 0.52556250070522 0.83642792830967 0.15547468795940
  outer loop
   vertex 153.12193519619154 147.91683271930114 -2.67077142648074
   vertex 152.66665121735059 148.20290660367542 -2.67077142648074
   vertex 152.65603332649295 148.18085832612303 -2.51626292929326
  endloop
 endfacet
 facet normal 0.69850827532824 0.69850827532820 0.15547468795912
  outer loop
   vertex 153.23546940557409 147.84549444737223 -2.67077142648074
   vertex 153.22021152409542 147.82636166916120 -2.51626292929326
   vertex 153.69136166919094 147.35521152406565 -2.51626292929326
  endloop
 endfacet
 facet normal 0.83642792830965 0.52556250070526 0.15547468795938
  outer loop
   vertex 153.78183271933091 147.25693519616181 -2.67077142648074
   vertex 153.71049444740200 147.37046940554436 -2.67077142648074
   vertex 153.69136166919094 147.35521152406565 -2.51626292929326
  endloop
 endfacet
 facet normal 0.93240559234688 0.32626282773898 0.15547468795924
  outer loop
   vertex 154.20107763860739 146.42107026501938 -2.67077142648074
   vertex 154.06790660370515 146.80165121732082 -2.67077142648074
   vertex 154.04585832615280 146.79103332646318 -2.51626292929326
  endloop
 endfacet
 facet normal 0.98162854659710 0.11060297423498 0.15547468795930
  outer loop
   vertex 154.28978373654337 146.16756280183711 -2.67077142648074
   vertex 154.26592555235175 146.16211732698457 -2.51626292929326
   vertex 154.34052825814550 145.49999999996817 -2.51626292929326
  endloop
 endfacet
 facet normal -0.00000000000000 1.00000000000000 0.00000000000000
  outer loop
   vertex -7.49500000000000 148.49999999996811 -2.67077142648074
   vertex 151.36499999999791 148.49999999996817 -2.67077142648074
   vertex 151.36499999999791 148.49999999996817 -5.89019925136189
  endloop
 endfacet
 facet normal -0.00000000000000 1.00000000000000 0.00000000000000
  outer loop
   vertex 151.36499999999791 148.49999999996817 -5.89019925136189
   vertex -7.49500000000000 148.49999999996811 -5.89019925136189
   vertex -7.49500000000000 148.49999999996811 -2.67077142648074
  endloop
 endfacet
 facet normal 0.33027906195520 0.94388333030836 0.00000000000000
  outer loop
   vertex 152.28607026504909 148.33607763857765 -5.89019925136189
   vertex 152.03256280186685 148.42478373651363 -5.89019925136189
   vertex 152.03256280186685 148.42478373651363 -2.67077142648074
  endloop
 endfacet
 facet normal 0.11196447610332 0.99371220989324 0.00000000000000
  outer loop
   vertex 151.36499999999791 148.49999999996817 -2.67077142648074
   vertex 152.03256280186685 148.42478373651363 -2.67077142648074
   vertex 152.03256280186685 148.42478373651363 -5.89019925136189
  endloop
 endfacet
 facet normal 0.11196447610332 0.99371220989324 0.00000000000000
  outer loop
   vertex 152.03256280186685 148.42478373651363 -5.89019925136189
   vertex 151.36499999999791 148.49999999996817 -5.89019925136189
   vertex 151.36499999999791 148.49999999996817 -2.67077142648074
  endloop
 endfacet
 facet normal 0.53203207651536 0.84672419922827 0.00000000000000
  outer loop
   vertex 153.12193519619154 147.91683271930114 -5.89019925136189
   vertex 152.66665121735059 148.20290660367542 -5.89019925136189
   vertex 152.66665121735059 148.20290660367542 -2.67077142648074
  endloop
 endfacet
 facet normal 0.33027906195514 0.94388333030838 0.00000000000000
  outer loop
   vertex 152.28607026504909 148.33607763857765 -2.67077142648074
   vertex 152.66665121735059 148.20290660367542 -2.67077142648074
   vertex 152.66665121735059 148.20290660367542 -5.89019925136189
  endloop
 endfacet
 facet normal 0.33027906195514 0.94388333030838 0.00000000000000
  outer loop
   vertex 152.66665121735059 148.20290660367542 -5.89019925136189
   vertex 152.28607026504909 148.33607763857765 -5.89019925136189
   vertex 152.28607026504909 148.33607763857765 -2.67077142648074
  endloop
 endfacet
 facet normal 0.84672419922825 0.53203207651540 0.00000000000000
  outer loop
   vertex 153.78183271933091 147.25693519616181 -5.89019925136189
   vertex 153.71049444740200 147.37046940554436 -5.89019925136189
   vertex 153.71049444740200 147.37046940554436 -2.67077142648074
  endloop
 endfacet
 facet normal 0.70710678118653 0.70710678118657 -0.00000000000000
  outer loop
   vertex 153.23546940557409 147.84549444737223 -2.67077142648074
   vertex 153.71049444740200 147.37046940554436 -2.67077142648074
   vertex 153.71049444740200 147.37046940554436 -5.89019925136189
  endloop
 endfacet
 facet normal 0.70710678118653 0.70710678118657 -0.00000000000000
  outer loop
   vertex 153.71049444740200 147.37046940554436 -5.89019925136189
   vertex 153.23546940557409 147.84549444737223 -5.89019925136189
   vertex 153.23546940557409 147.84549444737223 -2.67077142648074
  endloop
 endfacet
 facet normal 0.53203207651540 0.84672419922825 0.00000000000000
  outer loop
   vertex 153.12193519619154 147.91683271930114 -2.67077142648074
   vertex 153.23546940557409 147.84549444737223 -2.67077142648074
   vertex 153.23546940557409 147.84549444737223 -5.89019925136189
  endloop
 endfacet
 facet normal 0.53203207651540 0.84672419922825 0.00000000000000
  outer loop
   vertex 153.23546940557409 147.84549444737223 -5.89019925136189
   vertex 153.12193519619154 147.91683271930114 -5.89019925136189
   vertex 153.12193519619154 147.91683271930114 -2.67077142648074
  endloop
 endfacet
 facet normal 0.94388333030836 0.33027906195518 0.00000000000000
  outer loop
   vertex 154.20107763860739 146.42107026501938 -5.89019925136189
   vertex 154.06790660370515 146.80165121732082 -5.89019925136189
   vertex 154.06790660370515 146.80165121732082 -2.67077142648074
  endloop
 endfacet
 facet normal 0.84672419922831 0.53203207651530 -0.00000000000000
  outer loop
   vertex 153.78183271933091 147.25693519616181 -2.67077142648074
   vertex 154.06790660370515 146.80165121732082 -2.67077142648074
   vertex 154.06790660370515 146.80165121732082 -5.89019925136189
  endloop
 endfacet
 facet normal 0.84672419922831 0.53203207651530 -0.00000000000000
  outer loop
   vertex 154.06790660370515 146.80165121732082 -5.89019925136189
   vertex 153.78183271933091 147.25693519616181 -5.89019925136189
   vertex 153.78183271933091 147.25693519616181 -2.67077142648074
  endloop
 endfacet
 facet normal 0.99371220989324 0.11196447610336 -0.00000000000000
  outer loop
   vertex 154.36499999999793 145.49999999996817 -5.89019925136189
   vertex 154.28978373654337 146.16756280183711 -5.89019925136189
   vertex 154.28978373654337 146.16756280183711 -2.67077142648074
  endloop
 endfacet
 facet normal 0.94388333030837 0.33027906195517 -0.00000000000000
  outer loop
   vertex 154.20107763860739 146.42107026501938 -2.67077142648074
   vertex 154.28978373654337 146.16756280183711 -2.67077142648074
   vertex 154.28978373654337 146.16756280183711 -5.89019925136189
  endloop
 endfacet
 facet normal 0.94388333030837 0.33027906195517 -0.00000000000000
  outer loop
   vertex 154.28978373654337 146.16756280183711 -5.89019925136189
   vertex 154.20107763860739 146.42107026501938 -5.89019925136189
   vertex 154.20107763860739 146.42107026501938 -2.67077142648074
  endloop
 endfacet
 facet normal 0.99371220989324 0.11196447610336 -0.00000000000000
  outer loop
   vertex 154.28978373654337 146.16756280183711 -2.67077142648074
   vertex 154.36499999999793 145.49999999996817 -2.67077142648074
   vertex 154.36499999999793 145.49999999996817 -5.89019925136189
  endloop
 endfacet
 facet normal 0.94388333030836 0.33027906195518 0.00000000000000
  outer loop
   vertex 154.06790660370515 146.80165121732082 -2.67077142648074
   vertex 154.20107763860739 146.42107026501938 -2.67077142648074
   vertex 154.20107763860739 146.42107026501938 -5.89019925136189
  endloop
 endfacet
 facet normal 0.84672419922825 0.53203207651540 0.00000000000000
  outer loop
   vertex 153.71049444740200 147.37046940554436 -2.67077142648074
   vertex 153.78183271933091 147.25693519616181 -2.67077142648074
   vertex 153.78183271933091 147.25693519616181 -5.89019925136189
  endloop
 endfacet
 facet normal 0.53203207651536 0.84672419922827 0.00000000000000
  outer loop
   vertex 152.66665121735059 148.20290660367542 -2.67077142648074
   vertex 153.12193519619154 147.91683271930114 -2.67077142648074
   vertex 153.12193519619154 147.91683271930114 -5.89019925136189
  endloop
 endfacet
 facet normal 0.33027906195520 0.94388333030836 0.00000000000000
  outer loop
   vertex 152.03256280186685 148.42478373651363 -2.67077142648074
   vertex 152.28607026504909 148.33607763857765 -2.67077142648074
   vertex 152.28607026504909 148.33607763857765 -5.89019925136189
  endloop
 endfacet
 facet normal 1.00000000000000 0.00000000000000 0.00000000000000
  outer loop
   vertex 154.36499999999793 145.49999999996817 -2.67077142648074
   vertex 154.36499999999793 27.57426778330589 -2.67077142648074
   vertex 154.36499999999793 27.57426778330589 -5.89019925136189
  endloop
 endfacet
 facet normal 1.00000000000000 0.00000000000000 0.00000000000000
  outer loop
   vertex 154.36499999999793 27.57426778330589 -5.89019925136189
   vertex 154.36499999999793 145.49999999996817 -5.89019925136189
   vertex 154.36499999999793 145.49999999996817 -2.67077142648074
  endloop
 endfacet
 facet normal 0.00000000000000 -0.15643446504023 -0.98768834059514
  outer loop
   vertex -7.49499999999993 -10.03621407955040 -6.39019925136189
   vertex 18.02191843002202 -10.03621407955039 -6.39019925136189
   vertex 18.02191843002201 -10.19072257673787 -6.36572750950947
  endloop
 endfacet
 facet normal 0.00000000000000 -0.45399049973955 -0.89100652418837
  outer loop
   vertex -7.49499999999993 -10.19072257673787 -6.36572750950947
   vertex 18.02191843002201 -10.19072257673787 -6.36572750950947
   vertex 18.02191843002201 -10.33010670569663 -6.29470774854937
  endloop
 endfacet
 facet normal 0.00000000000000 -0.70710678118655 -0.70710678118655
  outer loop
   vertex -7.49499999999993 -10.33010670569663 -6.29470774854937
   vertex 18.02191843002201 -10.33010670569663 -6.29470774854937
   vertex 18.02191843002201 -10.44072257673787 -6.18409187750813
  endloop
 endfacet
 facet normal 0.00000000000000 -0.89100652418837 -0.45399049973955
  outer loop
   vertex -7.49499999999993 -10.44072257673787 -6.18409187750813
   vertex 18.02191843002201 -10.44072257673787 -6.18409187750813
   vertex 18.02191843002201 -10.51174233769797 -6.04470774854937
  endloop
 endfacet
 facet normal 0.00000000000000 -0.98768834059514 -0.15643446504024
  outer loop
   vertex -7.49499999999993 -10.51174233769797 -6.04470774854937
   vertex 18.02191843002201 -10.51174233769797 -6.04470774854937
   vertex 18.02191843002201 -10.53621407955039 -5.89019925136189
  endloop
 endfacet
 facet normal -0.00000000000000 -0.98768834059514 -0.15643446504021
  outer loop
   vertex 18.02191843002201 -10.53621407955039 -5.89019925136189
   vertex -7.49499999999993 -10.53621407955039 -5.89019925136189
   vertex -7.49499999999993 -10.51174233769797 -6.04470774854937
  endloop
 endfacet
 facet normal 0.00000000000000 -0.89100652418837 -0.45399049973955
  outer loop
   vertex 18.02191843002201 -10.51174233769797 -6.04470774854937
   vertex -7.49499999999993 -10.51174233769797 -6.04470774854937
   vertex -7.49499999999993 -10.44072257673787 -6.18409187750813
  endloop
 endfacet
 facet normal 0.00000000000000 -0.70710678118654 -0.70710678118655
  outer loop
   vertex 18.02191843002201 -10.44072257673787 -6.18409187750813
   vertex -7.49499999999993 -10.44072257673787 -6.18409187750813
   vertex -7.49499999999993 -10.33010670569663 -6.29470774854937
  endloop
 endfacet
 facet normal 0.00000000000000 -0.45399049973955 -0.89100652418837
  outer loop
   vertex 18.02191843002201 -10.33010670569663 -6.29470774854937
   vertex -7.49499999999993 -10.33010670569663 -6.29470774854937
   vertex -7.49499999999993 -10.19072257673787 -6.36572750950947
  endloop
 endfacet
 facet normal 0.00000000000000 -0.15643446504023 -0.98768834059514
  outer loop
   vertex 18.02191843002201 -10.19072257673787 -6.36572750950947
   vertex -7.49499999999993 -10.19072257673787 -6.36572750950947
   vertex -7.49499999999993 -10.03621407955040 -6.39019925136189
  endloop
 endfacet
 facet normal -0.15641017068358 -0.01762319376119 -0.98753495206417
  outer loop
   vertex -10.14950849718741 -7.53621407955039 -6.36572750950947
   vertex -9.99499999999991 -7.53621407955039 -6.39019925136189
   vertex -9.93231978045450 -8.09251641444118 -6.39019925136189
  endloop
 endfacet
 facet normal -0.14856711161353 -0.05198588076036 -0.98753495206417
  outer loop
   vertex -10.08295442703183 -8.12689778953952 -6.36572750950947
   vertex -9.93231978045450 -8.09251641444118 -6.39019925136189
   vertex -9.74742216975598 -8.62092342734429 -6.39019925136189
  endloop
 endfacet
 facet normal -0.13327427720493 -0.08374177862407 -0.98753495206417
  outer loop
   vertex -9.88662951554829 -8.68796215182943 -6.36572750950947
   vertex -9.74742216975598 -8.62092342734429 -6.39019925136189
   vertex -9.44957870617001 -9.09493858419723 -6.39019925136189
  endloop
 endfacet
 facet normal -0.11129851403235 -0.11129851403235 -0.98753495206417
  outer loop
   vertex -9.57037831358000 -9.19127305649414 -6.36572750950947
   vertex -9.44957870617001 -9.09493858419723 -6.39019925136189
   vertex -9.05372450464677 -9.49079278572047 -6.39019925136189
  endloop
 endfacet
 facet normal -0.08374177862407 -0.13327427720493 -0.98753495206417
  outer loop
   vertex -9.15005897694368 -9.61159239313046 -6.36572750950947
   vertex -9.05372450464677 -9.49079278572047 -6.39019925136189
   vertex -8.57970934779383 -9.78863624930644 -6.39019925136189
  endloop
 endfacet
 facet normal -0.05198588076036 -0.14856711161353 -0.98753495206417
  outer loop
   vertex -8.64674807227897 -9.92784359509875 -6.36572750950947
   vertex -8.57970934779383 -9.78863624930644 -6.39019925136189
   vertex -8.05130233489072 -9.97353386000496 -6.39019925136189
  endloop
 endfacet
 facet normal -0.01762319376120 -0.15641017068360 -0.98753495206417
  outer loop
   vertex -8.08568370998906 -10.12416850658229 -6.36572750950947
   vertex -8.05130233489072 -9.97353386000496 -6.39019925136189
   vertex -7.49499999999993 -10.03621407955040 -6.39019925136189
  endloop
 endfacet
 facet normal -0.45339771324647 -0.05108565329547 -0.88984311518955
  outer loop
   vertex -10.28889262614617 -7.53621407955039 -6.29470774854937
   vertex -10.14950849718741 -7.53621407955039 -6.36572750950947
   vertex -10.08295442703183 -8.12689778953952 -6.36572750950947
  endloop
 endfacet
 facet normal -0.43066245868033 -0.15069531191506 -0.88984311518955
  outer loop
   vertex -10.21884390486888 -8.15791367609412 -6.29470774854937
   vertex -10.08295442703183 -8.12689778953952 -6.36572750950947
   vertex -9.88662951554829 -8.68796215182943 -6.36572750950947
  endloop
 endfacet
 facet normal -0.38633199014612 -0.24274847834640 -0.88984311518955
  outer loop
   vertex -10.01221027641983 -8.74843865887570 -6.29470774854937
   vertex -9.88662951554829 -8.68796215182943 -6.36572750950947
   vertex -9.57037831358000 -9.19127305649414 -6.36572750950947
  endloop
 endfacet
 facet normal -0.32262922244410 -0.32262922244410 -0.88984311518955
  outer loop
   vertex -9.67935321375634 -9.27817763944089 -6.29470774854937
   vertex -9.57037831358000 -9.19127305649414 -6.36572750950947
   vertex -9.15005897694368 -9.61159239313046 -6.36572750950947
  endloop
 endfacet
 facet normal -0.24274847834641 -0.38633199014613 -0.88984311518955
  outer loop
   vertex -9.23696355989043 -9.72056729330681 -6.29470774854937
   vertex -9.15005897694368 -9.61159239313046 -6.36572750950947
   vertex -8.64674807227897 -9.92784359509875 -6.36572750950947
  endloop
 endfacet
 facet normal -0.15069531191506 -0.43066245868032 -0.88984311518955
  outer loop
   vertex -8.70722457932524 -10.05342435597029 -6.29470774854937
   vertex -8.64674807227897 -9.92784359509875 -6.36572750950947
   vertex -8.08568370998906 -10.12416850658229 -6.36572750950947
  endloop
 endfacet
 facet normal -0.05108565329547 -0.45339771324648 -0.88984311518955
  outer loop
   vertex -8.11669959654365 -10.26005798441934 -6.29470774854937
   vertex -8.08568370998906 -10.12416850658229 -6.36572750950947
   vertex -7.49499999999993 -10.19072257673787 -6.36572750950947
  endloop
 endfacet
 facet normal -0.70487319502669 -0.07942013514044 -0.70487319502669
  outer loop
   vertex -10.39950849718741 -7.53621407955039 -6.18409187750813
   vertex -10.28889262614617 -7.53621407955039 -6.29470774854937
   vertex -10.21884390486888 -8.15791367609412 -6.29470774854937
  endloop
 endfacet
 facet normal -0.66952790973391 -0.23427794821578 -0.70487319502669
  outer loop
   vertex -10.32668640507729 -8.18252802302860 -6.18409187750813
   vertex -10.21884390486888 -8.15791367609412 -6.29470774854937
   vertex -10.01221027641983 -8.74843865887570 -6.29470774854937
  endloop
 endfacet
 facet normal -0.60060969934200 -0.37738808670806 -0.70487319502669
  outer loop
   vertex -10.11187173252389 -8.79643308660882 -6.18409187750813
   vertex -10.01221027641983 -8.74843865887570 -6.29470774854937
   vertex -9.67935321375634 -9.27817763944089 -6.29470774854937
  endloop
 endfacet
 facet normal -0.50157441069738 -0.50157441069738 -0.70487319502670
  outer loop
   vertex -9.76583618419701 -9.34714550695882 -6.18409187750813
   vertex -9.67935321375634 -9.27817763944089 -6.29470774854937
   vertex -9.23696355989043 -9.72056729330681 -6.29470774854937
  endloop
 endfacet
 facet normal -0.37738808670806 -0.60060969934200 -0.70487319502669
  outer loop
   vertex -9.30593142740836 -9.80705026374747 -6.18409187750813
   vertex -9.23696355989043 -9.72056729330681 -6.29470774854937
   vertex -8.70722457932524 -10.05342435597029 -6.29470774854937
  endloop
 endfacet
 facet normal -0.23427794821578 -0.66952790973392 -0.70487319502669
  outer loop
   vertex -8.75521900705836 -10.15308581207435 -6.18409187750813
   vertex -8.70722457932524 -10.05342435597029 -6.29470774854937
   vertex -8.11669959654365 -10.26005798441934 -6.29470774854937
  endloop
 endfacet
 facet normal -0.07942013514044 -0.70487319502668 -0.70487319502670
  outer loop
   vertex -8.14131394347814 -10.36790048462775 -6.18409187750813
   vertex -8.11669959654365 -10.26005798441934 -6.29470774854937
   vertex -7.49499999999993 -10.33010670569664 -6.29470774854937
  endloop
 endfacet
 facet normal -0.88655012423964 -0.09989020886689 -0.45171985055255
  outer loop
   vertex -10.47052825814751 -7.53621407955039 -6.04470774854937
   vertex -10.39950849718741 -7.53621407955039 -6.18409187750813
   vertex -10.32668640507729 -8.18252802302860 -6.18409187750813
  endloop
 endfacet
 facet normal -0.84209479909933 -0.29466171442289 -0.45171985055255
  outer loop
   vertex -10.39592555235377 -8.19833140656680 -6.04470774854937
   vertex -10.32668640507729 -8.18252802302860 -6.18409187750813
   vertex -10.11187173252389 -8.79643308660882 -6.18409187750813
  endloop
 endfacet
 facet normal -0.75541332445053 -0.47465765121756 -0.45171985055255
  outer loop
   vertex -10.17585832615482 -8.82724740604542 -6.04470774854937
   vertex -10.11187173252389 -8.79643308660882 -6.18409187750813
   vertex -9.76583618419701 -9.34714550695882 -6.18409187750813
  endloop
 endfacet
 facet normal -0.63085227138245 -0.63085227138245 -0.45171985055253
  outer loop
   vertex -9.82136166919297 -9.39142560364789 -6.04470774854937
   vertex -9.76583618419701 -9.34714550695882 -6.18409187750813
   vertex -9.30593142740836 -9.80705026374747 -6.18409187750813
  endloop
 endfacet
 facet normal -0.47465765121757 -0.75541332445053 -0.45171985055255
  outer loop
   vertex -9.35021152409743 -9.86257574874343 -6.04470774854937
   vertex -9.30593142740836 -9.80705026374747 -6.18409187750813
   vertex -8.75521900705836 -10.15308581207435 -6.18409187750813
  endloop
 endfacet
 facet normal -0.29466171442290 -0.84209479909934 -0.45171985055254
  outer loop
   vertex -8.78603332649496 -10.21707240570528 -6.04470774854937
   vertex -8.75521900705836 -10.15308581207435 -6.18409187750813
   vertex -8.14131394347814 -10.36790048462775 -6.18409187750813
  endloop
 endfacet
 facet normal -0.09989020886689 -0.88655012423964 -0.45171985055254
  outer loop
   vertex -8.15711732701634 -10.43713963190423 -6.04470774854937
   vertex -8.14131394347814 -10.36790048462775 -6.18409187750813
   vertex -7.49499999999993 -10.44072257673787 -6.18409187750813
  endloop
 endfacet
 facet normal -0.98162854659711 -0.11060297423497 -0.15547468795922
  outer loop
   vertex -10.49499999999991 -7.53621407955039 -5.89019925136189
   vertex -10.47052825814751 -7.53621407955039 -6.04470774854937
   vertex -10.39592555235377 -8.19833140656680 -6.04470774854937
  endloop
 endfacet
 facet normal -0.93240559234687 -0.32626282773897 -0.15547468795935
  outer loop
   vertex -10.17585832615482 -8.82724740604542 -6.04470774854937
   vertex -10.19790660370719 -8.83786529690307 -5.89019925136189
   vertex -10.33107763860943 -8.45728434460161 -5.89019925136189
  endloop
 endfacet
 facet normal -0.93240559234687 -0.32626282773896 -0.15547468795936
  outer loop
   vertex -10.33107763860943 -8.45728434460161 -5.89019925136189
   vertex -10.39592555235377 -8.19833140656680 -6.04470774854937
   vertex -10.17585832615482 -8.82724740604542 -6.04470774854937
  endloop
 endfacet
 facet normal -0.83642792830969 -0.52556250070520 -0.15547468795937
  outer loop
   vertex -10.17585832615482 -8.82724740604542 -6.04470774854937
   vertex -9.82136166919297 -9.39142560364789 -6.04470774854937
   vertex -9.91183271933292 -9.29314927574404 -5.89019925136189
  endloop
 endfacet
 facet normal -0.83642792830968 -0.52556250070521 -0.15547468795935
  outer loop
   vertex -9.82136166919297 -9.39142560364789 -6.04470774854937
   vertex -9.84049444740402 -9.40668348512660 -5.89019925136189
   vertex -9.91183271933292 -9.29314927574404 -5.89019925136189
  endloop
 endfacet
 facet normal -0.69850827532820 -0.69850827532819 -0.15547468795935
  outer loop
   vertex -9.84049444740402 -9.40668348512660 -5.89019925136189
   vertex -9.82136166919297 -9.39142560364789 -6.04470774854937
   vertex -9.35021152409743 -9.86257574874343 -6.04470774854937
  endloop
 endfacet
 facet normal -0.52556250070520 -0.83642792830969 -0.15547468795936
  outer loop
   vertex -8.78603332649496 -10.21707240570528 -6.04470774854937
   vertex -8.79665121735261 -10.23912068325765 -5.89019925136189
   vertex -9.25193519619358 -9.95304679888339 -5.89019925136189
  endloop
 endfacet
 facet normal -0.52556250070520 -0.83642792830969 -0.15547468795937
  outer loop
   vertex -9.25193519619358 -9.95304679888339 -5.89019925136189
   vertex -9.35021152409743 -9.86257574874343 -6.04470774854937
   vertex -8.78603332649496 -10.21707240570528 -6.04470774854937
  endloop
 endfacet
 facet normal -0.32626282773896 -0.93240559234687 -0.15547468795937
  outer loop
   vertex -8.78603332649496 -10.21707240570528 -6.04470774854937
   vertex -8.15711732701634 -10.43713963190423 -6.04470774854937
   vertex -8.41607026505115 -10.37229171815989 -5.89019925136189
  endloop
 endfacet
 facet normal -0.32626282773896 -0.93240559234687 -0.15547468795937
  outer loop
   vertex -8.15711732701634 -10.43713963190423 -6.04470774854937
   vertex -8.16256280186888 -10.46099781609587 -5.89019925136189
   vertex -8.41607026505115 -10.37229171815989 -5.89019925136189
  endloop
 endfacet
 facet normal -0.11060297423497 -0.98162854659709 -0.15547468795936
  outer loop
   vertex -8.16256280186888 -10.46099781609587 -5.89019925136189
   vertex -8.15711732701634 -10.43713963190423 -6.04470774854937
   vertex -7.49499999999993 -10.51174233769798 -6.04470774854937
  endloop
 endfacet
 facet normal -0.11060297423496 -0.98162854659710 -0.15547468795933
  outer loop
   vertex -7.49499999999993 -10.51174233769798 -6.04470774854937
   vertex -7.49499999999993 -10.53621407955039 -5.89019925136189
   vertex -8.16256280186888 -10.46099781609587 -5.89019925136189
  endloop
 endfacet
 facet normal -0.32626282773896 -0.93240559234687 -0.15547468795936
  outer loop
   vertex -8.41607026505115 -10.37229171815989 -5.89019925136189
   vertex -8.79665121735261 -10.23912068325765 -5.89019925136189
   vertex -8.78603332649496 -10.21707240570528 -6.04470774854937
  endloop
 endfacet
 facet normal -0.52556250070521 -0.83642792830968 -0.15547468795935
  outer loop
   vertex -9.25193519619358 -9.95304679888339 -5.89019925136189
   vertex -9.36546940557614 -9.88170852695449 -5.89019925136189
   vertex -9.35021152409743 -9.86257574874343 -6.04470774854937
  endloop
 endfacet
 facet normal -0.69850827532820 -0.69850827532819 -0.15547468795935
  outer loop
   vertex -9.35021152409743 -9.86257574874343 -6.04470774854937
   vertex -9.36546940557614 -9.88170852695449 -5.89019925136189
   vertex -9.84049444740402 -9.40668348512660 -5.89019925136189
  endloop
 endfacet
 facet normal -0.83642792830969 -0.52556250070520 -0.15547468795935
  outer loop
   vertex -9.91183271933292 -9.29314927574404 -5.89019925136189
   vertex -10.19790660370719 -8.83786529690307 -5.89019925136189
   vertex -10.17585832615482 -8.82724740604542 -6.04470774854937
  endloop
 endfacet
 facet normal -0.93240559234687 -0.32626282773896 -0.15547468795935
  outer loop
   vertex -10.33107763860943 -8.45728434460161 -5.89019925136189
   vertex -10.41978373654541 -8.20377688141934 -5.89019925136189
   vertex -10.39592555235377 -8.19833140656680 -6.04470774854937
  endloop
 endfacet
 facet normal -0.98162854659710 -0.11060297423494 -0.15547468795935
  outer loop
   vertex -10.39592555235377 -8.19833140656680 -6.04470774854937
   vertex -10.41978373654541 -8.20377688141934 -5.89019925136189
   vertex -10.49499999999991 -7.53621407955039 -5.89019925136189
  endloop
 endfacet
 facet normal -0.09989020886689 -0.88655012423964 -0.45171985055255
  outer loop
   vertex -7.49499999999993 -10.44072257673787 -6.18409187750813
   vertex -7.49499999999993 -10.51174233769798 -6.04470774854937
   vertex -8.15711732701634 -10.43713963190423 -6.04470774854937
  endloop
 endfacet
 facet normal -0.29466171442290 -0.84209479909934 -0.45171985055253
  outer loop
   vertex -8.14131394347814 -10.36790048462775 -6.18409187750813
   vertex -8.15711732701634 -10.43713963190423 -6.04470774854937
   vertex -8.78603332649496 -10.21707240570528 -6.04470774854937
  endloop
 endfacet
 facet normal -0.47465765121757 -0.75541332445054 -0.45171985055254
  outer loop
   vertex -8.75521900705836 -10.15308581207435 -6.18409187750813
   vertex -8.78603332649496 -10.21707240570528 -6.04470774854937
   vertex -9.35021152409743 -9.86257574874343 -6.04470774854937
  endloop
 endfacet
 facet normal -0.63085227138245 -0.63085227138245 -0.45171985055255
  outer loop
   vertex -9.30593142740836 -9.80705026374747 -6.18409187750813
   vertex -9.35021152409743 -9.86257574874343 -6.04470774854937
   vertex -9.82136166919297 -9.39142560364789 -6.04470774854937
  endloop
 endfacet
 facet normal -0.75541332445054 -0.47465765121757 -0.45171985055253
  outer loop
   vertex -9.76583618419701 -9.34714550695882 -6.18409187750813
   vertex -9.82136166919297 -9.39142560364789 -6.04470774854937
   vertex -10.17585832615482 -8.82724740604542 -6.04470774854937
  endloop
 endfacet
 facet normal -0.84209479909933 -0.29466171442289 -0.45171985055255
  outer loop
   vertex -10.11187173252389 -8.79643308660882 -6.18409187750813
   vertex -10.17585832615482 -8.82724740604542 -6.04470774854937
   vertex -10.39592555235377 -8.19833140656680 -6.04470774854937
  endloop
 endfacet
 facet normal -0.88655012423964 -0.09989020886689 -0.45171985055255
  outer loop
   vertex -10.32668640507729 -8.18252802302860 -6.18409187750813
   vertex -10.39592555235377 -8.19833140656680 -6.04470774854937
   vertex -10.47052825814751 -7.53621407955039 -6.04470774854937
  endloop
 endfacet
 facet normal -0.07942013514044 -0.70487319502669 -0.70487319502669
  outer loop
   vertex -7.49499999999993 -10.33010670569664 -6.29470774854937
   vertex -7.49499999999993 -10.44072257673787 -6.18409187750813
   vertex -8.14131394347814 -10.36790048462775 -6.18409187750813
  endloop
 endfacet
 facet normal -0.23427794821578 -0.66952790973391 -0.70487319502670
  outer loop
   vertex -8.11669959654365 -10.26005798441934 -6.29470774854937
   vertex -8.14131394347814 -10.36790048462775 -6.18409187750813
   vertex -8.75521900705836 -10.15308581207435 -6.18409187750813
  endloop
 endfacet
 facet normal -0.37738808670806 -0.60060969934200 -0.70487319502669
  outer loop
   vertex -8.70722457932524 -10.05342435597029 -6.29470774854937
   vertex -8.75521900705836 -10.15308581207435 -6.18409187750813
   vertex -9.30593142740836 -9.80705026374747 -6.18409187750813
  endloop
 endfacet
 facet normal -0.50157441069739 -0.50157441069739 -0.70487319502669
  outer loop
   vertex -9.23696355989043 -9.72056729330681 -6.29470774854937
   vertex -9.30593142740836 -9.80705026374747 -6.18409187750813
   vertex -9.76583618419701 -9.34714550695882 -6.18409187750813
  endloop
 endfacet
 facet normal -0.60060969934200 -0.37738808670806 -0.70487319502670
  outer loop
   vertex -9.67935321375634 -9.27817763944089 -6.29470774854937
   vertex -9.76583618419701 -9.34714550695882 -6.18409187750813
   vertex -10.11187173252389 -8.79643308660882 -6.18409187750813
  endloop
 endfacet
 facet normal -0.66952790973392 -0.23427794821578 -0.70487319502669
  outer loop
   vertex -10.01221027641983 -8.74843865887570 -6.29470774854937
   vertex -10.11187173252389 -8.79643308660882 -6.18409187750813
   vertex -10.32668640507729 -8.18252802302860 -6.18409187750813
  endloop
 endfacet
 facet normal -0.70487319502669 -0.07942013514044 -0.70487319502670
  outer loop
   vertex -10.21884390486888 -8.15791367609412 -6.29470774854937
   vertex -10.32668640507729 -8.18252802302860 -6.18409187750813
   vertex -10.39950849718741 -7.53621407955039 -6.18409187750813
  endloop
 endfacet
 facet normal -0.05108565329547 -0.45339771324648 -0.88984311518955
  outer loop
   vertex -7.49499999999993 -10.19072257673787 -6.36572750950947
   vertex -7.49499999999993 -10.33010670569664 -6.29470774854937
   vertex -8.11669959654365 -10.26005798441934 -6.29470774854937
  endloop
 endfacet
 facet normal -0.15069531191506 -0.43066245868033 -0.88984311518955
  outer loop
   vertex -8.08568370998906 -10.12416850658229 -6.36572750950947
   vertex -8.11669959654365 -10.26005798441934 -6.29470774854937
   vertex -8.70722457932524 -10.05342435597029 -6.29470774854937
  endloop
 endfacet
 facet normal -0.24274847834640 -0.38633199014612 -0.88984311518955
  outer loop
   vertex -8.64674807227897 -9.92784359509875 -6.36572750950947
   vertex -8.70722457932524 -10.05342435597029 -6.29470774854937
   vertex -9.23696355989043 -9.72056729330681 -6.29470774854937
  endloop
 endfacet
 facet normal -0.32262922244409 -0.32262922244409 -0.88984311518955
  outer loop
   vertex -9.15005897694368 -9.61159239313046 -6.36572750950947
   vertex -9.23696355989043 -9.72056729330681 -6.29470774854937
   vertex -9.67935321375634 -9.27817763944089 -6.29470774854937
  endloop
 endfacet
 facet normal -0.38633199014613 -0.24274847834641 -0.88984311518955
  outer loop
   vertex -9.57037831358000 -9.19127305649414 -6.36572750950947
   vertex -9.67935321375634 -9.27817763944089 -6.29470774854937
   vertex -10.01221027641983 -8.74843865887570 -6.29470774854937
  endloop
 endfacet
 facet normal -0.43066245868032 -0.15069531191506 -0.88984311518955
  outer loop
   vertex -9.88662951554829 -8.68796215182943 -6.36572750950947
   vertex -10.01221027641983 -8.74843865887570 -6.29470774854937
   vertex -10.21884390486888 -8.15791367609412 -6.29470774854937
  endloop
 endfacet
 facet normal -0.45339771324648 -0.05108565329547 -0.88984311518955
  outer loop
   vertex -10.08295442703183 -8.12689778953952 -6.36572750950947
   vertex -10.21884390486888 -8.15791367609412 -6.29470774854937
   vertex -10.28889262614617 -7.53621407955039 -6.29470774854937
  endloop
 endfacet
 facet normal -0.01762319376120 -0.15641017068360 -0.98753495206417
  outer loop
   vertex -7.49499999999993 -10.03621407955040 -6.39019925136189
   vertex -7.49499999999993 -10.19072257673787 -6.36572750950947
   vertex -8.08568370998906 -10.12416850658229 -6.36572750950947
  endloop
 endfacet
 facet normal -0.05198588076036 -0.14856711161353 -0.98753495206417
  outer loop
   vertex -8.05130233489072 -9.97353386000496 -6.39019925136189
   vertex -8.08568370998906 -10.12416850658229 -6.36572750950947
   vertex -8.64674807227897 -9.92784359509875 -6.36572750950947
  endloop
 endfacet
 facet normal -0.08374177862407 -0.13327427720492 -0.98753495206417
  outer loop
   vertex -8.57970934779383 -9.78863624930644 -6.39019925136189
   vertex -8.64674807227897 -9.92784359509875 -6.36572750950947
   vertex -9.15005897694368 -9.61159239313046 -6.36572750950947
  endloop
 endfacet
 facet normal -0.11129851403235 -0.11129851403235 -0.98753495206417
  outer loop
   vertex -9.05372450464677 -9.49079278572047 -6.39019925136189
   vertex -9.15005897694368 -9.61159239313046 -6.36572750950947
   vertex -9.57037831358000 -9.19127305649414 -6.36572750950947
  endloop
 endfacet
 facet normal -0.13327427720492 -0.08374177862407 -0.98753495206417
  outer loop
   vertex -9.44957870617001 -9.09493858419723 -6.39019925136189
   vertex -9.57037831358000 -9.19127305649414 -6.36572750950947
   vertex -9.88662951554829 -8.68796215182943 -6.36572750950947
  endloop
 endfacet
 facet normal -0.14856711161353 -0.05198588076036 -0.98753495206417
  outer loop
   vertex -9.74742216975598 -8.62092342734429 -6.39019925136189
   vertex -9.88662951554829 -8.68796215182943 -6.36572750950947
   vertex -10.08295442703183 -8.12689778953952 -6.36572750950947
  endloop
 endfacet
 facet normal -0.15641017068360 -0.01762319376120 -0.98753495206417
  outer loop
   vertex -9.93231978045450 -8.09251641444118 -6.39019925136189
   vertex -10.08295442703183 -8.12689778953952 -6.36572750950947
   vertex -10.14950849718741 -7.53621407955039 -6.36572750950947
  endloop
 endfacet
 facet normal 0.01008253036522 -0.15642651347620 -0.98763813639567
  outer loop
   vertex 18.02191843002202 -10.19072257673786 -6.36572750950947
   vertex 18.02191843002202 -10.03621407955039 -6.39019925136189
   vertex 18.34286197126641 -10.01552754164702 -6.39019925136189
  endloop
 endfacet
 facet normal 0.03008073297841 -0.15383777507610 -0.98763813639567
  outer loop
   vertex 18.36269737296227 -10.16875754048111 -6.36572750950947
   vertex 18.34286197126641 -10.01552754164702 -6.39019925136189
   vertex 18.65849414392615 -9.95381027421724 -6.39019925136189
  endloop
 endfacet
 facet normal 0.02924961003321 -0.45379625473954 -0.89062529691070
  outer loop
   vertex 18.02191843002201 -10.33010670569662 -6.29470774854937
   vertex 18.02191843002202 -10.19072257673786 -6.36572750950947
   vertex 18.36269737296227 -10.16875754048111 -6.36572750950947
  endloop
 endfacet
 facet normal 0.08726477156637 -0.44628627600029 -0.89062529691070
  outer loop
   vertex 18.38059114733878 -10.30698831941313 -6.29470774854937
   vertex 18.36269737296227 -10.16875754048111 -6.36572750950947
   vertex 18.69783668668669 -10.10322593615489 -6.36572750950947
  endloop
 endfacet
 facet normal 0.04552957269336 -0.70637350531087 -0.70637350531089
  outer loop
   vertex 18.02191843002201 -10.44072257673786 -6.18409187750813
   vertex 18.02191843002201 -10.33010670569662 -6.29470774854937
   vertex 18.38059114733878 -10.30698831941313 -6.29470774854937
  endloop
 endfacet
 facet normal 0.13583523869509 -0.69468356747764 -0.70637350531088
  outer loop
   vertex 18.39479172708669 -10.41668888669077 -6.18409187750813
   vertex 18.38059114733878 -10.30698831941313 -6.29470774854937
   vertex 18.73332810724620 -10.23801575206196 -6.29470774854937
  endloop
 endfacet
 facet normal 0.05733568895264 -0.88954077952068 -0.45324366552890
  outer loop
   vertex 18.02191843002201 -10.51174233769796 -6.04470774854937
   vertex 18.02191843002201 -10.44072257673786 -6.18409187750813
   vertex 18.39479172708669 -10.41668888669077 -6.18409187750813
  endloop
 endfacet
 facet normal 0.17105820533576 -0.87481956427896 -0.45324366552891
  outer loop
   vertex 18.40390906051903 -10.48712098646008 -6.04470774854937
   vertex 18.39479172708669 -10.41668888669077 -6.18409187750813
   vertex 18.76149425807707 -10.34498555562158 -6.18409187750813
  endloop
 endfacet
 facet normal 0.06353321287705 -0.98569293821140 -0.15611842435051
  outer loop
   vertex 18.02191843002201 -10.53621407955039 -5.89019925136189
   vertex 18.02191843002201 -10.51174233769796 -6.04470774854937
   vertex 18.40390906051903 -10.48712098646008 -6.04470774854937
  endloop
 endfacet
 facet normal 0.18954821285814 -0.96938047874950 -0.15611842435045
  outer loop
   vertex 18.40705067951525 -10.51139023406634 -5.89019925136189
   vertex 18.40390906051903 -10.48712098646008 -6.04470774854937
   vertex 18.77957804009085 -10.41366439715890 -6.04470774854937
  endloop
 endfacet
 facet normal 0.18954821285820 -0.96938047874952 -0.15611842435029
  outer loop
   vertex 18.77957804009085 -10.41366439715890 -6.04470774854937
   vertex 18.78580928670694 -10.43732951315059 -5.89019925136189
   vertex 18.40705067951525 -10.51139023406634 -5.89019925136189
  endloop
 endfacet
 facet normal 0.06353321287708 -0.98569293821141 -0.15611842435045
  outer loop
   vertex 18.40390906051903 -10.48712098646008 -6.04470774854937
   vertex 18.40705067951525 -10.51139023406634 -5.89019925136189
   vertex 18.02191843002201 -10.53621407955039 -5.89019925136189
  endloop
 endfacet
 facet normal 0.17105820533576 -0.87481956427896 -0.45324366552890
  outer loop
   vertex 18.76149425807707 -10.34498555562158 -6.18409187750813
   vertex 18.77957804009085 -10.41366439715890 -6.04470774854937
   vertex 18.40390906051903 -10.48712098646008 -6.04470774854937
  endloop
 endfacet
 facet normal 0.05733568895264 -0.88954077952067 -0.45324366552891
  outer loop
   vertex 18.39479172708669 -10.41668888669077 -6.18409187750813
   vertex 18.40390906051903 -10.48712098646008 -6.04470774854937
   vertex 18.02191843002201 -10.51174233769796 -6.04470774854937
  endloop
 endfacet
 facet normal 0.13583523869509 -0.69468356747764 -0.70637350531088
  outer loop
   vertex 18.73332810724620 -10.23801575206196 -6.29470774854937
   vertex 18.76149425807707 -10.34498555562158 -6.18409187750813
   vertex 18.39479172708669 -10.41668888669077 -6.18409187750813
  endloop
 endfacet
 facet normal 0.04552957269336 -0.70637350531088 -0.70637350531088
  outer loop
   vertex 18.38059114733878 -10.30698831941313 -6.29470774854937
   vertex 18.39479172708669 -10.41668888669077 -6.18409187750813
   vertex 18.02191843002201 -10.44072257673786 -6.18409187750813
  endloop
 endfacet
 facet normal 0.08726477156636 -0.44628627600028 -0.89062529691070
  outer loop
   vertex 18.69783668668669 -10.10322593615489 -6.36572750950947
   vertex 18.73332810724620 -10.23801575206196 -6.29470774854937
   vertex 18.38059114733878 -10.30698831941313 -6.29470774854937
  endloop
 endfacet
 facet normal 0.02924961003321 -0.45379625473955 -0.89062529691070
  outer loop
   vertex 18.36269737296227 -10.16875754048111 -6.36572750950947
   vertex 18.38059114733878 -10.30698831941313 -6.29470774854937
   vertex 18.02191843002201 -10.33010670569662 -6.29470774854937
  endloop
 endfacet
 facet normal 0.03008073297841 -0.15383777507610 -0.98763813639567
  outer loop
   vertex 18.65849414392615 -9.95381027421724 -6.39019925136189
   vertex 18.69783668668669 -10.10322593615489 -6.36572750950947
   vertex 18.36269737296227 -10.16875754048111 -6.36572750950947
  endloop
 endfacet
 facet normal 0.01008253036522 -0.15642651347620 -0.98763813639567
  outer loop
   vertex 18.34286197126641 -10.01552754164702 -6.39019925136189
   vertex 18.36269737296227 -10.16875754048111 -6.36572750950947
   vertex 18.02191843002202 -10.19072257673786 -6.36572750950947
  endloop
 endfacet
 facet normal -0.15643446504023 -0.00000000000000 -0.98768834059514
  outer loop
   vertex -9.99500000000001 145.49999999996808 -6.39019925136189
   vertex -9.99499999999991 -7.53621407955039 -6.39019925136189
   vertex -10.14950849718739 -7.53621407955039 -6.36572750950947
  endloop
 endfacet
 facet normal -0.45399049973955 -0.00000000000000 -0.89100652418837
  outer loop
   vertex -10.14950849718746 145.49999999996808 -6.36572750950947
   vertex -10.14950849718739 -7.53621407955039 -6.36572750950947
   vertex -10.28889262614615 -7.53621407955039 -6.29470774854937
  endloop
 endfacet
 facet normal -0.70710678118655 -0.00000000000000 -0.70710678118655
  outer loop
   vertex -10.28889262614622 145.49999999996808 -6.29470774854937
   vertex -10.28889262614615 -7.53621407955039 -6.29470774854937
   vertex -10.39950849718739 -7.53621407955039 -6.18409187750813
  endloop
 endfacet
 facet normal -0.89100652418837 -0.00000000000000 -0.45399049973954
  outer loop
   vertex -10.39950849718746 145.49999999996808 -6.18409187750813
   vertex -10.39950849718739 -7.53621407955039 -6.18409187750813
   vertex -10.47052825814749 -7.53621407955039 -6.04470774854937
  endloop
 endfacet
 facet normal -0.98768834059514 -0.00000000000000 -0.15643446504024
  outer loop
   vertex -10.47052825814756 145.49999999996808 -6.04470774854937
   vertex -10.47052825814749 -7.53621407955039 -6.04470774854937
   vertex -10.49499999999991 -7.53621407955039 -5.89019925136189
  endloop
 endfacet
 facet normal -0.98768834059514 -0.00000000000000 -0.15643446504023
  outer loop
   vertex -10.49499999999991 -7.53621407955039 -5.89019925136189
   vertex -10.49499999999998 145.49999999996808 -5.89019925136189
   vertex -10.47052825814756 145.49999999996808 -6.04470774854937
  endloop
 endfacet
 facet normal -0.89100652418837 -0.00000000000000 -0.45399049973954
  outer loop
   vertex -10.47052825814749 -7.53621407955039 -6.04470774854937
   vertex -10.47052825814756 145.49999999996808 -6.04470774854937
   vertex -10.39950849718746 145.49999999996808 -6.18409187750813
  endloop
 endfacet
 facet normal -0.70710678118654 -0.00000000000000 -0.70710678118655
  outer loop
   vertex -10.39950849718739 -7.53621407955039 -6.18409187750813
   vertex -10.39950849718746 145.49999999996808 -6.18409187750813
   vertex -10.28889262614622 145.49999999996808 -6.29470774854937
  endloop
 endfacet
 facet normal -0.45399049973955 -0.00000000000000 -0.89100652418837
  outer loop
   vertex -10.28889262614615 -7.53621407955039 -6.29470774854937
   vertex -10.28889262614622 145.49999999996808 -6.29470774854937
   vertex -10.14950849718746 145.49999999996808 -6.36572750950947
  endloop
 endfacet
 facet normal -0.15643446504026 -0.00000000000000 -0.98768834059513
  outer loop
   vertex -10.14950849718739 -7.53621407955039 -6.36572750950947
   vertex -10.14950849718746 145.49999999996808 -6.36572750950947
   vertex -9.99500000000001 145.49999999996808 -6.39019925136189
  endloop
 endfacet
 facet normal 0.03983295250486 -0.15127814695839 -0.98768834059514
  outer loop
   vertex 18.65849414392615 -9.95381027421724 -6.39019925136189
   vertex 152.00157571390187 25.15667158863904 -6.39019925136189
   vertex 152.04091825666242 25.00725592670139 -6.36572750950947
  endloop
 endfacet
 facet normal 0.11559973059093 -0.43902628183409 -0.89100652418837
  outer loop
   vertex 18.69783668668669 -10.10322593615487 -6.36572750950947
   vertex 152.04091825666242 25.00725592670139 -6.36572750950947
   vertex 152.07640967722193 24.87246611079432 -6.29470774854937
  endloop
 endfacet
 facet normal 0.18005080161606 -0.68379946536789 -0.70710678118655
  outer loop
   vertex 18.73332810724621 -10.23801575206194 -6.29470774854937
   vertex 152.07640967722193 24.87246611079432 -6.29470774854937
   vertex 152.10457582805282 24.76549630723470 -6.18409187750813
  endloop
 endfacet
 facet normal 0.22687724569132 -0.86163759292046 -0.45399049973953
  outer loop
   vertex 18.76149425807709 -10.34498555562156 -6.18409187750813
   vertex 152.10457582805282 24.76549630723470 -6.18409187750813
   vertex 152.12265961006659 24.69681746569739 -6.04470774854937
  endloop
 endfacet
 facet normal 0.25149536421159 -0.95513262949585 -0.15643446504024
  outer loop
   vertex 18.77957804009086 -10.41366439715888 -6.04470774854937
   vertex 152.12265961006659 24.69681746569739 -6.04470774854937
   vertex 152.12889085668266 24.67315234970566 -5.89019925136189
  endloop
 endfacet
 facet normal 0.25149536421159 -0.95513262949585 -0.15643446504024
  outer loop
   vertex 152.12889085668266 24.67315234970566 -5.89019925136189
   vertex 18.78580928670694 -10.43732951315059 -5.89019925136189
   vertex 18.77957804009086 -10.41366439715888 -6.04470774854937
  endloop
 endfacet
 facet normal 0.22687724569132 -0.86163759292048 -0.45399049973949
  outer loop
   vertex 152.12265961006659 24.69681746569739 -6.04470774854937
   vertex 18.77957804009086 -10.41366439715888 -6.04470774854937
   vertex 18.76149425807709 -10.34498555562156 -6.18409187750813
  endloop
 endfacet
 facet normal 0.18005080161606 -0.68379946536789 -0.70710678118655
  outer loop
   vertex 152.10457582805282 24.76549630723470 -6.18409187750813
   vertex 18.76149425807709 -10.34498555562156 -6.18409187750813
   vertex 18.73332810724621 -10.23801575206194 -6.29470774854937
  endloop
 endfacet
 facet normal 0.11559973059092 -0.43902628183407 -0.89100652418838
  outer loop
   vertex 152.07640967722193 24.87246611079432 -6.29470774854937
   vertex 18.73332810724621 -10.23801575206194 -6.29470774854937
   vertex 18.69783668668669 -10.10322593615487 -6.36572750950947
  endloop
 endfacet
 facet normal 0.03983295250487 -0.15127814695842 -0.98768834059514
  outer loop
   vertex 152.04091825666242 25.00725592670139 -6.36572750950947
   vertex 18.69783668668669 -10.10322593615487 -6.36572750950947
   vertex 18.65849414392615 -9.95381027421724 -6.39019925136189
  endloop
 endfacet
 facet normal -0.01762319376122 0.15641017068367 -0.98753495206416
  outer loop
   vertex -7.49500000000000 148.15450849715558 -6.36572750950947
   vertex -7.49500000000000 147.99999999996817 -6.39019925136189
   vertex -8.05130233489079 147.93731978042268 -6.39019925136189
  endloop
 endfacet
 facet normal -0.05198588076038 0.14856711161355 -0.98753495206417
  outer loop
   vertex -8.08568370998913 148.08795442700000 -6.36572750950947
   vertex -8.05130233489079 147.93731978042268 -6.39019925136189
   vertex -8.57970934779391 147.75242216972416 -6.39019925136189
  endloop
 endfacet
 facet normal -0.08374177862409 0.13327427720495 -0.98753495206416
  outer loop
   vertex -8.64674807227904 147.89162951551643 -6.36572750950947
   vertex -8.57970934779391 147.75242216972416 -6.39019925136189
   vertex -9.05372450464685 147.45457870613816 -6.39019925136189
  endloop
 endfacet
 facet normal -0.11129851403235 0.11129851403235 -0.98753495206417
  outer loop
   vertex -9.15005897694375 147.57537831354816 -6.36572750950947
   vertex -9.05372450464685 147.45457870613816 -6.39019925136189
   vertex -9.44957870617009 147.05872450461493 -6.39019925136189
  endloop
 endfacet
 facet normal -0.13327427720493 0.08374177862407 -0.98753495206417
  outer loop
   vertex -9.57037831358008 147.15505897691185 -6.36572750950947
   vertex -9.44957870617009 147.05872450461493 -6.39019925136189
   vertex -9.74742216975607 146.58470934776199 -6.39019925136189
  endloop
 endfacet
 facet normal -0.14856711161354 0.05198588076037 -0.98753495206417
  outer loop
   vertex -9.88662951554837 146.65174807224713 -6.36572750950947
   vertex -9.74742216975607 146.58470934776199 -6.39019925136189
   vertex -9.93231978045458 146.05630233485888 -6.39019925136189
  endloop
 endfacet
 facet normal -0.15641017068361 0.01762319376120 -0.98753495206417
  outer loop
   vertex -10.08295442703191 146.09068370995720 -6.36572750950947
   vertex -9.93231978045458 146.05630233485888 -6.39019925136189
   vertex -9.99500000000001 145.49999999996808 -6.39019925136189
  endloop
 endfacet
 facet normal -0.05108565329547 0.45339771324649 -0.88984311518954
  outer loop
   vertex -7.49500000000000 148.29389262611434 -6.29470774854936
   vertex -7.49500000000000 148.15450849715558 -6.36572750950947
   vertex -8.08568370998913 148.08795442700000 -6.36572750950947
  endloop
 endfacet
 facet normal -0.15069531191508 0.43066245868033 -0.88984311518954
  outer loop
   vertex -8.11669959654373 148.22384390483705 -6.29470774854936
   vertex -8.08568370998913 148.08795442700000 -6.36572750950947
   vertex -8.64674807227904 147.89162951551643 -6.36572750950947
  endloop
 endfacet
 facet normal -0.24274847834637 0.38633199014608 -0.88984311518958
  outer loop
   vertex -8.70722457932531 148.01721027638800 -6.29470774854936
   vertex -8.64674807227904 147.89162951551643 -6.36572750950947
   vertex -9.15005897694375 147.57537831354816 -6.36572750950947
  endloop
 endfacet
 facet normal -0.32262922244409 0.32262922244410 -0.88984311518955
  outer loop
   vertex -9.23696355989051 147.68435321372451 -6.29470774854936
   vertex -9.15005897694375 147.57537831354816 -6.36572750950947
   vertex -9.57037831358008 147.15505897691185 -6.36572750950947
  endloop
 endfacet
 facet normal -0.38633199014614 0.24274847834641 -0.88984311518954
  outer loop
   vertex -9.67935321375643 147.24196355985859 -6.29470774854936
   vertex -9.57037831358008 147.15505897691185 -6.36572750950947
   vertex -9.88662951554837 146.65174807224713 -6.36572750950947
  endloop
 endfacet
 facet normal -0.43066245868036 0.15069531191506 -0.88984311518953
  outer loop
   vertex -10.01221027641991 146.71222457929338 -6.29470774854936
   vertex -9.88662951554837 146.65174807224713 -6.36572750950947
   vertex -10.08295442703191 146.09068370995720 -6.36572750950947
  endloop
 endfacet
 facet normal -0.45339771324648 0.05108565329547 -0.88984311518955
  outer loop
   vertex -10.21884390486897 146.12169959651180 -6.29470774854936
   vertex -10.08295442703191 146.09068370995720 -6.36572750950947
   vertex -10.14950849718749 145.49999999996808 -6.36572750950947
  endloop
 endfacet
 facet normal -0.07942013514044 0.70487319502670 -0.70487319502668
  outer loop
   vertex -7.49500000000000 148.40450849715558 -6.18409187750812
   vertex -7.49500000000000 148.29389262611434 -6.29470774854936
   vertex -8.11669959654373 148.22384390483705 -6.29470774854936
  endloop
 endfacet
 facet normal -0.23427794821580 0.66952790973396 -0.70487319502665
  outer loop
   vertex -8.14131394347821 148.33168640504545 -6.18409187750812
   vertex -8.11669959654373 148.22384390483705 -6.29470774854936
   vertex -8.70722457932531 148.01721027638800 -6.29470774854936
  endloop
 endfacet
 facet normal -0.37738808670807 0.60060969934201 -0.70487319502668
  outer loop
   vertex -8.75521900705843 148.11687173249206 -6.18409187750812
   vertex -8.70722457932531 148.01721027638800 -6.29470774854936
   vertex -9.23696355989051 147.68435321372451 -6.29470774854936
  endloop
 endfacet
 facet normal -0.50157441069737 0.50157441069738 -0.70487319502671
  outer loop
   vertex -9.30593142740844 147.77083618416518 -6.18409187750812
   vertex -9.23696355989051 147.68435321372451 -6.29470774854936
   vertex -9.67935321375643 147.24196355985859 -6.29470774854936
  endloop
 endfacet
 facet normal -0.60060969934202 0.37738808670806 -0.70487319502668
  outer loop
   vertex -9.76583618419709 147.31093142737652 -6.18409187750812
   vertex -9.67935321375643 147.24196355985859 -6.29470774854936
   vertex -10.01221027641991 146.71222457929338 -6.29470774854936
  endloop
 endfacet
 facet normal -0.66952790973387 0.23427794821577 -0.70487319502674
  outer loop
   vertex -10.11187173252398 146.76021900702654 -6.18409187750812
   vertex -10.01221027641991 146.71222457929338 -6.29470774854936
   vertex -10.21884390486897 146.12169959651180 -6.29470774854936
  endloop
 endfacet
 facet normal -0.70487319502668 0.07942013514044 -0.70487319502671
  outer loop
   vertex -10.32668640507737 146.14631394344630 -6.18409187750812
   vertex -10.21884390486897 146.12169959651180 -6.29470774854936
   vertex -10.28889262614626 145.49999999996808 -6.29470774854936
  endloop
 endfacet
 facet normal -0.09989020886690 0.88655012423965 -0.45171985055252
  outer loop
   vertex -7.49500000000000 148.47552825811567 -6.04470774854936
   vertex -7.49500000000000 148.40450849715558 -6.18409187750812
   vertex -8.14131394347821 148.33168640504545 -6.18409187750812
  endloop
 endfacet
 facet normal -0.29466171442287 0.84209479909929 -0.45171985055264
  outer loop
   vertex -8.15711732701641 148.40092555232195 -6.04470774854936
   vertex -8.14131394347821 148.33168640504545 -6.18409187750812
   vertex -8.75521900705843 148.11687173249206 -6.18409187750812
  endloop
 endfacet
 facet normal -0.47465765121754 0.75541332445050 -0.45171985055263
  outer loop
   vertex -8.78603332649504 148.18085832612300 -6.04470774854936
   vertex -8.75521900705843 148.11687173249206 -6.18409187750812
   vertex -9.30593142740844 147.77083618416518 -6.18409187750812
  endloop
 endfacet
 facet normal -0.63085227138245 0.63085227138243 -0.45171985055256
  outer loop
   vertex -9.35021152409751 147.82636166916114 -6.04470774854936
   vertex -9.30593142740844 147.77083618416518 -6.18409187750812
   vertex -9.76583618419709 147.31093142737652 -6.18409187750812
  endloop
 endfacet
 facet normal -0.75541332445052 0.47465765121758 -0.45171985055257
  outer loop
   vertex -9.82136166919305 147.35521152406560 -6.04470774854936
   vertex -9.76583618419709 147.31093142737652 -6.18409187750812
   vertex -10.11187173252398 146.76021900702654 -6.18409187750812
  endloop
 endfacet
 facet normal -0.84209479909935 0.29466171442289 -0.45171985055251
  outer loop
   vertex -10.17585832615490 146.79103332646312 -6.04470774854936
   vertex -10.11187173252398 146.76021900702654 -6.18409187750812
   vertex -10.32668640507737 146.14631394344630 -6.18409187750812
  endloop
 endfacet
 facet normal -0.88655012423964 0.09989020886689 -0.45171985055253
  outer loop
   vertex -10.39592555235386 146.16211732698449 -6.04470774854936
   vertex -10.32668640507737 146.14631394344630 -6.18409187750812
   vertex -10.39950849718750 145.49999999996808 -6.18409187750812
  endloop
 endfacet
 facet normal -0.11060297423494 0.98162854659708 -0.15547468795946
  outer loop
   vertex -7.49500000000000 148.49999999996811 -5.89019925136189
   vertex -7.49500000000000 148.47552825811567 -6.04470774854936
   vertex -8.15711732701641 148.40092555232195 -6.04470774854936
  endloop
 endfacet
 facet normal -0.32626282773897 0.93240559234689 -0.15547468795925
  outer loop
   vertex -8.78603332649504 148.18085832612300 -6.04470774854936
   vertex -8.79665121735268 148.20290660367536 -5.89019925136189
   vertex -8.41607026505122 148.33607763857759 -5.89019925136189
  endloop
 endfacet
 facet normal -0.32626282773896 0.93240559234689 -0.15547468795928
  outer loop
   vertex -8.41607026505122 148.33607763857759 -5.89019925136189
   vertex -8.15711732701641 148.40092555232195 -6.04470774854936
   vertex -8.78603332649504 148.18085832612300 -6.04470774854936
  endloop
 endfacet
 facet normal -0.52556250070522 0.83642792830970 -0.15547468795925
  outer loop
   vertex -8.78603332649504 148.18085832612300 -6.04470774854936
   vertex -9.35021152409751 147.82636166916114 -6.04470774854936
   vertex -9.25193519619365 147.91683271930108 -5.89019925136189
  endloop
 endfacet
 facet normal -0.52556250070524 0.83642792830969 -0.15547468795923
  outer loop
   vertex -9.35021152409751 147.82636166916114 -6.04470774854936
   vertex -9.36546940557621 147.84549444737218 -5.89019925136189
   vertex -9.25193519619365 147.91683271930108 -5.89019925136189
  endloop
 endfacet
 facet normal -0.69850827532821 0.69850827532820 -0.15547468795925
  outer loop
   vertex -9.36546940557621 147.84549444737218 -5.89019925136189
   vertex -9.35021152409751 147.82636166916114 -6.04470774854936
   vertex -9.82136166919305 147.35521152406560 -6.04470774854936
  endloop
 endfacet
 facet normal -0.83642792830968 0.52556250070522 -0.15547468795934
  outer loop
   vertex -10.17585832615490 146.79103332646312 -6.04470774854936
   vertex -10.19790660370727 146.80165121732077 -5.89019925136189
   vertex -9.91183271933300 147.25693519616172 -5.89019925136189
  endloop
 endfacet
 facet normal -0.83642792830970 0.52556250070521 -0.15547468795927
  outer loop
   vertex -9.91183271933300 147.25693519616172 -5.89019925136189
   vertex -9.82136166919305 147.35521152406560 -6.04470774854936
   vertex -10.17585832615490 146.79103332646312 -6.04470774854936
  endloop
 endfacet
 facet normal -0.93240559234688 0.32626282773896 -0.15547468795928
  outer loop
   vertex -10.17585832615490 146.79103332646312 -6.04470774854936
   vertex -10.39592555235386 146.16211732698449 -6.04470774854936
   vertex -10.33107763860950 146.42107026501930 -5.89019925136189
  endloop
 endfacet
 facet normal -0.93240559234687 0.32626282773898 -0.15547468795932
  outer loop
   vertex -10.39592555235386 146.16211732698449 -6.04470774854936
   vertex -10.41978373654549 146.16756280183702 -5.89019925136189
   vertex -10.33107763860950 146.42107026501930 -5.89019925136189
  endloop
 endfacet
 facet normal -0.98162854659710 0.11060297423497 -0.15547468795932
  outer loop
   vertex -10.41978373654549 146.16756280183702 -5.89019925136189
   vertex -10.39592555235386 146.16211732698449 -6.04470774854936
   vertex -10.47052825814760 145.49999999996808 -6.04470774854936
  endloop
 endfacet
 facet normal -0.98162854659713 0.11060297423492 -0.15547468795913
  outer loop
   vertex -10.47052825814760 145.49999999996808 -6.04470774854936
   vertex -10.49499999999998 145.49999999996808 -5.89019925136189
   vertex -10.41978373654549 146.16756280183702 -5.89019925136189
  endloop
 endfacet
 facet normal -0.93240559234688 0.32626282773894 -0.15547468795934
  outer loop
   vertex -10.33107763860950 146.42107026501930 -5.89019925136189
   vertex -10.19790660370727 146.80165121732077 -5.89019925136189
   vertex -10.17585832615490 146.79103332646312 -6.04470774854936
  endloop
 endfacet
 facet normal -0.83642792830974 0.52556250070513 -0.15547468795934
  outer loop
   vertex -9.91183271933300 147.25693519616172 -5.89019925136189
   vertex -9.84049444740410 147.37046940554430 -5.89019925136189
   vertex -9.82136166919305 147.35521152406560 -6.04470774854936
  endloop
 endfacet
 facet normal -0.69850827532819 0.69850827532821 -0.15547468795934
  outer loop
   vertex -9.82136166919305 147.35521152406560 -6.04470774854936
   vertex -9.84049444740410 147.37046940554430 -5.89019925136189
   vertex -9.36546940557621 147.84549444737218 -5.89019925136189
  endloop
 endfacet
 facet normal -0.52556250070522 0.83642792830969 -0.15547468795926
  outer loop
   vertex -9.25193519619365 147.91683271930108 -5.89019925136189
   vertex -8.79665121735268 148.20290660367536 -5.89019925136189
   vertex -8.78603332649504 148.18085832612300 -6.04470774854936
  endloop
 endfacet
 facet normal -0.32626282773897 0.93240559234688 -0.15547468795930
  outer loop
   vertex -8.41607026505122 148.33607763857759 -5.89019925136189
   vertex -8.16256280186895 148.42478373651358 -5.89019925136189
   vertex -8.15711732701641 148.40092555232195 -6.04470774854936
  endloop
 endfacet
 facet normal -0.11060297423498 0.98162854659710 -0.15547468795930
  outer loop
   vertex -8.15711732701641 148.40092555232195 -6.04470774854936
   vertex -8.16256280186895 148.42478373651358 -5.89019925136189
   vertex -7.49500000000000 148.49999999996811 -5.89019925136189
  endloop
 endfacet
 facet normal -0.88655012423964 0.09989020886689 -0.45171985055254
  outer loop
   vertex -10.39950849718750 145.49999999996808 -6.18409187750812
   vertex -10.47052825814760 145.49999999996808 -6.04470774854936
   vertex -10.39592555235386 146.16211732698449 -6.04470774854936
  endloop
 endfacet
 facet normal -0.84209479909935 0.29466171442289 -0.45171985055252
  outer loop
   vertex -10.32668640507737 146.14631394344630 -6.18409187750812
   vertex -10.39592555235386 146.16211732698449 -6.04470774854936
   vertex -10.17585832615490 146.79103332646312 -6.04470774854936
  endloop
 endfacet
 facet normal -0.75541332445056 0.47465765121758 -0.45171985055250
  outer loop
   vertex -10.11187173252398 146.76021900702654 -6.18409187750812
   vertex -10.17585832615490 146.79103332646312 -6.04470774854936
   vertex -9.82136166919305 147.35521152406560 -6.04470774854936
  endloop
 endfacet
 facet normal -0.63085227138244 0.63085227138243 -0.45171985055257
  outer loop
   vertex -9.76583618419709 147.31093142737652 -6.18409187750812
   vertex -9.82136166919305 147.35521152406560 -6.04470774854936
   vertex -9.35021152409751 147.82636166916114 -6.04470774854936
  endloop
 endfacet
 facet normal -0.47465765121757 0.75541332445052 -0.45171985055257
  outer loop
   vertex -9.30593142740844 147.77083618416518 -6.18409187750812
   vertex -9.35021152409751 147.82636166916114 -6.04470774854936
   vertex -8.78603332649504 148.18085832612300 -6.04470774854936
  endloop
 endfacet
 facet normal -0.29466171442287 0.84209479909929 -0.45171985055264
  outer loop
   vertex -8.75521900705843 148.11687173249206 -6.18409187750812
   vertex -8.78603332649504 148.18085832612300 -6.04470774854936
   vertex -8.15711732701641 148.40092555232195 -6.04470774854936
  endloop
 endfacet
 facet normal -0.09989020886686 0.88655012423959 -0.45171985055265
  outer loop
   vertex -8.14131394347821 148.33168640504545 -6.18409187750812
   vertex -8.15711732701641 148.40092555232195 -6.04470774854936
   vertex -7.49500000000000 148.47552825811567 -6.04470774854936
  endloop
 endfacet
 facet normal -0.70487319502669 0.07942013514044 -0.70487319502669
  outer loop
   vertex -10.28889262614626 145.49999999996808 -6.29470774854936
   vertex -10.39950849718750 145.49999999996808 -6.18409187750812
   vertex -10.32668640507737 146.14631394344630 -6.18409187750812
  endloop
 endfacet
 facet normal -0.66952790973390 0.23427794821577 -0.70487319502671
  outer loop
   vertex -10.21884390486897 146.12169959651180 -6.29470774854936
   vertex -10.32668640507737 146.14631394344630 -6.18409187750812
   vertex -10.11187173252398 146.76021900702654 -6.18409187750812
  endloop
 endfacet
 facet normal -0.60060969934193 0.37738808670804 -0.70487319502676
  outer loop
   vertex -10.01221027641991 146.71222457929338 -6.29470774854936
   vertex -10.11187173252398 146.76021900702654 -6.18409187750812
   vertex -9.76583618419709 147.31093142737652 -6.18409187750812
  endloop
 endfacet
 facet normal -0.50157441069740 0.50157441069739 -0.70487319502668
  outer loop
   vertex -9.67935321375643 147.24196355985859 -6.29470774854936
   vertex -9.76583618419709 147.31093142737652 -6.18409187750812
   vertex -9.30593142740844 147.77083618416518 -6.18409187750812
  endloop
 endfacet
 facet normal -0.37738808670805 0.60060969934199 -0.70487319502671
  outer loop
   vertex -9.23696355989051 147.68435321372451 -6.29470774854936
   vertex -9.30593142740844 147.77083618416518 -6.18409187750812
   vertex -8.75521900705843 148.11687173249206 -6.18409187750812
  endloop
 endfacet
 facet normal -0.23427794821578 0.66952790973393 -0.70487319502668
  outer loop
   vertex -8.70722457932531 148.01721027638800 -6.29470774854936
   vertex -8.75521900705843 148.11687173249206 -6.18409187750812
   vertex -8.14131394347821 148.33168640504545 -6.18409187750812
  endloop
 endfacet
 facet normal -0.07942013514045 0.70487319502674 -0.70487319502665
  outer loop
   vertex -8.11669959654373 148.22384390483705 -6.29470774854936
   vertex -8.14131394347821 148.33168640504545 -6.18409187750812
   vertex -7.49500000000000 148.40450849715558 -6.18409187750812
  endloop
 endfacet
 facet normal -0.45339771324648 0.05108565329547 -0.88984311518955
  outer loop
   vertex -10.14950849718749 145.49999999996808 -6.36572750950947
   vertex -10.28889262614626 145.49999999996808 -6.29470774854936
   vertex -10.21884390486897 146.12169959651180 -6.29470774854936
  endloop
 endfacet
 facet normal -0.43066245868033 0.15069531191506 -0.88984311518955
  outer loop
   vertex -10.08295442703191 146.09068370995720 -6.36572750950947
   vertex -10.21884390486897 146.12169959651180 -6.29470774854936
   vertex -10.01221027641991 146.71222457929338 -6.29470774854936
  endloop
 endfacet
 facet normal -0.38633199014616 0.24274847834642 -0.88984311518953
  outer loop
   vertex -9.88662951554837 146.65174807224713 -6.36572750950947
   vertex -10.01221027641991 146.71222457929338 -6.29470774854936
   vertex -9.67935321375643 147.24196355985859 -6.29470774854936
  endloop
 endfacet
 facet normal -0.32262922244411 0.32262922244411 -0.88984311518954
  outer loop
   vertex -9.57037831358008 147.15505897691185 -6.36572750950947
   vertex -9.67935321375643 147.24196355985859 -6.29470774854936
   vertex -9.23696355989051 147.68435321372451 -6.29470774854936
  endloop
 endfacet
 facet normal -0.24274847834641 0.38633199014612 -0.88984311518955
  outer loop
   vertex -9.15005897694375 147.57537831354816 -6.36572750950947
   vertex -9.23696355989051 147.68435321372451 -6.29470774854936
   vertex -8.70722457932531 148.01721027638800 -6.29470774854936
  endloop
 endfacet
 facet normal -0.15069531191504 0.43066245868027 -0.88984311518958
  outer loop
   vertex -8.64674807227904 147.89162951551643 -6.36572750950947
   vertex -8.70722457932531 148.01721027638800 -6.29470774854936
   vertex -8.11669959654373 148.22384390483705 -6.29470774854936
  endloop
 endfacet
 facet normal -0.05108565329546 0.45339771324648 -0.88984311518955
  outer loop
   vertex -8.08568370998913 148.08795442700000 -6.36572750950947
   vertex -8.11669959654373 148.22384390483705 -6.29470774854936
   vertex -7.49500000000000 148.29389262611434 -6.29470774854936
  endloop
 endfacet
 facet normal -0.15641017068360 0.01762319376120 -0.98753495206417
  outer loop
   vertex -9.99500000000001 145.49999999996808 -6.39019925136189
   vertex -10.14950849718749 145.49999999996808 -6.36572750950947
   vertex -10.08295442703191 146.09068370995720 -6.36572750950947
  endloop
 endfacet
 facet normal -0.14856711161355 0.05198588076037 -0.98753495206417
  outer loop
   vertex -9.93231978045458 146.05630233485888 -6.39019925136189
   vertex -10.08295442703191 146.09068370995720 -6.36572750950947
   vertex -9.88662951554837 146.65174807224713 -6.36572750950947
  endloop
 endfacet
 facet normal -0.13327427720493 0.08374177862407 -0.98753495206417
  outer loop
   vertex -9.74742216975607 146.58470934776199 -6.39019925136189
   vertex -9.88662951554837 146.65174807224713 -6.36572750950947
   vertex -9.57037831358008 147.15505897691185 -6.36572750950947
  endloop
 endfacet
 facet normal -0.11129851403235 0.11129851403235 -0.98753495206417
  outer loop
   vertex -9.44957870617009 147.05872450461493 -6.39019925136189
   vertex -9.57037831358008 147.15505897691185 -6.36572750950947
   vertex -9.15005897694375 147.57537831354816 -6.36572750950947
  endloop
 endfacet
 facet normal -0.08374177862407 0.13327427720493 -0.98753495206417
  outer loop
   vertex -9.05372450464685 147.45457870613816 -6.39019925136189
   vertex -9.15005897694375 147.57537831354816 -6.36572750950947
   vertex -8.64674807227904 147.89162951551643 -6.36572750950947
  endloop
 endfacet
 facet normal -0.05198588076038 0.14856711161356 -0.98753495206416
  outer loop
   vertex -8.57970934779391 147.75242216972416 -6.39019925136189
   vertex -8.64674807227904 147.89162951551643 -6.36572750950947
   vertex -8.08568370998913 148.08795442700000 -6.36572750950947
  endloop
 endfacet
 facet normal -0.01762319376120 0.15641017068363 -0.98753495206417
  outer loop
   vertex -8.05130233489079 147.93731978042268 -6.39019925136189
   vertex -8.08568370998913 148.08795442700000 -6.36572750950947
   vertex -7.49500000000000 148.15450849715558 -6.36572750950947
  endloop
 endfacet
 facet normal 0.05644755955008 -0.14687947124716 -0.98754245171891
  outer loop
   vertex 152.04091825666239 25.00725592670138 -6.36572750950947
   vertex 152.00157571390187 25.15667158863904 -6.39019925136189
   vertex 152.51135501592540 25.35258594797079 -6.39019925136189
  endloop
 endfacet
 facet normal 0.08699479675274 -0.13111754799021 -0.98754245171890
  outer loop
   vertex 152.58220365222709 25.21527845932826 -6.36572750950947
   vertex 152.51135501592540 25.35258594797079 -6.39019925136189
   vertex 152.96642890426338 25.65452158534557 -6.39019925136189
  endloop
 endfacet
 facet normal 0.11339053962880 -0.10909854066713 -0.98754245171891
  outer loop
   vertex 153.06540265360363 25.53587474533427 -6.36572750950947
   vertex 152.96642890426338 25.65452158534557 -6.39019925136189
   vertex 153.34508071612541 26.04806977596214 -6.39019925136189
  endloop
 endfacet
 facet normal 0.13437515218990 -0.08187322228271 -0.98754245171891
  outer loop
   vertex 153.46745643442890 25.95374555175204 -6.36572750950947
   vertex 153.34508071612541 26.04806977596214 -6.39019925136189
   vertex 153.62924074036363 26.51444993590561 -6.39019925136189
  endloop
 endfacet
 facet normal 0.14894722396959 -0.05074081714721 -0.98754245171890
  outer loop
   vertex 153.76917851398943 26.44894959074789 -6.36572750950947
   vertex 153.62924074036363 26.51444993590561 -6.39019925136189
   vertex 153.80534852540512 27.03140585376683 -6.39019925136189
  endloop
 endfacet
 facet normal 0.15641135851224 -0.01718700035981 -0.98754245171891
  outer loop
   vertex 153.95617035871484 26.99785514140147 -6.36572750950947
   vertex 153.80534852540512 27.03140585376683 -6.39019925136189
   vertex 153.86499999999791 27.57426778330589 -6.39019925136189
  endloop
 endfacet
 facet normal 0.16363790973554 -0.42579430978977 -0.88989990462300
  outer loop
   vertex 152.07640967722193 24.87246611079431 -6.29470774854936
   vertex 152.04091825666239 25.00725592670138 -6.36572750950947
   vertex 152.58220365222709 25.21527845932826 -6.36572750950947
  endloop
 endfacet
 facet normal 0.25219242092922 -0.38010148983898 -0.88989990462301
  outer loop
   vertex 152.64611713037613 25.09141158435158 -6.29470774854936
   vertex 152.58220365222709 25.21527845932826 -6.36572750950947
   vertex 153.06540265360363 25.53587474533427 -6.36572750950947
  endloop
 endfacet
 facet normal 0.32871201229130 -0.31626977839718 -0.88989990462299
  outer loop
   vertex 153.15468816276780 25.42884188468444 -6.29470774854936
   vertex 153.06540265360363 25.53587474533427 -6.36572750950947
   vertex 153.46745643442890 25.95374555175204 -6.36572750950947
  endloop
 endfacet
 facet normal 0.38954507865367 -0.23734530003489 -0.88989990462302
  outer loop
   vertex 153.57785316478311 25.86865443980317 -6.29470774854936
   vertex 153.46745643442890 25.95374555175204 -6.36572750950947
   vertex 153.76917851398943 26.44894959074789 -6.36572750950947
  endloop
 endfacet
 facet normal 0.43178859432644 -0.14709442396484 -0.88989990462301
  outer loop
   vertex 153.89541820332897 26.38986087574196 -6.29470774854936
   vertex 153.76917851398943 26.44894959074789 -6.36572750950947
   vertex 153.95617035871484 26.99785514140147 -6.36572750950947
  endloop
 endfacet
 facet normal 0.45342664890807 -0.04982402845968 -0.88989990462301
  outer loop
   vertex 154.09222870014273 26.96758860652400 -6.29470774854936
   vertex 153.95617035871484 26.99785514140147 -6.36572750950947
   vertex 154.01950849718537 27.57426778330588 -6.36572750950947
  endloop
 endfacet
 facet normal 0.25442212195839 -0.66201952829633 -0.70498193452917
  outer loop
   vertex 152.10457582805279 24.76549630723469 -6.18409187750813
   vertex 152.07640967722193 24.87246611079431 -6.29470774854936
   vertex 152.64611713037613 25.09141158435158 -6.29470774854936
  endloop
 endfacet
 facet normal 0.39210553947027 -0.59097691825000 -0.70498193452915
  outer loop
   vertex 152.69683915381984 24.99311027579475 -6.18409187750813
   vertex 152.64611713037613 25.09141158435158 -6.29470774854936
   vertex 153.15468816276780 25.42884188468444 -6.29470774854936
  endloop
 endfacet
 facet normal 0.51107721808179 -0.49173219250455 -0.70498193452914
  outer loop
   vertex 153.22554554403015 25.34390012553825 -6.18409187750813
   vertex 153.15468816276780 25.42884188468444 -6.29470774854936
   vertex 153.57785316478311 25.86865443980317 -6.29470774854936
  endloop
 endfacet
 facet normal 0.60565968894187 -0.36902142644895 -0.70498193452912
  outer loop
   vertex 153.66546450604164 25.80112575101768 -6.18409187750813
   vertex 153.57785316478311 25.86865443980317 -6.29470774854936
   vertex 153.89541820332897 26.38986087574196 -6.29470774854936
  endloop
 endfacet
 facet normal 0.67133936496446 -0.22870052259813 -0.70498193452915
  outer loop
   vertex 153.99560258802600 26.34296780600787 -6.18409187750813
   vertex 153.89541820332897 26.38986087574196 -6.29470774854936
   vertex 154.09222870014273 26.96758860652400 -6.29470774854936
  endloop
 endfacet
 facet normal 0.70498193452911 -0.07746576001684 -0.70498193452925
  outer loop
   vertex 154.20020521125559 26.94356894844757 -6.18409187750813
   vertex 154.09222870014273 26.96758860652400 -6.29470774854936
   vertex 154.15889262614417 27.57426778330588 -6.29470774854936
  endloop
 endfacet
 facet normal 0.32002666359445 -0.83272594082718 -0.45183010309418
  outer loop
   vertex 152.12265961006659 24.69681746569738 -6.04470774854937
   vertex 152.10457582805279 24.76549630723469 -6.18409187750813
   vertex 152.69683915381984 24.99311027579475 -6.18409187750813
  endloop
 endfacet
 facet normal 0.49321272304337 -0.74336449186524 -0.45183010309416
  outer loop
   vertex 152.72940469750247 24.92999695064479 -6.04470774854937
   vertex 152.69683915381984 24.99311027579475 -6.18409187750813
   vertex 153.22554554403015 25.34390012553825 -6.18409187750813
  endloop
 endfacet
 facet normal 0.64286208951823 -0.61852881242353 -0.45183010309428
  outer loop
   vertex 153.27103878322040 25.28936415910497 -6.04470774854937
   vertex 153.22554554403015 25.34390012553825 -6.18409187750813
   vertex 153.66546450604164 25.80112575101768 -6.18409187750813
  endloop
 endfacet
 facet normal 0.76183331871355 -0.46417620839052 -0.45183010309418
  outer loop
   vertex 153.72171444969808 25.75776966395394 -6.04470774854937
   vertex 153.66546450604164 25.80112575101768 -6.18409187750813
   vertex 153.99560258802600 26.34296780600787 -6.18409187750813
  endloop
 endfacet
 facet normal 0.84444896322466 -0.28767256811640 -0.45183010309421
  outer loop
   vertex 154.05992492248077 26.31286060193442 -6.04470774854937
   vertex 153.99560258802600 26.34296780600787 -6.18409187750813
   vertex 154.20020521125559 26.94356894844757 -6.18409187750813
  endloop
 endfacet
 facet normal 0.88676650703607 -0.09744085353178 -0.45183010309412
  outer loop
   vertex 154.26953039882909 26.92814737865950 -6.04470774854937
   vertex 154.20020521125559 26.94356894844757 -6.18409187750813
   vertex 154.26950849718540 27.57426778330588 -6.18409187750813
  endloop
 endfacet
 facet normal 0.35436760036547 -0.92208283553195 -0.15552121472190
  outer loop
   vertex 152.12889085668266 24.67315234970566 -5.89019925136189
   vertex 152.12265961006659 24.69681746569738 -6.04470774854937
   vertex 152.72940469750247 24.92999695064479 -6.04470774854937
  endloop
 endfacet
 facet normal 0.54613764731826 -0.82313232347728 -0.15552121472189
  outer loop
   vertex 152.72940469750247 24.92999695064479 -6.04470774854937
   vertex 153.27103878322040 25.28936415910497 -6.04470774854937
   vertex 153.01367035211368 25.08941096332865 -5.89019925136189
  endloop
 endfacet
 facet normal 0.54613764731821 -0.82313232347729 -0.15552121472199
  outer loop
   vertex 153.27103878322040 25.28936415910497 -6.04470774854937
   vertex 153.28671468511649 25.27057234575350 -5.89019925136189
   vertex 153.01367035211368 25.08941096332865 -5.89019925136189
  endloop
 endfacet
 facet normal 0.71184536147654 -0.68490096591823 -0.15552121472200
  outer loop
   vertex 153.28671468511649 25.27057234575350 -5.89019925136189
   vertex 153.27103878322040 25.28936415910497 -6.04470774854937
   vertex 153.72171444969808 25.75776966395394 -6.04470774854937
  endloop
 endfacet
 facet normal 0.84358297523950 -0.51398532630560 -0.15552121472197
  outer loop
   vertex 153.74109685935090 25.74283017449338 -5.89019925136189
   vertex 153.72171444969808 25.75776966395394 -6.04470774854937
   vertex 154.05992492248077 26.31286060193442 -6.04470774854937
  endloop
 endfacet
 facet normal 0.93506381427094 -0.31854170058646 -0.15552121472189
  outer loop
   vertex 154.26953039882909 26.92814737865950 -6.04470774854937
   vertex 154.29341823048657 26.92283346785903 -5.89019925136189
   vertex 154.18775355946164 26.61265991714228 -5.89019925136189
  endloop
 endfacet
 facet normal 0.93506381427097 -0.31854170058642 -0.15552121472179
  outer loop
   vertex 154.18775355946164 26.61265991714228 -5.89019925136189
   vertex 154.05992492248077 26.31286060193442 -6.04470774854937
   vertex 154.26953039882909 26.92814737865950 -6.04470774854937
  endloop
 endfacet
 facet normal 0.98192230501470 -0.10789688913977 -0.15552121472189
  outer loop
   vertex 154.29341823048657 26.92283346785903 -5.89019925136189
   vertex 154.26953039882909 26.92814737865950 -6.04470774854937
   vertex 154.34052825814550 27.57426778330590 -6.04470774854937
  endloop
 endfacet
 facet normal 0.98192230501468 -0.10789688913980 -0.15552121472202
  outer loop
   vertex 154.34052825814550 27.57426778330590 -6.04470774854937
   vertex 154.36499999999793 27.57426778330589 -5.89019925136189
   vertex 154.29341823048657 26.92283346785903 -5.89019925136189
  endloop
 endfacet
 facet normal 0.93506381427097 -0.31854170058631 -0.15552121472199
  outer loop
   vertex 154.18775355946164 26.61265991714228 -5.89019925136189
   vertex 154.08208888843677 26.30248636642555 -5.89019925136189
   vertex 154.05992492248077 26.31286060193442 -6.04470774854937
  endloop
 endfacet
 facet normal 0.84358297523950 -0.51398532630561 -0.15552121472199
  outer loop
   vertex 154.05992492248077 26.31286060193442 -6.04470774854937
   vertex 154.08208888843677 26.30248636642555 -5.89019925136189
   vertex 153.74109685935090 25.74283017449338 -5.89019925136189
  endloop
 endfacet
 facet normal 0.71184536147655 -0.68490096591823 -0.15552121472196
  outer loop
   vertex 153.72171444969808 25.75776966395394 -6.04470774854937
   vertex 153.74109685935090 25.74283017449338 -5.89019925136189
   vertex 153.28671468511649 25.27057234575350 -5.89019925136189
  endloop
 endfacet
 facet normal 0.54613764731828 -0.82313232347725 -0.15552121472196
  outer loop
   vertex 153.01367035211368 25.08941096332865 -5.89019925136189
   vertex 152.74062601911089 24.90824958090378 -5.89019925136189
   vertex 152.72940469750247 24.92999695064479 -6.04470774854937
  endloop
 endfacet
 facet normal 0.35436760036546 -0.92208283553195 -0.15552121472194
  outer loop
   vertex 152.72940469750247 24.92999695064479 -6.04470774854937
   vertex 152.74062601911089 24.90824958090378 -5.89019925136189
   vertex 152.12889085668266 24.67315234970566 -5.89019925136189
  endloop
 endfacet
 facet normal 0.88676650703607 -0.09744085353179 -0.45183010309412
  outer loop
   vertex 154.26950849718540 27.57426778330588 -6.18409187750813
   vertex 154.34052825814550 27.57426778330590 -6.04470774854937
   vertex 154.26953039882909 26.92814737865950 -6.04470774854937
  endloop
 endfacet
 facet normal 0.84444896322471 -0.28767256811639 -0.45183010309411
  outer loop
   vertex 154.20020521125559 26.94356894844757 -6.18409187750813
   vertex 154.26953039882909 26.92814737865950 -6.04470774854937
   vertex 154.05992492248077 26.31286060193442 -6.04470774854937
  endloop
 endfacet
 facet normal 0.76183331871355 -0.46417620839052 -0.45183010309419
  outer loop
   vertex 153.99560258802600 26.34296780600787 -6.18409187750813
   vertex 154.05992492248077 26.31286060193442 -6.04470774854937
   vertex 153.72171444969808 25.75776966395394 -6.04470774854937
  endloop
 endfacet
 facet normal 0.64286208951829 -0.61852881242355 -0.45183010309417
  outer loop
   vertex 153.66546450604164 25.80112575101768 -6.18409187750813
   vertex 153.72171444969808 25.75776966395394 -6.04470774854937
   vertex 153.27103878322040 25.28936415910497 -6.04470774854937
  endloop
 endfacet
 facet normal 0.49321272304332 -0.74336449186522 -0.45183010309425
  outer loop
   vertex 153.22554554403015 25.34390012553825 -6.18409187750813
   vertex 153.27103878322040 25.28936415910497 -6.04470774854937
   vertex 152.72940469750247 24.92999695064479 -6.04470774854937
  endloop
 endfacet
 facet normal 0.32002666359446 -0.83272594082719 -0.45183010309416
  outer loop
   vertex 152.69683915381984 24.99311027579475 -6.18409187750813
   vertex 152.72940469750247 24.92999695064479 -6.04470774854937
   vertex 152.12265961006659 24.69681746569738 -6.04470774854937
  endloop
 endfacet
 facet normal 0.70498193452919 -0.07746576001682 -0.70498193452918
  outer loop
   vertex 154.15889262614417 27.57426778330588 -6.29470774854936
   vertex 154.26950849718540 27.57426778330588 -6.18409187750813
   vertex 154.20020521125559 26.94356894844757 -6.18409187750813
  endloop
 endfacet
 facet normal 0.67133936496436 -0.22870052259813 -0.70498193452924
  outer loop
   vertex 154.09222870014273 26.96758860652400 -6.29470774854936
   vertex 154.20020521125559 26.94356894844757 -6.18409187750813
   vertex 153.99560258802600 26.34296780600787 -6.18409187750813
  endloop
 endfacet
 facet normal 0.60565968894184 -0.36902142644894 -0.70498193452915
  outer loop
   vertex 153.89541820332897 26.38986087574196 -6.29470774854936
   vertex 153.99560258802600 26.34296780600787 -6.18409187750813
   vertex 153.66546450604164 25.80112575101768 -6.18409187750813
  endloop
 endfacet
 facet normal 0.51107721808180 -0.49173219250456 -0.70498193452912
  outer loop
   vertex 153.57785316478311 25.86865443980317 -6.29470774854936
   vertex 153.66546450604164 25.80112575101768 -6.18409187750813
   vertex 153.22554554403015 25.34390012553825 -6.18409187750813
  endloop
 endfacet
 facet normal 0.39210553947027 -0.59097691825000 -0.70498193452915
  outer loop
   vertex 153.15468816276780 25.42884188468444 -6.29470774854936
   vertex 153.22554554403015 25.34390012553825 -6.18409187750813
   vertex 152.69683915381984 24.99311027579475 -6.18409187750813
  endloop
 endfacet
 facet normal 0.25442212195840 -0.66201952829635 -0.70498193452915
  outer loop
   vertex 152.64611713037613 25.09141158435158 -6.29470774854936
   vertex 152.69683915381984 24.99311027579475 -6.18409187750813
   vertex 152.10457582805279 24.76549630723469 -6.18409187750813
  endloop
 endfacet
 facet normal 0.45342664890801 -0.04982402845969 -0.88989990462304
  outer loop
   vertex 154.01950849718537 27.57426778330588 -6.36572750950947
   vertex 154.15889262614417 27.57426778330588 -6.29470774854936
   vertex 154.09222870014273 26.96758860652400 -6.29470774854936
  endloop
 endfacet
 facet normal 0.43178859432645 -0.14709442396484 -0.88989990462301
  outer loop
   vertex 153.95617035871484 26.99785514140147 -6.36572750950947
   vertex 154.09222870014273 26.96758860652400 -6.29470774854936
   vertex 153.89541820332897 26.38986087574196 -6.29470774854936
  endloop
 endfacet
 facet normal 0.38954507865368 -0.23734530003489 -0.88989990462301
  outer loop
   vertex 153.76917851398943 26.44894959074789 -6.36572750950947
   vertex 153.89541820332897 26.38986087574196 -6.29470774854936
   vertex 153.57785316478311 25.86865443980317 -6.29470774854936
  endloop
 endfacet
 facet normal 0.32871201229126 -0.31626977839716 -0.88989990462301
  outer loop
   vertex 153.46745643442890 25.95374555175204 -6.36572750950947
   vertex 153.57785316478311 25.86865443980317 -6.29470774854936
   vertex 153.15468816276780 25.42884188468444 -6.29470774854936
  endloop
 endfacet
 facet normal 0.25219242092925 -0.38010148983901 -0.88989990462299
  outer loop
   vertex 153.06540265360363 25.53587474533427 -6.36572750950947
   vertex 153.15468816276780 25.42884188468444 -6.29470774854936
   vertex 152.64611713037613 25.09141158435158 -6.29470774854936
  endloop
 endfacet
 facet normal 0.16363790973554 -0.42579430978977 -0.88989990462301
  outer loop
   vertex 152.58220365222709 25.21527845932826 -6.36572750950947
   vertex 152.64611713037613 25.09141158435158 -6.29470774854936
   vertex 152.07640967722193 24.87246611079431 -6.29470774854936
  endloop
 endfacet
 facet normal 0.15641135851224 -0.01718700035981 -0.98754245171891
  outer loop
   vertex 153.86499999999791 27.57426778330589 -6.39019925136189
   vertex 154.01950849718537 27.57426778330588 -6.36572750950947
   vertex 153.95617035871484 26.99785514140147 -6.36572750950947
  endloop
 endfacet
 facet normal 0.14894722396959 -0.05074081714721 -0.98754245171891
  outer loop
   vertex 153.80534852540512 27.03140585376683 -6.39019925136189
   vertex 153.95617035871484 26.99785514140147 -6.36572750950947
   vertex 153.76917851398943 26.44894959074789 -6.36572750950947
  endloop
 endfacet
 facet normal 0.13437515218990 -0.08187322228271 -0.98754245171891
  outer loop
   vertex 153.62924074036363 26.51444993590561 -6.39019925136189
   vertex 153.76917851398943 26.44894959074789 -6.36572750950947
   vertex 153.46745643442890 25.95374555175204 -6.36572750950947
  endloop
 endfacet
 facet normal 0.11339053962880 -0.10909854066714 -0.98754245171891
  outer loop
   vertex 153.34508071612541 26.04806977596214 -6.39019925136189
   vertex 153.46745643442890 25.95374555175204 -6.36572750950947
   vertex 153.06540265360363 25.53587474533427 -6.36572750950947
  endloop
 endfacet
 facet normal 0.08699479675272 -0.13111754799019 -0.98754245171891
  outer loop
   vertex 152.96642890426338 25.65452158534557 -6.39019925136189
   vertex 153.06540265360363 25.53587474533427 -6.36572750950947
   vertex 152.58220365222709 25.21527845932826 -6.36572750950947
  endloop
 endfacet
 facet normal 0.05644755955010 -0.14687947124718 -0.98754245171891
  outer loop
   vertex 152.51135501592540 25.35258594797079 -6.39019925136189
   vertex 152.58220365222709 25.21527845932826 -6.36572750950947
   vertex 152.04091825666239 25.00725592670138 -6.36572750950947
  endloop
 endfacet
 facet normal 0.00000000000000 0.15643446504023 -0.98768834059514
  outer loop
   vertex 151.36499999999791 147.99999999996817 -6.39019925136189
   vertex -7.49500000000000 147.99999999996817 -6.39019925136189
   vertex -7.49500000000000 148.15450849715563 -6.36572750950947
  endloop
 endfacet
 facet normal 0.00000000000000 0.45399049973955 -0.89100652418837
  outer loop
   vertex 151.36499999999788 148.15450849715563 -6.36572750950947
   vertex -7.49500000000000 148.15450849715563 -6.36572750950947
   vertex -7.49500000000000 148.29389262611440 -6.29470774854936
  endloop
 endfacet
 facet normal 0.00000000000000 0.70710678118656 -0.70710678118654
  outer loop
   vertex 151.36499999999788 148.29389262611440 -6.29470774854936
   vertex -7.49500000000000 148.29389262611440 -6.29470774854936
   vertex -7.49500000000000 148.40450849715563 -6.18409187750813
  endloop
 endfacet
 facet normal 0.00000000000000 0.89100652418831 -0.45399049973967
  outer loop
   vertex 151.36499999999788 148.40450849715563 -6.18409187750813
   vertex -7.49500000000000 148.40450849715563 -6.18409187750813
   vertex -7.49500000000000 148.47552825811576 -6.04470774854937
  endloop
 endfacet
 facet normal 0.00000000000000 0.98768834059521 -0.15643446503979
  outer loop
   vertex 151.36499999999788 148.47552825811576 -6.04470774854937
   vertex -7.49500000000000 148.47552825811576 -6.04470774854937
   vertex -7.49500000000000 148.49999999996811 -5.89019925136189
  endloop
 endfacet
 facet normal -0.00000000000000 0.98768834059515 -0.15643446504014
  outer loop
   vertex -7.49500000000000 148.49999999996811 -5.89019925136189
   vertex 151.36499999999791 148.49999999996817 -5.89019925136189
   vertex 151.36499999999788 148.47552825811576 -6.04470774854937
  endloop
 endfacet
 facet normal 0.00000000000000 0.89100652418831 -0.45399049973967
  outer loop
   vertex -7.49500000000000 148.47552825811576 -6.04470774854937
   vertex 151.36499999999788 148.47552825811576 -6.04470774854937
   vertex 151.36499999999788 148.40450849715563 -6.18409187750813
  endloop
 endfacet
 facet normal 0.00000000000000 0.70710678118656 -0.70710678118654
  outer loop
   vertex -7.49500000000000 148.40450849715563 -6.18409187750813
   vertex 151.36499999999788 148.40450849715563 -6.18409187750813
   vertex 151.36499999999788 148.29389262611440 -6.29470774854936
  endloop
 endfacet
 facet normal 0.00000000000000 0.45399049973955 -0.89100652418837
  outer loop
   vertex -7.49500000000000 148.29389262611440 -6.29470774854936
   vertex 151.36499999999788 148.29389262611440 -6.29470774854936
   vertex 151.36499999999788 148.15450849715563 -6.36572750950947
  endloop
 endfacet
 facet normal 0.00000000000000 0.15643446504023 -0.98768834059514
  outer loop
   vertex -7.49500000000000 148.15450849715563 -6.36572750950947
   vertex 151.36499999999788 148.15450849715563 -6.36572750950947
   vertex 151.36499999999791 147.99999999996817 -6.39019925136189
  endloop
 endfacet
 facet normal 0.15643446504019 0.00000000000000 -0.98768834059514
  outer loop
   vertex 153.86499999999791 27.57426778330589 -6.39019925136189
   vertex 153.86499999999791 145.49999999996817 -6.39019925136189
   vertex 154.01950849718540 145.49999999996817 -6.36572750950947
  endloop
 endfacet
 facet normal 0.45399049973955 0.00000000000000 -0.89100652418837
  outer loop
   vertex 154.01950849718540 27.57426778330590 -6.36572750950947
   vertex 154.01950849718540 145.49999999996817 -6.36572750950947
   vertex 154.15889262614417 145.49999999996817 -6.29470774854937
  endloop
 endfacet
 facet normal 0.70710678118656 0.00000000000000 -0.70710678118653
  outer loop
   vertex 154.15889262614417 27.57426778330590 -6.29470774854937
   vertex 154.15889262614417 145.49999999996817 -6.29470774854937
   vertex 154.26950849718540 145.49999999996817 -6.18409187750813
  endloop
 endfacet
 facet normal 0.89100652418838 0.00000000000000 -0.45399049973953
  outer loop
   vertex 154.26950849718540 27.57426778330590 -6.18409187750813
   vertex 154.26950849718540 145.49999999996817 -6.18409187750813
   vertex 154.34052825814550 145.49999999996817 -6.04470774854937
  endloop
 endfacet
 facet normal 0.98768834059512 0.00000000000000 -0.15643446504032
  outer loop
   vertex 154.34052825814550 27.57426778330590 -6.04470774854937
   vertex 154.34052825814550 145.49999999996817 -6.04470774854937
   vertex 154.36499999999793 145.49999999996817 -5.89019925136189
  endloop
 endfacet
 facet normal 0.98768834059512 0.00000000000000 -0.15643446504032
  outer loop
   vertex 154.36499999999793 145.49999999996817 -5.89019925136189
   vertex 154.36499999999793 27.57426778330589 -5.89019925136189
   vertex 154.34052825814550 27.57426778330590 -6.04470774854937
  endloop
 endfacet
 facet normal 0.89100652418838 0.00000000000000 -0.45399049973953
  outer loop
   vertex 154.34052825814550 145.49999999996817 -6.04470774854937
   vertex 154.34052825814550 27.57426778330590 -6.04470774854937
   vertex 154.26950849718540 27.57426778330590 -6.18409187750813
  endloop
 endfacet
 facet normal 0.70710678118656 0.00000000000000 -0.70710678118653
  outer loop
   vertex 154.26950849718540 145.49999999996817 -6.18409187750813
   vertex 154.26950849718540 27.57426778330590 -6.18409187750813
   vertex 154.15889262614417 27.57426778330590 -6.29470774854937
  endloop
 endfacet
 facet normal 0.45399049973955 0.00000000000000 -0.89100652418837
  outer loop
   vertex 154.15889262614417 145.49999999996817 -6.29470774854937
   vertex 154.15889262614417 27.57426778330590 -6.29470774854937
   vertex 154.01950849718540 27.57426778330590 -6.36572750950947
  endloop
 endfacet
 facet normal 0.15643446504019 0.00000000000000 -0.98768834059514
  outer loop
   vertex 154.01950849718540 145.49999999996817 -6.36572750950947
   vertex 154.01950849718540 27.57426778330590 -6.36572750950947
   vertex 153.86499999999791 27.57426778330589 -6.39019925136189
  endloop
 endfacet
 facet normal 0.15641017068357 0.01762319376120 -0.98753495206418
  outer loop
   vertex 154.01950849718537 145.49999999996817 -6.36572750950948
   vertex 153.86499999999791 145.49999999996817 -6.39019925136189
   vertex 153.80231978045245 146.05630233485894 -6.39019925136189
  endloop
 endfacet
 facet normal 0.14856711161348 0.05198588076035 -0.98753495206418
  outer loop
   vertex 153.95295442702979 146.09068370995729 -6.36572750950948
   vertex 153.80231978045245 146.05630233485894 -6.39019925136189
   vertex 153.61742216975392 146.58470934776204 -6.39019925136189
  endloop
 endfacet
 facet normal 0.13327427720487 0.08374177862402 -0.98753495206418
  outer loop
   vertex 153.75662951554625 146.65174807224719 -6.36572750950948
   vertex 153.61742216975392 146.58470934776204 -6.39019925136189
   vertex 153.31957870616799 147.05872450461499 -6.39019925136189
  endloop
 endfacet
 facet normal 0.11129851403231 0.11129851403232 -0.98753495206418
  outer loop
   vertex 153.44037831357798 147.15505897691190 -6.36572750950948
   vertex 153.31957870616799 147.05872450461499 -6.39019925136189
   vertex 152.92372450464472 147.45457870613822 -6.39019925136189
  endloop
 endfacet
 facet normal 0.08374177862404 0.13327427720488 -0.98753495206418
  outer loop
   vertex 153.02005897694164 147.57537831354821 -6.36572750950948
   vertex 152.92372450464472 147.45457870613822 -6.39019925136189
   vertex 152.44970934779178 147.75242216972418 -6.39019925136189
  endloop
 endfacet
 facet normal 0.05198588076035 0.14856711161349 -0.98753495206418
  outer loop
   vertex 152.51674807227693 147.89162951551648 -6.36572750950948
   vertex 152.44970934779178 147.75242216972418 -6.39019925136189
   vertex 151.92130233488868 147.93731978042271 -6.39019925136189
  endloop
 endfacet
 facet normal 0.01762319376120 0.15641017068357 -0.98753495206417
  outer loop
   vertex 151.95568370998703 148.08795442700003 -6.36572750950948
   vertex 151.92130233488868 147.93731978042271 -6.39019925136189
   vertex 151.36499999999791 147.99999999996817 -6.39019925136189
  endloop
 endfacet
 facet normal 0.45339771324646 0.05108565329546 -0.88984311518956
  outer loop
   vertex 154.15889262614414 145.49999999996817 -6.29470774854937
   vertex 154.01950849718537 145.49999999996817 -6.36572750950948
   vertex 153.95295442702979 146.09068370995729 -6.36572750950948
  endloop
 endfacet
 facet normal 0.43066245868030 0.15069531191505 -0.88984311518956
  outer loop
   vertex 154.08884390486685 146.12169959651189 -6.29470774854937
   vertex 153.95295442702979 146.09068370995729 -6.36572750950948
   vertex 153.75662951554625 146.65174807224719 -6.36572750950948
  endloop
 endfacet
 facet normal 0.38633199014615 0.24274847834641 -0.88984311518954
  outer loop
   vertex 153.88221027641779 146.71222457929343 -6.29470774854937
   vertex 153.75662951554625 146.65174807224719 -6.36572750950948
   vertex 153.44037831357798 147.15505897691190 -6.36572750950948
  endloop
 endfacet
 facet normal 0.32262922244412 0.32262922244414 -0.88984311518952
  outer loop
   vertex 153.54935321375430 147.24196355985865 -6.29470774854937
   vertex 153.44037831357798 147.15505897691190 -6.36572750950948
   vertex 153.02005897694164 147.57537831354821 -6.36572750950948
  endloop
 endfacet
 facet normal 0.24274847834641 0.38633199014614 -0.88984311518954
  outer loop
   vertex 153.10696355988841 147.68435321372453 -6.29470774854937
   vertex 153.02005897694164 147.57537831354821 -6.36572750950948
   vertex 152.51674807227693 147.89162951551648 -6.36572750950948
  endloop
 endfacet
 facet normal 0.15069531191506 0.43066245868031 -0.88984311518956
  outer loop
   vertex 152.57722457932320 148.01721027638803 -6.29470774854937
   vertex 152.51674807227693 147.89162951551648 -6.36572750950948
   vertex 151.95568370998703 148.08795442700003 -6.36572750950948
  endloop
 endfacet
 facet normal 0.05108565329546 0.45339771324646 -0.88984311518956
  outer loop
   vertex 151.98669959654163 148.22384390483708 -6.29470774854937
   vertex 151.95568370998703 148.08795442700003 -6.36572750950948
   vertex 151.36499999999791 148.15450849715560 -6.36572750950948
  endloop
 endfacet
 facet normal 0.70487319502664 0.07942013514043 -0.70487319502675
  outer loop
   vertex 154.26950849718540 145.49999999996817 -6.18409187750813
   vertex 154.15889262614414 145.49999999996817 -6.29470774854937
   vertex 154.08884390486685 146.12169959651189 -6.29470774854937
  endloop
 endfacet
 facet normal 0.66952790973391 0.23427794821580 -0.70487319502669
  outer loop
   vertex 154.19668640507527 146.14631394344636 -6.18409187750813
   vertex 154.08884390486685 146.12169959651189 -6.29470774854937
   vertex 153.88221027641779 146.71222457929343 -6.29470774854937
  endloop
 endfacet
 facet normal 0.60060969934191 0.37738808670800 -0.70487319502680
  outer loop
   vertex 153.98187173252188 146.76021900702659 -6.18409187750813
   vertex 153.88221027641779 146.71222457929343 -6.29470774854937
   vertex 153.54935321375430 147.24196355985865 -6.29470774854937
  endloop
 endfacet
 facet normal 0.50157441069736 0.50157441069736 -0.70487319502674
  outer loop
   vertex 153.63583618419497 147.31093142737660 -6.18409187750813
   vertex 153.54935321375430 147.24196355985865 -6.29470774854937
   vertex 153.10696355988841 147.68435321372453 -6.29470774854937
  endloop
 endfacet
 facet normal 0.37738808670802 0.60060969934195 -0.70487319502676
  outer loop
   vertex 153.17593142740634 147.77083618416523 -6.18409187750813
   vertex 153.10696355988841 147.68435321372453 -6.29470774854937
   vertex 152.57722457932320 148.01721027638803 -6.29470774854937
  endloop
 endfacet
 facet normal 0.23427794821577 0.66952790973386 -0.70487319502675
  outer loop
   vertex 152.62521900705633 148.11687173249211 -6.18409187750813
   vertex 152.57722457932320 148.01721027638803 -6.29470774854937
   vertex 151.98669959654163 148.22384390483708 -6.29470774854937
  endloop
 endfacet
 facet normal 0.07942013514043 0.70487319502668 -0.70487319502670
  outer loop
   vertex 152.01131394347610 148.33168640504550 -6.18409187750813
   vertex 151.98669959654163 148.22384390483708 -6.29470774854937
   vertex 151.36499999999791 148.29389262611437 -6.29470774854937
  endloop
 endfacet
 facet normal 0.88655012423965 0.09989020886690 -0.45171985055252
  outer loop
   vertex 154.34052825814550 145.49999999996817 -6.04470774854937
   vertex 154.26950849718540 145.49999999996817 -6.18409187750813
   vertex 154.19668640507527 146.14631394344636 -6.18409187750813
  endloop
 endfacet
 facet normal 0.84209479909935 0.29466171442288 -0.45171985055253
  outer loop
   vertex 154.26592555235175 146.16211732698457 -6.04470774854937
   vertex 154.19668640507527 146.14631394344636 -6.18409187750813
   vertex 153.98187173252188 146.76021900702659 -6.18409187750813
  endloop
 endfacet
 facet normal 0.75541332445056 0.47465765121761 -0.45171985055245
  outer loop
   vertex 154.04585832615280 146.79103332646318 -6.04470774854937
   vertex 153.98187173252188 146.76021900702659 -6.18409187750813
   vertex 153.63583618419497 147.31093142737660 -6.18409187750813
  endloop
 endfacet
 facet normal 0.63085227138247 0.63085227138247 -0.45171985055250
  outer loop
   vertex 153.69136166919094 147.35521152406565 -6.04470774854937
   vertex 153.63583618419497 147.31093142737660 -6.18409187750813
   vertex 153.17593142740634 147.77083618416523 -6.18409187750813
  endloop
 endfacet
 facet normal 0.47465765121755 0.75541332445052 -0.45171985055259
  outer loop
   vertex 153.22021152409542 147.82636166916120 -6.04470774854937
   vertex 153.17593142740634 147.77083618416523 -6.18409187750813
   vertex 152.62521900705633 148.11687173249211 -6.18409187750813
  endloop
 endfacet
 facet normal 0.29466171442288 0.84209479909935 -0.45171985055252
  outer loop
   vertex 152.65603332649295 148.18085832612303 -6.04470774854937
   vertex 152.62521900705633 148.11687173249211 -6.18409187750813
   vertex 152.01131394347610 148.33168640504550 -6.18409187750813
  endloop
 endfacet
 facet normal 0.09989020886689 0.88655012423958 -0.45171985055265
  outer loop
   vertex 152.02711732701431 148.40092555232201 -6.04470774854937
   vertex 152.01131394347610 148.33168640504550 -6.18409187750813
   vertex 151.36499999999791 148.40450849715563 -6.18409187750813
  endloop
 endfacet
 facet normal 0.98162854659708 0.11060297423498 -0.15547468795945
  outer loop
   vertex 154.36499999999793 145.49999999996817 -5.89019925136189
   vertex 154.34052825814550 145.49999999996817 -6.04470774854937
   vertex 154.26592555235175 146.16211732698457 -6.04470774854937
  endloop
 endfacet
 facet normal 0.93240559234688 0.32626282773898 -0.15547468795924
  outer loop
   vertex 154.04585832615280 146.79103332646318 -6.04470774854937
   vertex 154.06790660370515 146.80165121732082 -5.89019925136189
   vertex 154.20107763860739 146.42107026501938 -5.89019925136189
  endloop
 endfacet
 facet normal 0.93240559234688 0.32626282773896 -0.15547468795929
  outer loop
   vertex 154.20107763860739 146.42107026501938 -5.89019925136189
   vertex 154.26592555235175 146.16211732698457 -6.04470774854937
   vertex 154.04585832615280 146.79103332646318 -6.04470774854937
  endloop
 endfacet
 facet normal 0.83642792830967 0.52556250070520 -0.15547468795943
  outer loop
   vertex 154.04585832615280 146.79103332646318 -6.04470774854937
   vertex 153.69136166919094 147.35521152406565 -6.04470774854937
   vertex 153.78183271933091 147.25693519616181 -5.89019925136189
  endloop
 endfacet
 facet normal 0.83642792830965 0.52556250070526 -0.15547468795938
  outer loop
   vertex 153.69136166919094 147.35521152406565 -6.04470774854937
   vertex 153.71049444740200 147.37046940554436 -5.89019925136189
   vertex 153.78183271933091 147.25693519616181 -5.89019925136189
  endloop
 endfacet
 facet normal 0.69850827532821 0.69850827532817 -0.15547468795938
  outer loop
   vertex 153.71049444740200 147.37046940554436 -5.89019925136189
   vertex 153.69136166919094 147.35521152406565 -6.04470774854937
   vertex 153.22021152409542 147.82636166916120 -6.04470774854937
  endloop
 endfacet
 facet normal 0.52556250070522 0.83642792830967 -0.15547468795940
  outer loop
   vertex 152.65603332649295 148.18085832612303 -6.04470774854937
   vertex 152.66665121735059 148.20290660367542 -5.89019925136189
   vertex 153.12193519619154 147.91683271930114 -5.89019925136189
  endloop
 endfacet
 facet normal 0.52556250070519 0.83642792830972 -0.15547468795922
  outer loop
   vertex 153.12193519619154 147.91683271930114 -5.89019925136189
   vertex 153.22021152409542 147.82636166916120 -6.04470774854937
   vertex 152.65603332649295 148.18085832612303 -6.04470774854937
  endloop
 endfacet
 facet normal 0.32626282773899 0.93240559234687 -0.15547468795927
  outer loop
   vertex 152.65603332649295 148.18085832612303 -6.04470774854937
   vertex 152.02711732701431 148.40092555232201 -6.04470774854937
   vertex 152.28607026504909 148.33607763857765 -5.89019925136189
  endloop
 endfacet
 facet normal 0.32626282773900 0.93240559234687 -0.15547468795929
  outer loop
   vertex 152.02711732701431 148.40092555232201 -6.04470774854937
   vertex 152.03256280186685 148.42478373651363 -5.89019925136189
   vertex 152.28607026504909 148.33607763857765 -5.89019925136189
  endloop
 endfacet
 facet normal 0.11060297423494 0.98162854659710 -0.15547468795929
  outer loop
   vertex 152.03256280186685 148.42478373651363 -5.89019925136189
   vertex 152.02711732701431 148.40092555232201 -6.04470774854937
   vertex 151.36499999999791 148.47552825811573 -6.04470774854937
  endloop
 endfacet
 facet normal 0.11060297423498 0.98162854659708 -0.15547468795945
  outer loop
   vertex 151.36499999999791 148.47552825811573 -6.04470774854937
   vertex 151.36499999999791 148.49999999996817 -5.89019925136189
   vertex 152.03256280186685 148.42478373651363 -5.89019925136189
  endloop
 endfacet
 facet normal 0.32626282773893 0.93240559234687 -0.15547468795941
  outer loop
   vertex 152.28607026504909 148.33607763857765 -5.89019925136189
   vertex 152.66665121735059 148.20290660367542 -5.89019925136189
   vertex 152.65603332649295 148.18085832612303 -6.04470774854937
  endloop
 endfacet
 facet normal 0.52556250070528 0.83642792830968 -0.15547468795914
  outer loop
   vertex 153.12193519619154 147.91683271930114 -5.89019925136189
   vertex 153.23546940557409 147.84549444737223 -5.89019925136189
   vertex 153.22021152409542 147.82636166916120 -6.04470774854937
  endloop
 endfacet
 facet normal 0.69850827532820 0.69850827532824 -0.15547468795913
  outer loop
   vertex 153.22021152409542 147.82636166916120 -6.04470774854937
   vertex 153.23546940557409 147.84549444737223 -5.89019925136189
   vertex 153.71049444740200 147.37046940554436 -5.89019925136189
  endloop
 endfacet
 facet normal 0.83642792830973 0.52556250070517 -0.15547468795925
  outer loop
   vertex 153.78183271933091 147.25693519616181 -5.89019925136189
   vertex 154.06790660370515 146.80165121732082 -5.89019925136189
   vertex 154.04585832615280 146.79103332646318 -6.04470774854937
  endloop
 endfacet
 facet normal 0.93240559234688 0.32626282773897 -0.15547468795929
  outer loop
   vertex 154.20107763860739 146.42107026501938 -5.89019925136189
   vertex 154.28978373654337 146.16756280183711 -5.89019925136189
   vertex 154.26592555235175 146.16211732698457 -6.04470774854937
  endloop
 endfacet
 facet normal 0.98162854659710 0.11060297423502 -0.15547468795930
  outer loop
   vertex 154.26592555235175 146.16211732698457 -6.04470774854937
   vertex 154.28978373654337 146.16756280183711 -5.89019925136189
   vertex 154.36499999999793 145.49999999996817 -5.89019925136189
  endloop
 endfacet
 facet normal 0.09989020886687 0.88655012423965 -0.45171985055252
  outer loop
   vertex 151.36499999999791 148.40450849715563 -6.18409187750813
   vertex 151.36499999999791 148.47552825811573 -6.04470774854937
   vertex 152.02711732701431 148.40092555232201 -6.04470774854937
  endloop
 endfacet
 facet normal 0.29466171442289 0.84209479909927 -0.45171985055267
  outer loop
   vertex 152.01131394347610 148.33168640504550 -6.18409187750813
   vertex 152.02711732701431 148.40092555232201 -6.04470774854937
   vertex 152.65603332649295 148.18085832612303 -6.04470774854937
  endloop
 endfacet
 facet normal 0.47465765121755 0.75541332445055 -0.45171985055253
  outer loop
   vertex 152.62521900705633 148.11687173249211 -6.18409187750813
   vertex 152.65603332649295 148.18085832612303 -6.04470774854937
   vertex 153.22021152409542 147.82636166916120 -6.04470774854937
  endloop
 endfacet
 facet normal 0.63085227138245 0.63085227138241 -0.45171985055260
  outer loop
   vertex 153.17593142740634 147.77083618416523 -6.18409187750813
   vertex 153.22021152409542 147.82636166916120 -6.04470774854937
   vertex 153.69136166919094 147.35521152406565 -6.04470774854937
  endloop
 endfacet
 facet normal 0.75541332445054 0.47465765121758 -0.45171985055252
  outer loop
   vertex 153.63583618419497 147.31093142737660 -6.18409187750813
   vertex 153.69136166919094 147.35521152406565 -6.04470774854937
   vertex 154.04585832615280 146.79103332646318 -6.04470774854937
  endloop
 endfacet
 facet normal 0.84209479909937 0.29466171442290 -0.45171985055247
  outer loop
   vertex 153.98187173252188 146.76021900702659 -6.18409187750813
   vertex 154.04585832615280 146.79103332646318 -6.04470774854937
   vertex 154.26592555235175 146.16211732698457 -6.04470774854937
  endloop
 endfacet
 facet normal 0.88655012423965 0.09989020886690 -0.45171985055251
  outer loop
   vertex 154.19668640507527 146.14631394344636 -6.18409187750813
   vertex 154.26592555235175 146.16211732698457 -6.04470774854937
   vertex 154.34052825814550 145.49999999996817 -6.04470774854937
  endloop
 endfacet
 facet normal 0.07942013514044 0.70487319502664 -0.70487319502675
  outer loop
   vertex 151.36499999999791 148.29389262611437 -6.29470774854937
   vertex 151.36499999999791 148.40450849715563 -6.18409187750813
   vertex 152.01131394347610 148.33168640504550 -6.18409187750813
  endloop
 endfacet
 facet normal 0.23427794821577 0.66952790973392 -0.70487319502669
  outer loop
   vertex 151.98669959654163 148.22384390483708 -6.29470774854937
   vertex 152.01131394347610 148.33168640504550 -6.18409187750813
   vertex 152.62521900705633 148.11687173249211 -6.18409187750813
  endloop
 endfacet
 facet normal 0.37738808670803 0.60060969934195 -0.70487319502675
  outer loop
   vertex 152.57722457932320 148.01721027638803 -6.29470774854937
   vertex 152.62521900705633 148.11687173249211 -6.18409187750813
   vertex 153.17593142740634 147.77083618416523 -6.18409187750813
  endloop
 endfacet
 facet normal 0.50157441069736 0.50157441069736 -0.70487319502674
  outer loop
   vertex 153.10696355988841 147.68435321372453 -6.29470774854937
   vertex 153.17593142740634 147.77083618416523 -6.18409187750813
   vertex 153.63583618419497 147.31093142737660 -6.18409187750813
  endloop
 endfacet
 facet normal 0.60060969934196 0.37738808670806 -0.70487319502673
  outer loop
   vertex 153.54935321375430 147.24196355985865 -6.29470774854937
   vertex 153.63583618419497 147.31093142737660 -6.18409187750813
   vertex 153.98187173252188 146.76021900702659 -6.18409187750813
  endloop
 endfacet
 facet normal 0.66952790973384 0.23427794821574 -0.70487319502678
  outer loop
   vertex 153.88221027641779 146.71222457929343 -6.29470774854937
   vertex 153.98187173252188 146.76021900702659 -6.18409187750813
   vertex 154.19668640507527 146.14631394344636 -6.18409187750813
  endloop
 endfacet
 facet normal 0.70487319502668 0.07942013514045 -0.70487319502670
  outer loop
   vertex 154.08884390486685 146.12169959651189 -6.29470774854937
   vertex 154.19668640507527 146.14631394344636 -6.18409187750813
   vertex 154.26950849718540 145.49999999996817 -6.18409187750813
  endloop
 endfacet
 facet normal 0.05108565329546 0.45339771324646 -0.88984311518956
  outer loop
   vertex 151.36499999999791 148.15450849715560 -6.36572750950948
   vertex 151.36499999999791 148.29389262611437 -6.29470774854937
   vertex 151.98669959654163 148.22384390483708 -6.29470774854937
  endloop
 endfacet
 facet normal 0.15069531191505 0.43066245868030 -0.88984311518956
  outer loop
   vertex 151.95568370998703 148.08795442700003 -6.36572750950948
   vertex 151.98669959654163 148.22384390483708 -6.29470774854937
   vertex 152.57722457932320 148.01721027638803 -6.29470774854937
  endloop
 endfacet
 facet normal 0.24274847834640 0.38633199014611 -0.88984311518956
  outer loop
   vertex 152.51674807227693 147.89162951551648 -6.36572750950948
   vertex 152.57722457932320 148.01721027638803 -6.29470774854937
   vertex 153.10696355988841 147.68435321372453 -6.29470774854937
  endloop
 endfacet
 facet normal 0.32262922244409 0.32262922244409 -0.88984311518955
  outer loop
   vertex 153.02005897694164 147.57537831354821 -6.36572750950948
   vertex 153.10696355988841 147.68435321372453 -6.29470774854937
   vertex 153.54935321375430 147.24196355985865 -6.29470774854937
  endloop
 endfacet
 facet normal 0.38633199014617 0.24274847834643 -0.88984311518952
  outer loop
   vertex 153.44037831357798 147.15505897691190 -6.36572750950948
   vertex 153.54935321375430 147.24196355985865 -6.29470774854937
   vertex 153.88221027641779 146.71222457929343 -6.29470774854937
  endloop
 endfacet
 facet normal 0.43066245868033 0.15069531191507 -0.88984311518954
  outer loop
   vertex 153.75662951554625 146.65174807224719 -6.36572750950948
   vertex 153.88221027641779 146.71222457929343 -6.29470774854937
   vertex 154.08884390486685 146.12169959651189 -6.29470774854937
  endloop
 endfacet
 facet normal 0.45339771324646 0.05108565329546 -0.88984311518956
  outer loop
   vertex 153.95295442702979 146.09068370995729 -6.36572750950948
   vertex 154.08884390486685 146.12169959651189 -6.29470774854937
   vertex 154.15889262614414 145.49999999996817 -6.29470774854937
  endloop
 endfacet
 facet normal 0.01762319376120 0.15641017068359 -0.98753495206417
  outer loop
   vertex 151.36499999999791 147.99999999996817 -6.39019925136189
   vertex 151.36499999999791 148.15450849715560 -6.36572750950948
   vertex 151.95568370998703 148.08795442700003 -6.36572750950948
  endloop
 endfacet
 facet normal 0.05198588076035 0.14856711161350 -0.98753495206417
  outer loop
   vertex 151.92130233488868 147.93731978042271 -6.39019925136189
   vertex 151.95568370998703 148.08795442700003 -6.36572750950948
   vertex 152.51674807227693 147.89162951551648 -6.36572750950948
  endloop
 endfacet
 facet normal 0.08374177862404 0.13327427720489 -0.98753495206418
  outer loop
   vertex 152.44970934779178 147.75242216972418 -6.39019925136189
   vertex 152.51674807227693 147.89162951551648 -6.36572750950948
   vertex 153.02005897694164 147.57537831354821 -6.36572750950948
  endloop
 endfacet
 facet normal 0.11129851403231 0.11129851403232 -0.98753495206418
  outer loop
   vertex 152.92372450464472 147.45457870613822 -6.39019925136189
   vertex 153.02005897694164 147.57537831354821 -6.36572750950948
   vertex 153.44037831357798 147.15505897691190 -6.36572750950948
  endloop
 endfacet
 facet normal 0.13327427720489 0.08374177862404 -0.98753495206418
  outer loop
   vertex 153.31957870616799 147.05872450461499 -6.39019925136189
   vertex 153.44037831357798 147.15505897691190 -6.36572750950948
   vertex 153.75662951554625 146.65174807224719 -6.36572750950948
  endloop
 endfacet
 facet normal 0.14856711161346 0.05198588076034 -0.98753495206418
  outer loop
   vertex 153.61742216975392 146.58470934776204 -6.39019925136189
   vertex 153.75662951554625 146.65174807224719 -6.36572750950948
   vertex 153.95295442702979 146.09068370995729 -6.36572750950948
  endloop
 endfacet
 facet normal 0.15641017068355 0.01762319376119 -0.98753495206418
  outer loop
   vertex 153.80231978045245 146.05630233485894 -6.39019925136189
   vertex 153.95295442702979 146.09068370995729 -6.36572750950948
   vertex 154.01950849718537 145.49999999996817 -6.36572750950948
  endloop
 endfacet
 facet normal 0.00000000000000 0.00000000000000 -1.00000000000000
  outer loop
   vertex 150.79610255527993 28.30962241302620 -6.39019925136189
   vertex 152.51135501592540 25.35258594797079 -6.39019925136189
   vertex 152.00157571390187 25.15667158863904 -6.39019925136189
  endloop
 endfacet
 facet normal 0.00000000000000 0.00000000000000 -1.00000000000000
  outer loop
   vertex 150.79610255527993 28.30962241302620 -6.39019925136189
   vertex 152.96642890426338 25.65452158534556 -6.39019925136189
   vertex 152.51135501592540 25.35258594797079 -6.39019925136189
  endloop
 endfacet
 facet normal 0.00000000000000 0.00000000000000 -1.00000000000000
  outer loop
   vertex 150.79610255527993 28.30962241302620 -6.39019925136189
   vertex 153.62924074036363 26.51444993590561 -6.39019925136189
   vertex 153.34508071612541 26.04806977596213 -6.39019925136189
  endloop
 endfacet
 facet normal 0.00000000000000 0.00000000000000 -1.00000000000000
  outer loop
   vertex 147.53524071790329 137.38250515480306 -6.39019925136189
   vertex 146.60106372219070 34.46261429400798 -6.39019925136189
   vertex 145.49114745801597 34.02700426041844 -6.39019925136189
  endloop
 endfacet
 facet normal -0.00000000000000 0.00000000000000 -1.00000000000000
  outer loop
   vertex 153.34508071612541 26.04806977596213 -6.39019925136189
   vertex 152.96642890426338 25.65452158534556 -6.39019925136189
   vertex 150.79610255527993 28.30962241302620 -6.39019925136189
  endloop
 endfacet
 facet normal 0.00000000000000 0.00000000000000 -1.00000000000000
  outer loop
   vertex 143.88727198640629 32.29843760175092 -6.39019925136189
   vertex -0.87236113612672 138.24399441365566 -6.39019925136189
   vertex -0.06136524629767 139.11804011127330 -6.39019925136189
  endloop
 endfacet
 facet normal 0.00000000000000 0.00000000000000 -1.00000000000000
  outer loop
   vertex 145.49114745801597 34.02700426041844 -6.39019925136189
   vertex 0.45597087958291 140.19229964588416 -6.39019925136189
   vertex 147.53524071790329 137.38250515480306 -6.39019925136189
  endloop
 endfacet
 facet normal 0.00000000000000 0.00000000000000 -1.00000000000000
  outer loop
   vertex 152.00157571390187 25.15667158863904 -6.39019925136189
   vertex 148.95251155548155 26.83940765070387 -6.39019925136189
   vertex 149.98510666545090 27.43557671540857 -6.39019925136189
  endloop
 endfacet
 facet normal 0.00000000000000 0.00000000000000 -1.00000000000000
  outer loop
   vertex 143.88727198640629 32.29843760175092 -6.39019925136189
   vertex -1.90495624609608 137.64782534895096 -6.39019925136189
   vertex -0.87236113612672 138.24399441365566 -6.39019925136189
  endloop
 endfacet
 facet normal 0.00000000000000 -0.00000000000000 -1.00000000000000
  outer loop
   vertex 147.53524071790329 137.38250515480306 -6.39019925136189
   vertex 147.79006783236167 34.55171783400541 -6.39019925136189
   vertex 146.60106372219070 34.46261429400798 -6.39019925136189
  endloop
 endfacet
 facet normal 0.00000000000000 0.00000000000000 -1.00000000000000
  outer loop
   vertex 152.00157571390187 25.15667158863904 -6.39019925136189
   vertex 147.79006783236167 26.57408745655597 -6.39019925136189
   vertex 148.95251155548155 26.83940765070387 -6.39019925136189
  endloop
 endfacet
 facet normal 0.00000000000000 0.00000000000000 -1.00000000000000
  outer loop
   vertex 18.65849414392615 -9.95381027421724 -6.39019925136189
   vertex 146.60106372219070 26.66319099655340 -6.39019925136189
   vertex 147.79006783236167 26.57408745655597 -6.39019925136189
  endloop
 endfacet
 facet normal 0.00000000000000 0.00000000000000 -1.00000000000000
  outer loop
   vertex -6.29852783088096 -6.14753647928363 -6.39019925136189
   vertex -8.05130233489071 -9.97353386000496 -6.39019925136189
   vertex -8.57970934779384 -9.78863624930644 -6.39019925136189
  endloop
 endfacet
 facet normal 0.00000000000000 0.00000000000000 -1.00000000000000
  outer loop
   vertex -6.29852783088096 -6.14753647928363 -6.39019925136189
   vertex -9.93231978045449 -8.09251641444118 -6.39019925136189
   vertex -9.99499999999991 -7.53621407955039 -6.39019925136189
  endloop
 endfacet
 facet normal 0.00000000000000 0.00000000000000 -1.00000000000000
  outer loop
   vertex -1.90495624609608 137.64782534895096 -6.39019925136189
   vertex 143.88727198640629 32.29843760175092 -6.39019925136189
   vertex 143.53582415311547 31.15907170998538 -6.39019925136189
  endloop
 endfacet
 facet normal 0.00000000000000 0.00000000000000 -1.00000000000000
  outer loop
   vertex -0.06136524629767 139.11804011127330 -6.39019925136189
   vertex 144.55893997069666 33.28359359636436 -6.39019925136189
   vertex 143.88727198640629 32.29843760175092 -6.39019925136189
  endloop
 endfacet
 facet normal 0.00000000000000 0.00000000000000 -1.00000000000000
  outer loop
   vertex 147.53524071790329 137.38250515480306 -6.39019925136189
   vertex 148.95251155548155 34.28639763985750 -6.39019925136189
   vertex 147.79006783236167 34.55171783400541 -6.39019925136189
  endloop
 endfacet
 facet normal 0.00000000000000 -0.00000000000000 -1.00000000000000
  outer loop
   vertex 147.79006783236167 26.57408745655597 -6.39019925136189
   vertex 152.00157571390187 25.15667158863904 -6.39019925136189
   vertex 18.65849414392615 -9.95381027421724 -6.39019925136189
  endloop
 endfacet
 facet normal 0.00000000000000 0.00000000000000 -1.00000000000000
  outer loop
   vertex 18.65849414392615 -9.95381027421724 -6.39019925136189
   vertex 144.55893997069666 27.84221169419702 -6.39019925136189
   vertex 145.49114745801597 27.09880103014294 -6.39019925136189
  endloop
 endfacet
 facet normal 0.00000000000000 0.00000000000000 -1.00000000000000
  outer loop
   vertex 0.63367965643834 -3.42684552819995 -6.39019925136189
   vertex 18.34286197126641 -10.01552754164702 -6.39019925136189
   vertex 18.02191843002202 -10.03621407955039 -6.39019925136189
  endloop
 endfacet
 facet normal -0.00000000000000 0.00000000000000 -1.00000000000000
  outer loop
   vertex 18.02191843002202 -10.03621407955039 -6.39019925136189
   vertex -7.49499999999993 -10.03621407955040 -6.39019925136189
   vertex -3.06739996921596 -7.41566071692467 -6.39019925136189
  endloop
 endfacet
 facet normal 0.00000000000000 0.00000000000000 -1.00000000000000
  outer loop
   vertex -7.49499999999993 -10.03621407955040 -6.39019925136189
   vertex -5.36632034356166 -6.89094714333770 -6.39019925136189
   vertex -4.25640407938691 -7.32655717692724 -6.39019925136189
  endloop
 endfacet
 facet normal 0.00000000000000 0.00000000000000 -1.00000000000000
  outer loop
   vertex -8.57970934779384 -9.78863624930644 -6.39019925136189
   vertex -9.05372450464677 -9.49079278572047 -6.39019925136189
   vertex -6.29852783088096 -6.14753647928363 -6.39019925136189
  endloop
 endfacet
 facet normal 0.00000000000000 -0.00000000000000 -1.00000000000000
  outer loop
   vertex -6.29852783088096 -6.14753647928363 -6.39019925136189
   vertex -5.36632034356166 -6.89094714333770 -6.39019925136189
   vertex -7.49499999999993 -10.03621407955040 -6.39019925136189
  endloop
 endfacet
 facet normal 0.00000000000000 0.00000000000000 -1.00000000000000
  outer loop
   vertex -6.29852783088096 -6.14753647928363 -6.39019925136189
   vertex -9.74742216975598 -8.62092342734429 -6.39019925136189
   vertex -9.93231978045449 -8.09251641444118 -6.39019925136189
  endloop
 endfacet
 facet normal 0.00000000000000 0.00000000000000 -1.00000000000000
  outer loop
   vertex -6.29852783088096 144.09201129461144 -6.39019925136189
   vertex -9.05372450464684 147.45457870613816 -6.39019925136189
   vertex -8.57970934779391 147.75242216972416 -6.39019925136189
  endloop
 endfacet
 facet normal -0.00000000000000 0.00000000000000 -1.00000000000000
  outer loop
   vertex 143.53582415311547 31.15907170998538 -6.39019925136189
   vertex -4.25640407938691 0.47286612052735 -6.39019925136189
   vertex -1.90495624609608 137.64782534895096 -6.39019925136189
  endloop
 endfacet
 facet normal -0.00000000000000 0.00000000000000 -1.00000000000000
  outer loop
   vertex 145.49114745801597 34.02700426041844 -6.39019925136189
   vertex 144.55893997069666 33.28359359636436 -6.39019925136189
   vertex 0.45597087958291 140.19229964588416 -6.39019925136189
  endloop
 endfacet
 facet normal 0.00000000000000 0.00000000000000 -1.00000000000000
  outer loop
   vertex 147.53524071790329 137.38250515480306 -6.39019925136189
   vertex 151.31343868116053 31.74192334292431 -6.39019925136189
   vertex 150.79610255527993 32.81618287753518 -6.39019925136189
  endloop
 endfacet
 facet normal 0.00000000000000 0.00000000000000 -1.00000000000000
  outer loop
   vertex 143.49114745801597 30.56290264528069 -6.39019925136189
   vertex -0.06136524629767 -1.17356529594546 -6.39019925136189
   vertex -0.87236113612672 -0.29951959832783 -6.39019925136189
  endloop
 endfacet
 facet normal 0.00000000000000 0.00000000000000 -1.00000000000000
  outer loop
   vertex 150.79610255527993 28.30962241302620 -6.39019925136189
   vertex 151.31343868116053 29.38388194763707 -6.39019925136189
   vertex 153.86499999999791 27.57426778330589 -6.39019925136189
  endloop
 endfacet
 facet normal 0.00000000000000 -0.00000000000000 -1.00000000000000
  outer loop
   vertex 145.49114745801597 27.09880103014294 -6.39019925136189
   vertex 146.60106372219070 26.66319099655340 -6.39019925136189
   vertex 18.65849414392615 -9.95381027421724 -6.39019925136189
  endloop
 endfacet
 facet normal 0.00000000000000 0.00000000000000 -1.00000000000000
  outer loop
   vertex 0.45597087958291 -2.24782483055633 -6.39019925136189
   vertex 143.49114745801597 30.56290264528069 -6.39019925136189
   vertex 143.53582415311547 29.96673358057599 -6.39019925136189
  endloop
 endfacet
 facet normal 0.00000000000000 0.00000000000000 -1.00000000000000
  outer loop
   vertex 0.63367965643834 -3.42684552819995 -6.39019925136189
   vertex 18.65849414392615 -9.95381027421724 -6.39019925136189
   vertex 18.34286197126641 -10.01552754164702 -6.39019925136189
  endloop
 endfacet
 facet normal 0.00000000000000 0.00000000000000 -1.00000000000000
  outer loop
   vertex 18.02191843002202 -10.03621407955039 -6.39019925136189
   vertex -1.90495624609608 -7.15034052277677 -6.39019925136189
   vertex -0.87236113612672 -6.55417145807207 -6.39019925136189
  endloop
 endfacet
 facet normal 0.00000000000000 -0.00000000000000 -1.00000000000000
  outer loop
   vertex -4.25640407938691 -7.32655717692724 -6.39019925136189
   vertex -3.06739996921596 -7.41566071692467 -6.39019925136189
   vertex -7.49499999999993 -10.03621407955040 -6.39019925136189
  endloop
 endfacet
 facet normal 0.00000000000000 0.00000000000000 -1.00000000000000
  outer loop
   vertex -7.49499999999993 -10.03621407955040 -6.39019925136189
   vertex -8.05130233489071 -9.97353386000496 -6.39019925136189
   vertex -6.29852783088096 -6.14753647928363 -6.39019925136189
  endloop
 endfacet
 facet normal 0.00000000000000 0.00000000000000 -1.00000000000000
  outer loop
   vertex -6.29852783088096 -6.14753647928363 -6.39019925136189
   vertex -9.44957870617002 -9.09493858419723 -6.39019925136189
   vertex -9.74742216975598 -8.62092342734429 -6.39019925136189
  endloop
 endfacet
 facet normal -0.00000000000000 0.00000000000000 -1.00000000000000
  outer loop
   vertex -6.29852783088096 144.09201129461144 -6.39019925136189
   vertex -6.97019581517133 143.10685529999802 -6.39019925136189
   vertex -9.99500000000001 145.49999999996808 -6.39019925136189
  endloop
 endfacet
 facet normal 0.00000000000000 0.00000000000000 -1.00000000000000
  outer loop
   vertex -6.29852783088096 144.09201129461144 -6.39019925136189
   vertex -8.05130233489078 147.93731978042268 -6.39019925136189
   vertex -7.49500000000000 147.99999999996817 -6.39019925136189
  endloop
 endfacet
 facet normal 0.00000000000000 0.00000000000000 -1.00000000000000
  outer loop
   vertex -6.29852783088096 144.09201129461144 -6.39019925136189
   vertex -9.44957870617009 147.05872450461493 -6.39019925136189
   vertex -9.05372450464684 147.45457870613816 -6.39019925136189
  endloop
 endfacet
 facet normal 0.00000000000000 0.00000000000000 -1.00000000000000
  outer loop
   vertex 149.73027955099252 144.49864627339988 -6.39019925136189
   vertex 148.69768444102317 145.09481533810458 -6.39019925136189
   vertex 151.36499999999791 147.99999999996817 -6.39019925136189
  endloop
 endfacet
 facet normal 0.00000000000000 0.00000000000000 -1.00000000000000
  outer loop
   vertex 150.54127544082158 143.62460057578227 -6.39019925136189
   vertex 153.31957870616799 147.05872450461499 -6.39019925136189
   vertex 153.61742216975395 146.58470934776204 -6.39019925136189
  endloop
 endfacet
 facet normal 0.00000000000000 0.00000000000000 -1.00000000000000
  outer loop
   vertex -0.06136524629767 139.11804011127330 -6.39019925136189
   vertex 0.45597087958291 140.19229964588416 -6.39019925136189
   vertex 144.55893997069666 33.28359359636436 -6.39019925136189
  endloop
 endfacet
 facet normal 0.00000000000000 0.00000000000000 -1.00000000000000
  outer loop
   vertex 150.79610255527993 32.81618287753518 -6.39019925136189
   vertex 149.98510666545090 33.69022857515281 -6.39019925136189
   vertex 147.53524071790329 137.38250515480306 -6.39019925136189
  endloop
 endfacet
 facet normal 0.00000000000000 0.00000000000000 -1.00000000000000
  outer loop
   vertex -4.25640407938691 137.47160869480047 -6.39019925136189
   vertex -3.06739996921596 137.38250515480306 -6.39019925136189
   vertex -4.25640407938691 0.47286612052735 -6.39019925136189
  endloop
 endfacet
 facet normal 0.00000000000000 0.00000000000000 -1.00000000000000
  outer loop
   vertex -0.87236113612672 -0.29951959832783 -6.39019925136189
   vertex -1.90495624609608 0.29664946637687 -6.39019925136189
   vertex 143.49114745801597 30.56290264528069 -6.39019925136189
  endloop
 endfacet
 facet normal -0.00000000000000 0.00000000000000 -1.00000000000000
  outer loop
   vertex 153.86499999999791 27.57426778330589 -6.39019925136189
   vertex 153.80534852540512 27.03140585376683 -6.39019925136189
   vertex 150.79610255527993 28.30962241302620 -6.39019925136189
  endloop
 endfacet
 facet normal 0.00000000000000 0.00000000000000 -1.00000000000000
  outer loop
   vertex 18.65849414392615 -9.95381027421724 -6.39019925136189
   vertex 143.88727198640629 28.82736768881045 -6.39019925136189
   vertex 144.55893997069666 27.84221169419702 -6.39019925136189
  endloop
 endfacet
 facet normal 0.00000000000000 0.00000000000000 -1.00000000000000
  outer loop
   vertex 143.53582415311547 29.96673358057599 -6.39019925136189
   vertex 0.63367965643834 -3.42684552819995 -6.39019925136189
   vertex 0.45597087958291 -2.24782483055633 -6.39019925136189
  endloop
 endfacet
 facet normal 0.00000000000000 0.00000000000000 -1.00000000000000
  outer loop
   vertex 0.63367965643834 -3.42684552819995 -6.39019925136189
   vertex 143.88727198640629 28.82736768881045 -6.39019925136189
   vertex 18.65849414392615 -9.95381027421724 -6.39019925136189
  endloop
 endfacet
 facet normal 0.00000000000000 0.00000000000000 -1.00000000000000
  outer loop
   vertex -3.06739996921596 -7.41566071692467 -6.39019925136189
   vertex -1.90495624609608 -7.15034052277677 -6.39019925136189
   vertex 18.02191843002202 -10.03621407955039 -6.39019925136189
  endloop
 endfacet
 facet normal 0.00000000000000 0.00000000000000 -1.00000000000000
  outer loop
   vertex -9.99499999999991 -7.53621407955039 -6.39019925136189
   vertex -6.97019581517133 -5.16238048467018 -6.39019925136189
   vertex -6.29852783088096 -6.14753647928363 -6.39019925136189
  endloop
 endfacet
 facet normal 0.00000000000000 0.00000000000000 -1.00000000000000
  outer loop
   vertex -9.99500000000001 145.49999999996808 -6.39019925136189
   vertex -9.93231978045458 146.05630233485888 -6.39019925136189
   vertex -6.29852783088096 144.09201129461144 -6.39019925136189
  endloop
 endfacet
 facet normal 0.00000000000000 0.00000000000000 -1.00000000000000
  outer loop
   vertex -8.57970934779391 147.75242216972416 -6.39019925136189
   vertex -8.05130233489078 147.93731978042268 -6.39019925136189
   vertex -6.29852783088096 144.09201129461144 -6.39019925136189
  endloop
 endfacet
 facet normal 0.00000000000000 0.00000000000000 -1.00000000000000
  outer loop
   vertex 0.45597087958291 142.55034104117141 -6.39019925136189
   vertex 151.36499999999791 147.99999999996817 -6.39019925136189
   vertex 146.34623660773235 145.27103199225508 -6.39019925136189
  endloop
 endfacet
 facet normal 0.00000000000000 -0.00000000000000 -1.00000000000000
  outer loop
   vertex 151.36499999999791 147.99999999996817 -6.39019925136189
   vertex 151.92130233488868 147.93731978042271 -6.39019925136189
   vertex 149.73027955099252 144.49864627339988 -6.39019925136189
  endloop
 endfacet
 facet normal 0.00000000000000 0.00000000000000 -1.00000000000000
  outer loop
   vertex 150.54127544082158 143.62460057578227 -6.39019925136189
   vertex 152.92372450464472 147.45457870613822 -6.39019925136189
   vertex 153.31957870616799 147.05872450461499 -6.39019925136189
  endloop
 endfacet
 facet normal 0.00000000000000 0.00000000000000 -1.00000000000000
  outer loop
   vertex 150.54127544082158 143.62460057578227 -6.39019925136189
   vertex 149.73027955099252 144.49864627339988 -6.39019925136189
   vertex 152.44970934779178 147.75242216972421 -6.39019925136189
  endloop
 endfacet
 facet normal 0.00000000000000 0.00000000000000 -1.00000000000000
  outer loop
   vertex 149.98510666545090 33.69022857515281 -6.39019925136189
   vertex 148.95251155548155 34.28639763985750 -6.39019925136189
   vertex 147.53524071790329 137.38250515480306 -6.39019925136189
  endloop
 endfacet
 facet normal -0.00000000000000 0.00000000000000 -1.00000000000000
  outer loop
   vertex -4.25640407938691 0.47286612052735 -6.39019925136189
   vertex -5.36632034356166 0.03725608693781 -6.39019925136189
   vertex -4.25640407938691 137.47160869480047 -6.39019925136189
  endloop
 endfacet
 facet normal 0.00000000000000 0.00000000000000 -1.00000000000000
  outer loop
   vertex -1.90495624609608 0.29664946637687 -6.39019925136189
   vertex -3.06739996921596 0.56196966052477 -6.39019925136189
   vertex 143.49114745801597 30.56290264528069 -6.39019925136189
  endloop
 endfacet
 facet normal 0.00000000000000 0.00000000000000 -1.00000000000000
  outer loop
   vertex 152.00157571390187 25.15667158863904 -6.39019925136189
   vertex 149.98510666545090 27.43557671540857 -6.39019925136189
   vertex 150.79610255527993 28.30962241302620 -6.39019925136189
  endloop
 endfacet
 facet normal 0.00000000000000 0.00000000000000 -1.00000000000000
  outer loop
   vertex 18.02191843002202 -10.03621407955039 -6.39019925136189
   vertex 0.45597087958291 -4.60586622584356 -6.39019925136189
   vertex 0.63367965643834 -3.42684552819995 -6.39019925136189
  endloop
 endfacet
 facet normal 0.00000000000000 0.00000000000000 -1.00000000000000
  outer loop
   vertex -9.05372450464677 -9.49079278572047 -6.39019925136189
   vertex -9.44957870617002 -9.09493858419723 -6.39019925136189
   vertex -6.29852783088096 -6.14753647928363 -6.39019925136189
  endloop
 endfacet
 facet normal 0.00000000000000 0.00000000000000 -1.00000000000000
  outer loop
   vertex -9.93231978045458 146.05630233485888 -6.39019925136189
   vertex -9.74742216975607 146.58470934776199 -6.39019925136189
   vertex -6.29852783088096 144.09201129461144 -6.39019925136189
  endloop
 endfacet
 facet normal 0.00000000000000 0.00000000000000 -1.00000000000000
  outer loop
   vertex -7.49500000000000 147.99999999996817 -6.39019925136189
   vertex -4.25640407938691 145.27103199225508 -6.39019925136189
   vertex -5.36632034356166 144.83542195866553 -6.39019925136189
  endloop
 endfacet
 facet normal 0.00000000000000 0.00000000000000 -1.00000000000000
  outer loop
   vertex -7.49500000000000 147.99999999996817 -6.39019925136189
   vertex 151.36499999999791 147.99999999996817 -6.39019925136189
   vertex -1.90495624609608 145.09481533810458 -6.39019925136189
  endloop
 endfacet
 facet normal 0.00000000000000 0.00000000000000 -1.00000000000000
  outer loop
   vertex 151.36499999999791 147.99999999996817 -6.39019925136189
   vertex -0.06136524629767 143.62460057578227 -6.39019925136189
   vertex -0.87236113612672 144.49864627339988 -6.39019925136189
  endloop
 endfacet
 facet normal 0.00000000000000 0.00000000000000 -1.00000000000000
  outer loop
   vertex 146.34623660773235 145.27103199225508 -6.39019925136189
   vertex 145.23632034355759 144.83542195866553 -6.39019925136189
   vertex 0.45597087958291 142.55034104117141 -6.39019925136189
  endloop
 endfacet
 facet normal 0.00000000000000 -0.00000000000000 -1.00000000000000
  outer loop
   vertex 151.92130233488868 147.93731978042271 -6.39019925136189
   vertex 152.44970934779178 147.75242216972421 -6.39019925136189
   vertex 149.73027955099252 144.49864627339988 -6.39019925136189
  endloop
 endfacet
 facet normal 0.00000000000000 -0.00000000000000 -1.00000000000000
  outer loop
   vertex 152.44970934779178 147.75242216972421 -6.39019925136189
   vertex 152.92372450464472 147.45457870613822 -6.39019925136189
   vertex 150.54127544082158 143.62460057578227 -6.39019925136189
  endloop
 endfacet
 facet normal 0.00000000000000 0.00000000000000 -1.00000000000000
  outer loop
   vertex -4.25640407938691 137.47160869480047 -6.39019925136189
   vertex -6.97019581517133 -1.69131057172972 -6.39019925136189
   vertex -7.32164364846216 -2.83067646349525 -6.39019925136189
  endloop
 endfacet
 facet normal 0.00000000000000 0.00000000000000 -1.00000000000000
  outer loop
   vertex -4.25640407938691 137.47160869480047 -6.39019925136189
   vertex -5.36632034356166 0.03725608693781 -6.39019925136189
   vertex -6.29852783088096 -0.70615457711627 -6.39019925136189
  endloop
 endfacet
 facet normal 0.00000000000000 -0.00000000000000 -1.00000000000000
  outer loop
   vertex -3.06739996921596 137.38250515480306 -6.39019925136189
   vertex -1.90495624609608 137.64782534895096 -6.39019925136189
   vertex -4.25640407938691 0.47286612052735 -6.39019925136189
  endloop
 endfacet
 facet normal 0.00000000000000 0.00000000000000 -1.00000000000000
  outer loop
   vertex -9.99499999999991 -7.53621407955039 -6.39019925136189
   vertex -6.97019581517133 139.63578538705752 -6.39019925136189
   vertex -6.29852783088096 138.65062939244410 -6.39019925136189
  endloop
 endfacet
 facet normal 0.00000000000000 0.00000000000000 -1.00000000000000
  outer loop
   vertex -9.99499999999991 -7.53621407955039 -6.39019925136189
   vertex -9.99500000000001 145.49999999996808 -6.39019925136189
   vertex -7.32164364846216 140.77515127882307 -6.39019925136189
  endloop
 endfacet
 facet normal 0.00000000000000 0.00000000000000 -1.00000000000000
  outer loop
   vertex 143.49114745801597 30.56290264528069 -6.39019925136189
   vertex 0.45597087958291 -2.24782483055633 -6.39019925136189
   vertex -0.06136524629767 -1.17356529594546 -6.39019925136189
  endloop
 endfacet
 facet normal 0.00000000000000 -0.00000000000000 -1.00000000000000
  outer loop
   vertex 143.53582415311547 29.96673358057599 -6.39019925136189
   vertex 143.88727198640629 28.82736768881045 -6.39019925136189
   vertex 0.63367965643834 -3.42684552819995 -6.39019925136189
  endloop
 endfacet
 facet normal 0.00000000000000 0.00000000000000 -1.00000000000000
  outer loop
   vertex -0.87236113612672 -6.55417145807207 -6.39019925136189
   vertex -0.06136524629767 -5.68012576045444 -6.39019925136189
   vertex 18.02191843002202 -10.03621407955039 -6.39019925136189
  endloop
 endfacet
 facet normal 0.00000000000000 0.00000000000000 -1.00000000000000
  outer loop
   vertex -9.99499999999991 -7.53621407955039 -6.39019925136189
   vertex -7.36632034356165 -3.42684552819995 -6.39019925136189
   vertex -7.32164364846216 -4.02301459290465 -6.39019925136189
  endloop
 endfacet
 facet normal 0.00000000000000 0.00000000000000 -1.00000000000000
  outer loop
   vertex -9.99500000000001 145.49999999996808 -6.39019925136189
   vertex -6.97019581517133 143.10685529999802 -6.39019925136189
   vertex -7.32164364846216 141.96748940823250 -6.39019925136189
  endloop
 endfacet
 facet normal 0.00000000000000 0.00000000000000 -1.00000000000000
  outer loop
   vertex -7.49500000000000 147.99999999996817 -6.39019925136189
   vertex -5.36632034356166 144.83542195866553 -6.39019925136189
   vertex -6.29852783088096 144.09201129461144 -6.39019925136189
  endloop
 endfacet
 facet normal 0.00000000000000 0.00000000000000 -1.00000000000000
  outer loop
   vertex -1.90495624609608 145.09481533810458 -6.39019925136189
   vertex -3.06739996921596 145.36013553225249 -6.39019925136189
   vertex -7.49500000000000 147.99999999996817 -6.39019925136189
  endloop
 endfacet
 facet normal 0.00000000000000 0.00000000000000 -1.00000000000000
  outer loop
   vertex 151.36499999999791 147.99999999996817 -6.39019925136189
   vertex 0.45597087958291 142.55034104117141 -6.39019925136189
   vertex -0.06136524629767 143.62460057578227 -6.39019925136189
  endloop
 endfacet
 facet normal 0.00000000000000 0.00000000000000 -1.00000000000000
  outer loop
   vertex 143.28099703865709 141.96748940823250 -6.39019925136189
   vertex 143.23632034355762 141.37132034352777 -6.39019925136189
   vertex 0.63367965643834 141.37132034352777 -6.39019925136189
  endloop
 endfacet
 facet normal 0.00000000000000 0.00000000000000 -1.00000000000000
  outer loop
   vertex 151.36499999999791 147.99999999996817 -6.39019925136189
   vertex 147.53524071790329 145.36013553225251 -6.39019925136189
   vertex 146.34623660773235 145.27103199225508 -6.39019925136189
  endloop
 endfacet
 facet normal 0.00000000000000 -0.00000000000000 -1.00000000000000
  outer loop
   vertex 153.61742216975395 146.58470934776204 -6.39019925136189
   vertex 153.80231978045248 146.05630233485894 -6.39019925136189
   vertex 150.54127544082158 143.62460057578227 -6.39019925136189
  endloop
 endfacet
 facet normal 0.00000000000000 0.00000000000000 -1.00000000000000
  outer loop
   vertex 150.54127544082158 143.62460057578227 -6.39019925136189
   vertex 153.80231978045248 146.05630233485894 -6.39019925136189
   vertex 153.86499999999791 145.49999999996817 -6.39019925136189
  endloop
 endfacet
 facet normal 0.00000000000000 -0.00000000000000 -1.00000000000000
  outer loop
   vertex 153.86499999999791 145.49999999996817 -6.39019925136189
   vertex 153.86499999999791 27.57426778330589 -6.39019925136189
   vertex 151.05861156670218 140.19229964588416 -6.39019925136189
  endloop
 endfacet
 facet normal 0.00000000000000 0.00000000000000 -1.00000000000000
  outer loop
   vertex 153.86499999999791 27.57426778330589 -6.39019925136189
   vertex 147.53524071790329 137.38250515480306 -6.39019925136189
   vertex 148.69768444102317 137.64782534895096 -6.39019925136189
  endloop
 endfacet
 facet normal 0.00000000000000 0.00000000000000 -1.00000000000000
  outer loop
   vertex 0.45597087958291 140.19229964588416 -6.39019925136189
   vertex 144.30411285623831 138.65062939244410 -6.39019925136189
   vertex 145.23632034355759 137.90721872839003 -6.39019925136189
  endloop
 endfacet
 facet normal -0.00000000000000 0.00000000000000 -1.00000000000000
  outer loop
   vertex -7.32164364846216 -2.83067646349525 -6.39019925136189
   vertex -9.99499999999991 -7.53621407955039 -6.39019925136189
   vertex -4.25640407938691 137.47160869480047 -6.39019925136189
  endloop
 endfacet
 facet normal 0.00000000000000 0.00000000000000 -1.00000000000000
  outer loop
   vertex 143.53582415311547 31.15907170998538 -6.39019925136189
   vertex 143.49114745801597 30.56290264528069 -6.39019925136189
   vertex -4.25640407938691 0.47286612052735 -6.39019925136189
  endloop
 endfacet
 facet normal 0.00000000000000 -0.00000000000000 -1.00000000000000
  outer loop
   vertex -6.29852783088096 138.65062939244410 -6.39019925136189
   vertex -5.36632034356166 137.90721872839003 -6.39019925136189
   vertex -9.99499999999991 -7.53621407955039 -6.39019925136189
  endloop
 endfacet
 facet normal 0.00000000000000 0.00000000000000 -1.00000000000000
  outer loop
   vertex -9.99500000000001 145.49999999996808 -6.39019925136189
   vertex -7.36632034356165 141.37132034352777 -6.39019925136189
   vertex -7.32164364846216 140.77515127882307 -6.39019925136189
  endloop
 endfacet
 facet normal 0.00000000000000 0.00000000000000 -1.00000000000000
  outer loop
   vertex 153.86499999999791 27.57426778330589 -6.39019925136189
   vertex 151.49114745801594 30.56290264528069 -6.39019925136189
   vertex 151.31343868116053 31.74192334292431 -6.39019925136189
  endloop
 endfacet
 facet normal -0.00000000000000 0.00000000000000 -1.00000000000000
  outer loop
   vertex 153.80534852540512 27.03140585376683 -6.39019925136189
   vertex 153.62924074036363 26.51444993590561 -6.39019925136189
   vertex 150.79610255527993 28.30962241302620 -6.39019925136189
  endloop
 endfacet
 facet normal 0.00000000000000 -0.00000000000000 -1.00000000000000
  outer loop
   vertex -7.32164364846216 -4.02301459290465 -6.39019925136189
   vertex -6.97019581517133 -5.16238048467018 -6.39019925136189
   vertex -9.99499999999991 -7.53621407955039 -6.39019925136189
  endloop
 endfacet
 facet normal 0.00000000000000 0.00000000000000 -1.00000000000000
  outer loop
   vertex -9.74742216975607 146.58470934776199 -6.39019925136189
   vertex -9.44957870617009 147.05872450461493 -6.39019925136189
   vertex -6.29852783088096 144.09201129461144 -6.39019925136189
  endloop
 endfacet
 facet normal 0.00000000000000 0.00000000000000 -1.00000000000000
  outer loop
   vertex -0.87236113612672 144.49864627339988 -6.39019925136189
   vertex -1.90495624609608 145.09481533810458 -6.39019925136189
   vertex 151.36499999999791 147.99999999996817 -6.39019925136189
  endloop
 endfacet
 facet normal 0.00000000000000 0.00000000000000 -1.00000000000000
  outer loop
   vertex 0.45597087958291 142.55034104117141 -6.39019925136189
   vertex 143.63244487194794 143.10685529999802 -6.39019925136189
   vertex 143.28099703865709 141.96748940823250 -6.39019925136189
  endloop
 endfacet
 facet normal 0.00000000000000 0.00000000000000 -1.00000000000000
  outer loop
   vertex 145.23632034355759 144.83542195866553 -6.39019925136189
   vertex 144.30411285623831 144.09201129461144 -6.39019925136189
   vertex 0.45597087958291 142.55034104117141 -6.39019925136189
  endloop
 endfacet
 facet normal 0.00000000000000 0.00000000000000 -1.00000000000000
  outer loop
   vertex 153.86499999999791 145.49999999996817 -6.39019925136189
   vertex 151.05861156670218 142.55034104117141 -6.39019925136189
   vertex 150.54127544082158 143.62460057578227 -6.39019925136189
  endloop
 endfacet
 facet normal 0.00000000000000 0.00000000000000 -1.00000000000000
  outer loop
   vertex 151.05861156670218 140.19229964588416 -6.39019925136189
   vertex 151.23632034355759 141.37132034352777 -6.39019925136189
   vertex 153.86499999999791 145.49999999996817 -6.39019925136189
  endloop
 endfacet
 facet normal 0.00000000000000 0.00000000000000 -1.00000000000000
  outer loop
   vertex 148.69768444102317 137.64782534895096 -6.39019925136189
   vertex 149.73027955099252 138.24399441365566 -6.39019925136189
   vertex 153.86499999999791 27.57426778330589 -6.39019925136189
  endloop
 endfacet
 facet normal -0.00000000000000 -0.00000000000000 -1.00000000000000
  outer loop
   vertex 145.23632034355759 137.90721872839003 -6.39019925136189
   vertex 146.34623660773235 137.47160869480047 -6.39019925136189
   vertex 0.45597087958291 140.19229964588416 -6.39019925136189
  endloop
 endfacet
 facet normal -0.00000000000000 0.00000000000000 -1.00000000000000
  outer loop
   vertex 143.28099703865709 140.77515127882307 -6.39019925136189
   vertex 0.45597087958291 140.19229964588416 -6.39019925136189
   vertex 0.63367965643834 141.37132034352777 -6.39019925136189
  endloop
 endfacet
 facet normal -0.00000000000000 0.00000000000000 -1.00000000000000
  outer loop
   vertex -6.29852783088096 -0.70615457711627 -6.39019925136189
   vertex -6.97019581517133 -1.69131057172972 -6.39019925136189
   vertex -4.25640407938691 137.47160869480047 -6.39019925136189
  endloop
 endfacet
 facet normal 0.00000000000000 -0.00000000000000 -1.00000000000000
  outer loop
   vertex -7.32164364846216 140.77515127882307 -6.39019925136189
   vertex -6.97019581517133 139.63578538705752 -6.39019925136189
   vertex -9.99499999999991 -7.53621407955039 -6.39019925136189
  endloop
 endfacet
 facet normal 0.00000000000000 0.00000000000000 -1.00000000000000
  outer loop
   vertex 153.86499999999791 27.57426778330589 -6.39019925136189
   vertex 151.31343868116053 29.38388194763707 -6.39019925136189
   vertex 151.49114745801594 30.56290264528069 -6.39019925136189
  endloop
 endfacet
 facet normal 0.00000000000000 0.00000000000000 -1.00000000000000
  outer loop
   vertex -0.06136524629767 -5.68012576045444 -6.39019925136189
   vertex 0.45597087958291 -4.60586622584356 -6.39019925136189
   vertex 18.02191843002202 -10.03621407955039 -6.39019925136189
  endloop
 endfacet
 facet normal -0.00000000000000 0.00000000000000 -1.00000000000000
  outer loop
   vertex -3.06739996921596 145.36013553225249 -6.39019925136189
   vertex -4.25640407938691 145.27103199225508 -6.39019925136189
   vertex -7.49500000000000 147.99999999996817 -6.39019925136189
  endloop
 endfacet
 facet normal 0.00000000000000 0.00000000000000 -1.00000000000000
  outer loop
   vertex 144.30411285623831 144.09201129461144 -6.39019925136189
   vertex 143.63244487194794 143.10685529999802 -6.39019925136189
   vertex 0.45597087958291 142.55034104117141 -6.39019925136189
  endloop
 endfacet
 facet normal 0.00000000000000 0.00000000000000 -1.00000000000000
  outer loop
   vertex 151.23632034355759 141.37132034352777 -6.39019925136189
   vertex 151.05861156670218 142.55034104117141 -6.39019925136189
   vertex 153.86499999999791 145.49999999996817 -6.39019925136189
  endloop
 endfacet
 facet normal 0.00000000000000 0.00000000000000 -1.00000000000000
  outer loop
   vertex 149.73027955099252 138.24399441365566 -6.39019925136189
   vertex 150.54127544082158 139.11804011127330 -6.39019925136189
   vertex 153.86499999999791 27.57426778330589 -6.39019925136189
  endloop
 endfacet
 facet normal 0.00000000000000 0.00000000000000 -1.00000000000000
  outer loop
   vertex 0.45597087958291 140.19229964588416 -6.39019925136189
   vertex 143.63244487194794 139.63578538705752 -6.39019925136189
   vertex 144.30411285623831 138.65062939244410 -6.39019925136189
  endloop
 endfacet
 facet normal 0.00000000000000 0.00000000000000 -1.00000000000000
  outer loop
   vertex 0.63367965643834 141.37132034352777 -6.39019925136189
   vertex 143.23632034355762 141.37132034352777 -6.39019925136189
   vertex 143.28099703865709 140.77515127882307 -6.39019925136189
  endloop
 endfacet
 facet normal 0.00000000000000 -0.00000000000000 -1.00000000000000
  outer loop
   vertex -5.36632034356166 137.90721872839003 -6.39019925136189
   vertex -4.25640407938691 137.47160869480047 -6.39019925136189
   vertex -9.99499999999991 -7.53621407955039 -6.39019925136189
  endloop
 endfacet
 facet normal -0.00000000000000 0.00000000000000 -1.00000000000000
  outer loop
   vertex -3.06739996921596 0.56196966052477 -6.39019925136189
   vertex -4.25640407938691 0.47286612052735 -6.39019925136189
   vertex 143.49114745801597 30.56290264528069 -6.39019925136189
  endloop
 endfacet
 facet normal 0.00000000000000 0.00000000000000 -1.00000000000000
  outer loop
   vertex 0.63367965643834 141.37132034352777 -6.39019925136189
   vertex 0.45597087958291 142.55034104117141 -6.39019925136189
   vertex 143.28099703865709 141.96748940823250 -6.39019925136189
  endloop
 endfacet
 facet normal 0.00000000000000 0.00000000000000 -1.00000000000000
  outer loop
   vertex 150.54127544082158 139.11804011127330 -6.39019925136189
   vertex 151.05861156670218 140.19229964588416 -6.39019925136189
   vertex 153.86499999999791 27.57426778330589 -6.39019925136189
  endloop
 endfacet
 facet normal 0.00000000000000 -0.00000000000000 -1.00000000000000
  outer loop
   vertex 143.28099703865709 140.77515127882307 -6.39019925136189
   vertex 143.63244487194794 139.63578538705752 -6.39019925136189
   vertex 0.45597087958291 140.19229964588416 -6.39019925136189
  endloop
 endfacet
 facet normal 0.00000000000000 0.00000000000000 -1.00000000000000
  outer loop
   vertex 151.31343868116053 31.74192334292431 -6.39019925136189
   vertex 147.53524071790329 137.38250515480306 -6.39019925136189
   vertex 153.86499999999791 27.57426778330589 -6.39019925136189
  endloop
 endfacet
 facet normal 0.00000000000000 0.00000000000000 -1.00000000000000
  outer loop
   vertex 148.69768444102317 145.09481533810458 -6.39019925136189
   vertex 147.53524071790329 145.36013553225251 -6.39019925136189
   vertex 151.36499999999791 147.99999999996817 -6.39019925136189
  endloop
 endfacet
 facet normal 0.00000000000000 0.00000000000000 -1.00000000000000
  outer loop
   vertex -7.32164364846216 -2.83067646349525 -6.39019925136189
   vertex -7.36632034356165 -3.42684552819995 -6.39019925136189
   vertex -9.99499999999991 -7.53621407955039 -6.39019925136189
  endloop
 endfacet
 facet normal -0.00000000000000 -0.00000000000000 -1.00000000000000
  outer loop
   vertex 146.34623660773235 137.47160869480047 -6.39019925136189
   vertex 147.53524071790329 137.38250515480306 -6.39019925136189
   vertex 0.45597087958291 140.19229964588416 -6.39019925136189
  endloop
 endfacet
 facet normal -0.00000000000000 0.00000000000000 -1.00000000000000
  outer loop
   vertex -7.32164364846216 141.96748940823250 -6.39019925136189
   vertex -7.36632034356165 141.37132034352777 -6.39019925136189
   vertex -9.99500000000001 145.49999999996808 -6.39019925136189
  endloop
 endfacet
 facet normal -0.98883082622513 -0.14904226617615 0.00000000000000
  outer loop
   vertex 151.05861156670218 142.55034104117141 -6.39019925136189
   vertex 151.23632034355759 141.37132034352777 -6.39019925136189
   vertex 151.23632034355759 141.37132034352777 -4.89019925136189
  endloop
 endfacet
 facet normal -0.90096886790241 -0.43388373911758 0.00000000000000
  outer loop
   vertex 150.54127544082158 143.62460057578227 -6.39019925136189
   vertex 151.05861156670218 142.55034104117141 -6.39019925136189
   vertex 151.05861156670218 142.55034104117141 -4.89019925136189
  endloop
 endfacet
 facet normal -0.73305187182982 -0.68017273777093 -0.00000000000000
  outer loop
   vertex 149.73027955099252 144.49864627339988 -6.39019925136189
   vertex 150.54127544082158 143.62460057578227 -6.39019925136189
   vertex 150.54127544082158 143.62460057578227 -4.89019925136189
  endloop
 endfacet
 facet normal -0.50000000000000 -0.86602540378444 0.00000000000000
  outer loop
   vertex 148.69768444102317 145.09481533810458 -6.39019925136189
   vertex 149.73027955099252 144.49864627339988 -6.39019925136189
   vertex 149.73027955099252 144.49864627339988 -4.89019925136189
  endloop
 endfacet
 facet normal -0.22252093395634 -0.97492791218182 -0.00000000000000
  outer loop
   vertex 147.53524071790329 145.36013553225251 -6.39019925136189
   vertex 148.69768444102317 145.09481533810458 -6.39019925136189
   vertex 148.69768444102317 145.09481533810458 -4.89019925136189
  endloop
 endfacet
 facet normal 0.07473009358644 -0.99720379718118 -0.00000000000000
  outer loop
   vertex 146.34623660773235 145.27103199225508 -6.39019925136189
   vertex 147.53524071790329 145.36013553225251 -6.39019925136189
   vertex 147.53524071790329 145.36013553225251 -4.89019925136189
  endloop
 endfacet
 facet normal 0.36534102436639 -0.93087374864421 0.00000000000000
  outer loop
   vertex 145.23632034355759 144.83542195866553 -6.39019925136189
   vertex 146.34623660773235 145.27103199225508 -6.39019925136189
   vertex 146.34623660773235 145.27103199225508 -4.89019925136189
  endloop
 endfacet
 facet normal 0.62348980185875 -0.78183148246802 0.00000000000000
  outer loop
   vertex 144.30411285623831 144.09201129461144 -6.39019925136189
   vertex 145.23632034355759 144.83542195866553 -6.39019925136189
   vertex 145.23632034355759 144.83542195866553 -4.89019925136189
  endloop
 endfacet
 facet normal 0.82623877431599 -0.56332005806363 -0.00000000000000
  outer loop
   vertex 143.63244487194794 143.10685529999802 -6.39019925136189
   vertex 144.30411285623831 144.09201129461144 -6.39019925136189
   vertex 144.30411285623831 144.09201129461144 -4.89019925136189
  endloop
 endfacet
 facet normal 0.95557280578614 -0.29475517441092 -0.00000000000000
  outer loop
   vertex 143.28099703865709 141.96748940823250 -6.39019925136189
   vertex 143.63244487194794 143.10685529999802 -6.39019925136189
   vertex 143.63244487194794 143.10685529999802 -4.89019925136189
  endloop
 endfacet
 facet normal 0.99720379718118 0.07473009358640 0.00000000000000
  outer loop
   vertex 143.28099703865709 140.77515127882307 -6.39019925136189
   vertex 143.23632034355762 141.37132034352777 -6.39019925136189
   vertex 143.23632034355762 141.37132034352777 -4.89019925136189
  endloop
 endfacet
 facet normal 0.99720379718118 -0.07473009358639 0.00000000000000
  outer loop
   vertex 143.28099703865709 141.96748940823250 -4.89019925136189
   vertex 143.23632034355762 141.37132034352777 -4.89019925136189
   vertex 143.23632034355762 141.37132034352777 -6.39019925136189
  endloop
 endfacet
 facet normal 0.99720379718118 -0.07473009358639 0.00000000000000
  outer loop
   vertex 143.23632034355762 141.37132034352777 -6.39019925136189
   vertex 143.28099703865709 141.96748940823250 -6.39019925136189
   vertex 143.28099703865709 141.96748940823250 -4.89019925136189
  endloop
 endfacet
 facet normal 0.95557280578614 0.29475517441091 0.00000000000000
  outer loop
   vertex 143.63244487194794 139.63578538705752 -6.39019925136189
   vertex 143.28099703865709 140.77515127882307 -6.39019925136189
   vertex 143.28099703865709 140.77515127882307 -4.89019925136189
  endloop
 endfacet
 facet normal 0.82623877431599 0.56332005806363 0.00000000000000
  outer loop
   vertex 144.30411285623831 138.65062939244410 -6.39019925136189
   vertex 143.63244487194794 139.63578538705752 -6.39019925136189
   vertex 143.63244487194794 139.63578538705752 -4.89019925136189
  endloop
 endfacet
 facet normal 0.62348980185874 0.78183148246803 0.00000000000000
  outer loop
   vertex 145.23632034355759 137.90721872839003 -6.39019925136189
   vertex 144.30411285623831 138.65062939244410 -6.39019925136189
   vertex 144.30411285623831 138.65062939244410 -4.89019925136189
  endloop
 endfacet
 facet normal 0.36534102436641 0.93087374864420 0.00000000000000
  outer loop
   vertex 146.34623660773235 137.47160869480047 -6.39019925136189
   vertex 145.23632034355759 137.90721872839003 -6.39019925136189
   vertex 145.23632034355759 137.90721872839003 -4.89019925136189
  endloop
 endfacet
 facet normal 0.07473009358641 0.99720379718118 0.00000000000000
  outer loop
   vertex 147.53524071790329 137.38250515480306 -6.39019925136189
   vertex 146.34623660773235 137.47160869480047 -6.39019925136189
   vertex 146.34623660773235 137.47160869480047 -4.89019925136189
  endloop
 endfacet
 facet normal -0.22252093395632 0.97492791218182 -0.00000000000000
  outer loop
   vertex 148.69768444102317 137.64782534895096 -6.39019925136189
   vertex 147.53524071790329 137.38250515480306 -6.39019925136189
   vertex 147.53524071790329 137.38250515480306 -4.89019925136189
  endloop
 endfacet
 facet normal -0.50000000000000 0.86602540378444 -0.00000000000000
  outer loop
   vertex 149.73027955099252 138.24399441365566 -6.39019925136189
   vertex 148.69768444102317 137.64782534895096 -6.39019925136189
   vertex 148.69768444102317 137.64782534895096 -4.89019925136189
  endloop
 endfacet
 facet normal -0.73305187182983 0.68017273777092 0.00000000000000
  outer loop
   vertex 150.54127544082158 139.11804011127330 -6.39019925136189
   vertex 149.73027955099252 138.24399441365566 -6.39019925136189
   vertex 149.73027955099252 138.24399441365566 -4.89019925136189
  endloop
 endfacet
 facet normal -0.90096886790241 0.43388373911758 -0.00000000000000
  outer loop
   vertex 151.05861156670218 140.19229964588416 -6.39019925136189
   vertex 150.54127544082158 139.11804011127330 -6.39019925136189
   vertex 150.54127544082158 139.11804011127330 -4.89019925136189
  endloop
 endfacet
 facet normal -0.98883082622513 0.14904226617615 -0.00000000000000
  outer loop
   vertex 151.23632034355759 141.37132034352777 -6.39019925136189
   vertex 151.05861156670218 140.19229964588416 -6.39019925136189
   vertex 151.05861156670218 140.19229964588416 -4.89019925136189
  endloop
 endfacet
 facet normal -0.98883082622513 0.14904226617615 -0.00000000000000
  outer loop
   vertex 151.05861156670218 140.19229964588416 -4.89019925136189
   vertex 151.23632034355759 141.37132034352777 -4.89019925136189
   vertex 151.23632034355759 141.37132034352777 -6.39019925136189
  endloop
 endfacet
 facet normal -0.90096886790241 0.43388373911758 -0.00000000000000
  outer loop
   vertex 150.54127544082158 139.11804011127330 -4.89019925136189
   vertex 151.05861156670218 140.19229964588416 -4.89019925136189
   vertex 151.05861156670218 140.19229964588416 -6.39019925136189
  endloop
 endfacet
 facet normal -0.73305187182983 0.68017273777092 0.00000000000000
  outer loop
   vertex 149.73027955099252 138.24399441365566 -4.89019925136189
   vertex 150.54127544082158 139.11804011127330 -4.89019925136189
   vertex 150.54127544082158 139.11804011127330 -6.39019925136189
  endloop
 endfacet
 facet normal -0.50000000000000 0.86602540378444 -0.00000000000000
  outer loop
   vertex 148.69768444102317 137.64782534895096 -4.89019925136189
   vertex 149.73027955099252 138.24399441365566 -4.89019925136189
   vertex 149.73027955099252 138.24399441365566 -6.39019925136189
  endloop
 endfacet
 facet normal -0.22252093395632 0.97492791218182 -0.00000000000000
  outer loop
   vertex 147.53524071790329 137.38250515480306 -4.89019925136189
   vertex 148.69768444102317 137.64782534895096 -4.89019925136189
   vertex 148.69768444102317 137.64782534895096 -6.39019925136189
  endloop
 endfacet
 facet normal 0.07473009358641 0.99720379718118 0.00000000000000
  outer loop
   vertex 146.34623660773235 137.47160869480047 -4.89019925136189
   vertex 147.53524071790329 137.38250515480306 -4.89019925136189
   vertex 147.53524071790329 137.38250515480306 -6.39019925136189
  endloop
 endfacet
 facet normal 0.36534102436641 0.93087374864420 0.00000000000000
  outer loop
   vertex 145.23632034355759 137.90721872839003 -4.89019925136189
   vertex 146.34623660773235 137.47160869480047 -4.89019925136189
   vertex 146.34623660773235 137.47160869480047 -6.39019925136189
  endloop
 endfacet
 facet normal 0.62348980185874 0.78183148246803 0.00000000000000
  outer loop
   vertex 144.30411285623831 138.65062939244410 -4.89019925136189
   vertex 145.23632034355759 137.90721872839003 -4.89019925136189
   vertex 145.23632034355759 137.90721872839003 -6.39019925136189
  endloop
 endfacet
 facet normal 0.82623877431599 0.56332005806363 0.00000000000000
  outer loop
   vertex 143.63244487194794 139.63578538705752 -4.89019925136189
   vertex 144.30411285623831 138.65062939244410 -4.89019925136189
   vertex 144.30411285623831 138.65062939244410 -6.39019925136189
  endloop
 endfacet
 facet normal 0.95557280578614 0.29475517441091 0.00000000000000
  outer loop
   vertex 143.28099703865709 140.77515127882307 -4.89019925136189
   vertex 143.63244487194794 139.63578538705752 -4.89019925136189
   vertex 143.63244487194794 139.63578538705752 -6.39019925136189
  endloop
 endfacet
 facet normal 0.99720379718118 0.07473009358640 0.00000000000000
  outer loop
   vertex 143.23632034355762 141.37132034352777 -4.89019925136189
   vertex 143.28099703865709 140.77515127882307 -4.89019925136189
   vertex 143.28099703865709 140.77515127882307 -6.39019925136189
  endloop
 endfacet
 facet normal 0.95557280578614 -0.29475517441092 -0.00000000000000
  outer loop
   vertex 143.63244487194794 143.10685529999802 -4.89019925136189
   vertex 143.28099703865709 141.96748940823250 -4.89019925136189
   vertex 143.28099703865709 141.96748940823250 -6.39019925136189
  endloop
 endfacet
 facet normal 0.82623877431599 -0.56332005806363 -0.00000000000000
  outer loop
   vertex 144.30411285623831 144.09201129461144 -4.89019925136189
   vertex 143.63244487194794 143.10685529999802 -4.89019925136189
   vertex 143.63244487194794 143.10685529999802 -6.39019925136189
  endloop
 endfacet
 facet normal 0.62348980185875 -0.78183148246802 0.00000000000000
  outer loop
   vertex 145.23632034355759 144.83542195866553 -4.89019925136189
   vertex 144.30411285623831 144.09201129461144 -4.89019925136189
   vertex 144.30411285623831 144.09201129461144 -6.39019925136189
  endloop
 endfacet
 facet normal 0.36534102436639 -0.93087374864421 0.00000000000000
  outer loop
   vertex 146.34623660773235 145.27103199225508 -4.89019925136189
   vertex 145.23632034355759 144.83542195866553 -4.89019925136189
   vertex 145.23632034355759 144.83542195866553 -6.39019925136189
  endloop
 endfacet
 facet normal 0.07473009358644 -0.99720379718118 -0.00000000000000
  outer loop
   vertex 147.53524071790329 145.36013553225251 -4.89019925136189
   vertex 146.34623660773235 145.27103199225508 -4.89019925136189
   vertex 146.34623660773235 145.27103199225508 -6.39019925136189
  endloop
 endfacet
 facet normal -0.22252093395634 -0.97492791218182 -0.00000000000000
  outer loop
   vertex 148.69768444102317 145.09481533810458 -4.89019925136189
   vertex 147.53524071790329 145.36013553225251 -4.89019925136189
   vertex 147.53524071790329 145.36013553225251 -6.39019925136189
  endloop
 endfacet
 facet normal -0.50000000000000 -0.86602540378444 0.00000000000000
  outer loop
   vertex 149.73027955099252 144.49864627339988 -4.89019925136189
   vertex 148.69768444102317 145.09481533810458 -4.89019925136189
   vertex 148.69768444102317 145.09481533810458 -6.39019925136189
  endloop
 endfacet
 facet normal -0.73305187182982 -0.68017273777093 -0.00000000000000
  outer loop
   vertex 150.54127544082158 143.62460057578227 -4.89019925136189
   vertex 149.73027955099252 144.49864627339988 -4.89019925136189
   vertex 149.73027955099252 144.49864627339988 -6.39019925136189
  endloop
 endfacet
 facet normal -0.90096886790241 -0.43388373911758 0.00000000000000
  outer loop
   vertex 151.05861156670218 142.55034104117141 -4.89019925136189
   vertex 150.54127544082158 143.62460057578227 -4.89019925136189
   vertex 150.54127544082158 143.62460057578227 -6.39019925136189
  endloop
 endfacet
 facet normal -0.98883082622513 -0.14904226617615 0.00000000000000
  outer loop
   vertex 151.23632034355759 141.37132034352777 -4.89019925136189
   vertex 151.05861156670218 142.55034104117141 -4.89019925136189
   vertex 151.05861156670218 142.55034104117141 -6.39019925136189
  endloop
 endfacet
 facet normal 0.00000000000000 0.00000000000000 -1.00000000000000
  outer loop
   vertex 147.23632034355759 141.37132034352777 -4.89019925136189
   vertex 143.28099703865709 141.96748940823250 -4.89019925136189
   vertex 143.63244487194794 143.10685529999802 -4.89019925136189
  endloop
 endfacet
 facet normal 0.00000000000000 0.00000000000000 -1.00000000000000
  outer loop
   vertex 143.63244487194794 143.10685529999802 -4.89019925136189
   vertex 144.30411285623831 144.09201129461144 -4.89019925136189
   vertex 147.23632034355759 141.37132034352777 -4.89019925136189
  endloop
 endfacet
 facet normal 0.00000000000000 0.00000000000000 -1.00000000000000
  outer loop
   vertex 144.30411285623831 144.09201129461144 -4.89019925136189
   vertex 145.23632034355759 144.83542195866553 -4.89019925136189
   vertex 147.23632034355759 141.37132034352777 -4.89019925136189
  endloop
 endfacet
 facet normal 0.00000000000000 0.00000000000000 -1.00000000000000
  outer loop
   vertex 145.23632034355759 144.83542195866553 -4.89019925136189
   vertex 146.34623660773235 145.27103199225508 -4.89019925136189
   vertex 147.23632034355759 141.37132034352777 -4.89019925136189
  endloop
 endfacet
 facet normal 0.00000000000000 0.00000000000000 -1.00000000000000
  outer loop
   vertex 146.34623660773235 145.27103199225508 -4.89019925136189
   vertex 147.53524071790329 145.36013553225251 -4.89019925136189
   vertex 147.23632034355759 141.37132034352777 -4.89019925136189
  endloop
 endfacet
 facet normal 0.00000000000000 -0.00000000000000 -1.00000000000000
  outer loop
   vertex 147.53524071790329 145.36013553225251 -4.89019925136189
   vertex 148.69768444102317 145.09481533810458 -4.89019925136189
   vertex 147.23632034355759 141.37132034352777 -4.89019925136189
  endloop
 endfacet
 facet normal 0.00000000000000 -0.00000000000000 -1.00000000000000
  outer loop
   vertex 148.69768444102317 145.09481533810458 -4.89019925136189
   vertex 149.73027955099252 144.49864627339988 -4.89019925136189
   vertex 147.23632034355759 141.37132034352777 -4.89019925136189
  endloop
 endfacet
 facet normal 0.00000000000000 -0.00000000000000 -1.00000000000000
  outer loop
   vertex 149.73027955099252 144.49864627339988 -4.89019925136189
   vertex 150.54127544082158 143.62460057578227 -4.89019925136189
   vertex 147.23632034355759 141.37132034352777 -4.89019925136189
  endloop
 endfacet
 facet normal 0.00000000000000 -0.00000000000000 -1.00000000000000
  outer loop
   vertex 150.54127544082158 143.62460057578227 -4.89019925136189
   vertex 151.05861156670218 142.55034104117141 -4.89019925136189
   vertex 147.23632034355759 141.37132034352777 -4.89019925136189
  endloop
 endfacet
 facet normal 0.00000000000000 -0.00000000000000 -1.00000000000000
  outer loop
   vertex 151.05861156670218 142.55034104117141 -4.89019925136189
   vertex 151.23632034355759 141.37132034352777 -4.89019925136189
   vertex 147.23632034355759 141.37132034352777 -4.89019925136189
  endloop
 endfacet
 facet normal -0.00000000000000 0.00000000000000 -1.00000000000000
  outer loop
   vertex 151.23632034355759 141.37132034352777 -4.89019925136189
   vertex 151.05861156670218 140.19229964588416 -4.89019925136189
   vertex 147.23632034355759 141.37132034352777 -4.89019925136189
  endloop
 endfacet
 facet normal -0.00000000000000 0.00000000000000 -1.00000000000000
  outer loop
   vertex 151.05861156670218 140.19229964588416 -4.89019925136189
   vertex 150.54127544082158 139.11804011127330 -4.89019925136189
   vertex 147.23632034355759 141.37132034352777 -4.89019925136189
  endloop
 endfacet
 facet normal -0.00000000000000 0.00000000000000 -1.00000000000000
  outer loop
   vertex 150.54127544082158 139.11804011127330 -4.89019925136189
   vertex 149.73027955099252 138.24399441365566 -4.89019925136189
   vertex 147.23632034355759 141.37132034352777 -4.89019925136189
  endloop
 endfacet
 facet normal -0.00000000000000 0.00000000000000 -1.00000000000000
  outer loop
   vertex 149.73027955099252 138.24399441365566 -4.89019925136189
   vertex 148.69768444102317 137.64782534895096 -4.89019925136189
   vertex 147.23632034355759 141.37132034352777 -4.89019925136189
  endloop
 endfacet
 facet normal -0.00000000000000 0.00000000000000 -1.00000000000000
  outer loop
   vertex 148.69768444102317 137.64782534895096 -4.89019925136189
   vertex 147.53524071790329 137.38250515480306 -4.89019925136189
   vertex 147.23632034355759 141.37132034352777 -4.89019925136189
  endloop
 endfacet
 facet normal 0.00000000000000 0.00000000000000 -1.00000000000000
  outer loop
   vertex 147.53524071790329 137.38250515480306 -4.89019925136189
   vertex 146.34623660773235 137.47160869480047 -4.89019925136189
   vertex 147.23632034355759 141.37132034352777 -4.89019925136189
  endloop
 endfacet
 facet normal 0.00000000000000 0.00000000000000 -1.00000000000000
  outer loop
   vertex 146.34623660773235 137.47160869480047 -4.89019925136189
   vertex 145.23632034355759 137.90721872839003 -4.89019925136189
   vertex 147.23632034355759 141.37132034352777 -4.89019925136189
  endloop
 endfacet
 facet normal 0.00000000000000 0.00000000000000 -1.00000000000000
  outer loop
   vertex 145.23632034355759 137.90721872839003 -4.89019925136189
   vertex 144.30411285623831 138.65062939244410 -4.89019925136189
   vertex 147.23632034355759 141.37132034352777 -4.89019925136189
  endloop
 endfacet
 facet normal 0.00000000000000 0.00000000000000 -1.00000000000000
  outer loop
   vertex 144.30411285623831 138.65062939244410 -4.89019925136189
   vertex 143.63244487194794 139.63578538705752 -4.89019925136189
   vertex 147.23632034355759 141.37132034352777 -4.89019925136189
  endloop
 endfacet
 facet normal 0.00000000000000 0.00000000000000 -1.00000000000000
  outer loop
   vertex 143.63244487194794 139.63578538705752 -4.89019925136189
   vertex 143.28099703865709 140.77515127882307 -4.89019925136189
   vertex 147.23632034355759 141.37132034352777 -4.89019925136189
  endloop
 endfacet
 facet normal 0.00000000000000 0.00000000000000 -1.00000000000000
  outer loop
   vertex 143.28099703865709 140.77515127882307 -4.89019925136189
   vertex 143.23632034355762 141.37132034352777 -4.89019925136189
   vertex 147.23632034355759 141.37132034352777 -4.89019925136189
  endloop
 endfacet
 facet normal 0.00000000000000 0.00000000000000 -1.00000000000000
  outer loop
   vertex 143.23632034355762 141.37132034352777 -4.89019925136189
   vertex 143.28099703865709 141.96748940823250 -4.89019925136189
   vertex 147.23632034355759 141.37132034352777 -4.89019925136189
  endloop
 endfacet
 facet normal -0.98883082622513 -0.14904226617617 0.00000000000000
  outer loop
   vertex 0.45597087958291 142.55034104117141 -6.39019925136189
   vertex 0.63367965643835 141.37132034352777 -6.39019925136189
   vertex 0.63367965643835 141.37132034352777 -4.89019925136189
  endloop
 endfacet
 facet normal -0.90096886790242 -0.43388373911756 -0.00000000000000
  outer loop
   vertex -0.06136524629767 143.62460057578227 -6.39019925136189
   vertex 0.45597087958291 142.55034104117141 -6.39019925136189
   vertex 0.45597087958291 142.55034104117141 -4.89019925136189
  endloop
 endfacet
 facet normal -0.73305187182982 -0.68017273777093 -0.00000000000000
  outer loop
   vertex -0.87236113612672 144.49864627339988 -6.39019925136189
   vertex -0.06136524629767 143.62460057578227 -6.39019925136189
   vertex -0.06136524629767 143.62460057578227 -4.89019925136189
  endloop
 endfacet
 facet normal -0.50000000000000 -0.86602540378444 0.00000000000000
  outer loop
   vertex -1.90495624609607 145.09481533810458 -6.39019925136189
   vertex -0.87236113612672 144.49864627339988 -6.39019925136189
   vertex -0.87236113612672 144.49864627339988 -4.89019925136189
  endloop
 endfacet
 facet normal -0.22252093395631 -0.97492791218182 -0.00000000000000
  outer loop
   vertex -3.06739996921596 145.36013553225249 -6.39019925136189
   vertex -1.90495624609607 145.09481533810458 -6.39019925136189
   vertex -1.90495624609607 145.09481533810458 -4.89019925136189
  endloop
 endfacet
 facet normal 0.07473009358641 -0.99720379718118 0.00000000000000
  outer loop
   vertex -4.25640407938691 145.27103199225508 -6.39019925136189
   vertex -3.06739996921596 145.36013553225249 -6.39019925136189
   vertex -3.06739996921596 145.36013553225249 -4.89019925136189
  endloop
 endfacet
 facet normal 0.36534102436639 -0.93087374864420 0.00000000000000
  outer loop
   vertex -5.36632034356166 144.83542195866553 -6.39019925136189
   vertex -4.25640407938691 145.27103199225508 -6.39019925136189
   vertex -4.25640407938691 145.27103199225508 -4.89019925136189
  endloop
 endfacet
 facet normal 0.62348980185874 -0.78183148246802 0.00000000000000
  outer loop
   vertex -6.29852783088096 144.09201129461144 -6.39019925136189
   vertex -5.36632034356166 144.83542195866553 -6.39019925136189
   vertex -5.36632034356166 144.83542195866553 -4.89019925136189
  endloop
 endfacet
 facet normal 0.82623877431599 -0.56332005806363 0.00000000000000
  outer loop
   vertex -6.97019581517133 143.10685529999802 -6.39019925136189
   vertex -6.29852783088096 144.09201129461144 -6.39019925136189
   vertex -6.29852783088096 144.09201129461144 -4.89019925136189
  endloop
 endfacet
 facet normal 0.95557280578614 -0.29475517441091 0.00000000000000
  outer loop
   vertex -7.32164364846217 141.96748940823250 -6.39019925136189
   vertex -6.97019581517133 143.10685529999802 -6.39019925136189
   vertex -6.97019581517133 143.10685529999802 -4.89019925136189
  endloop
 endfacet
 facet normal 0.99720379718118 0.07473009358642 -0.00000000000000
  outer loop
   vertex -7.32164364846217 140.77515127882307 -6.39019925136189
   vertex -7.36632034356165 141.37132034352777 -6.39019925136189
   vertex -7.36632034356165 141.37132034352777 -4.89019925136189
  endloop
 endfacet
 facet normal 0.99720379718118 -0.07473009358642 0.00000000000000
  outer loop
   vertex -7.32164364846217 141.96748940823250 -4.89019925136189
   vertex -7.36632034356165 141.37132034352777 -4.89019925136189
   vertex -7.36632034356165 141.37132034352777 -6.39019925136189
  endloop
 endfacet
 facet normal 0.99720379718118 -0.07473009358642 0.00000000000000
  outer loop
   vertex -7.36632034356165 141.37132034352777 -6.39019925136189
   vertex -7.32164364846217 141.96748940823250 -6.39019925136189
   vertex -7.32164364846217 141.96748940823250 -4.89019925136189
  endloop
 endfacet
 facet normal 0.95557280578614 0.29475517441090 -0.00000000000000
  outer loop
   vertex -6.97019581517133 139.63578538705752 -6.39019925136189
   vertex -7.32164364846217 140.77515127882307 -6.39019925136189
   vertex -7.32164364846217 140.77515127882307 -4.89019925136189
  endloop
 endfacet
 facet normal 0.82623877431599 0.56332005806363 -0.00000000000000
  outer loop
   vertex -6.29852783088096 138.65062939244410 -6.39019925136189
   vertex -6.97019581517133 139.63578538705752 -6.39019925136189
   vertex -6.97019581517133 139.63578538705752 -4.89019925136189
  endloop
 endfacet
 facet normal 0.62348980185873 0.78183148246803 0.00000000000000
  outer loop
   vertex -5.36632034356166 137.90721872839003 -6.39019925136189
   vertex -6.29852783088096 138.65062939244410 -6.39019925136189
   vertex -6.29852783088096 138.65062939244410 -4.89019925136189
  endloop
 endfacet
 facet normal 0.36534102436642 0.93087374864420 0.00000000000000
  outer loop
   vertex -4.25640407938691 137.47160869480047 -6.39019925136189
   vertex -5.36632034356166 137.90721872839003 -6.39019925136189
   vertex -5.36632034356166 137.90721872839003 -4.89019925136189
  endloop
 endfacet
 facet normal 0.07473009358641 0.99720379718118 -0.00000000000000
  outer loop
   vertex -3.06739996921596 137.38250515480306 -6.39019925136189
   vertex -4.25640407938691 137.47160869480047 -6.39019925136189
   vertex -4.25640407938691 137.47160869480047 -4.89019925136189
  endloop
 endfacet
 facet normal -0.22252093395631 0.97492791218182 0.00000000000000
  outer loop
   vertex -1.90495624609607 137.64782534895096 -6.39019925136189
   vertex -3.06739996921596 137.38250515480306 -6.39019925136189
   vertex -3.06739996921596 137.38250515480306 -4.89019925136189
  endloop
 endfacet
 facet normal -0.50000000000000 0.86602540378444 -0.00000000000000
  outer loop
   vertex -0.87236113612672 138.24399441365566 -6.39019925136189
   vertex -1.90495624609607 137.64782534895096 -6.39019925136189
   vertex -1.90495624609607 137.64782534895096 -4.89019925136189
  endloop
 endfacet
 facet normal -0.73305187182983 0.68017273777091 0.00000000000000
  outer loop
   vertex -0.06136524629767 139.11804011127330 -6.39019925136189
   vertex -0.87236113612672 138.24399441365566 -6.39019925136189
   vertex -0.87236113612672 138.24399441365566 -4.89019925136189
  endloop
 endfacet
 facet normal -0.90096886790242 0.43388373911756 -0.00000000000000
  outer loop
   vertex 0.45597087958291 140.19229964588416 -6.39019925136189
   vertex -0.06136524629767 139.11804011127330 -6.39019925136189
   vertex -0.06136524629767 139.11804011127330 -4.89019925136189
  endloop
 endfacet
 facet normal -0.98883082622513 0.14904226617618 0.00000000000000
  outer loop
   vertex 0.63367965643835 141.37132034352777 -6.39019925136189
   vertex 0.45597087958291 140.19229964588416 -6.39019925136189
   vertex 0.45597087958291 140.19229964588416 -4.89019925136189
  endloop
 endfacet
 facet normal -0.98883082622513 0.14904226617618 0.00000000000000
  outer loop
   vertex 0.45597087958291 140.19229964588416 -4.89019925136189
   vertex 0.63367965643835 141.37132034352777 -4.89019925136189
   vertex 0.63367965643835 141.37132034352777 -6.39019925136189
  endloop
 endfacet
 facet normal -0.90096886790242 0.43388373911756 -0.00000000000000
  outer loop
   vertex -0.06136524629767 139.11804011127330 -4.89019925136189
   vertex 0.45597087958291 140.19229964588416 -4.89019925136189
   vertex 0.45597087958291 140.19229964588416 -6.39019925136189
  endloop
 endfacet
 facet normal -0.73305187182983 0.68017273777091 0.00000000000000
  outer loop
   vertex -0.87236113612672 138.24399441365566 -4.89019925136189
   vertex -0.06136524629767 139.11804011127330 -4.89019925136189
   vertex -0.06136524629767 139.11804011127330 -6.39019925136189
  endloop
 endfacet
 facet normal -0.50000000000000 0.86602540378444 -0.00000000000000
  outer loop
   vertex -1.90495624609607 137.64782534895096 -4.89019925136189
   vertex -0.87236113612672 138.24399441365566 -4.89019925136189
   vertex -0.87236113612672 138.24399441365566 -6.39019925136189
  endloop
 endfacet
 facet normal -0.22252093395631 0.97492791218182 0.00000000000000
  outer loop
   vertex -3.06739996921596 137.38250515480306 -4.89019925136189
   vertex -1.90495624609607 137.64782534895096 -4.89019925136189
   vertex -1.90495624609607 137.64782534895096 -6.39019925136189
  endloop
 endfacet
 facet normal 0.07473009358641 0.99720379718118 -0.00000000000000
  outer loop
   vertex -4.25640407938691 137.47160869480047 -4.89019925136189
   vertex -3.06739996921596 137.38250515480306 -4.89019925136189
   vertex -3.06739996921596 137.38250515480306 -6.39019925136189
  endloop
 endfacet
 facet normal 0.36534102436642 0.93087374864420 0.00000000000000
  outer loop
   vertex -5.36632034356166 137.90721872839003 -4.89019925136189
   vertex -4.25640407938691 137.47160869480047 -4.89019925136189
   vertex -4.25640407938691 137.47160869480047 -6.39019925136189
  endloop
 endfacet
 facet normal 0.62348980185873 0.78183148246803 0.00000000000000
  outer loop
   vertex -6.29852783088096 138.65062939244410 -4.89019925136189
   vertex -5.36632034356166 137.90721872839003 -4.89019925136189
   vertex -5.36632034356166 137.90721872839003 -6.39019925136189
  endloop
 endfacet
 facet normal 0.82623877431599 0.56332005806363 -0.00000000000000
  outer loop
   vertex -6.97019581517133 139.63578538705752 -4.89019925136189
   vertex -6.29852783088096 138.65062939244410 -4.89019925136189
   vertex -6.29852783088096 138.65062939244410 -6.39019925136189
  endloop
 endfacet
 facet normal 0.95557280578614 0.29475517441090 -0.00000000000000
  outer loop
   vertex -7.32164364846217 140.77515127882307 -4.89019925136189
   vertex -6.97019581517133 139.63578538705752 -4.89019925136189
   vertex -6.97019581517133 139.63578538705752 -6.39019925136189
  endloop
 endfacet
 facet normal 0.99720379718118 0.07473009358642 -0.00000000000000
  outer loop
   vertex -7.36632034356165 141.37132034352777 -4.89019925136189
   vertex -7.32164364846217 140.77515127882307 -4.89019925136189
   vertex -7.32164364846217 140.77515127882307 -6.39019925136189
  endloop
 endfacet
 facet normal 0.95557280578614 -0.29475517441091 0.00000000000000
  outer loop
   vertex -6.97019581517133 143.10685529999802 -4.89019925136189
   vertex -7.32164364846217 141.96748940823250 -4.89019925136189
   vertex -7.32164364846217 141.96748940823250 -6.39019925136189
  endloop
 endfacet
 facet normal 0.82623877431599 -0.56332005806363 0.00000000000000
  outer loop
   vertex -6.29852783088096 144.09201129461144 -4.89019925136189
   vertex -6.97019581517133 143.10685529999802 -4.89019925136189
   vertex -6.97019581517133 143.10685529999802 -6.39019925136189
  endloop
 endfacet
 facet normal 0.62348980185874 -0.78183148246802 0.00000000000000
  outer loop
   vertex -5.36632034356166 144.83542195866553 -4.89019925136189
   vertex -6.29852783088096 144.09201129461144 -4.89019925136189
   vertex -6.29852783088096 144.09201129461144 -6.39019925136189
  endloop
 endfacet
 facet normal 0.36534102436639 -0.93087374864420 0.00000000000000
  outer loop
   vertex -4.25640407938691 145.27103199225508 -4.89019925136189
   vertex -5.36632034356166 144.83542195866553 -4.89019925136189
   vertex -5.36632034356166 144.83542195866553 -6.39019925136189
  endloop
 endfacet
 facet normal 0.07473009358641 -0.99720379718118 0.00000000000000
  outer loop
   vertex -3.06739996921596 145.36013553225249 -4.89019925136189
   vertex -4.25640407938691 145.27103199225508 -4.89019925136189
   vertex -4.25640407938691 145.27103199225508 -6.39019925136189
  endloop
 endfacet
 facet normal -0.22252093395631 -0.97492791218182 -0.00000000000000
  outer loop
   vertex -1.90495624609607 145.09481533810458 -4.89019925136189
   vertex -3.06739996921596 145.36013553225249 -4.89019925136189
   vertex -3.06739996921596 145.36013553225249 -6.39019925136189
  endloop
 endfacet
 facet normal -0.50000000000000 -0.86602540378444 0.00000000000000
  outer loop
   vertex -0.87236113612672 144.49864627339988 -4.89019925136189
   vertex -1.90495624609607 145.09481533810458 -4.89019925136189
   vertex -1.90495624609607 145.09481533810458 -6.39019925136189
  endloop
 endfacet
 facet normal -0.73305187182982 -0.68017273777093 -0.00000000000000
  outer loop
   vertex -0.06136524629767 143.62460057578227 -4.89019925136189
   vertex -0.87236113612672 144.49864627339988 -4.89019925136189
   vertex -0.87236113612672 144.49864627339988 -6.39019925136189
  endloop
 endfacet
 facet normal -0.90096886790242 -0.43388373911756 -0.00000000000000
  outer loop
   vertex 0.45597087958291 142.55034104117141 -4.89019925136189
   vertex -0.06136524629767 143.62460057578227 -4.89019925136189
   vertex -0.06136524629767 143.62460057578227 -6.39019925136189
  endloop
 endfacet
 facet normal -0.98883082622513 -0.14904226617617 0.00000000000000
  outer loop
   vertex 0.63367965643835 141.37132034352777 -4.89019925136189
   vertex 0.45597087958291 142.55034104117141 -4.89019925136189
   vertex 0.45597087958291 142.55034104117141 -6.39019925136189
  endloop
 endfacet
 facet normal 0.00000000000000 0.00000000000000 -1.00000000000000
  outer loop
   vertex -3.36632034356165 141.37132034352777 -4.89019925136189
   vertex -7.32164364846216 141.96748940823250 -4.89019925136189
   vertex -6.97019581517133 143.10685529999802 -4.89019925136189
  endloop
 endfacet
 facet normal 0.00000000000000 0.00000000000000 -1.00000000000000
  outer loop
   vertex -6.97019581517133 143.10685529999802 -4.89019925136189
   vertex -6.29852783088096 144.09201129461144 -4.89019925136189
   vertex -3.36632034356165 141.37132034352777 -4.89019925136189
  endloop
 endfacet
 facet normal 0.00000000000000 0.00000000000000 -1.00000000000000
  outer loop
   vertex -6.29852783088096 144.09201129461144 -4.89019925136189
   vertex -5.36632034356166 144.83542195866553 -4.89019925136189
   vertex -3.36632034356165 141.37132034352777 -4.89019925136189
  endloop
 endfacet
 facet normal 0.00000000000000 0.00000000000000 -1.00000000000000
  outer loop
   vertex -5.36632034356166 144.83542195866553 -4.89019925136189
   vertex -4.25640407938691 145.27103199225508 -4.89019925136189
   vertex -3.36632034356165 141.37132034352777 -4.89019925136189
  endloop
 endfacet
 facet normal 0.00000000000000 0.00000000000000 -1.00000000000000
  outer loop
   vertex -4.25640407938691 145.27103199225508 -4.89019925136189
   vertex -3.06739996921596 145.36013553225249 -4.89019925136189
   vertex -3.36632034356165 141.37132034352777 -4.89019925136189
  endloop
 endfacet
 facet normal 0.00000000000000 -0.00000000000000 -1.00000000000000
  outer loop
   vertex -3.06739996921596 145.36013553225249 -4.89019925136189
   vertex -1.90495624609608 145.09481533810458 -4.89019925136189
   vertex -3.36632034356165 141.37132034352777 -4.89019925136189
  endloop
 endfacet
 facet normal 0.00000000000000 -0.00000000000000 -1.00000000000000
  outer loop
   vertex -1.90495624609608 145.09481533810458 -4.89019925136189
   vertex -0.87236113612672 144.49864627339988 -4.89019925136189
   vertex -3.36632034356165 141.37132034352777 -4.89019925136189
  endloop
 endfacet
 facet normal 0.00000000000000 -0.00000000000000 -1.00000000000000
  outer loop
   vertex -0.87236113612672 144.49864627339988 -4.89019925136189
   vertex -0.06136524629767 143.62460057578227 -4.89019925136189
   vertex -3.36632034356165 141.37132034352777 -4.89019925136189
  endloop
 endfacet
 facet normal 0.00000000000000 -0.00000000000000 -1.00000000000000
  outer loop
   vertex -0.06136524629767 143.62460057578227 -4.89019925136189
   vertex 0.45597087958291 142.55034104117141 -4.89019925136189
   vertex -3.36632034356165 141.37132034352777 -4.89019925136189
  endloop
 endfacet
 facet normal 0.00000000000000 -0.00000000000000 -1.00000000000000
  outer loop
   vertex 0.45597087958291 142.55034104117141 -4.89019925136189
   vertex 0.63367965643834 141.37132034352777 -4.89019925136189
   vertex -3.36632034356165 141.37132034352777 -4.89019925136189
  endloop
 endfacet
 facet normal -0.00000000000000 0.00000000000000 -1.00000000000000
  outer loop
   vertex 0.63367965643834 141.37132034352777 -4.89019925136189
   vertex 0.45597087958291 140.19229964588416 -4.89019925136189
   vertex -3.36632034356165 141.37132034352777 -4.89019925136189
  endloop
 endfacet
 facet normal -0.00000000000000 0.00000000000000 -1.00000000000000
  outer loop
   vertex 0.45597087958291 140.19229964588416 -4.89019925136189
   vertex -0.06136524629767 139.11804011127330 -4.89019925136189
   vertex -3.36632034356165 141.37132034352777 -4.89019925136189
  endloop
 endfacet
 facet normal -0.00000000000000 0.00000000000000 -1.00000000000000
  outer loop
   vertex -0.06136524629767 139.11804011127330 -4.89019925136189
   vertex -0.87236113612672 138.24399441365566 -4.89019925136189
   vertex -3.36632034356165 141.37132034352777 -4.89019925136189
  endloop
 endfacet
 facet normal -0.00000000000000 0.00000000000000 -1.00000000000000
  outer loop
   vertex -0.87236113612672 138.24399441365566 -4.89019925136189
   vertex -1.90495624609608 137.64782534895096 -4.89019925136189
   vertex -3.36632034356165 141.37132034352777 -4.89019925136189
  endloop
 endfacet
 facet normal -0.00000000000000 0.00000000000000 -1.00000000000000
  outer loop
   vertex -1.90495624609608 137.64782534895096 -4.89019925136189
   vertex -3.06739996921596 137.38250515480306 -4.89019925136189
   vertex -3.36632034356165 141.37132034352777 -4.89019925136189
  endloop
 endfacet
 facet normal 0.00000000000000 0.00000000000000 -1.00000000000000
  outer loop
   vertex -3.06739996921596 137.38250515480306 -4.89019925136189
   vertex -4.25640407938691 137.47160869480047 -4.89019925136189
   vertex -3.36632034356165 141.37132034352777 -4.89019925136189
  endloop
 endfacet
 facet normal 0.00000000000000 0.00000000000000 -1.00000000000000
  outer loop
   vertex -4.25640407938691 137.47160869480047 -4.89019925136189
   vertex -5.36632034356166 137.90721872839003 -4.89019925136189
   vertex -3.36632034356165 141.37132034352777 -4.89019925136189
  endloop
 endfacet
 facet normal 0.00000000000000 0.00000000000000 -1.00000000000000
  outer loop
   vertex -5.36632034356166 137.90721872839003 -4.89019925136189
   vertex -6.29852783088096 138.65062939244410 -4.89019925136189
   vertex -3.36632034356165 141.37132034352777 -4.89019925136189
  endloop
 endfacet
 facet normal 0.00000000000000 0.00000000000000 -1.00000000000000
  outer loop
   vertex -6.29852783088096 138.65062939244410 -4.89019925136189
   vertex -6.97019581517133 139.63578538705752 -4.89019925136189
   vertex -3.36632034356165 141.37132034352777 -4.89019925136189
  endloop
 endfacet
 facet normal 0.00000000000000 0.00000000000000 -1.00000000000000
  outer loop
   vertex -6.97019581517133 139.63578538705752 -4.89019925136189
   vertex -7.32164364846216 140.77515127882307 -4.89019925136189
   vertex -3.36632034356165 141.37132034352777 -4.89019925136189
  endloop
 endfacet
 facet normal 0.00000000000000 0.00000000000000 -1.00000000000000
  outer loop
   vertex -7.32164364846216 140.77515127882307 -4.89019925136189
   vertex -7.36632034356165 141.37132034352777 -4.89019925136189
   vertex -3.36632034356165 141.37132034352777 -4.89019925136189
  endloop
 endfacet
 facet normal 0.00000000000000 0.00000000000000 -1.00000000000000
  outer loop
   vertex -7.36632034356165 141.37132034352777 -4.89019925136189
   vertex -7.32164364846216 141.96748940823250 -4.89019925136189
   vertex -3.36632034356165 141.37132034352777 -4.89019925136189
  endloop
 endfacet
 facet normal -0.98883082622513 -0.14904226617617 -0.00000000000000
  outer loop
   vertex 0.45597087958291 -2.24782483055633 -6.39019925136189
   vertex 0.63367965643835 -3.42684552819995 -6.39019925136189
   vertex 0.63367965643835 -3.42684552819995 -4.89019925136189
  endloop
 endfacet
 facet normal -0.90096886790242 -0.43388373911756 -0.00000000000000
  outer loop
   vertex -0.06136524629767 -1.17356529594546 -6.39019925136189
   vertex 0.45597087958291 -2.24782483055633 -6.39019925136189
   vertex 0.45597087958291 -2.24782483055633 -4.89019925136189
  endloop
 endfacet
 facet normal -0.73305187182983 -0.68017273777092 -0.00000000000000
  outer loop
   vertex -0.87236113612672 -0.29951959832783 -6.39019925136189
   vertex -0.06136524629767 -1.17356529594546 -6.39019925136189
   vertex -0.06136524629767 -1.17356529594546 -4.89019925136189
  endloop
 endfacet
 facet normal -0.50000000000000 -0.86602540378444 0.00000000000000
  outer loop
   vertex -1.90495624609607 0.29664946637687 -6.39019925136189
   vertex -0.87236113612672 -0.29951959832783 -6.39019925136189
   vertex -0.87236113612672 -0.29951959832783 -4.89019925136189
  endloop
 endfacet
 facet normal -0.22252093395631 -0.97492791218182 -0.00000000000000
  outer loop
   vertex -3.06739996921596 0.56196966052477 -6.39019925136189
   vertex -1.90495624609607 0.29664946637687 -6.39019925136189
   vertex -1.90495624609607 0.29664946637687 -4.89019925136189
  endloop
 endfacet
 facet normal 0.07473009358642 -0.99720379718118 -0.00000000000000
  outer loop
   vertex -4.25640407938691 0.47286612052735 -6.39019925136189
   vertex -3.06739996921596 0.56196966052477 -6.39019925136189
   vertex -3.06739996921596 0.56196966052477 -4.89019925136189
  endloop
 endfacet
 facet normal 0.36534102436640 -0.93087374864420 -0.00000000000000
  outer loop
   vertex -5.36632034356165 0.03725608693781 -6.39019925136189
   vertex -4.25640407938691 0.47286612052735 -6.39019925136189
   vertex -4.25640407938691 0.47286612052735 -4.89019925136189
  endloop
 endfacet
 facet normal 0.62348980185873 -0.78183148246803 0.00000000000000
  outer loop
   vertex -6.29852783088096 -0.70615457711627 -6.39019925136189
   vertex -5.36632034356165 0.03725608693781 -6.39019925136189
   vertex -5.36632034356165 0.03725608693781 -4.89019925136189
  endloop
 endfacet
 facet normal 0.82623877431600 -0.56332005806362 -0.00000000000000
  outer loop
   vertex -6.97019581517133 -1.69131057172972 -6.39019925136189
   vertex -6.29852783088096 -0.70615457711627 -6.39019925136189
   vertex -6.29852783088096 -0.70615457711627 -4.89019925136189
  endloop
 endfacet
 facet normal 0.95557280578614 -0.29475517441090 -0.00000000000000
  outer loop
   vertex -7.32164364846217 -2.83067646349525 -6.39019925136189
   vertex -6.97019581517133 -1.69131057172972 -6.39019925136189
   vertex -6.97019581517133 -1.69131057172972 -4.89019925136189
  endloop
 endfacet
 facet normal 0.99720379718118 0.07473009358642 0.00000000000000
  outer loop
   vertex -7.32164364846217 -4.02301459290465 -4.89019925136189
   vertex -7.32164364846217 -4.02301459290465 -6.39019925136189
   vertex -7.36632034356165 -3.42684552819995 -6.39019925136189
  endloop
 endfacet
 facet normal 0.99720379718118 -0.07473009358642 0.00000000000000
  outer loop
   vertex -7.32164364846217 -2.83067646349525 -6.39019925136189
   vertex -7.32164364846217 -2.83067646349525 -4.89019925136189
   vertex -7.36632034356165 -3.42684552819995 -4.89019925136189
  endloop
 endfacet
 facet normal 0.99720379718118 -0.07473009358642 0.00000000000000
  outer loop
   vertex -7.36632034356165 -3.42684552819995 -4.89019925136189
   vertex -7.36632034356165 -3.42684552819995 -6.39019925136189
   vertex -7.32164364846217 -2.83067646349525 -6.39019925136189
  endloop
 endfacet
 facet normal 0.95557280578614 0.29475517441090 -0.00000000000000
  outer loop
   vertex -6.97019581517133 -5.16238048467018 -6.39019925136189
   vertex -7.32164364846217 -4.02301459290465 -6.39019925136189
   vertex -7.32164364846217 -4.02301459290465 -4.89019925136189
  endloop
 endfacet
 facet normal 0.82623877431600 0.56332005806362 -0.00000000000000
  outer loop
   vertex -6.29852783088096 -6.14753647928363 -6.39019925136189
   vertex -6.97019581517133 -5.16238048467018 -6.39019925136189
   vertex -6.97019581517133 -5.16238048467018 -4.89019925136189
  endloop
 endfacet
 facet normal 0.62348980185873 0.78183148246803 0.00000000000000
  outer loop
   vertex -5.36632034356165 -6.89094714333770 -6.39019925136189
   vertex -6.29852783088096 -6.14753647928363 -6.39019925136189
   vertex -6.29852783088096 -6.14753647928363 -4.89019925136189
  endloop
 endfacet
 facet normal 0.36534102436639 0.93087374864420 0.00000000000000
  outer loop
   vertex -4.25640407938691 -7.32655717692724 -6.39019925136189
   vertex -5.36632034356165 -6.89094714333770 -6.39019925136189
   vertex -5.36632034356165 -6.89094714333770 -4.89019925136189
  endloop
 endfacet
 facet normal 0.07473009358642 0.99720379718118 0.00000000000000
  outer loop
   vertex -3.06739996921596 -7.41566071692467 -6.39019925136189
   vertex -4.25640407938691 -7.32655717692724 -6.39019925136189
   vertex -4.25640407938691 -7.32655717692724 -4.89019925136189
  endloop
 endfacet
 facet normal -0.22252093395631 0.97492791218182 -0.00000000000000
  outer loop
   vertex -1.90495624609607 -7.15034052277677 -6.39019925136189
   vertex -3.06739996921596 -7.41566071692467 -6.39019925136189
   vertex -3.06739996921596 -7.41566071692467 -4.89019925136189
  endloop
 endfacet
 facet normal -0.50000000000000 0.86602540378444 -0.00000000000000
  outer loop
   vertex -0.87236113612672 -6.55417145807207 -6.39019925136189
   vertex -1.90495624609607 -7.15034052277677 -6.39019925136189
   vertex -1.90495624609607 -7.15034052277677 -4.89019925136189
  endloop
 endfacet
 facet normal -0.73305187182983 0.68017273777092 0.00000000000000
  outer loop
   vertex -0.06136524629767 -5.68012576045444 -6.39019925136189
   vertex -0.87236113612672 -6.55417145807207 -6.39019925136189
   vertex -0.87236113612672 -6.55417145807207 -4.89019925136189
  endloop
 endfacet
 facet normal -0.90096886790242 0.43388373911756 -0.00000000000000
  outer loop
   vertex 0.45597087958291 -4.60586622584356 -6.39019925136189
   vertex -0.06136524629767 -5.68012576045444 -6.39019925136189
   vertex -0.06136524629767 -5.68012576045444 -4.89019925136189
  endloop
 endfacet
 facet normal -0.98883082622513 0.14904226617617 -0.00000000000000
  outer loop
   vertex 0.63367965643835 -3.42684552819995 -6.39019925136189
   vertex 0.45597087958291 -4.60586622584356 -6.39019925136189
   vertex 0.45597087958291 -4.60586622584356 -4.89019925136189
  endloop
 endfacet
 facet normal -0.98883082622513 0.14904226617617 -0.00000000000000
  outer loop
   vertex 0.45597087958291 -4.60586622584356 -4.89019925136189
   vertex 0.63367965643835 -3.42684552819995 -4.89019925136189
   vertex 0.63367965643835 -3.42684552819995 -6.39019925136189
  endloop
 endfacet
 facet normal -0.90096886790242 0.43388373911756 -0.00000000000000
  outer loop
   vertex -0.06136524629767 -5.68012576045444 -4.89019925136189
   vertex 0.45597087958291 -4.60586622584356 -4.89019925136189
   vertex 0.45597087958291 -4.60586622584356 -6.39019925136189
  endloop
 endfacet
 facet normal -0.73305187182983 0.68017273777092 0.00000000000000
  outer loop
   vertex -0.87236113612672 -6.55417145807207 -4.89019925136189
   vertex -0.06136524629767 -5.68012576045444 -4.89019925136189
   vertex -0.06136524629767 -5.68012576045444 -6.39019925136189
  endloop
 endfacet
 facet normal -0.50000000000000 0.86602540378444 -0.00000000000000
  outer loop
   vertex -1.90495624609607 -7.15034052277677 -4.89019925136189
   vertex -0.87236113612672 -6.55417145807207 -4.89019925136189
   vertex -0.87236113612672 -6.55417145807207 -6.39019925136189
  endloop
 endfacet
 facet normal -0.22252093395631 0.97492791218182 -0.00000000000000
  outer loop
   vertex -3.06739996921596 -7.41566071692467 -4.89019925136189
   vertex -1.90495624609607 -7.15034052277677 -4.89019925136189
   vertex -1.90495624609607 -7.15034052277677 -6.39019925136189
  endloop
 endfacet
 facet normal 0.07473009358642 0.99720379718118 0.00000000000000
  outer loop
   vertex -4.25640407938691 -7.32655717692724 -4.89019925136189
   vertex -3.06739996921596 -7.41566071692467 -4.89019925136189
   vertex -3.06739996921596 -7.41566071692467 -6.39019925136189
  endloop
 endfacet
 facet normal 0.36534102436639 0.93087374864420 0.00000000000000
  outer loop
   vertex -5.36632034356165 -6.89094714333770 -4.89019925136189
   vertex -4.25640407938691 -7.32655717692724 -4.89019925136189
   vertex -4.25640407938691 -7.32655717692724 -6.39019925136189
  endloop
 endfacet
 facet normal 0.62348980185873 0.78183148246803 0.00000000000000
  outer loop
   vertex -6.29852783088096 -6.14753647928363 -4.89019925136189
   vertex -5.36632034356165 -6.89094714333770 -4.89019925136189
   vertex -5.36632034356165 -6.89094714333770 -6.39019925136189
  endloop
 endfacet
 facet normal 0.82623877431600 0.56332005806362 -0.00000000000000
  outer loop
   vertex -6.97019581517133 -5.16238048467018 -4.89019925136189
   vertex -6.29852783088096 -6.14753647928363 -4.89019925136189
   vertex -6.29852783088096 -6.14753647928363 -6.39019925136189
  endloop
 endfacet
 facet normal 0.95557280578614 0.29475517441090 -0.00000000000000
  outer loop
   vertex -7.32164364846217 -4.02301459290465 -4.89019925136189
   vertex -6.97019581517133 -5.16238048467018 -4.89019925136189
   vertex -6.97019581517133 -5.16238048467018 -6.39019925136189
  endloop
 endfacet
 facet normal 0.99720379718118 0.07473009358642 -0.00000000000000
  outer loop
   vertex -7.36632034356165 -3.42684552819995 -6.39019925136189
   vertex -7.36632034356165 -3.42684552819995 -4.89019925136189
   vertex -7.32164364846217 -4.02301459290465 -4.89019925136189
  endloop
 endfacet
 facet normal 0.95557280578614 -0.29475517441090 -0.00000000000000
  outer loop
   vertex -6.97019581517133 -1.69131057172972 -4.89019925136189
   vertex -7.32164364846217 -2.83067646349525 -4.89019925136189
   vertex -7.32164364846217 -2.83067646349525 -6.39019925136189
  endloop
 endfacet
 facet normal 0.82623877431600 -0.56332005806362 -0.00000000000000
  outer loop
   vertex -6.29852783088096 -0.70615457711627 -4.89019925136189
   vertex -6.97019581517133 -1.69131057172972 -4.89019925136189
   vertex -6.97019581517133 -1.69131057172972 -6.39019925136189
  endloop
 endfacet
 facet normal 0.62348980185873 -0.78183148246803 0.00000000000000
  outer loop
   vertex -5.36632034356165 0.03725608693781 -4.89019925136189
   vertex -6.29852783088096 -0.70615457711627 -4.89019925136189
   vertex -6.29852783088096 -0.70615457711627 -6.39019925136189
  endloop
 endfacet
 facet normal 0.36534102436640 -0.93087374864420 -0.00000000000000
  outer loop
   vertex -4.25640407938691 0.47286612052735 -4.89019925136189
   vertex -5.36632034356165 0.03725608693781 -4.89019925136189
   vertex -5.36632034356165 0.03725608693781 -6.39019925136189
  endloop
 endfacet
 facet normal 0.07473009358642 -0.99720379718118 -0.00000000000000
  outer loop
   vertex -3.06739996921596 0.56196966052477 -4.89019925136189
   vertex -4.25640407938691 0.47286612052735 -4.89019925136189
   vertex -4.25640407938691 0.47286612052735 -6.39019925136189
  endloop
 endfacet
 facet normal -0.22252093395631 -0.97492791218182 -0.00000000000000
  outer loop
   vertex -1.90495624609607 0.29664946637687 -4.89019925136189
   vertex -3.06739996921596 0.56196966052477 -4.89019925136189
   vertex -3.06739996921596 0.56196966052477 -6.39019925136189
  endloop
 endfacet
 facet normal -0.50000000000000 -0.86602540378444 0.00000000000000
  outer loop
   vertex -0.87236113612672 -0.29951959832783 -4.89019925136189
   vertex -1.90495624609607 0.29664946637687 -4.89019925136189
   vertex -1.90495624609607 0.29664946637687 -6.39019925136189
  endloop
 endfacet
 facet normal -0.73305187182983 -0.68017273777092 -0.00000000000000
  outer loop
   vertex -0.06136524629767 -1.17356529594546 -4.89019925136189
   vertex -0.87236113612672 -0.29951959832783 -4.89019925136189
   vertex -0.87236113612672 -0.29951959832783 -6.39019925136189
  endloop
 endfacet
 facet normal -0.90096886790242 -0.43388373911756 -0.00000000000000
  outer loop
   vertex 0.45597087958291 -2.24782483055633 -4.89019925136189
   vertex -0.06136524629767 -1.17356529594546 -4.89019925136189
   vertex -0.06136524629767 -1.17356529594546 -6.39019925136189
  endloop
 endfacet
 facet normal -0.98883082622513 -0.14904226617617 -0.00000000000000
  outer loop
   vertex 0.63367965643835 -3.42684552819995 -4.89019925136189
   vertex 0.45597087958291 -2.24782483055633 -4.89019925136189
   vertex 0.45597087958291 -2.24782483055633 -6.39019925136189
  endloop
 endfacet
 facet normal 0.00000000000000 0.00000000000000 -1.00000000000000
  outer loop
   vertex -3.36632034356165 -3.42684552819995 -4.89019925136189
   vertex -7.32164364846216 -2.83067646349525 -4.89019925136189
   vertex -6.97019581517133 -1.69131057172972 -4.89019925136189
  endloop
 endfacet
 facet normal 0.00000000000000 0.00000000000000 -1.00000000000000
  outer loop
   vertex -6.97019581517133 -1.69131057172972 -4.89019925136189
   vertex -6.29852783088096 -0.70615457711627 -4.89019925136189
   vertex -3.36632034356165 -3.42684552819995 -4.89019925136189
  endloop
 endfacet
 facet normal 0.00000000000000 0.00000000000000 -1.00000000000000
  outer loop
   vertex -6.29852783088096 -0.70615457711627 -4.89019925136189
   vertex -5.36632034356166 0.03725608693781 -4.89019925136189
   vertex -3.36632034356165 -3.42684552819995 -4.89019925136189
  endloop
 endfacet
 facet normal 0.00000000000000 0.00000000000000 -1.00000000000000
  outer loop
   vertex -5.36632034356166 0.03725608693781 -4.89019925136189
   vertex -4.25640407938691 0.47286612052735 -4.89019925136189
   vertex -3.36632034356165 -3.42684552819995 -4.89019925136189
  endloop
 endfacet
 facet normal 0.00000000000000 0.00000000000000 -1.00000000000000
  outer loop
   vertex -4.25640407938691 0.47286612052735 -4.89019925136189
   vertex -3.06739996921596 0.56196966052477 -4.89019925136189
   vertex -3.36632034356165 -3.42684552819995 -4.89019925136189
  endloop
 endfacet
 facet normal 0.00000000000000 -0.00000000000000 -1.00000000000000
  outer loop
   vertex -3.06739996921596 0.56196966052477 -4.89019925136189
   vertex -1.90495624609608 0.29664946637687 -4.89019925136189
   vertex -3.36632034356165 -3.42684552819995 -4.89019925136189
  endloop
 endfacet
 facet normal 0.00000000000000 -0.00000000000000 -1.00000000000000
  outer loop
   vertex -1.90495624609608 0.29664946637687 -4.89019925136189
   vertex -0.87236113612672 -0.29951959832783 -4.89019925136189
   vertex -3.36632034356165 -3.42684552819995 -4.89019925136189
  endloop
 endfacet
 facet normal 0.00000000000000 -0.00000000000000 -1.00000000000000
  outer loop
   vertex -0.87236113612672 -0.29951959832783 -4.89019925136189
   vertex -0.06136524629767 -1.17356529594546 -4.89019925136189
   vertex -3.36632034356165 -3.42684552819995 -4.89019925136189
  endloop
 endfacet
 facet normal 0.00000000000000 -0.00000000000000 -1.00000000000000
  outer loop
   vertex -0.06136524629767 -1.17356529594546 -4.89019925136189
   vertex 0.45597087958291 -2.24782483055633 -4.89019925136189
   vertex -3.36632034356165 -3.42684552819995 -4.89019925136189
  endloop
 endfacet
 facet normal 0.00000000000000 -0.00000000000000 -1.00000000000000
  outer loop
   vertex 0.45597087958291 -2.24782483055633 -4.89019925136189
   vertex 0.63367965643834 -3.42684552819995 -4.89019925136189
   vertex -3.36632034356165 -3.42684552819995 -4.89019925136189
  endloop
 endfacet
 facet normal 0.00000000000000 0.00000000000000 -1.00000000000000
  outer loop
   vertex 0.63367965643834 -3.42684552819995 -4.89019925136189
   vertex 0.45597087958291 -4.60586622584356 -4.89019925136189
   vertex -3.36632034356165 -3.42684552819995 -4.89019925136189
  endloop
 endfacet
 facet normal -0.00000000000000 0.00000000000000 -1.00000000000000
  outer loop
   vertex 0.45597087958291 -4.60586622584356 -4.89019925136189
   vertex -0.06136524629767 -5.68012576045444 -4.89019925136189
   vertex -3.36632034356165 -3.42684552819995 -4.89019925136189
  endloop
 endfacet
 facet normal -0.00000000000000 0.00000000000000 -1.00000000000000
  outer loop
   vertex -0.06136524629767 -5.68012576045444 -4.89019925136189
   vertex -0.87236113612672 -6.55417145807207 -4.89019925136189
   vertex -3.36632034356165 -3.42684552819995 -4.89019925136189
  endloop
 endfacet
 facet normal -0.00000000000000 0.00000000000000 -1.00000000000000
  outer loop
   vertex -0.87236113612672 -6.55417145807207 -4.89019925136189
   vertex -1.90495624609608 -7.15034052277677 -4.89019925136189
   vertex -3.36632034356165 -3.42684552819995 -4.89019925136189
  endloop
 endfacet
 facet normal -0.00000000000000 0.00000000000000 -1.00000000000000
  outer loop
   vertex -1.90495624609608 -7.15034052277677 -4.89019925136189
   vertex -3.06739996921596 -7.41566071692467 -4.89019925136189
   vertex -3.36632034356165 -3.42684552819995 -4.89019925136189
  endloop
 endfacet
 facet normal 0.00000000000000 0.00000000000000 -1.00000000000000
  outer loop
   vertex -3.06739996921596 -7.41566071692467 -4.89019925136189
   vertex -4.25640407938691 -7.32655717692724 -4.89019925136189
   vertex -3.36632034356165 -3.42684552819995 -4.89019925136189
  endloop
 endfacet
 facet normal 0.00000000000000 0.00000000000000 -1.00000000000000
  outer loop
   vertex -4.25640407938691 -7.32655717692724 -4.89019925136189
   vertex -5.36632034356166 -6.89094714333770 -4.89019925136189
   vertex -3.36632034356165 -3.42684552819995 -4.89019925136189
  endloop
 endfacet
 facet normal 0.00000000000000 0.00000000000000 -1.00000000000000
  outer loop
   vertex -5.36632034356166 -6.89094714333770 -4.89019925136189
   vertex -6.29852783088096 -6.14753647928363 -4.89019925136189
   vertex -3.36632034356165 -3.42684552819995 -4.89019925136189
  endloop
 endfacet
 facet normal 0.00000000000000 0.00000000000000 -1.00000000000000
  outer loop
   vertex -6.29852783088096 -6.14753647928363 -4.89019925136189
   vertex -6.97019581517133 -5.16238048467018 -4.89019925136189
   vertex -3.36632034356165 -3.42684552819995 -4.89019925136189
  endloop
 endfacet
 facet normal 0.00000000000000 0.00000000000000 -1.00000000000000
  outer loop
   vertex -6.97019581517133 -5.16238048467018 -4.89019925136189
   vertex -7.32164364846216 -4.02301459290465 -4.89019925136189
   vertex -3.36632034356165 -3.42684552819995 -4.89019925136189
  endloop
 endfacet
 facet normal 0.00000000000000 0.00000000000000 -1.00000000000000
  outer loop
   vertex -7.32164364846216 -4.02301459290465 -4.89019925136189
   vertex -7.36632034356165 -3.42684552819995 -4.89019925136189
   vertex -3.36632034356165 -3.42684552819995 -4.89019925136189
  endloop
 endfacet
 facet normal 0.00000000000000 0.00000000000000 -1.00000000000000
  outer loop
   vertex -7.36632034356165 -3.42684552819995 -4.89019925136189
   vertex -7.32164364846216 -2.83067646349525 -4.89019925136189
   vertex -3.36632034356165 -3.42684552819995 -4.89019925136189
  endloop
 endfacet
 facet normal -0.98883082622513 -0.14904226617615 -0.00000000000000
  outer loop
   vertex 151.31343868116053 31.74192334292431 -6.39019925136189
   vertex 151.49114745801594 30.56290264528069 -6.39019925136189
   vertex 151.49114745801594 30.56290264528069 -4.89019925136189
  endloop
 endfacet
 facet normal -0.90096886790241 -0.43388373911757 -0.00000000000000
  outer loop
   vertex 150.79610255527993 32.81618287753518 -6.39019925136189
   vertex 151.31343868116053 31.74192334292431 -6.39019925136189
   vertex 151.31343868116053 31.74192334292431 -4.89019925136189
  endloop
 endfacet
 facet normal -0.73305187182983 -0.68017273777091 0.00000000000000
  outer loop
   vertex 149.98510666545090 33.69022857515281 -6.39019925136189
   vertex 150.79610255527993 32.81618287753518 -6.39019925136189
   vertex 150.79610255527993 32.81618287753518 -4.89019925136189
  endloop
 endfacet
 facet normal -0.50000000000000 -0.86602540378444 0.00000000000000
  outer loop
   vertex 148.95251155548155 34.28639763985750 -6.39019925136189
   vertex 149.98510666545090 33.69022857515281 -6.39019925136189
   vertex 149.98510666545090 33.69022857515281 -4.89019925136189
  endloop
 endfacet
 facet normal -0.22252093395632 -0.97492791218182 0.00000000000000
  outer loop
   vertex 147.79006783236167 34.55171783400541 -6.39019925136189
   vertex 148.95251155548155 34.28639763985750 -6.39019925136189
   vertex 148.95251155548155 34.28639763985750 -4.89019925136189
  endloop
 endfacet
 facet normal 0.07473009358642 -0.99720379718118 0.00000000000000
  outer loop
   vertex 146.60106372219070 34.46261429400798 -6.39019925136189
   vertex 147.79006783236167 34.55171783400541 -6.39019925136189
   vertex 147.79006783236167 34.55171783400541 -4.89019925136189
  endloop
 endfacet
 facet normal 0.36534102436640 -0.93087374864420 -0.00000000000000
  outer loop
   vertex 145.49114745801597 34.02700426041844 -6.39019925136189
   vertex 146.60106372219070 34.46261429400798 -6.39019925136189
   vertex 146.60106372219070 34.46261429400798 -4.89019925136189
  endloop
 endfacet
 facet normal 0.62348980185873 -0.78183148246803 0.00000000000000
  outer loop
   vertex 144.55893997069666 33.28359359636436 -6.39019925136189
   vertex 145.49114745801597 34.02700426041844 -6.39019925136189
   vertex 145.49114745801597 34.02700426041844 -4.89019925136189
  endloop
 endfacet
 facet normal 0.82623877431600 -0.56332005806362 0.00000000000000
  outer loop
   vertex 143.88727198640629 32.29843760175092 -6.39019925136189
   vertex 144.55893997069666 33.28359359636436 -6.39019925136189
   vertex 144.55893997069666 33.28359359636436 -4.89019925136189
  endloop
 endfacet
 facet normal 0.95557280578615 -0.29475517441089 -0.00000000000000
  outer loop
   vertex 143.53582415311547 31.15907170998538 -6.39019925136189
   vertex 143.88727198640629 32.29843760175092 -6.39019925136189
   vertex 143.88727198640629 32.29843760175092 -4.89019925136189
  endloop
 endfacet
 facet normal 0.99720379718118 0.07473009358644 -0.00000000000000
  outer loop
   vertex 143.53582415311547 29.96673358057599 -6.39019925136189
   vertex 143.49114745801597 30.56290264528069 -6.39019925136189
   vertex 143.49114745801597 30.56290264528069 -4.89019925136189
  endloop
 endfacet
 facet normal 0.99720379718118 -0.07473009358644 0.00000000000000
  outer loop
   vertex 143.53582415311547 31.15907170998538 -4.89019925136189
   vertex 143.49114745801597 30.56290264528069 -4.89019925136189
   vertex 143.49114745801597 30.56290264528069 -6.39019925136189
  endloop
 endfacet
 facet normal 0.99720379718118 -0.07473009358644 0.00000000000000
  outer loop
   vertex 143.49114745801597 30.56290264528069 -6.39019925136189
   vertex 143.53582415311547 31.15907170998538 -6.39019925136189
   vertex 143.53582415311547 31.15907170998538 -4.89019925136189
  endloop
 endfacet
 facet normal 0.95557280578615 0.29475517441089 0.00000000000000
  outer loop
   vertex 143.88727198640629 28.82736768881045 -6.39019925136189
   vertex 143.53582415311547 29.96673358057599 -6.39019925136189
   vertex 143.53582415311547 29.96673358057599 -4.89019925136189
  endloop
 endfacet
 facet normal 0.82623877431600 0.56332005806362 -0.00000000000000
  outer loop
   vertex 144.55893997069666 27.84221169419702 -6.39019925136189
   vertex 143.88727198640629 28.82736768881045 -6.39019925136189
   vertex 143.88727198640629 28.82736768881045 -4.89019925136189
  endloop
 endfacet
 facet normal 0.62348980185873 0.78183148246803 0.00000000000000
  outer loop
   vertex 145.49114745801597 27.09880103014294 -6.39019925136189
   vertex 144.55893997069666 27.84221169419702 -6.39019925136189
   vertex 144.55893997069666 27.84221169419702 -4.89019925136189
  endloop
 endfacet
 facet normal 0.36534102436640 0.93087374864420 -0.00000000000000
  outer loop
   vertex 146.60106372219070 26.66319099655340 -6.39019925136189
   vertex 145.49114745801597 27.09880103014294 -6.39019925136189
   vertex 145.49114745801597 27.09880103014294 -4.89019925136189
  endloop
 endfacet
 facet normal 0.07473009358643 0.99720379718118 0.00000000000000
  outer loop
   vertex 147.79006783236167 26.57408745655597 -6.39019925136189
   vertex 146.60106372219070 26.66319099655340 -6.39019925136189
   vertex 146.60106372219070 26.66319099655340 -4.89019925136189
  endloop
 endfacet
 facet normal -0.22252093395632 0.97492791218182 -0.00000000000000
  outer loop
   vertex 148.95251155548155 26.83940765070387 -6.39019925136189
   vertex 147.79006783236167 26.57408745655597 -6.39019925136189
   vertex 147.79006783236167 26.57408745655597 -4.89019925136189
  endloop
 endfacet
 facet normal -0.50000000000000 0.86602540378444 -0.00000000000000
  outer loop
   vertex 149.98510666545090 27.43557671540857 -6.39019925136189
   vertex 148.95251155548155 26.83940765070387 -6.39019925136189
   vertex 148.95251155548155 26.83940765070387 -4.89019925136189
  endloop
 endfacet
 facet normal -0.73305187182983 0.68017273777091 -0.00000000000000
  outer loop
   vertex 150.79610255527993 28.30962241302620 -6.39019925136189
   vertex 149.98510666545090 27.43557671540857 -6.39019925136189
   vertex 149.98510666545090 27.43557671540857 -4.89019925136189
  endloop
 endfacet
 facet normal -0.90096886790241 0.43388373911757 0.00000000000000
  outer loop
   vertex 151.31343868116053 29.38388194763707 -6.39019925136189
   vertex 150.79610255527993 28.30962241302620 -6.39019925136189
   vertex 150.79610255527993 28.30962241302620 -4.89019925136189
  endloop
 endfacet
 facet normal -0.98883082622513 0.14904226617615 0.00000000000000
  outer loop
   vertex 151.49114745801594 30.56290264528069 -6.39019925136189
   vertex 151.31343868116053 29.38388194763707 -6.39019925136189
   vertex 151.31343868116053 29.38388194763707 -4.89019925136189
  endloop
 endfacet
 facet normal -0.98883082622513 0.14904226617615 0.00000000000000
  outer loop
   vertex 151.31343868116053 29.38388194763707 -4.89019925136189
   vertex 151.49114745801594 30.56290264528069 -4.89019925136189
   vertex 151.49114745801594 30.56290264528069 -6.39019925136189
  endloop
 endfacet
 facet normal -0.90096886790241 0.43388373911757 0.00000000000000
  outer loop
   vertex 150.79610255527993 28.30962241302620 -4.89019925136189
   vertex 151.31343868116053 29.38388194763707 -4.89019925136189
   vertex 151.31343868116053 29.38388194763707 -6.39019925136189
  endloop
 endfacet
 facet normal -0.73305187182983 0.68017273777091 -0.00000000000000
  outer loop
   vertex 149.98510666545090 27.43557671540857 -4.89019925136189
   vertex 150.79610255527993 28.30962241302620 -4.89019925136189
   vertex 150.79610255527993 28.30962241302620 -6.39019925136189
  endloop
 endfacet
 facet normal -0.50000000000000 0.86602540378444 -0.00000000000000
  outer loop
   vertex 148.95251155548155 26.83940765070387 -4.89019925136189
   vertex 149.98510666545090 27.43557671540857 -4.89019925136189
   vertex 149.98510666545090 27.43557671540857 -6.39019925136189
  endloop
 endfacet
 facet normal -0.22252093395632 0.97492791218182 -0.00000000000000
  outer loop
   vertex 147.79006783236167 26.57408745655597 -4.89019925136189
   vertex 148.95251155548155 26.83940765070387 -4.89019925136189
   vertex 148.95251155548155 26.83940765070387 -6.39019925136189
  endloop
 endfacet
 facet normal 0.07473009358643 0.99720379718118 0.00000000000000
  outer loop
   vertex 146.60106372219070 26.66319099655340 -4.89019925136189
   vertex 147.79006783236167 26.57408745655597 -4.89019925136189
   vertex 147.79006783236167 26.57408745655597 -6.39019925136189
  endloop
 endfacet
 facet normal 0.36534102436640 0.93087374864420 -0.00000000000000
  outer loop
   vertex 145.49114745801597 27.09880103014294 -4.89019925136189
   vertex 146.60106372219070 26.66319099655340 -4.89019925136189
   vertex 146.60106372219070 26.66319099655340 -6.39019925136189
  endloop
 endfacet
 facet normal 0.62348980185873 0.78183148246803 0.00000000000000
  outer loop
   vertex 144.55893997069666 27.84221169419702 -4.89019925136189
   vertex 145.49114745801597 27.09880103014294 -4.89019925136189
   vertex 145.49114745801597 27.09880103014294 -6.39019925136189
  endloop
 endfacet
 facet normal 0.82623877431600 0.56332005806362 -0.00000000000000
  outer loop
   vertex 143.88727198640629 28.82736768881045 -4.89019925136189
   vertex 144.55893997069666 27.84221169419702 -4.89019925136189
   vertex 144.55893997069666 27.84221169419702 -6.39019925136189
  endloop
 endfacet
 facet normal 0.95557280578615 0.29475517441089 0.00000000000000
  outer loop
   vertex 143.53582415311547 29.96673358057599 -4.89019925136189
   vertex 143.88727198640629 28.82736768881045 -4.89019925136189
   vertex 143.88727198640629 28.82736768881045 -6.39019925136189
  endloop
 endfacet
 facet normal 0.99720379718118 0.07473009358644 -0.00000000000000
  outer loop
   vertex 143.49114745801597 30.56290264528069 -4.89019925136189
   vertex 143.53582415311547 29.96673358057599 -4.89019925136189
   vertex 143.53582415311547 29.96673358057599 -6.39019925136189
  endloop
 endfacet
 facet normal 0.95557280578615 -0.29475517441089 -0.00000000000000
  outer loop
   vertex 143.88727198640629 32.29843760175092 -4.89019925136189
   vertex 143.53582415311547 31.15907170998538 -4.89019925136189
   vertex 143.53582415311547 31.15907170998538 -6.39019925136189
  endloop
 endfacet
 facet normal 0.82623877431600 -0.56332005806362 0.00000000000000
  outer loop
   vertex 144.55893997069666 33.28359359636436 -4.89019925136189
   vertex 143.88727198640629 32.29843760175092 -4.89019925136189
   vertex 143.88727198640629 32.29843760175092 -6.39019925136189
  endloop
 endfacet
 facet normal 0.62348980185873 -0.78183148246803 0.00000000000000
  outer loop
   vertex 145.49114745801597 34.02700426041844 -4.89019925136189
   vertex 144.55893997069666 33.28359359636436 -4.89019925136189
   vertex 144.55893997069666 33.28359359636436 -6.39019925136189
  endloop
 endfacet
 facet normal 0.36534102436640 -0.93087374864420 -0.00000000000000
  outer loop
   vertex 146.60106372219070 34.46261429400798 -4.89019925136189
   vertex 145.49114745801597 34.02700426041844 -4.89019925136189
   vertex 145.49114745801597 34.02700426041844 -6.39019925136189
  endloop
 endfacet
 facet normal 0.07473009358642 -0.99720379718118 0.00000000000000
  outer loop
   vertex 147.79006783236167 34.55171783400541 -4.89019925136189
   vertex 146.60106372219070 34.46261429400798 -4.89019925136189
   vertex 146.60106372219070 34.46261429400798 -6.39019925136189
  endloop
 endfacet
 facet normal -0.22252093395632 -0.97492791218182 0.00000000000000
  outer loop
   vertex 148.95251155548155 34.28639763985750 -4.89019925136189
   vertex 147.79006783236167 34.55171783400541 -4.89019925136189
   vertex 147.79006783236167 34.55171783400541 -6.39019925136189
  endloop
 endfacet
 facet normal -0.50000000000000 -0.86602540378444 0.00000000000000
  outer loop
   vertex 149.98510666545090 33.69022857515281 -4.89019925136189
   vertex 148.95251155548155 34.28639763985750 -4.89019925136189
   vertex 148.95251155548155 34.28639763985750 -6.39019925136189
  endloop
 endfacet
 facet normal -0.73305187182983 -0.68017273777091 0.00000000000000
  outer loop
   vertex 150.79610255527993 32.81618287753518 -4.89019925136189
   vertex 149.98510666545090 33.69022857515281 -4.89019925136189
   vertex 149.98510666545090 33.69022857515281 -6.39019925136189
  endloop
 endfacet
 facet normal -0.90096886790241 -0.43388373911757 -0.00000000000000
  outer loop
   vertex 151.31343868116053 31.74192334292431 -4.89019925136189
   vertex 150.79610255527993 32.81618287753518 -4.89019925136189
   vertex 150.79610255527993 32.81618287753518 -6.39019925136189
  endloop
 endfacet
 facet normal -0.98883082622513 -0.14904226617615 -0.00000000000000
  outer loop
   vertex 151.49114745801594 30.56290264528069 -4.89019925136189
   vertex 151.31343868116053 31.74192334292431 -4.89019925136189
   vertex 151.31343868116053 31.74192334292431 -6.39019925136189
  endloop
 endfacet
 facet normal 0.00000000000000 0.00000000000000 -1.00000000000000
  outer loop
   vertex 147.49114745801597 30.56290264528069 -4.89019925136189
   vertex 143.53582415311547 31.15907170998538 -4.89019925136189
   vertex 143.88727198640629 32.29843760175092 -4.89019925136189
  endloop
 endfacet
 facet normal 0.00000000000000 0.00000000000000 -1.00000000000000
  outer loop
   vertex 143.88727198640629 32.29843760175092 -4.89019925136189
   vertex 144.55893997069666 33.28359359636436 -4.89019925136189
   vertex 147.49114745801597 30.56290264528069 -4.89019925136189
  endloop
 endfacet
 facet normal 0.00000000000000 0.00000000000000 -1.00000000000000
  outer loop
   vertex 144.55893997069666 33.28359359636436 -4.89019925136189
   vertex 145.49114745801597 34.02700426041844 -4.89019925136189
   vertex 147.49114745801597 30.56290264528069 -4.89019925136189
  endloop
 endfacet
 facet normal 0.00000000000000 0.00000000000000 -1.00000000000000
  outer loop
   vertex 145.49114745801597 34.02700426041844 -4.89019925136189
   vertex 146.60106372219070 34.46261429400798 -4.89019925136189
   vertex 147.49114745801597 30.56290264528069 -4.89019925136189
  endloop
 endfacet
 facet normal 0.00000000000000 0.00000000000000 -1.00000000000000
  outer loop
   vertex 146.60106372219070 34.46261429400798 -4.89019925136189
   vertex 147.79006783236167 34.55171783400541 -4.89019925136189
   vertex 147.49114745801597 30.56290264528069 -4.89019925136189
  endloop
 endfacet
 facet normal 0.00000000000000 -0.00000000000000 -1.00000000000000
  outer loop
   vertex 147.79006783236167 34.55171783400541 -4.89019925136189
   vertex 148.95251155548155 34.28639763985750 -4.89019925136189
   vertex 147.49114745801597 30.56290264528069 -4.89019925136189
  endloop
 endfacet
 facet normal 0.00000000000000 -0.00000000000000 -1.00000000000000
  outer loop
   vertex 148.95251155548155 34.28639763985750 -4.89019925136189
   vertex 149.98510666545090 33.69022857515281 -4.89019925136189
   vertex 147.49114745801597 30.56290264528069 -4.89019925136189
  endloop
 endfacet
 facet normal 0.00000000000000 -0.00000000000000 -1.00000000000000
  outer loop
   vertex 149.98510666545090 33.69022857515281 -4.89019925136189
   vertex 150.79610255527993 32.81618287753518 -4.89019925136189
   vertex 147.49114745801597 30.56290264528069 -4.89019925136189
  endloop
 endfacet
 facet normal 0.00000000000000 -0.00000000000000 -1.00000000000000
  outer loop
   vertex 150.79610255527993 32.81618287753518 -4.89019925136189
   vertex 151.31343868116053 31.74192334292431 -4.89019925136189
   vertex 147.49114745801597 30.56290264528069 -4.89019925136189
  endloop
 endfacet
 facet normal 0.00000000000000 -0.00000000000000 -1.00000000000000
  outer loop
   vertex 151.31343868116053 31.74192334292431 -4.89019925136189
   vertex 151.49114745801594 30.56290264528069 -4.89019925136189
   vertex 147.49114745801597 30.56290264528069 -4.89019925136189
  endloop
 endfacet
 facet normal -0.00000000000000 0.00000000000000 -1.00000000000000
  outer loop
   vertex 151.49114745801594 30.56290264528069 -4.89019925136189
   vertex 151.31343868116053 29.38388194763707 -4.89019925136189
   vertex 147.49114745801597 30.56290264528069 -4.89019925136189
  endloop
 endfacet
 facet normal -0.00000000000000 0.00000000000000 -1.00000000000000
  outer loop
   vertex 151.31343868116053 29.38388194763707 -4.89019925136189
   vertex 150.79610255527993 28.30962241302620 -4.89019925136189
   vertex 147.49114745801597 30.56290264528069 -4.89019925136189
  endloop
 endfacet
 facet normal -0.00000000000000 0.00000000000000 -1.00000000000000
  outer loop
   vertex 150.79610255527993 28.30962241302620 -4.89019925136189
   vertex 149.98510666545090 27.43557671540857 -4.89019925136189
   vertex 147.49114745801597 30.56290264528069 -4.89019925136189
  endloop
 endfacet
 facet normal -0.00000000000000 0.00000000000000 -1.00000000000000
  outer loop
   vertex 149.98510666545090 27.43557671540857 -4.89019925136189
   vertex 148.95251155548155 26.83940765070387 -4.89019925136189
   vertex 147.49114745801597 30.56290264528069 -4.89019925136189
  endloop
 endfacet
 facet normal -0.00000000000000 0.00000000000000 -1.00000000000000
  outer loop
   vertex 148.95251155548155 26.83940765070387 -4.89019925136189
   vertex 147.79006783236167 26.57408745655597 -4.89019925136189
   vertex 147.49114745801597 30.56290264528069 -4.89019925136189
  endloop
 endfacet
 facet normal 0.00000000000000 0.00000000000000 -1.00000000000000
  outer loop
   vertex 147.79006783236167 26.57408745655597 -4.89019925136189
   vertex 146.60106372219070 26.66319099655340 -4.89019925136189
   vertex 147.49114745801597 30.56290264528069 -4.89019925136189
  endloop
 endfacet
 facet normal 0.00000000000000 0.00000000000000 -1.00000000000000
  outer loop
   vertex 146.60106372219070 26.66319099655340 -4.89019925136189
   vertex 145.49114745801597 27.09880103014294 -4.89019925136189
   vertex 147.49114745801597 30.56290264528069 -4.89019925136189
  endloop
 endfacet
 facet normal 0.00000000000000 0.00000000000000 -1.00000000000000
  outer loop
   vertex 145.49114745801597 27.09880103014294 -4.89019925136189
   vertex 144.55893997069666 27.84221169419702 -4.89019925136189
   vertex 147.49114745801597 30.56290264528069 -4.89019925136189
  endloop
 endfacet
 facet normal 0.00000000000000 0.00000000000000 -1.00000000000000
  outer loop
   vertex 144.55893997069666 27.84221169419702 -4.89019925136189
   vertex 143.88727198640629 28.82736768881045 -4.89019925136189
   vertex 147.49114745801597 30.56290264528069 -4.89019925136189
  endloop
 endfacet
 facet normal 0.00000000000000 0.00000000000000 -1.00000000000000
  outer loop
   vertex 143.88727198640629 28.82736768881045 -4.89019925136189
   vertex 143.53582415311547 29.96673358057599 -4.89019925136189
   vertex 147.49114745801597 30.56290264528069 -4.89019925136189
  endloop
 endfacet
 facet normal 0.00000000000000 0.00000000000000 -1.00000000000000
  outer loop
   vertex 143.53582415311547 29.96673358057599 -4.89019925136189
   vertex 143.49114745801597 30.56290264528069 -4.89019925136189
   vertex 147.49114745801597 30.56290264528069 -4.89019925136189
  endloop
 endfacet
 facet normal 0.00000000000000 0.00000000000000 -1.00000000000000
  outer loop
   vertex 143.49114745801597 30.56290264528069 -4.89019925136189
   vertex 143.53582415311547 31.15907170998538 -4.89019925136189
   vertex 147.49114745801597 30.56290264528069 -4.89019925136189
  endloop
 endfacet
endsolid STL file created by Vectorworks 2026 Update 4 (Build 854846)
