ISO-10303-21;
HEADER;
FILE_DESCRIPTION (('STEP'), '1');
FILE_NAME ('/Users/fabiankohler/Documents/Admin/07_Plangrundlagen/KEYBOARD/BB6 BOT/BB6_BOT_R.stp', '2026-05-05T18:17:31', ('Unknown'), ('Unknown'), 'HarmonyWare STEP v2.1.9', 'Vectorworks', '');
FILE_SCHEMA (('CONFIG_CONTROL_DESIGN'));
ENDSEC;

DATA;
#1 = CARTESIAN_POINT ('', (145.864999999998, 120.499999999996, 3.22675714052078));
#2 = VERTEX_POINT ('', #1);
#3 = CARTESIAN_POINT ('', (146.864999999998, 119.499999999996, 3.22675714052078));
#4 = VERTEX_POINT ('', #3);
#5 = CARTESIAN_POINT ('', (145.864999999998, 120.499999999996, 3.22942497472077));
#6 = CARTESIAN_POINT ('', (145.864999999998, 119.914213562369, 3.22942497472077));
#7 = CARTESIAN_POINT ('', (146.279213562371, 119.499999999996, 3.22942497472077));
#8 = CARTESIAN_POINT ('', (146.864999999998, 119.499999999996, 3.22942497472077));
#9 = (
   BOUNDED_CURVE ()
   B_SPLINE_CURVE (3, (#5, #6, #7, #8), .UNSPECIFIED., .F., .U.)
   B_SPLINE_CURVE_WITH_KNOTS ((4, 4), (0., 1.), .UNSPECIFIED.)
   CURVE ()
   GEOMETRIC_REPRESENTATION_ITEM ()
   RATIONAL_B_SPLINE_CURVE ((1., 0.804737854124365, 0.804737854124365, 1.))
   REPRESENTATION_ITEM ('')
);
#10 = EDGE_CURVE ('', #2, #4, #9, .T.);
#11 = ORIENTED_EDGE ('', *, *, #10, .T.);
#12 = CARTESIAN_POINT ('', (146.864999999998, 119.499999999996, 4.52942497472077));
#13 = VERTEX_POINT ('', #12);
#14 = CARTESIAN_POINT ('', (146.864999999998, 119.499999999996, 4.52942497472077));
#15 = CARTESIAN_POINT ('', (146.864999999998, 119.499999999996, 3.22942497472077));
#16 = B_SPLINE_CURVE_WITH_KNOTS ('', 1, (#14, #15), .UNSPECIFIED., .F., .U., (2, 2), (0., 1.), .UNSPECIFIED.);
#17 = EDGE_CURVE ('', #13, #4, #16, .T.);
#18 = ORIENTED_EDGE ('', *, *, #17, .F.);
#19 = CARTESIAN_POINT ('', (145.864999999998, 120.499999999996, 4.52942497472077));
#20 = VERTEX_POINT ('', #19);
#21 = CARTESIAN_POINT ('', (145.864999999998, 120.499999999996, 4.52942497472077));
#22 = CARTESIAN_POINT ('', (145.864999999998, 120.367391755077, 4.52942497472077));
#23 = CARTESIAN_POINT ('', (145.890373489161, 120.239830610955, 4.52942497472077));
#24 = CARTESIAN_POINT ('', (145.941120467487, 120.117316567631, 4.52942497472077));
#25 = CARTESIAN_POINT ('', (145.991867445813, 119.994802524308, 4.52942497472077));
#26 = CARTESIAN_POINT ('', (146.064125029588, 119.886661408034, 4.52942497472077));
#27 = CARTESIAN_POINT ('', (146.157893218812, 119.79289321881, 4.52942497472077));
#28 = CARTESIAN_POINT ('', (146.251661408036, 119.699125029586, 4.52942497472077));
#29 = CARTESIAN_POINT ('', (146.35980252431, 119.626867445811, 4.52942497472077));
#30 = CARTESIAN_POINT ('', (146.482316567633, 119.576120467485, 4.52942497472077));
#31 = CARTESIAN_POINT ('', (146.604830610957, 119.525373489159, 4.52942497472077));
#32 = CARTESIAN_POINT ('', (146.732391755079, 119.499999999996, 4.52942497472077));
#33 = CARTESIAN_POINT ('', (146.864999999998, 119.499999999996, 4.52942497472077));
#34 = B_SPLINE_CURVE_WITH_KNOTS ('', 3, (#21, #22, #23, #24, #25, #26, #27, #28, #29, #30, #31, #32, #33), .UNSPECIFIED., .F., .U., (4, 3, 3, 3, 4), (0., 0.25, 0.5, 0.75, 1.), .UNSPECIFIED.);
#35 = EDGE_CURVE ('', #20, #13, #34, .T.);
#36 = ORIENTED_EDGE ('', *, *, #35, .F.);
#37 = CARTESIAN_POINT ('', (145.864999999998, 120.499999999996, 3.22942497472077));
#38 = CARTESIAN_POINT ('', (145.864999999998, 120.499999999996, 4.52942497472077));
#39 = B_SPLINE_CURVE_WITH_KNOTS ('', 1, (#37, #38), .UNSPECIFIED., .F., .U., (2, 2), (0., 1.), .UNSPECIFIED.);
#40 = EDGE_CURVE ('', #2, #20, #39, .T.);
#41 = ORIENTED_EDGE ('', *, *, #40, .F.);
#42 = EDGE_LOOP ('', (#11, #18, #36, #41));
#43 = FACE_OUTER_BOUND ('', #42, .T.);
#44 = CARTESIAN_POINT ('', (146.864999999998, 119.499999999996, 4.65942497472077));
#45 = CARTESIAN_POINT ('', (146.864999999998, 119.499999999996, 3.09942497472077));
#46 = CARTESIAN_POINT ('', (146.279213562371, 119.499999999996, 4.65942497472077));
#47 = CARTESIAN_POINT ('', (146.279213562371, 119.499999999996, 3.09942497472077));
#48 = CARTESIAN_POINT ('', (145.864999999998, 119.914213562369, 4.65942497472077));
#49 = CARTESIAN_POINT ('', (145.864999999998, 119.914213562369, 3.09942497472077));
#50 = CARTESIAN_POINT ('', (145.864999999998, 120.499999999996, 4.65942497472077));
#51 = CARTESIAN_POINT ('', (145.864999999998, 120.499999999996, 3.09942497472077));
#52 = (
   BOUNDED_SURFACE ()
   B_SPLINE_SURFACE (3, 1, ((#44, #45), (#46, #47), (#48, #49), (#50, #51)), .UNSPECIFIED., .F., .F., .U.)
   B_SPLINE_SURFACE_WITH_KNOTS ((4, 4), (2, 2), (0., 1.), (0., 1.), .UNSPECIFIED.)
   GEOMETRIC_REPRESENTATION_ITEM ()
   RATIONAL_B_SPLINE_SURFACE (((1., 1.), (0.804737854124365, 0.804737854124365), (0.804737854124365, 0.804737854124365), (1., 1.)))
   REPRESENTATION_ITEM ('')
   SURFACE ()
);
#53 = ADVANCED_FACE ('', (#43), #52, .T.);
#54 = CARTESIAN_POINT ('', (149.364999999999, 119.499999999996, 3.22675714052078));
#55 = VERTEX_POINT ('', #54);
#56 = CARTESIAN_POINT ('', (146.864999999998, 119.499999999996, 3.22675714052078));
#57 = CARTESIAN_POINT ('', (149.364999999999, 119.499999999996, 3.22675714052078));
#58 = B_SPLINE_CURVE_WITH_KNOTS ('', 1, (#56, #57), .UNSPECIFIED., .F., .U., (2, 2), (0., 1.), .UNSPECIFIED.);
#59 = EDGE_CURVE ('', #4, #55, #58, .T.);
#60 = ORIENTED_EDGE ('', *, *, #59, .T.);
#61 = CARTESIAN_POINT ('', (149.364999999999, 119.499999999996, 4.52942497472077));
#62 = VERTEX_POINT ('', #61);
#63 = CARTESIAN_POINT ('', (149.364999999999, 119.499999999996, 3.22942497472077));
#64 = CARTESIAN_POINT ('', (149.364999999999, 119.499999999996, 4.52942497472077));
#65 = B_SPLINE_CURVE_WITH_KNOTS ('', 1, (#63, #64), .UNSPECIFIED., .F., .U., (2, 2), (0., 1.), .UNSPECIFIED.);
#66 = EDGE_CURVE ('', #55, #62, #65, .T.);
#67 = ORIENTED_EDGE ('', *, *, #66, .T.);
#68 = CARTESIAN_POINT ('', (149.364999999999, 119.499999999996, 4.52942497472077));
#69 = CARTESIAN_POINT ('', (146.864999999998, 119.499999999996, 4.52942497472077));
#70 = B_SPLINE_CURVE_WITH_KNOTS ('', 1, (#68, #69), .UNSPECIFIED., .F., .U., (2, 2), (0., 1.), .UNSPECIFIED.);
#71 = EDGE_CURVE ('', #62, #13, #70, .T.);
#72 = ORIENTED_EDGE ('', *, *, #71, .T.);
#73 = ORIENTED_EDGE ('', *, *, #17, .T.);
#74 = EDGE_LOOP ('', (#60, #67, #72, #73));
#75 = FACE_OUTER_BOUND ('', #74, .T.);
#76 = CARTESIAN_POINT ('', (149.364999999999, 119.499999999996, 4.52942497472077));
#77 = CARTESIAN_POINT ('', (149.364999999999, 119.499999999996, 3.22675714052078));
#78 = CARTESIAN_POINT ('', (146.864999999998, 119.499999999996, 4.52942497472077));
#79 = CARTESIAN_POINT ('', (146.864999999998, 119.499999999996, 3.22675714052078));
#80 = B_SPLINE_SURFACE_WITH_KNOTS ('', 1, 1, ((#76, #77), (#78, #79)), .UNSPECIFIED., .F., .F., .U., (2, 2), (2, 2), (0., 1.), (0., 1.), .UNSPECIFIED.);
#81 = ADVANCED_FACE ('', (#75), #80, .T.);
#82 = CARTESIAN_POINT ('', (150.364999999998, 120.499999999996, 3.22942497472077));
#83 = VERTEX_POINT ('', #82);
#84 = CARTESIAN_POINT ('', (149.364999999999, 119.499999999996, 3.22942497472077));
#85 = CARTESIAN_POINT ('', (149.950786437626, 119.499999999996, 3.22942497472077));
#86 = CARTESIAN_POINT ('', (150.364999999999, 119.914213562369, 3.22942497472077));
#87 = CARTESIAN_POINT ('', (150.364999999999, 120.499999999996, 3.22942497472077));
#88 = (
   BOUNDED_CURVE ()
   B_SPLINE_CURVE (3, (#84, #85, #86, #87), .UNSPECIFIED., .F., .U.)
   B_SPLINE_CURVE_WITH_KNOTS ((4, 4), (0., 1.), .UNSPECIFIED.)
   CURVE ()
   GEOMETRIC_REPRESENTATION_ITEM ()
   RATIONAL_B_SPLINE_CURVE ((1., 0.804737854124357, 0.804737854124357, 1.))
   REPRESENTATION_ITEM ('')
);
#89 = EDGE_CURVE ('', #55, #83, #88, .T.);
#90 = ORIENTED_EDGE ('', *, *, #89, .T.);
#91 = CARTESIAN_POINT ('', (150.364999999998, 120.499999999996, 4.52942497472077));
#92 = VERTEX_POINT ('', #91);
#93 = CARTESIAN_POINT ('', (150.364999999998, 120.499999999996, 4.52942497472077));
#94 = CARTESIAN_POINT ('', (150.364999999998, 120.499999999996, 3.22942497472077));
#95 = B_SPLINE_CURVE_WITH_KNOTS ('', 1, (#93, #94), .UNSPECIFIED., .F., .U., (2, 2), (0., 1.), .UNSPECIFIED.);
#96 = EDGE_CURVE ('', #92, #83, #95, .T.);
#97 = ORIENTED_EDGE ('', *, *, #96, .F.);
#98 = CARTESIAN_POINT ('', (149.364999999999, 119.499999999996, 4.52942497472077));
#99 = CARTESIAN_POINT ('', (149.497608244918, 119.499999999996, 4.52942497472077));
#100 = CARTESIAN_POINT ('', (149.62516938904, 119.525373489159, 4.52942497472077));
#101 = CARTESIAN_POINT ('', (149.747683432364, 119.576120467485, 4.52942497472077));
#102 = CARTESIAN_POINT ('', (149.870197475687, 119.626867445811, 4.52942497472077));
#103 = CARTESIAN_POINT ('', (149.978338591961, 119.699125029586, 4.52942497472077));
#104 = CARTESIAN_POINT ('', (150.072106781185, 119.79289321881, 4.52942497472077));
#105 = CARTESIAN_POINT ('', (150.165874970409, 119.886661408034, 4.52942497472077));
#106 = CARTESIAN_POINT ('', (150.238132554184, 119.994802524308, 4.52942497472077));
#107 = CARTESIAN_POINT ('', (150.28887953251, 120.117316567631, 4.52942497472077));
#108 = CARTESIAN_POINT ('', (150.339626510836, 120.239830610955, 4.52942497472077));
#109 = CARTESIAN_POINT ('', (150.364999999999, 120.367391755077, 4.52942497472077));
#110 = CARTESIAN_POINT ('', (150.364999999999, 120.499999999996, 4.52942497472077));
#111 = B_SPLINE_CURVE_WITH_KNOTS ('', 3, (#98, #99, #100, #101, #102, #103, #104, #105, #106, #107, #108, #109, #110), .UNSPECIFIED., .F., .U., (4, 3, 3, 3, 4), (0., 0.25, 0.5, 0.75, 1.), .UNSPECIFIED.);
#112 = EDGE_CURVE ('', #62, #92, #111, .T.);
#113 = ORIENTED_EDGE ('', *, *, #112, .F.);
#114 = ORIENTED_EDGE ('', *, *, #66, .F.);
#115 = EDGE_LOOP ('', (#90, #97, #113, #114));
#116 = FACE_OUTER_BOUND ('', #115, .T.);
#117 = CARTESIAN_POINT ('', (150.364999999999, 120.499999999996, 4.65942497472077));
#118 = CARTESIAN_POINT ('', (150.364999999999, 120.499999999996, 3.09942497472077));
#119 = CARTESIAN_POINT ('', (150.364999999999, 119.914213562369, 4.65942497472077));
#120 = CARTESIAN_POINT ('', (150.364999999999, 119.914213562369, 3.09942497472077));
#121 = CARTESIAN_POINT ('', (149.950786437626, 119.499999999996, 4.65942497472077));
#122 = CARTESIAN_POINT ('', (149.950786437626, 119.499999999996, 3.09942497472077));
#123 = CARTESIAN_POINT ('', (149.364999999999, 119.499999999996, 4.65942497472077));
#124 = CARTESIAN_POINT ('', (149.364999999999, 119.499999999996, 3.09942497472077));
#125 = (
   BOUNDED_SURFACE ()
   B_SPLINE_SURFACE (3, 1, ((#117, #118), (#119, #120), (#121, #122), (#123, #124)), .UNSPECIFIED., .F., .F., .U.)
   B_SPLINE_SURFACE_WITH_KNOTS ((4, 4), (2, 2), (0., 1.), (0., 1.), .UNSPECIFIED.)
   GEOMETRIC_REPRESENTATION_ITEM ()
   RATIONAL_B_SPLINE_SURFACE (((1., 1.), (0.804737854124357, 0.804737854124357), (0.804737854124357, 0.804737854124357), (1., 1.)))
   REPRESENTATION_ITEM ('')
   SURFACE ()
);
#126 = ADVANCED_FACE ('', (#116), #125, .T.);
#127 = CARTESIAN_POINT ('', (150.364999999998, 141.499999999968, -2.17077142648074));
#128 = VERTEX_POINT ('', #127);
#129 = CARTESIAN_POINT ('', (150.364999999998, 30.6573703960693, -2.17077142648073));
#130 = VERTEX_POINT ('', #129);
#131 = CARTESIAN_POINT ('', (150.364999999998, 141.499999999968, -2.17077142648073));
#132 = CARTESIAN_POINT ('', (150.364999999998, 30.6573703960693, -2.17077142648073));
#133 = B_SPLINE_CURVE_WITH_KNOTS ('', 1, (#131, #132), .UNSPECIFIED., .F., .U., (2, 2), (0., 1.), .UNSPECIFIED.);
#134 = EDGE_CURVE ('', #128, #130, #133, .T.);
#135 = ORIENTED_EDGE ('', *, *, #134, .F.);
#136 = CARTESIAN_POINT ('', (150.364999999998, 141.499999999968, 4.52942497472077));
#137 = VERTEX_POINT ('', #136);
#138 = CARTESIAN_POINT ('', (150.364999999998, 141.499999999968, 4.52942497472077));
#139 = CARTESIAN_POINT ('', (150.364999999998, 141.499999999968, -2.17077142648073));
#140 = B_SPLINE_CURVE_WITH_KNOTS ('', 1, (#138, #139), .UNSPECIFIED., .F., .U., (2, 2), (0., 1.), .UNSPECIFIED.);
#141 = EDGE_CURVE ('', #137, #128, #140, .T.);
#142 = ORIENTED_EDGE ('', *, *, #141, .F.);
#143 = CARTESIAN_POINT ('', (150.364999999998, 141.499999999968, 4.52942497472077));
#144 = CARTESIAN_POINT ('', (150.364999999998, 120.499999999996, 4.52942497472077));
#145 = B_SPLINE_CURVE_WITH_KNOTS ('', 1, (#143, #144), .UNSPECIFIED., .F., .U., (2, 2), (0., 1.), .UNSPECIFIED.);
#146 = EDGE_CURVE ('', #137, #92, #145, .T.);
#147 = ORIENTED_EDGE ('', *, *, #146, .T.);
#148 = ORIENTED_EDGE ('', *, *, #96, .T.);
#149 = CARTESIAN_POINT ('', (150.364999999998, 47.5000000000245, 3.22675714052078));
#150 = VERTEX_POINT ('', #149);
#151 = CARTESIAN_POINT ('', (150.364999999998, 120.499998946091, 3.22675714052078));
#152 = CARTESIAN_POINT ('', (150.364999999998, 47.5000000000245, 3.22675714052078));
#153 = B_SPLINE_CURVE_WITH_KNOTS ('', 1, (#151, #152), .UNSPECIFIED., .F., .U., (2, 2), (0., 1.), .UNSPECIFIED.);
#154 = EDGE_CURVE ('', #83, #150, #153, .T.);
#155 = ORIENTED_EDGE ('', *, *, #154, .T.);
#156 = CARTESIAN_POINT ('', (150.364999999998, 47.5000000000246, 4.52942497472077));
#157 = VERTEX_POINT ('', #156);
#158 = CARTESIAN_POINT ('', (150.364999999998, 47.5000000000246, 3.22942497472077));
#159 = CARTESIAN_POINT ('', (150.364999999998, 47.5000000000246, 4.52942497472077));
#160 = B_SPLINE_CURVE_WITH_KNOTS ('', 1, (#158, #159), .UNSPECIFIED., .F., .U., (2, 2), (0., 1.), .UNSPECIFIED.);
#161 = EDGE_CURVE ('', #150, #157, #160, .T.);
#162 = ORIENTED_EDGE ('', *, *, #161, .T.);
#163 = CARTESIAN_POINT ('', (150.364999999998, 30.6573703960693, 4.52942497472077));
#164 = VERTEX_POINT ('', #163);
#165 = CARTESIAN_POINT ('', (150.364999999998, 47.5000000000246, 4.52942497472077));
#166 = CARTESIAN_POINT ('', (150.364999999998, 30.6573703960693, 4.52942497472077));
#167 = B_SPLINE_CURVE_WITH_KNOTS ('', 1, (#165, #166), .UNSPECIFIED., .F., .U., (2, 2), (0., 1.), .UNSPECIFIED.);
#168 = EDGE_CURVE ('', #157, #164, #167, .T.);
#169 = ORIENTED_EDGE ('', *, *, #168, .T.);
#170 = CARTESIAN_POINT ('', (150.364999999998, 30.6573703960693, -2.17077142648073));
#171 = CARTESIAN_POINT ('', (150.364999999998, 30.6573703960693, 4.52942497472077));
#172 = B_SPLINE_CURVE_WITH_KNOTS ('', 1, (#170, #171), .UNSPECIFIED., .F., .U., (2, 2), (0., 1.), .UNSPECIFIED.);
#173 = EDGE_CURVE ('', #130, #164, #172, .T.);
#174 = ORIENTED_EDGE ('', *, *, #173, .F.);
#175 = EDGE_LOOP ('', (#135, #142, #147, #148, #155, #162, #169, #174));
#176 = FACE_OUTER_BOUND ('', #175, .T.);
#177 = CARTESIAN_POINT ('', (150.364999999998, 141.499999999968, 4.52942497472077));
#178 = CARTESIAN_POINT ('', (150.364999999998, 141.499999999968, -2.17077142648073));
#179 = CARTESIAN_POINT ('', (150.364999999998, 30.6573703960693, 4.52942497472077));
#180 = CARTESIAN_POINT ('', (150.364999999998, 30.6573703960693, -2.17077142648073));
#181 = B_SPLINE_SURFACE_WITH_KNOTS ('', 1, 1, ((#177, #178), (#179, #180)), .UNSPECIFIED., .F., .F., .U., (2, 2), (2, 2), (0., 1.), (0., 1.), .UNSPECIFIED.);
#182 = ADVANCED_FACE ('', (#176), #181, .T.);
#183 = CARTESIAN_POINT ('', (147.364999999998, 144.499999999968, -2.17077142648074));
#184 = VERTEX_POINT ('', #183);
#185 = CARTESIAN_POINT ('', (147.364999999998, 144.499999999968, -2.17077142648073));
#186 = CARTESIAN_POINT ('', (147.762824734757, 144.499999999968, -2.17077142648073));
#187 = CARTESIAN_POINT ('', (148.145508167122, 144.423879532479, -2.17077142648074));
#188 = CARTESIAN_POINT ('', (148.513050297093, 144.271638597502, -2.17077142648074));
#189 = CARTESIAN_POINT ('', (148.880592427064, 144.119397662525, -2.17077142648074));
#190 = CARTESIAN_POINT ('', (149.205015775886, 143.9026249112, -2.17077142648073));
#191 = CARTESIAN_POINT ('', (149.486320343558, 143.621320343528, -2.17077142648073));
#192 = CARTESIAN_POINT ('', (149.76762491123, 143.340015775856, -2.17077142648073));
#193 = CARTESIAN_POINT ('', (149.984397662554, 143.015592427034, -2.17077142648074));
#194 = CARTESIAN_POINT ('', (150.136638597532, 142.648050297063, -2.17077142648074));
#195 = CARTESIAN_POINT ('', (150.288879532509, 142.280508167093, -2.17077142648074));
#196 = CARTESIAN_POINT ('', (150.364999999998, 141.897824734727, -2.17077142648074));
#197 = CARTESIAN_POINT ('', (150.364999999998, 141.499999999968, -2.17077142648074));
#198 = B_SPLINE_CURVE_WITH_KNOTS ('', 3, (#185, #186, #187, #188, #189, #190, #191, #192, #193, #194, #195, #196, #197), .UNSPECIFIED., .F., .U., (4, 3, 3, 3, 4), (0., 0.25, 0.5, 0.75, 1.), .UNSPECIFIED.);
#199 = EDGE_CURVE ('', #184, #128, #198, .T.);
#200 = ORIENTED_EDGE ('', *, *, #199, .F.);
#201 = CARTESIAN_POINT ('', (147.364999999998, 144.499999999968, 4.52942497472077));
#202 = VERTEX_POINT ('', #201);
#203 = CARTESIAN_POINT ('', (147.364999999998, 144.499999999968, -2.17077142648073));
#204 = CARTESIAN_POINT ('', (147.364999999998, 144.499999999968, 4.52942497472077));
#205 = B_SPLINE_CURVE_WITH_KNOTS ('', 1, (#203, #204), .UNSPECIFIED., .F., .U., (2, 2), (0., 1.), .UNSPECIFIED.);
#206 = EDGE_CURVE ('', #184, #202, #205, .T.);
#207 = ORIENTED_EDGE ('', *, *, #206, .T.);
#208 = CARTESIAN_POINT ('', (150.364999999999, 141.499999999968, 4.52942497472077));
#209 = CARTESIAN_POINT ('', (150.364999999999, 141.897824734727, 4.52942497472077));
#210 = CARTESIAN_POINT ('', (150.288879532509, 142.280508167093, 4.52942497472077));
#211 = CARTESIAN_POINT ('', (150.136638597532, 142.648050297064, 4.52942497472077));
#212 = CARTESIAN_POINT ('', (149.984397662555, 143.015592427034, 4.52942497472077));
#213 = CARTESIAN_POINT ('', (149.76762491123, 143.340015775856, 4.52942497472077));
#214 = CARTESIAN_POINT ('', (149.486320343558, 143.621320343528, 4.52942497472077));
#215 = CARTESIAN_POINT ('', (149.205015775886, 143.9026249112, 4.52942497472077));
#216 = CARTESIAN_POINT ('', (148.880592427068, 144.119397662523, 4.52942497472077));
#217 = CARTESIAN_POINT ('', (148.513050297093, 144.271638597502, 4.52942497472077));
#218 = CARTESIAN_POINT ('', (148.145508167119, 144.423879532481, 4.52942497472077));
#219 = CARTESIAN_POINT ('', (147.762824734754, 144.49999999997, 4.52942497472077));
#220 = CARTESIAN_POINT ('', (147.364999999998, 144.49999999997, 4.52942497472077));
#221 = B_SPLINE_CURVE_WITH_KNOTS ('', 3, (#208, #209, #210, #211, #212, #213, #214, #215, #216, #217, #218, #219, #220), .UNSPECIFIED., .F., .U., (4, 3, 3, 3, 4), (0., 0.25, 0.5, 0.75, 1.), .UNSPECIFIED.);
#222 = EDGE_CURVE ('', #137, #202, #221, .T.);
#223 = ORIENTED_EDGE ('', *, *, #222, .F.);
#224 = ORIENTED_EDGE ('', *, *, #141, .T.);
#225 = EDGE_LOOP ('', (#200, #207, #223, #224));
#226 = FACE_OUTER_BOUND ('', #225, .T.);
#227 = CARTESIAN_POINT ('', (147.364999999998, 144.499999999968, 5.19944461484093));
#228 = CARTESIAN_POINT ('', (147.364999999998, 144.499999999968, -2.84079106660089));
#229 = CARTESIAN_POINT ('', (149.122359312879, 144.499999999968, 5.19944461484093));
#230 = CARTESIAN_POINT ('', (149.122359312879, 144.499999999968, -2.84079106660089));
#231 = CARTESIAN_POINT ('', (150.364999999998, 143.257359312849, 5.19944461484093));
#232 = CARTESIAN_POINT ('', (150.364999999998, 143.257359312849, -2.84079106660089));
#233 = CARTESIAN_POINT ('', (150.364999999998, 141.499999999968, 5.19944461484093));
#234 = CARTESIAN_POINT ('', (150.364999999998, 141.499999999968, -2.84079106660089));
#235 = (
   BOUNDED_SURFACE ()
   B_SPLINE_SURFACE (3, 1, ((#227, #228), (#229, #230), (#231, #232), (#233, #234)), .UNSPECIFIED., .F., .F., .U.)
   B_SPLINE_SURFACE_WITH_KNOTS ((4, 4), (2, 2), (0., 1.), (0., 1.), .UNSPECIFIED.)
   GEOMETRIC_REPRESENTATION_ITEM ()
   RATIONAL_B_SPLINE_SURFACE (((1., 1.), (0.804737854124369, 0.804737854124369), (0.804737854124369, 0.804737854124369), (1., 1.)))
   REPRESENTATION_ITEM ('')
   SURFACE ()
);
#236 = ADVANCED_FACE ('', (#226), #235, .T.);
#237 = CARTESIAN_POINT ('', (45.2717079369957, 144.49999999997, -2.17077142648074));
#238 = VERTEX_POINT ('', #237);
#239 = CARTESIAN_POINT ('', (45.2717079369957, 144.499999999971, -2.17077142648073));
#240 = CARTESIAN_POINT ('', (147.364999999998, 144.499999999971, -2.17077142648073));
#241 = B_SPLINE_CURVE_WITH_KNOTS ('', 1, (#239, #240), .UNSPECIFIED., .F., .U., (2, 2), (0., 1.), .UNSPECIFIED.);
#242 = EDGE_CURVE ('', #238, #184, #241, .T.);
#243 = ORIENTED_EDGE ('', *, *, #242, .F.);
#244 = CARTESIAN_POINT ('', (45.2717079369957, 144.49999999997, 4.52942497472077));
#245 = VERTEX_POINT ('', #244);
#246 = CARTESIAN_POINT ('', (45.2717079369957, 144.49999999997, 4.52942497472077));
#247 = CARTESIAN_POINT ('', (45.2717079369957, 144.49999999997, -2.17077142648073));
#248 = B_SPLINE_CURVE_WITH_KNOTS ('', 1, (#246, #247), .UNSPECIFIED., .F., .U., (2, 2), (0., 1.), .UNSPECIFIED.);
#249 = EDGE_CURVE ('', #245, #238, #248, .T.);
#250 = ORIENTED_EDGE ('', *, *, #249, .F.);
#251 = CARTESIAN_POINT ('', (47.7549999999979, 144.49999999997, 4.52942497472077));
#252 = VERTEX_POINT ('', #251);
#253 = CARTESIAN_POINT ('', (45.2717079369956, 144.499999999971, 4.52942497472077));
#254 = CARTESIAN_POINT ('', (47.7549999999979, 144.49999999997, 4.52942497472077));
#255 = B_SPLINE_CURVE_WITH_KNOTS ('', 1, (#253, #254), .UNSPECIFIED., .F., .U., (2, 2), (0., 1.), .UNSPECIFIED.);
#256 = EDGE_CURVE ('', #245, #252, #255, .T.);
#257 = ORIENTED_EDGE ('', *, *, #256, .T.);
#258 = CARTESIAN_POINT ('', (47.7549999999979, 144.49999999997, 3.22942497472077));
#259 = VERTEX_POINT ('', #258);
#260 = CARTESIAN_POINT ('', (47.7549999999979, 144.49999999997, 4.52942497472077));
#261 = CARTESIAN_POINT ('', (47.7549999999979, 144.49999999997, 3.22942497472077));
#262 = B_SPLINE_CURVE_WITH_KNOTS ('', 1, (#260, #261), .UNSPECIFIED., .F., .U., (2, 2), (0., 1.), .UNSPECIFIED.);
#263 = EDGE_CURVE ('', #252, #259, #262, .T.);
#264 = ORIENTED_EDGE ('', *, *, #263, .T.);
#265 = CARTESIAN_POINT ('', (120.754999999999, 144.499999999969, 3.22675714052078));
#266 = VERTEX_POINT ('', #265);
#267 = CARTESIAN_POINT ('', (47.7550008162124, 144.49999999997, 3.22675714052078));
#268 = CARTESIAN_POINT ('', (120.754999999999, 144.499999999969, 3.22675714052078));
#269 = B_SPLINE_CURVE_WITH_KNOTS ('', 1, (#267, #268), .UNSPECIFIED., .F., .U., (2, 2), (0., 1.), .UNSPECIFIED.);
#270 = EDGE_CURVE ('', #259, #266, #269, .T.);
#271 = ORIENTED_EDGE ('', *, *, #270, .T.);
#272 = CARTESIAN_POINT ('', (120.754999999999, 144.499999999969, 4.52942497472077));
#273 = VERTEX_POINT ('', #272);
#274 = CARTESIAN_POINT ('', (120.754999999999, 144.499999999969, 3.22942497472077));
#275 = CARTESIAN_POINT ('', (120.754999999999, 144.499999999969, 4.52942497472077));
#276 = B_SPLINE_CURVE_WITH_KNOTS ('', 1, (#274, #275), .UNSPECIFIED., .F., .U., (2, 2), (0., 1.), .UNSPECIFIED.);
#277 = EDGE_CURVE ('', #266, #273, #276, .T.);
#278 = ORIENTED_EDGE ('', *, *, #277, .T.);
#279 = CARTESIAN_POINT ('', (120.754999999999, 144.499999999969, 4.52942497472077));
#280 = CARTESIAN_POINT ('', (147.364999999998, 144.499999999968, 4.52942497472077));
#281 = B_SPLINE_CURVE_WITH_KNOTS ('', 1, (#279, #280), .UNSPECIFIED., .F., .U., (2, 2), (0., 1.), .UNSPECIFIED.);
#282 = EDGE_CURVE ('', #273, #202, #281, .T.);
#283 = ORIENTED_EDGE ('', *, *, #282, .T.);
#284 = ORIENTED_EDGE ('', *, *, #206, .F.);
#285 = EDGE_LOOP ('', (#243, #250, #257, #264, #271, #278, #283, #284));
#286 = FACE_OUTER_BOUND ('', #285, .T.);
#287 = CARTESIAN_POINT ('', (45.2717079369956, 144.499999999971, 4.52942497472077));
#288 = CARTESIAN_POINT ('', (45.2717079369956, 144.499999999971, -2.17077142648073));
#289 = CARTESIAN_POINT ('', (147.364999999998, 144.499999999968, 4.52942497472077));
#290 = CARTESIAN_POINT ('', (147.364999999998, 144.499999999968, -2.17077142648073));
#291 = B_SPLINE_SURFACE_WITH_KNOTS ('', 1, 1, ((#287, #288), (#289, #290)), .UNSPECIFIED., .F., .F., .U., (2, 2), (2, 2), (0., 1.), (0., 1.), .UNSPECIFIED.);
#292 = ADVANCED_FACE ('', (#286), #291, .T.);
#293 = CARTESIAN_POINT ('', (44.2717079369956, 143.49999999997, -2.17077142648073));
#294 = VERTEX_POINT ('', #293);
#295 = CARTESIAN_POINT ('', (44.2717079369957, 143.49999999997, -2.17077142648073));
#296 = CARTESIAN_POINT ('', (44.2717079369957, 143.63260824489, -2.17077142648073));
#297 = CARTESIAN_POINT ('', (44.2970814261586, 143.760169389012, -2.17077142648074));
#298 = CARTESIAN_POINT ('', (44.3478284044844, 143.882683432336, -2.17077142648074));
#299 = CARTESIAN_POINT ('', (44.3985753828102, 144.005197475659, -2.17077142648074));
#300 = CARTESIAN_POINT ('', (44.4708329665851, 144.113338591933, -2.17077142648073));
#301 = CARTESIAN_POINT ('', (44.5646011558091, 144.207106781157, -2.17077142648073));
#302 = CARTESIAN_POINT ('', (44.6583693450332, 144.300874970381, -2.17077142648073));
#303 = CARTESIAN_POINT ('', (44.766510461307, 144.373132554156, -2.17077142648073));
#304 = CARTESIAN_POINT ('', (44.8890245046306, 144.423879532482, -2.17077142648073));
#305 = CARTESIAN_POINT ('', (45.0115385479542, 144.474626510808, -2.17077142648073));
#306 = CARTESIAN_POINT ('', (45.1390996920759, 144.49999999997, -2.17077142648073));
#307 = CARTESIAN_POINT ('', (45.2717079369957, 144.49999999997, -2.17077142648073));
#308 = B_SPLINE_CURVE_WITH_KNOTS ('', 3, (#295, #296, #297, #298, #299, #300, #301, #302, #303, #304, #305, #306, #307), .UNSPECIFIED., .F., .U., (4, 3, 3, 3, 4), (0., 0.25, 0.5, 0.75, 1.), .UNSPECIFIED.);
#309 = EDGE_CURVE ('', #294, #238, #308, .T.);
#310 = ORIENTED_EDGE ('', *, *, #309, .F.);
#311 = CARTESIAN_POINT ('', (44.2717079369957, 143.49999999997, 4.52942497472077));
#312 = VERTEX_POINT ('', #311);
#313 = CARTESIAN_POINT ('', (44.2717079369957, 143.49999999997, -2.17077142648073));
#314 = CARTESIAN_POINT ('', (44.2717079369957, 143.49999999997, 4.52942497472077));
#315 = B_SPLINE_CURVE_WITH_KNOTS ('', 1, (#313, #314), .UNSPECIFIED., .F., .U., (2, 2), (0., 1.), .UNSPECIFIED.);
#316 = EDGE_CURVE ('', #294, #312, #315, .T.);
#317 = ORIENTED_EDGE ('', *, *, #316, .T.);
#318 = CARTESIAN_POINT ('', (45.2717079369957, 144.499999999971, 4.52942497472077));
#319 = CARTESIAN_POINT ('', (45.1390996920759, 144.499999999971, 4.52942497472077));
#320 = CARTESIAN_POINT ('', (45.0115385479542, 144.474626510808, 4.52942497472077));
#321 = CARTESIAN_POINT ('', (44.8890245046306, 144.423879532482, 4.52942497472077));
#322 = CARTESIAN_POINT ('', (44.766510461307, 144.373132554156, 4.52942497472077));
#323 = CARTESIAN_POINT ('', (44.6583693450331, 144.300874970381, 4.52942497472077));
#324 = CARTESIAN_POINT ('', (44.5646011558091, 144.207106781157, 4.52942497472077));
#325 = CARTESIAN_POINT ('', (44.4708329665851, 144.113338591933, 4.52942497472077));
#326 = CARTESIAN_POINT ('', (44.3985753828102, 144.005197475659, 4.52942497472077));
#327 = CARTESIAN_POINT ('', (44.3478284044844, 143.882683432336, 4.52942497472077));
#328 = CARTESIAN_POINT ('', (44.2970814261586, 143.760169389012, 4.52942497472077));
#329 = CARTESIAN_POINT ('', (44.2717079369957, 143.63260824489, 4.52942497472077));
#330 = CARTESIAN_POINT ('', (44.2717079369957, 143.499999999971, 4.52942497472077));
#331 = B_SPLINE_CURVE_WITH_KNOTS ('', 3, (#318, #319, #320, #321, #322, #323, #324, #325, #326, #327, #328, #329, #330), .UNSPECIFIED., .F., .U., (4, 3, 3, 3, 4), (0., 0.25, 0.5, 0.75, 1.), .UNSPECIFIED.);
#332 = EDGE_CURVE ('', #245, #312, #331, .T.);
#333 = ORIENTED_EDGE ('', *, *, #332, .F.);
#334 = ORIENTED_EDGE ('', *, *, #249, .T.);
#335 = EDGE_LOOP ('', (#310, #317, #333, #334));
#336 = FACE_OUTER_BOUND ('', #335, .T.);
#337 = CARTESIAN_POINT ('', (44.2717079369957, 143.49999999997, 5.19944461484093));
#338 = CARTESIAN_POINT ('', (44.2717079369957, 143.49999999997, -2.84079106660089));
#339 = CARTESIAN_POINT ('', (44.2717079369957, 144.085786437597, 5.19944461484092));
#340 = CARTESIAN_POINT ('', (44.2717079369957, 144.085786437597, -2.84079106660089));
#341 = CARTESIAN_POINT ('', (44.6859214993688, 144.49999999997, 5.19944461484092));
#342 = CARTESIAN_POINT ('', (44.6859214993688, 144.49999999997, -2.84079106660089));
#343 = CARTESIAN_POINT ('', (45.2717079369957, 144.49999999997, 5.19944461484093));
#344 = CARTESIAN_POINT ('', (45.2717079369957, 144.49999999997, -2.84079106660089));
#345 = (
   BOUNDED_SURFACE ()
   B_SPLINE_SURFACE (3, 1, ((#337, #338), (#339, #340), (#341, #342), (#343, #344)), .UNSPECIFIED., .F., .F., .U.)
   B_SPLINE_SURFACE_WITH_KNOTS ((4, 4), (2, 2), (0., 1.), (0., 1.), .UNSPECIFIED.)
   GEOMETRIC_REPRESENTATION_ITEM ()
   RATIONAL_B_SPLINE_SURFACE (((1., 1.), (0.804737854124361, 0.804737854124361), (0.804737854124361, 0.804737854124361), (1., 1.)))
   REPRESENTATION_ITEM ('')
   SURFACE ()
);
#346 = ADVANCED_FACE ('', (#336), #345, .T.);
#347 = CARTESIAN_POINT ('', (44.2717079369956, 140.999999999968, -2.17077142648073));
#348 = VERTEX_POINT ('', #347);
#349 = CARTESIAN_POINT ('', (44.2717079369956, 140.999999999968, -2.17077142648073));
#350 = CARTESIAN_POINT ('', (44.2717079369956, 143.49999999997, -2.17077142648073));
#351 = B_SPLINE_CURVE_WITH_KNOTS ('', 1, (#349, #350), .UNSPECIFIED., .F., .U., (2, 2), (0., 1.), .UNSPECIFIED.);
#352 = EDGE_CURVE ('', #348, #294, #351, .T.);
#353 = ORIENTED_EDGE ('', *, *, #352, .F.);
#354 = CARTESIAN_POINT ('', (44.2717079369957, 140.999999999968, 4.52942497472077));
#355 = VERTEX_POINT ('', #354);
#356 = CARTESIAN_POINT ('', (44.2717079369957, 140.999999999968, 4.52942497472077));
#357 = CARTESIAN_POINT ('', (44.2717079369957, 140.999999999968, -2.17077142648073));
#358 = B_SPLINE_CURVE_WITH_KNOTS ('', 1, (#356, #357), .UNSPECIFIED., .F., .U., (2, 2), (0., 1.), .UNSPECIFIED.);
#359 = EDGE_CURVE ('', #355, #348, #358, .T.);
#360 = ORIENTED_EDGE ('', *, *, #359, .F.);
#361 = CARTESIAN_POINT ('', (44.2717079369957, 140.999999999968, 4.52942497472077));
#362 = CARTESIAN_POINT ('', (44.2717079369957, 143.499999999971, 4.52942497472077));
#363 = B_SPLINE_CURVE_WITH_KNOTS ('', 1, (#361, #362), .UNSPECIFIED., .F., .U., (2, 2), (0., 1.), .UNSPECIFIED.);
#364 = EDGE_CURVE ('', #355, #312, #363, .T.);
#365 = ORIENTED_EDGE ('', *, *, #364, .T.);
#366 = ORIENTED_EDGE ('', *, *, #316, .F.);
#367 = EDGE_LOOP ('', (#353, #360, #365, #366));
#368 = FACE_OUTER_BOUND ('', #367, .T.);
#369 = CARTESIAN_POINT ('', (44.2717079369957, 143.499999999971, 4.52942497472077));
#370 = CARTESIAN_POINT ('', (44.2717079369957, 140.999999999968, 4.52942497472077));
#371 = CARTESIAN_POINT ('', (44.2717079369957, 143.499999999971, -2.17077142648073));
#372 = CARTESIAN_POINT ('', (44.2717079369957, 140.999999999968, -2.17077142648073));
#373 = B_SPLINE_SURFACE_WITH_KNOTS ('', 1, 1, ((#369, #370), (#371, #372)), .UNSPECIFIED., .F., .F., .U., (2, 2), (2, 2), (0., 1.), (0., 1.), .UNSPECIFIED.);
#374 = ADVANCED_FACE ('', (#368), #373, .T.);
#375 = CARTESIAN_POINT ('', (45.2717079369956, 139.999999999968, -2.17077142648073));
#376 = VERTEX_POINT ('', #375);
#377 = CARTESIAN_POINT ('', (45.2717079369957, 139.999999999968, -2.17077142648074));
#378 = CARTESIAN_POINT ('', (45.1390996920759, 139.999999999968, -2.17077142648074));
#379 = CARTESIAN_POINT ('', (45.0115385479542, 140.025373489131, -2.17077142648073));
#380 = CARTESIAN_POINT ('', (44.8890245046306, 140.076120467457, -2.17077142648073));
#381 = CARTESIAN_POINT ('', (44.7665104613069, 140.126867445783, -2.17077142648073));
#382 = CARTESIAN_POINT ('', (44.6583693450331, 140.199125029558, -2.17077142648074));
#383 = CARTESIAN_POINT ('', (44.5646011558091, 140.292893218782, -2.17077142648074));
#384 = CARTESIAN_POINT ('', (44.4708329665851, 140.386661408006, -2.17077142648074));
#385 = CARTESIAN_POINT ('', (44.3985753828102, 140.494802524279, -2.17077142648073));
#386 = CARTESIAN_POINT ('', (44.3478284044844, 140.617316567603, -2.17077142648073));
#387 = CARTESIAN_POINT ('', (44.2970814261585, 140.739830610927, -2.17077142648073));
#388 = CARTESIAN_POINT ('', (44.2717079369957, 140.867391755048, -2.17077142648073));
#389 = CARTESIAN_POINT ('', (44.2717079369957, 140.999999999968, -2.17077142648073));
#390 = B_SPLINE_CURVE_WITH_KNOTS ('', 3, (#377, #378, #379, #380, #381, #382, #383, #384, #385, #386, #387, #388, #389), .UNSPECIFIED., .F., .U., (4, 3, 3, 3, 4), (0., 0.25, 0.5, 0.75, 1.), .UNSPECIFIED.);
#391 = EDGE_CURVE ('', #376, #348, #390, .T.);
#392 = ORIENTED_EDGE ('', *, *, #391, .F.);
#393 = CARTESIAN_POINT ('', (45.2717079369957, 139.999999999968, 4.52942497472077));
#394 = VERTEX_POINT ('', #393);
#395 = CARTESIAN_POINT ('', (45.2717079369956, 139.999999999968, 4.52942497472077));
#396 = CARTESIAN_POINT ('', (45.2717079369956, 139.999999999968, -2.17077142648073));
#397 = B_SPLINE_CURVE_WITH_KNOTS ('', 1, (#395, #396), .UNSPECIFIED., .F., .U., (2, 2), (0., 1.), .UNSPECIFIED.);
#398 = EDGE_CURVE ('', #394, #376, #397, .T.);
#399 = ORIENTED_EDGE ('', *, *, #398, .F.);
#400 = CARTESIAN_POINT ('', (44.2717079369957, 140.999999999968, 4.52942497472077));
#401 = CARTESIAN_POINT ('', (44.2717079369957, 140.867391755048, 4.52942497472077));
#402 = CARTESIAN_POINT ('', (44.2970814261586, 140.739830610927, 4.52942497472077));
#403 = CARTESIAN_POINT ('', (44.3478284044844, 140.617316567603, 4.52942497472077));
#404 = CARTESIAN_POINT ('', (44.3985753828102, 140.494802524279, 4.52942497472077));
#405 = CARTESIAN_POINT ('', (44.4708329665851, 140.386661408006, 4.52942497472077));
#406 = CARTESIAN_POINT ('', (44.5646011558091, 140.292893218782, 4.52942497472077));
#407 = CARTESIAN_POINT ('', (44.6583693450331, 140.199125029558, 4.52942497472077));
#408 = CARTESIAN_POINT ('', (44.766510461307, 140.126867445783, 4.52942497472077));
#409 = CARTESIAN_POINT ('', (44.8890245046306, 140.076120467457, 4.52942497472077));
#410 = CARTESIAN_POINT ('', (45.0115385479542, 140.025373489131, 4.52942497472077));
#411 = CARTESIAN_POINT ('', (45.1390996920759, 139.999999999968, 4.52942497472077));
#412 = CARTESIAN_POINT ('', (45.2717079369957, 139.999999999968, 4.52942497472077));
#413 = B_SPLINE_CURVE_WITH_KNOTS ('', 3, (#400, #401, #402, #403, #404, #405, #406, #407, #408, #409, #410, #411, #412), .UNSPECIFIED., .F., .U., (4, 3, 3, 3, 4), (0., 0.25, 0.5, 0.75, 1.), .UNSPECIFIED.);
#414 = EDGE_CURVE ('', #355, #394, #413, .T.);
#415 = ORIENTED_EDGE ('', *, *, #414, .F.);
#416 = ORIENTED_EDGE ('', *, *, #359, .T.);
#417 = EDGE_LOOP ('', (#392, #399, #415, #416));
#418 = FACE_OUTER_BOUND ('', #417, .T.);
#419 = CARTESIAN_POINT ('', (45.2717079369956, 139.999999999968, 5.19944461484093));
#420 = CARTESIAN_POINT ('', (45.2717079369956, 139.999999999968, -2.84079106660089));
#421 = CARTESIAN_POINT ('', (44.6859214993688, 139.999999999968, 5.19944461484093));
#422 = CARTESIAN_POINT ('', (44.6859214993688, 139.999999999968, -2.84079106660088));
#423 = CARTESIAN_POINT ('', (44.2717079369957, 140.414213562341, 5.19944461484093));
#424 = CARTESIAN_POINT ('', (44.2717079369957, 140.414213562341, -2.84079106660088));
#425 = CARTESIAN_POINT ('', (44.2717079369957, 140.999999999968, 5.19944461484093));
#426 = CARTESIAN_POINT ('', (44.2717079369957, 140.999999999968, -2.84079106660089));
#427 = (
   BOUNDED_SURFACE ()
   B_SPLINE_SURFACE (3, 1, ((#419, #420), (#421, #422), (#423, #424), (#425, #426)), .UNSPECIFIED., .F., .F., .U.)
   B_SPLINE_SURFACE_WITH_KNOTS ((4, 4), (2, 2), (0., 1.), (0., 1.), .UNSPECIFIED.)
   GEOMETRIC_REPRESENTATION_ITEM ()
   RATIONAL_B_SPLINE_SURFACE (((1., 1.), (0.804737854124365, 0.804737854124365), (0.804737854124365, 0.804737854124365), (1., 1.)))
   REPRESENTATION_ITEM ('')
   SURFACE ()
);
#428 = ADVANCED_FACE ('', (#418), #427, .T.);
#429 = CARTESIAN_POINT ('', (142.864999999998, 139.999999999968, 4.52942497472077));
#430 = VERTEX_POINT ('', #429);
#431 = CARTESIAN_POINT ('', (142.864999999998, 139.999999999968, -2.19019925136189));
#432 = VERTEX_POINT ('', #431);
#433 = CARTESIAN_POINT ('', (142.864999999998, 139.999999999968, 4.52942497472077));
#434 = CARTESIAN_POINT ('', (142.864999999998, 139.999999999968, -2.19019925136189));
#435 = B_SPLINE_CURVE_WITH_KNOTS ('', 1, (#433, #434), .UNSPECIFIED., .F., .U., (2, 2), (0., 1.), .UNSPECIFIED.);
#436 = EDGE_CURVE ('', #430, #432, #435, .T.);
#437 = ORIENTED_EDGE ('', *, *, #436, .F.);
#438 = CARTESIAN_POINT ('', (120.754999999999, 139.999999999968, 4.52942497472077));
#439 = VERTEX_POINT ('', #438);
#440 = CARTESIAN_POINT ('', (142.864999999998, 139.999999999968, 4.52942497472077));
#441 = CARTESIAN_POINT ('', (120.754999999999, 139.999999999968, 4.52942497472077));
#442 = B_SPLINE_CURVE_WITH_KNOTS ('', 1, (#440, #441), .UNSPECIFIED., .F., .U., (2, 2), (0., 1.), .UNSPECIFIED.);
#443 = EDGE_CURVE ('', #430, #439, #442, .T.);
#444 = ORIENTED_EDGE ('', *, *, #443, .T.);
#445 = CARTESIAN_POINT ('', (120.754999999999, 139.999999999968, 3.22942497472077));
#446 = VERTEX_POINT ('', #445);
#447 = CARTESIAN_POINT ('', (120.754999999999, 139.999999999968, 4.52942497472077));
#448 = CARTESIAN_POINT ('', (120.754999999999, 139.999999999968, 3.22942497472077));
#449 = B_SPLINE_CURVE_WITH_KNOTS ('', 1, (#447, #448), .UNSPECIFIED., .F., .U., (2, 2), (0., 1.), .UNSPECIFIED.);
#450 = EDGE_CURVE ('', #439, #446, #449, .T.);
#451 = ORIENTED_EDGE ('', *, *, #450, .T.);
#452 = CARTESIAN_POINT ('', (47.7549999999979, 139.999999999968, 3.22675714052077));
#453 = VERTEX_POINT ('', #452);
#454 = CARTESIAN_POINT ('', (120.754999999999, 139.999999999968, 3.22675714052077));
#455 = CARTESIAN_POINT ('', (47.7549999999979, 139.999999999968, 3.22675714052077));
#456 = B_SPLINE_CURVE_WITH_KNOTS ('', 1, (#454, #455), .UNSPECIFIED., .F., .U., (2, 2), (0., 1.), .UNSPECIFIED.);
#457 = EDGE_CURVE ('', #446, #453, #456, .T.);
#458 = ORIENTED_EDGE ('', *, *, #457, .T.);
#459 = CARTESIAN_POINT ('', (47.7549999999979, 139.999999999968, 4.52942497472077));
#460 = VERTEX_POINT ('', #459);
#461 = CARTESIAN_POINT ('', (47.7549999999979, 139.999999999968, 3.22942497472077));
#462 = CARTESIAN_POINT ('', (47.7549999999979, 139.999999999968, 4.52942497472077));
#463 = B_SPLINE_CURVE_WITH_KNOTS ('', 1, (#461, #462), .UNSPECIFIED., .F., .U., (2, 2), (0., 1.), .UNSPECIFIED.);
#464 = EDGE_CURVE ('', #453, #460, #463, .T.);
#465 = ORIENTED_EDGE ('', *, *, #464, .T.);
#466 = CARTESIAN_POINT ('', (47.7549999999979, 139.999999999968, 4.52942497472077));
#467 = CARTESIAN_POINT ('', (45.2717079369957, 139.999999999968, 4.52942497472077));
#468 = B_SPLINE_CURVE_WITH_KNOTS ('', 1, (#466, #467), .UNSPECIFIED., .F., .U., (2, 2), (0., 1.), .UNSPECIFIED.);
#469 = EDGE_CURVE ('', #460, #394, #468, .T.);
#470 = ORIENTED_EDGE ('', *, *, #469, .T.);
#471 = ORIENTED_EDGE ('', *, *, #398, .T.);
#472 = CARTESIAN_POINT ('', (2.77170793699565, 139.999999999968, -2.17077142648074));
#473 = VERTEX_POINT ('', #472);
#474 = CARTESIAN_POINT ('', (45.2717079369956, 139.999999999968, -2.17077142648073));
#475 = CARTESIAN_POINT ('', (2.77170793699564, 139.999999999968, -2.17077142648073));
#476 = B_SPLINE_CURVE_WITH_KNOTS ('', 1, (#474, #475), .UNSPECIFIED., .F., .U., (2, 2), (0., 1.), .UNSPECIFIED.);
#477 = EDGE_CURVE ('', #376, #473, #476, .T.);
#478 = ORIENTED_EDGE ('', *, *, #477, .T.);
#479 = CARTESIAN_POINT ('', (2.77170793699565, 139.999999999968, 4.52942497472077));
#480 = VERTEX_POINT ('', #479);
#481 = CARTESIAN_POINT ('', (2.77170793699565, 139.999999999968, 4.52942497472077));
#482 = CARTESIAN_POINT ('', (2.77170793699565, 139.999999999968, -2.17077142648073));
#483 = B_SPLINE_CURVE_WITH_KNOTS ('', 1, (#481, #482), .UNSPECIFIED., .F., .U., (2, 2), (0., 1.), .UNSPECIFIED.);
#484 = EDGE_CURVE ('', #480, #473, #483, .T.);
#485 = ORIENTED_EDGE ('', *, *, #484, .F.);
#486 = CARTESIAN_POINT ('', (1.005, 139.999999999968, 4.52942497472077));
#487 = VERTEX_POINT ('', #486);
#488 = CARTESIAN_POINT ('', (1.00500000000007, 139.999999999968, 4.52942497472077));
#489 = CARTESIAN_POINT ('', (2.77170793699565, 139.999999999968, 4.52942497472077));
#490 = B_SPLINE_CURVE_WITH_KNOTS ('', 1, (#488, #489), .UNSPECIFIED., .F., .U., (2, 2), (0., 1.), .UNSPECIFIED.);
#491 = EDGE_CURVE ('', #487, #480, #490, .T.);
#492 = ORIENTED_EDGE ('', *, *, #491, .F.);
#493 = CARTESIAN_POINT ('', (1.005, 139.999999999968, -2.19019925136189));
#494 = VERTEX_POINT ('', #493);
#495 = CARTESIAN_POINT ('', (1.005, 139.999999999968, -2.19019925136189));
#496 = CARTESIAN_POINT ('', (1.005, 139.999999999968, 4.52942497472077));
#497 = B_SPLINE_CURVE_WITH_KNOTS ('', 1, (#495, #496), .UNSPECIFIED., .F., .U., (2, 2), (0., 1.), .UNSPECIFIED.);
#498 = EDGE_CURVE ('', #494, #487, #497, .T.);
#499 = ORIENTED_EDGE ('', *, *, #498, .F.);
#500 = CARTESIAN_POINT ('', (1.00500000000002, 139.999999999968, -2.19019925136189));
#501 = CARTESIAN_POINT ('', (142.864999999998, 139.999999999968, -2.19019925136189));
#502 = B_SPLINE_CURVE_WITH_KNOTS ('', 1, (#500, #501), .UNSPECIFIED., .F., .U., (2, 2), (0., 1.), .UNSPECIFIED.);
#503 = EDGE_CURVE ('', #494, #432, #502, .T.);
#504 = ORIENTED_EDGE ('', *, *, #503, .T.);
#505 = EDGE_LOOP ('', (#437, #444, #451, #458, #465, #470, #471, #478, #485, #492, #499, #504));
#506 = FACE_OUTER_BOUND ('', #505, .T.);
#507 = CARTESIAN_POINT ('', (1.00500000000002, 139.999999999968, 4.52942497472077));
#508 = CARTESIAN_POINT ('', (142.864999999998, 139.999999999968, 4.52942497472077));
#509 = CARTESIAN_POINT ('', (1.00500000000002, 139.999999999968, -2.19019925136189));
#510 = CARTESIAN_POINT ('', (142.864999999998, 139.999999999968, -2.19019925136189));
#511 = B_SPLINE_SURFACE_WITH_KNOTS ('', 1, 1, ((#507, #508), (#509, #510)), .UNSPECIFIED., .F., .F., .U., (2, 2), (2, 2), (0., 1.), (0., 1.), .UNSPECIFIED.);
#512 = ADVANCED_FACE ('', (#506), #511, .T.);
#513 = CARTESIAN_POINT ('', (119.754999999999, 140.999999999968, 4.52942497472077));
#514 = VERTEX_POINT ('', #513);
#515 = CARTESIAN_POINT ('', (119.754999999999, 140.999999999968, 4.52942497472077));
#516 = CARTESIAN_POINT ('', (119.754999999999, 140.867391755048, 4.52942497472077));
#517 = CARTESIAN_POINT ('', (119.780373489162, 140.739830610927, 4.52942497472077));
#518 = CARTESIAN_POINT ('', (119.831120467488, 140.617316567603, 4.52942497472077));
#519 = CARTESIAN_POINT ('', (119.881867445814, 140.494802524279, 4.52942497472077));
#520 = CARTESIAN_POINT ('', (119.954125029589, 140.386661408006, 4.52942497472077));
#521 = CARTESIAN_POINT ('', (120.047893218813, 140.292893218782, 4.52942497472077));
#522 = CARTESIAN_POINT ('', (120.141661408037, 140.199125029558, 4.52942497472077));
#523 = CARTESIAN_POINT ('', (120.24980252431, 140.126867445783, 4.52942497472077));
#524 = CARTESIAN_POINT ('', (120.372316567634, 140.076120467457, 4.52942497472077));
#525 = CARTESIAN_POINT ('', (120.494830610958, 140.025373489131, 4.52942497472077));
#526 = CARTESIAN_POINT ('', (120.622391755079, 139.999999999968, 4.52942497472077));
#527 = CARTESIAN_POINT ('', (120.754999999999, 139.999999999968, 4.52942497472077));
#528 = B_SPLINE_CURVE_WITH_KNOTS ('', 3, (#515, #516, #517, #518, #519, #520, #521, #522, #523, #524, #525, #526, #527), .UNSPECIFIED., .F., .U., (4, 3, 3, 3, 4), (0., 0.25, 0.5, 0.75, 1.), .UNSPECIFIED.);
#529 = EDGE_CURVE ('', #514, #439, #528, .T.);
#530 = ORIENTED_EDGE ('', *, *, #529, .T.);
#531 = ORIENTED_EDGE ('', *, *, #443, .F.);
#532 = CARTESIAN_POINT ('', (145.864999999998, 136.999999999968, 4.52942497472077));
#533 = VERTEX_POINT ('', #532);
#534 = CARTESIAN_POINT ('', (142.864999999998, 139.999999999968, 4.52942497472077));
#535 = CARTESIAN_POINT ('', (143.262824734757, 139.999999999968, 4.52942497472077));
#536 = CARTESIAN_POINT ('', (143.645508167122, 139.923879532479, 4.52942497472077));
#537 = CARTESIAN_POINT ('', (144.013050297093, 139.771638597502, 4.52942497472077));
#538 = CARTESIAN_POINT ('', (144.380592427064, 139.619397662525, 4.52942497472077));
#539 = CARTESIAN_POINT ('', (144.705015775886, 139.4026249112, 4.52942497472077));
#540 = CARTESIAN_POINT ('', (144.986320343558, 139.121320343528, 4.52942497472077));
#541 = CARTESIAN_POINT ('', (145.26762491123, 138.840015775856, 4.52942497472077));
#542 = CARTESIAN_POINT ('', (145.484397662554, 138.515592427034, 4.52942497472077));
#543 = CARTESIAN_POINT ('', (145.636638597532, 138.148050297063, 4.52942497472077));
#544 = CARTESIAN_POINT ('', (145.788879532509, 137.780508167093, 4.52942497472077));
#545 = CARTESIAN_POINT ('', (145.864999999998, 137.397824734727, 4.52942497472077));
#546 = CARTESIAN_POINT ('', (145.864999999998, 136.999999999968, 4.52942497472077));
#547 = B_SPLINE_CURVE_WITH_KNOTS ('', 3, (#534, #535, #536, #537, #538, #539, #540, #541, #542, #543, #544, #545, #546), .UNSPECIFIED., .F., .U., (4, 3, 3, 3, 4), (0., 0.25, 0.5, 0.75, 1.), .UNSPECIFIED.);
#548 = EDGE_CURVE ('', #430, #533, #547, .T.);
#549 = ORIENTED_EDGE ('', *, *, #548, .T.);
#550 = CARTESIAN_POINT ('', (145.864999999998, 120.499999999996, 4.52942497472077));
#551 = CARTESIAN_POINT ('', (145.864999999998, 136.999999999968, 4.52942497472077));
#552 = B_SPLINE_CURVE_WITH_KNOTS ('', 1, (#550, #551), .UNSPECIFIED., .F., .U., (2, 2), (0., 1.), .UNSPECIFIED.);
#553 = EDGE_CURVE ('', #20, #533, #552, .T.);
#554 = ORIENTED_EDGE ('', *, *, #553, .F.);
#555 = ORIENTED_EDGE ('', *, *, #35, .T.);
#556 = ORIENTED_EDGE ('', *, *, #71, .F.);
#557 = ORIENTED_EDGE ('', *, *, #112, .T.);
#558 = ORIENTED_EDGE ('', *, *, #146, .F.);
#559 = ORIENTED_EDGE ('', *, *, #222, .T.);
#560 = ORIENTED_EDGE ('', *, *, #282, .F.);
#561 = CARTESIAN_POINT ('', (119.754999999999, 143.49999999997, 4.52942497472077));
#562 = VERTEX_POINT ('', #561);
#563 = CARTESIAN_POINT ('', (120.754999999999, 144.49999999997, 4.52942497472077));
#564 = CARTESIAN_POINT ('', (120.622391755079, 144.49999999997, 4.52942497472077));
#565 = CARTESIAN_POINT ('', (120.494830610958, 144.474626510808, 4.52942497472077));
#566 = CARTESIAN_POINT ('', (120.372316567634, 144.423879532482, 4.52942497472077));
#567 = CARTESIAN_POINT ('', (120.24980252431, 144.373132554156, 4.52942497472077));
#568 = CARTESIAN_POINT ('', (120.141661408037, 144.300874970381, 4.52942497472077));
#569 = CARTESIAN_POINT ('', (120.047893218813, 144.207106781157, 4.52942497472077));
#570 = CARTESIAN_POINT ('', (119.954125029589, 144.113338591933, 4.52942497472077));
#571 = CARTESIAN_POINT ('', (119.881867445814, 144.005197475659, 4.52942497472077));
#572 = CARTESIAN_POINT ('', (119.831120467488, 143.882683432336, 4.52942497472077));
#573 = CARTESIAN_POINT ('', (119.780373489162, 143.760169389012, 4.52942497472077));
#574 = CARTESIAN_POINT ('', (119.754999999999, 143.63260824489, 4.52942497472077));
#575 = CARTESIAN_POINT ('', (119.754999999999, 143.49999999997, 4.52942497472077));
#576 = B_SPLINE_CURVE_WITH_KNOTS ('', 3, (#563, #564, #565, #566, #567, #568, #569, #570, #571, #572, #573, #574, #575), .UNSPECIFIED., .F., .U., (4, 3, 3, 3, 4), (0., 0.25, 0.5, 0.75, 1.), .UNSPECIFIED.);
#577 = EDGE_CURVE ('', #273, #562, #576, .T.);
#578 = ORIENTED_EDGE ('', *, *, #577, .T.);
#579 = CARTESIAN_POINT ('', (119.754999999999, 140.999999999968, 4.52942497472077));
#580 = CARTESIAN_POINT ('', (119.754999999999, 143.49999999997, 4.52942497472077));
#581 = B_SPLINE_CURVE_WITH_KNOTS ('', 1, (#579, #580), .UNSPECIFIED., .F., .U., (2, 2), (0., 1.), .UNSPECIFIED.);
#582 = EDGE_CURVE ('', #514, #562, #581, .T.);
#583 = ORIENTED_EDGE ('', *, *, #582, .F.);
#584 = EDGE_LOOP ('', (#530, #531, #549, #554, #555, #556, #557, #558, #559, #560, #578, #583));
#585 = FACE_OUTER_BOUND ('', #584, .T.);
#586 = CARTESIAN_POINT ('', (123.804999999999, 142.249999999969, 4.52942497472077));
#587 = VERTEX_POINT ('', #586);
#588 = CARTESIAN_POINT ('', (123.804999999999, 142.249999999969, 4.52942497472077));
#589 = CARTESIAN_POINT ('', (123.804999999999, 142.110761342804, 4.52942497472077));
#590 = CARTESIAN_POINT ('', (123.778357836378, 141.976822141476, 4.52942497472077));
#591 = CARTESIAN_POINT ('', (123.725073509136, 141.848182395986, 4.52942497472077));
#592 = CARTESIAN_POINT ('', (123.671789181894, 141.719542650496, 4.52942497472077));
#593 = CARTESIAN_POINT ('', (123.59591871893, 141.605994478409, 4.52942497472077));
#594 = CARTESIAN_POINT ('', (123.497462120245, 141.507537879723, 4.52942497472077));
#595 = CARTESIAN_POINT ('', (123.39900552156, 141.409081281038, 4.52942497472077));
#596 = CARTESIAN_POINT ('', (123.285457349472, 141.333210818075, 4.52942497472077));
#597 = CARTESIAN_POINT ('', (123.156817603982, 141.279926490832, 4.52942497472077));
#598 = CARTESIAN_POINT ('', (123.028177858493, 141.22664216359, 4.52942497472077));
#599 = CARTESIAN_POINT ('', (122.894238657165, 141.199999999969, 4.52942497472077));
#600 = CARTESIAN_POINT ('', (122.754999999999, 141.199999999969, 4.52942497472077));
#601 = CARTESIAN_POINT ('', (122.615761342833, 141.199999999969, 4.52942497472077));
#602 = CARTESIAN_POINT ('', (122.481822141506, 141.22664216359, 4.52942497472077));
#603 = CARTESIAN_POINT ('', (122.353182396016, 141.279926490832, 4.52942497472077));
#604 = CARTESIAN_POINT ('', (122.224542650526, 141.333210818075, 4.52942497472077));
#605 = CARTESIAN_POINT ('', (122.110994478438, 141.409081281038, 4.52942497472077));
#606 = CARTESIAN_POINT ('', (122.012537879753, 141.507537879723, 4.52942497472077));
#607 = CARTESIAN_POINT ('', (121.914081281068, 141.605994478409, 4.52942497472077));
#608 = CARTESIAN_POINT ('', (121.838210818104, 141.719542650496, 4.52942497472077));
#609 = CARTESIAN_POINT ('', (121.784926490862, 141.848182395986, 4.52942497472077));
#610 = CARTESIAN_POINT ('', (121.73164216362, 141.976822141476, 4.52942497472077));
#611 = CARTESIAN_POINT ('', (121.704999999999, 142.110761342804, 4.52942497472077));
#612 = CARTESIAN_POINT ('', (121.704999999999, 142.249999999969, 4.52942497472077));
#613 = CARTESIAN_POINT ('', (121.704999999999, 142.389238657135, 4.52942497472077));
#614 = CARTESIAN_POINT ('', (121.73164216362, 142.523177858463, 4.52942497472077));
#615 = CARTESIAN_POINT ('', (121.784926490862, 142.651817603953, 4.52942497472077));
#616 = CARTESIAN_POINT ('', (121.838210818104, 142.780457349442, 4.52942497472077));
#617 = CARTESIAN_POINT ('', (121.914081281068, 142.89400552153, 4.52942497472077));
#618 = CARTESIAN_POINT ('', (122.012537879753, 142.992462120215, 4.52942497472077));
#619 = CARTESIAN_POINT ('', (122.110994478438, 143.0909187189, 4.52942497472077));
#620 = CARTESIAN_POINT ('', (122.224542650526, 143.166789181864, 4.52942497472077));
#621 = CARTESIAN_POINT ('', (122.353182396016, 143.220073509106, 4.52942497472077));
#622 = CARTESIAN_POINT ('', (122.481822141506, 143.273357836348, 4.52942497472077));
#623 = CARTESIAN_POINT ('', (122.615761342833, 143.299999999969, 4.52942497472077));
#624 = CARTESIAN_POINT ('', (122.754999999999, 143.299999999969, 4.52942497472077));
#625 = CARTESIAN_POINT ('', (122.894238657165, 143.299999999969, 4.52942497472077));
#626 = CARTESIAN_POINT ('', (123.028177858493, 143.273357836348, 4.52942497472077));
#627 = CARTESIAN_POINT ('', (123.156817603982, 143.220073509106, 4.52942497472077));
#628 = CARTESIAN_POINT ('', (123.285457349472, 143.166789181864, 4.52942497472077));
#629 = CARTESIAN_POINT ('', (123.39900552156, 143.0909187189, 4.52942497472077));
#630 = CARTESIAN_POINT ('', (123.497462120245, 142.992462120215, 4.52942497472077));
#631 = CARTESIAN_POINT ('', (123.59591871893, 142.89400552153, 4.52942497472077));
#632 = CARTESIAN_POINT ('', (123.671789181894, 142.780457349442, 4.52942497472077));
#633 = CARTESIAN_POINT ('', (123.725073509136, 142.651817603953, 4.52942497472077));
#634 = CARTESIAN_POINT ('', (123.778357836378, 142.523177858463, 4.52942497472077));
#635 = CARTESIAN_POINT ('', (123.804999999999, 142.389238657135, 4.52942497472077));
#636 = CARTESIAN_POINT ('', (123.804999999999, 142.249999999969, 4.52942497472077));
#637 = B_SPLINE_CURVE_WITH_KNOTS ('', 3, (#588, #589, #590, #591, #592, #593, #594, #595, #596, #597, #598, #599, #600, #601, #602, #603, #604, #605, #606, #607, #608, #609, #610, #611, #612, #613, #614, #615, #616, #617, #618, #619, #620, #621, #622, #623, #624, #625, #626, #627, #628, #629, #630, #631, #632, #633, #634, #635, #636), .UNSPECIFIED., .T., .U., (4, 3, 3, 3, 3, 3, 3, 3, 3, 3, 3, 3, 3, 3, 3, 3, 4), (0., 0.0625, 0.125, 0.1875, 0.25, 0.3125, 0.375, 0.4375, 0.5, 0.5625, 0.625, 0.6875, 0.75, 0.8125, 0.875, 0.9375, 1.), .UNSPECIFIED.);
#638 = EDGE_CURVE ('', #587, #587, #637, .T.);
#639 = ORIENTED_EDGE ('', *, *, #638, .T.);
#640 = EDGE_LOOP ('', (#639));
#641 = FACE_BOUND ('', #640, .T.);
#642 = CARTESIAN_POINT ('', (149.286320343558, 141.371320343528, 4.52942497472077));
#643 = VERTEX_POINT ('', #642);
#644 = CARTESIAN_POINT ('', (149.286320343558, 141.371320343528, 4.52942497472077));
#645 = CARTESIAN_POINT ('', (149.286320343558, 141.099473441442, 4.52942497472077));
#646 = CARTESIAN_POINT ('', (149.234304690774, 140.837973095993, 4.52942497472077));
#647 = CARTESIAN_POINT ('', (149.130273385206, 140.586819307179, 4.52942497472077));
#648 = CARTESIAN_POINT ('', (149.026242079638, 140.335665518366, 4.52942497472077));
#649 = CARTESIAN_POINT ('', (148.878114032899, 140.113976230005, 4.52942497472077));
#650 = CARTESIAN_POINT ('', (148.68588924499, 139.921751442095, 4.52942497472077));
#651 = CARTESIAN_POINT ('', (148.493664457081, 139.729526654186, 4.52942497472077));
#652 = CARTESIAN_POINT ('', (148.271975168719, 139.581398607447, 4.52942497472077));
#653 = CARTESIAN_POINT ('', (148.020821379906, 139.47736730188, 4.52942497472077));
#654 = CARTESIAN_POINT ('', (147.769667591093, 139.373335996312, 4.52942497472077));
#655 = CARTESIAN_POINT ('', (147.508167245643, 139.321320343528, 4.52942497472077));
#656 = CARTESIAN_POINT ('', (147.236320343558, 139.321320343528, 4.52942497472077));
#657 = CARTESIAN_POINT ('', (146.964473441472, 139.321320343528, 4.52942497472077));
#658 = CARTESIAN_POINT ('', (146.702973096023, 139.373335996312, 4.52942497472077));
#659 = CARTESIAN_POINT ('', (146.451819307209, 139.47736730188, 4.52942497472077));
#660 = CARTESIAN_POINT ('', (146.200665518396, 139.581398607448, 4.52942497472077));
#661 = CARTESIAN_POINT ('', (145.978976230034, 139.729526654186, 4.52942497472077));
#662 = CARTESIAN_POINT ('', (145.786751442125, 139.921751442095, 4.52942497472077));
#663 = CARTESIAN_POINT ('', (145.594526654216, 140.113976230005, 4.52942497472077));
#664 = CARTESIAN_POINT ('', (145.446398607477, 140.335665518366, 4.52942497472077));
#665 = CARTESIAN_POINT ('', (145.342367301909, 140.586819307179, 4.52942497472077));
#666 = CARTESIAN_POINT ('', (145.238335996342, 140.837973095993, 4.52942497472077));
#667 = CARTESIAN_POINT ('', (145.186320343558, 141.099473441442, 4.52942497472077));
#668 = CARTESIAN_POINT ('', (145.186320343558, 141.371320343528, 4.52942497472077));
#669 = CARTESIAN_POINT ('', (145.186320343558, 141.643167245613, 4.52942497472077));
#670 = CARTESIAN_POINT ('', (145.238335996342, 141.904667591063, 4.52942497472077));
#671 = CARTESIAN_POINT ('', (145.342367301909, 142.155821379876, 4.52942497472077));
#672 = CARTESIAN_POINT ('', (145.446398607477, 142.40697516869, 4.52942497472077));
#673 = CARTESIAN_POINT ('', (145.594526654216, 142.628664457051, 4.52942497472077));
#674 = CARTESIAN_POINT ('', (145.786751442125, 142.82088924496, 4.52942497472077));
#675 = CARTESIAN_POINT ('', (145.978976230034, 143.013114032869, 4.52942497472077));
#676 = CARTESIAN_POINT ('', (146.200665518396, 143.161242079608, 4.52942497472077));
#677 = CARTESIAN_POINT ('', (146.451819307209, 143.265273385176, 4.52942497472077));
#678 = CARTESIAN_POINT ('', (146.702973096023, 143.369304690744, 4.52942497472077));
#679 = CARTESIAN_POINT ('', (146.964473441472, 143.421320343528, 4.52942497472077));
#680 = CARTESIAN_POINT ('', (147.236320343558, 143.421320343528, 4.52942497472077));
#681 = CARTESIAN_POINT ('', (147.508167245643, 143.421320343528, 4.52942497472077));
#682 = CARTESIAN_POINT ('', (147.769667591093, 143.369304690744, 4.52942497472077));
#683 = CARTESIAN_POINT ('', (148.020821379906, 143.265273385176, 4.52942497472077));
#684 = CARTESIAN_POINT ('', (148.271975168719, 143.161242079608, 4.52942497472077));
#685 = CARTESIAN_POINT ('', (148.493664457081, 143.013114032869, 4.52942497472077));
#686 = CARTESIAN_POINT ('', (148.68588924499, 142.82088924496, 4.52942497472077));
#687 = CARTESIAN_POINT ('', (148.878114032899, 142.628664457051, 4.52942497472077));
#688 = CARTESIAN_POINT ('', (149.026242079638, 142.40697516869, 4.52942497472077));
#689 = CARTESIAN_POINT ('', (149.130273385206, 142.155821379876, 4.52942497472077));
#690 = CARTESIAN_POINT ('', (149.234304690774, 141.904667591063, 4.52942497472077));
#691 = CARTESIAN_POINT ('', (149.286320343558, 141.643167245613, 4.52942497472077));
#692 = CARTESIAN_POINT ('', (149.286320343558, 141.371320343528, 4.52942497472077));
#693 = B_SPLINE_CURVE_WITH_KNOTS ('', 3, (#644, #645, #646, #647, #648, #649, #650, #651, #652, #653, #654, #655, #656, #657, #658, #659, #660, #661, #662, #663, #664, #665, #666, #667, #668, #669, #670, #671, #672, #673, #674, #675, #676, #677, #678, #679, #680, #681, #682, #683, #684, #685, #686, #687, #688, #689, #690, #691, #692), .UNSPECIFIED., .T., .U., (4, 3, 3, 3, 3, 3, 3, 3, 3, 3, 3, 3, 3, 3, 3, 3, 4), (0., 0.0625, 0.125, 0.1875, 0.25, 0.3125, 0.375, 0.4375, 0.5, 0.5625, 0.625, 0.6875, 0.75, 0.8125, 0.875, 0.9375, 1.), .UNSPECIFIED.);
#694 = EDGE_CURVE ('', #643, #643, #693, .T.);
#695 = ORIENTED_EDGE ('', *, *, #694, .T.);
#696 = EDGE_LOOP ('', (#695));
#697 = FACE_BOUND ('', #696, .T.);
#698 = CARTESIAN_POINT ('', (149.164999999999, 122.499999999996, 4.52942497472077));
#699 = VERTEX_POINT ('', #698);
#700 = CARTESIAN_POINT ('', (149.164999999999, 122.499999999996, 4.52942497472077));
#701 = CARTESIAN_POINT ('', (149.164999999999, 122.36076134283, 4.52942497472077));
#702 = CARTESIAN_POINT ('', (149.138357836377, 122.226822141503, 4.52942497472077));
#703 = CARTESIAN_POINT ('', (149.085073509135, 122.098182396013, 4.52942497472077));
#704 = CARTESIAN_POINT ('', (149.031789181893, 121.969542650523, 4.52942497472077));
#705 = CARTESIAN_POINT ('', (148.95591871893, 121.855994478436, 4.52942497472077));
#706 = CARTESIAN_POINT ('', (148.857462120244, 121.75753787975, 4.52942497472077));
#707 = CARTESIAN_POINT ('', (148.759005521559, 121.659081281065, 4.52942497472077));
#708 = CARTESIAN_POINT ('', (148.645457349472, 121.583210818102, 4.52942497472077));
#709 = CARTESIAN_POINT ('', (148.516817603982, 121.529926490859, 4.52942497472077));
#710 = CARTESIAN_POINT ('', (148.388177858492, 121.476642163617, 4.52942497472077));
#711 = CARTESIAN_POINT ('', (148.254238657164, 121.449999999996, 4.52942497472077));
#712 = CARTESIAN_POINT ('', (148.114999999999, 121.449999999996, 4.52942497472077));
#713 = CARTESIAN_POINT ('', (147.975761342833, 121.449999999996, 4.52942497472077));
#714 = CARTESIAN_POINT ('', (147.841822141505, 121.476642163617, 4.52942497472077));
#715 = CARTESIAN_POINT ('', (147.713182396015, 121.529926490859, 4.52942497472077));
#716 = CARTESIAN_POINT ('', (147.584542650525, 121.583210818102, 4.52942497472077));
#717 = CARTESIAN_POINT ('', (147.470994478438, 121.659081281065, 4.52942497472077));
#718 = CARTESIAN_POINT ('', (147.372537879753, 121.75753787975, 4.52942497472077));
#719 = CARTESIAN_POINT ('', (147.274081281067, 121.855994478436, 4.52942497472077));
#720 = CARTESIAN_POINT ('', (147.198210818104, 121.969542650523, 4.52942497472077));
#721 = CARTESIAN_POINT ('', (147.144926490862, 122.098182396013, 4.52942497472077));
#722 = CARTESIAN_POINT ('', (147.09164216362, 122.226822141503, 4.52942497472077));
#723 = CARTESIAN_POINT ('', (147.064999999999, 122.36076134283, 4.52942497472077));
#724 = CARTESIAN_POINT ('', (147.064999999999, 122.499999999996, 4.52942497472077));
#725 = CARTESIAN_POINT ('', (147.064999999999, 122.639238657162, 4.52942497472077));
#726 = CARTESIAN_POINT ('', (147.09164216362, 122.77317785849, 4.52942497472077));
#727 = CARTESIAN_POINT ('', (147.144926490862, 122.90181760398, 4.52942497472077));
#728 = CARTESIAN_POINT ('', (147.198210818104, 123.030457349469, 4.52942497472077));
#729 = CARTESIAN_POINT ('', (147.274081281067, 123.144005521557, 4.52942497472077));
#730 = CARTESIAN_POINT ('', (147.372537879753, 123.242462120242, 4.52942497472077));
#731 = CARTESIAN_POINT ('', (147.470994478438, 123.340918718927, 4.52942497472077));
#732 = CARTESIAN_POINT ('', (147.584542650525, 123.416789181891, 4.52942497472077));
#733 = CARTESIAN_POINT ('', (147.713182396015, 123.470073509133, 4.52942497472077));
#734 = CARTESIAN_POINT ('', (147.841822141505, 123.523357836375, 4.52942497472077));
#735 = CARTESIAN_POINT ('', (147.975761342833, 123.549999999996, 4.52942497472077));
#736 = CARTESIAN_POINT ('', (148.114999999999, 123.549999999996, 4.52942497472077));
#737 = CARTESIAN_POINT ('', (148.254238657164, 123.549999999996, 4.52942497472077));
#738 = CARTESIAN_POINT ('', (148.388177858492, 123.523357836375, 4.52942497472077));
#739 = CARTESIAN_POINT ('', (148.516817603982, 123.470073509133, 4.52942497472077));
#740 = CARTESIAN_POINT ('', (148.645457349472, 123.416789181891, 4.52942497472077));
#741 = CARTESIAN_POINT ('', (148.759005521559, 123.340918718927, 4.52942497472077));
#742 = CARTESIAN_POINT ('', (148.857462120244, 123.242462120242, 4.52942497472077));
#743 = CARTESIAN_POINT ('', (148.95591871893, 123.144005521557, 4.52942497472077));
#744 = CARTESIAN_POINT ('', (149.031789181893, 123.030457349469, 4.52942497472077));
#745 = CARTESIAN_POINT ('', (149.085073509135, 122.90181760398, 4.52942497472077));
#746 = CARTESIAN_POINT ('', (149.138357836377, 122.77317785849, 4.52942497472077));
#747 = CARTESIAN_POINT ('', (149.164999999999, 122.639238657162, 4.52942497472077));
#748 = CARTESIAN_POINT ('', (149.164999999999, 122.499999999996, 4.52942497472077));
#749 = B_SPLINE_CURVE_WITH_KNOTS ('', 3, (#700, #701, #702, #703, #704, #705, #706, #707, #708, #709, #710, #711, #712, #713, #714, #715, #716, #717, #718, #719, #720, #721, #722, #723, #724, #725, #726, #727, #728, #729, #730, #731, #732, #733, #734, #735, #736, #737, #738, #739, #740, #741, #742, #743, #744, #745, #746, #747, #748), .UNSPECIFIED., .T., .U., (4, 3, 3, 3, 3, 3, 3, 3, 3, 3, 3, 3, 3, 3, 3, 3, 4), (0., 0.0625, 0.125, 0.1875, 0.25, 0.3125, 0.375, 0.4375, 0.5, 0.5625, 0.625, 0.6875, 0.75, 0.8125, 0.875, 0.9375, 1.), .UNSPECIFIED.);
#750 = EDGE_CURVE ('', #699, #699, #749, .T.);
#751 = ORIENTED_EDGE ('', *, *, #750, .T.);
#752 = EDGE_LOOP ('', (#751));
#753 = FACE_BOUND ('', #752, .T.);
#754 = CARTESIAN_POINT ('', (150.364999999999, 144.49999999997, 4.52942497472077));
#755 = CARTESIAN_POINT ('', (150.364999999999, 119.499999999996, 4.52942497472077));
#756 = CARTESIAN_POINT ('', (119.754999999999, 144.49999999997, 4.52942497472077));
#757 = CARTESIAN_POINT ('', (119.754999999999, 119.499999999996, 4.52942497472077));
#758 = B_SPLINE_SURFACE_WITH_KNOTS ('', 1, 1, ((#754, #755), (#756, #757)), .UNSPECIFIED., .F., .F., .U., (2, 2), (2, 2), (0., 1.), (0., 1.), .UNSPECIFIED.);
#759 = ADVANCED_FACE ('', (#585, #641, #697, #753), #758, .T.);
#760 = CARTESIAN_POINT ('', (149.164999999999, 122.499999999996, 1.52942497472077));
#761 = VERTEX_POINT ('', #760);
#762 = CARTESIAN_POINT ('', (149.164999999999, 122.499999999996, 4.52942497472077));
#763 = CARTESIAN_POINT ('', (149.164999999999, 122.499999999996, 1.52942497472077));
#764 = B_SPLINE_CURVE_WITH_KNOTS ('', 1, (#762, #763), .UNSPECIFIED., .F., .U., (2, 2), (0., 1.), .UNSPECIFIED.);
#765 = EDGE_CURVE ('', #699, #761, #764, .T.);
#766 = ORIENTED_EDGE ('', *, *, #765, .T.);
#767 = CARTESIAN_POINT ('', (149.164999999999, 122.499999999996, 1.52942497472077));
#768 = CARTESIAN_POINT ('', (149.164999999999, 122.639238657162, 1.52942497472077));
#769 = CARTESIAN_POINT ('', (149.138357836377, 122.77317785849, 1.52942497472077));
#770 = CARTESIAN_POINT ('', (149.085073509135, 122.90181760398, 1.52942497472077));
#771 = CARTESIAN_POINT ('', (149.031789181893, 123.030457349469, 1.52942497472077));
#772 = CARTESIAN_POINT ('', (148.95591871893, 123.144005521557, 1.52942497472077));
#773 = CARTESIAN_POINT ('', (148.857462120244, 123.242462120242, 1.52942497472077));
#774 = CARTESIAN_POINT ('', (148.759005521559, 123.340918718927, 1.52942497472077));
#775 = CARTESIAN_POINT ('', (148.645457349472, 123.416789181891, 1.52942497472077));
#776 = CARTESIAN_POINT ('', (148.516817603982, 123.470073509133, 1.52942497472077));
#777 = CARTESIAN_POINT ('', (148.388177858492, 123.523357836375, 1.52942497472077));
#778 = CARTESIAN_POINT ('', (148.254238657164, 123.549999999996, 1.52942497472077));
#779 = CARTESIAN_POINT ('', (148.114999999999, 123.549999999996, 1.52942497472077));
#780 = CARTESIAN_POINT ('', (147.975761342833, 123.549999999996, 1.52942497472077));
#781 = CARTESIAN_POINT ('', (147.841822141505, 123.523357836375, 1.52942497472077));
#782 = CARTESIAN_POINT ('', (147.713182396015, 123.470073509133, 1.52942497472077));
#783 = CARTESIAN_POINT ('', (147.584542650525, 123.416789181891, 1.52942497472077));
#784 = CARTESIAN_POINT ('', (147.470994478438, 123.340918718927, 1.52942497472077));
#785 = CARTESIAN_POINT ('', (147.372537879753, 123.242462120242, 1.52942497472077));
#786 = CARTESIAN_POINT ('', (147.274081281067, 123.144005521557, 1.52942497472077));
#787 = CARTESIAN_POINT ('', (147.198210818104, 123.030457349469, 1.52942497472077));
#788 = CARTESIAN_POINT ('', (147.144926490862, 122.90181760398, 1.52942497472077));
#789 = CARTESIAN_POINT ('', (147.09164216362, 122.77317785849, 1.52942497472077));
#790 = CARTESIAN_POINT ('', (147.064999999999, 122.639238657162, 1.52942497472077));
#791 = CARTESIAN_POINT ('', (147.064999999999, 122.499999999996, 1.52942497472077));
#792 = CARTESIAN_POINT ('', (147.064999999999, 122.36076134283, 1.52942497472077));
#793 = CARTESIAN_POINT ('', (147.09164216362, 122.226822141503, 1.52942497472077));
#794 = CARTESIAN_POINT ('', (147.144926490862, 122.098182396013, 1.52942497472077));
#795 = CARTESIAN_POINT ('', (147.198210818104, 121.969542650523, 1.52942497472077));
#796 = CARTESIAN_POINT ('', (147.274081281067, 121.855994478436, 1.52942497472078));
#797 = CARTESIAN_POINT ('', (147.372537879753, 121.75753787975, 1.52942497472078));
#798 = CARTESIAN_POINT ('', (147.470994478438, 121.659081281065, 1.52942497472078));
#799 = CARTESIAN_POINT ('', (147.584542650525, 121.583210818101, 1.52942497472077));
#800 = CARTESIAN_POINT ('', (147.713182396015, 121.529926490859, 1.52942497472077));
#801 = CARTESIAN_POINT ('', (147.841822141505, 121.476642163617, 1.52942497472077));
#802 = CARTESIAN_POINT ('', (147.975761342833, 121.449999999996, 1.52942497472077));
#803 = CARTESIAN_POINT ('', (148.114999999999, 121.449999999996, 1.52942497472077));
#804 = CARTESIAN_POINT ('', (148.254238657164, 121.449999999996, 1.52942497472077));
#805 = CARTESIAN_POINT ('', (148.388177858492, 121.476642163617, 1.52942497472077));
#806 = CARTESIAN_POINT ('', (148.516817603982, 121.529926490859, 1.52942497472077));
#807 = CARTESIAN_POINT ('', (148.645457349472, 121.583210818101, 1.52942497472077));
#808 = CARTESIAN_POINT ('', (148.759005521559, 121.659081281065, 1.52942497472077));
#809 = CARTESIAN_POINT ('', (148.857462120244, 121.75753787975, 1.52942497472077));
#810 = CARTESIAN_POINT ('', (148.95591871893, 121.855994478436, 1.52942497472077));
#811 = CARTESIAN_POINT ('', (149.031789181893, 121.969542650523, 1.52942497472077));
#812 = CARTESIAN_POINT ('', (149.085073509135, 122.098182396013, 1.52942497472077));
#813 = CARTESIAN_POINT ('', (149.138357836377, 122.226822141503, 1.52942497472077));
#814 = CARTESIAN_POINT ('', (149.164999999999, 122.36076134283, 1.52942497472077));
#815 = CARTESIAN_POINT ('', (149.164999999999, 122.499999999996, 1.52942497472077));
#816 = B_SPLINE_CURVE_WITH_KNOTS ('', 3, (#767, #768, #769, #770, #771, #772, #773, #774, #775, #776, #777, #778, #779, #780, #781, #782, #783, #784, #785, #786, #787, #788, #789, #790, #791, #792, #793, #794, #795, #796, #797, #798, #799, #800, #801, #802, #803, #804, #805, #806, #807, #808, #809, #810, #811, #812, #813, #814, #815), .UNSPECIFIED., .T., .U., (4, 3, 3, 3, 3, 3, 3, 3, 3, 3, 3, 3, 3, 3, 3, 3, 4), (0., 0.0625, 0.125, 0.1875, 0.25, 0.3125, 0.375, 0.4375, 0.5, 0.5625, 0.625, 0.6875, 0.75, 0.8125, 0.875, 0.9375, 1.), .UNSPECIFIED.);
#817 = EDGE_CURVE ('', #761, #761, #816, .T.);
#818 = ORIENTED_EDGE ('', *, *, #817, .F.);
#819 = ORIENTED_EDGE ('', *, *, #765, .F.);
#820 = ORIENTED_EDGE ('', *, *, #750, .F.);
#821 = EDGE_LOOP ('', (#766, #818, #819, #820));
#822 = FACE_OUTER_BOUND ('', #821, .T.);
#823 = CARTESIAN_POINT ('', (149.164999999999, 122.499999999996, 4.82942497472077));
#824 = CARTESIAN_POINT ('', (149.164999999999, 122.499999999996, 1.22942497472077));
#825 = CARTESIAN_POINT ('', (149.164999999999, 124.599999999996, 4.82942497472077));
#826 = CARTESIAN_POINT ('', (149.164999999999, 124.599999999996, 1.22942497472078));
#827 = CARTESIAN_POINT ('', (147.064999999999, 124.599999999996, 4.82942497472077));
#828 = CARTESIAN_POINT ('', (147.064999999999, 124.599999999996, 1.22942497472078));
#829 = CARTESIAN_POINT ('', (147.064999999999, 122.499999999996, 4.82942497472077));
#830 = CARTESIAN_POINT ('', (147.064999999999, 122.499999999996, 1.22942497472077));
#831 = CARTESIAN_POINT ('', (147.064999999999, 120.399999999996, 4.82942497472077));
#832 = CARTESIAN_POINT ('', (147.064999999999, 120.399999999996, 1.22942497472078));
#833 = CARTESIAN_POINT ('', (149.164999999999, 120.399999999996, 4.82942497472077));
#834 = CARTESIAN_POINT ('', (149.164999999999, 120.399999999996, 1.22942497472078));
#835 = CARTESIAN_POINT ('', (149.164999999999, 122.499999999996, 4.82942497472077));
#836 = CARTESIAN_POINT ('', (149.164999999999, 122.499999999996, 1.22942497472077));
#837 = (
   BOUNDED_SURFACE ()
   B_SPLINE_SURFACE (3, 1, ((#823, #824), (#825, #826), (#827, #828), (#829, #830), (#831, #832), (#833, #834), (#835, #836)), .UNSPECIFIED., .T., .F., .U.)
   B_SPLINE_SURFACE_WITH_KNOTS ((4, 3, 4), (2, 2), (0., 0.5, 1.), (0., 1.), .UNSPECIFIED.)
   GEOMETRIC_REPRESENTATION_ITEM ()
   RATIONAL_B_SPLINE_SURFACE (((1., 1.), (0.333333333333333, 0.333333333333333), (0.333333333333333, 0.333333333333333), (1., 1.), (0.333333333333333, 0.333333333333333), (0.333333333333333, 0.333333333333333), (1., 1.)))
   REPRESENTATION_ITEM ('')
   SURFACE ()
);
#838 = ADVANCED_FACE ('', (#822), #837, .T.);
#839 = ORIENTED_EDGE ('', *, *, #817, .T.);
#840 = EDGE_LOOP ('', (#839));
#841 = FACE_OUTER_BOUND ('', #840, .T.);
#842 = CARTESIAN_POINT ('', (149.177599999999, 123.562599999996, 1.52942497472077));
#843 = CARTESIAN_POINT ('', (149.177599999999, 121.437399999996, 1.52942497472077));
#844 = CARTESIAN_POINT ('', (147.052399999999, 123.562599999996, 1.52942497472077));
#845 = CARTESIAN_POINT ('', (147.052399999999, 121.437399999996, 1.52942497472077));
#846 = B_SPLINE_SURFACE_WITH_KNOTS ('', 1, 1, ((#842, #843), (#844, #845)), .UNSPECIFIED., .F., .F., .U., (2, 2), (2, 2), (0., 1.), (0., 1.), .UNSPECIFIED.);
#847 = ADVANCED_FACE ('', (#841), #846, .T.);
#848 = CARTESIAN_POINT ('', (149.286320343558, 141.371320343528, 1.52942497472077));
#849 = VERTEX_POINT ('', #848);
#850 = CARTESIAN_POINT ('', (149.286320343558, 141.371320343528, 4.52942497472077));
#851 = CARTESIAN_POINT ('', (149.286320343558, 141.371320343528, 1.52942497472077));
#852 = B_SPLINE_CURVE_WITH_KNOTS ('', 1, (#850, #851), .UNSPECIFIED., .F., .U., (2, 2), (0., 1.), .UNSPECIFIED.);
#853 = EDGE_CURVE ('', #643, #849, #852, .T.);
#854 = ORIENTED_EDGE ('', *, *, #853, .T.);
#855 = CARTESIAN_POINT ('', (149.286320343558, 141.371320343528, 1.52942497472078));
#856 = CARTESIAN_POINT ('', (149.286320343558, 141.643167245613, 1.52942497472078));
#857 = CARTESIAN_POINT ('', (149.234304690774, 141.904667591063, 1.52942497472077));
#858 = CARTESIAN_POINT ('', (149.130273385206, 142.155821379876, 1.52942497472077));
#859 = CARTESIAN_POINT ('', (149.026242079638, 142.40697516869, 1.52942497472077));
#860 = CARTESIAN_POINT ('', (148.878114032899, 142.628664457051, 1.52942497472077));
#861 = CARTESIAN_POINT ('', (148.68588924499, 142.82088924496, 1.52942497472077));
#862 = CARTESIAN_POINT ('', (148.493664457081, 143.013114032869, 1.52942497472077));
#863 = CARTESIAN_POINT ('', (148.271975168719, 143.161242079608, 1.52942497472077));
#864 = CARTESIAN_POINT ('', (148.020821379906, 143.265273385176, 1.52942497472077));
#865 = CARTESIAN_POINT ('', (147.769667591093, 143.369304690744, 1.52942497472077));
#866 = CARTESIAN_POINT ('', (147.508167245643, 143.421320343528, 1.52942497472077));
#867 = CARTESIAN_POINT ('', (147.236320343558, 143.421320343528, 1.52942497472077));
#868 = CARTESIAN_POINT ('', (146.964473441472, 143.421320343528, 1.52942497472077));
#869 = CARTESIAN_POINT ('', (146.702973096023, 143.369304690744, 1.52942497472077));
#870 = CARTESIAN_POINT ('', (146.451819307209, 143.265273385176, 1.52942497472077));
#871 = CARTESIAN_POINT ('', (146.200665518396, 143.161242079608, 1.52942497472077));
#872 = CARTESIAN_POINT ('', (145.978976230034, 143.013114032869, 1.52942497472077));
#873 = CARTESIAN_POINT ('', (145.786751442125, 142.82088924496, 1.52942497472077));
#874 = CARTESIAN_POINT ('', (145.594526654216, 142.628664457051, 1.52942497472077));
#875 = CARTESIAN_POINT ('', (145.446398607477, 142.40697516869, 1.52942497472077));
#876 = CARTESIAN_POINT ('', (145.342367301909, 142.155821379876, 1.52942497472077));
#877 = CARTESIAN_POINT ('', (145.238335996342, 141.904667591063, 1.52942497472077));
#878 = CARTESIAN_POINT ('', (145.186320343558, 141.643167245613, 1.52942497472077));
#879 = CARTESIAN_POINT ('', (145.186320343558, 141.371320343528, 1.52942497472077));
#880 = CARTESIAN_POINT ('', (145.186320343558, 141.099473441442, 1.52942497472077));
#881 = CARTESIAN_POINT ('', (145.238335996342, 140.837973095993, 1.52942497472077));
#882 = CARTESIAN_POINT ('', (145.342367301909, 140.586819307179, 1.52942497472077));
#883 = CARTESIAN_POINT ('', (145.446398607477, 140.335665518366, 1.52942497472077));
#884 = CARTESIAN_POINT ('', (145.594526654216, 140.113976230005, 1.52942497472077));
#885 = CARTESIAN_POINT ('', (145.786751442125, 139.921751442095, 1.52942497472077));
#886 = CARTESIAN_POINT ('', (145.978976230034, 139.729526654186, 1.52942497472077));
#887 = CARTESIAN_POINT ('', (146.200665518396, 139.581398607447, 1.52942497472077));
#888 = CARTESIAN_POINT ('', (146.451819307209, 139.47736730188, 1.52942497472077));
#889 = CARTESIAN_POINT ('', (146.702973096023, 139.373335996312, 1.52942497472077));
#890 = CARTESIAN_POINT ('', (146.964473441472, 139.321320343528, 1.52942497472077));
#891 = CARTESIAN_POINT ('', (147.236320343558, 139.321320343528, 1.52942497472077));
#892 = CARTESIAN_POINT ('', (147.508167245643, 139.321320343528, 1.52942497472077));
#893 = CARTESIAN_POINT ('', (147.769667591093, 139.373335996312, 1.52942497472077));
#894 = CARTESIAN_POINT ('', (148.020821379906, 139.47736730188, 1.52942497472077));
#895 = CARTESIAN_POINT ('', (148.27197516872, 139.581398607447, 1.52942497472077));
#896 = CARTESIAN_POINT ('', (148.493664457081, 139.729526654186, 1.52942497472077));
#897 = CARTESIAN_POINT ('', (148.68588924499, 139.921751442095, 1.52942497472077));
#898 = CARTESIAN_POINT ('', (148.878114032899, 140.113976230005, 1.52942497472077));
#899 = CARTESIAN_POINT ('', (149.026242079638, 140.335665518366, 1.52942497472077));
#900 = CARTESIAN_POINT ('', (149.130273385206, 140.586819307179, 1.52942497472077));
#901 = CARTESIAN_POINT ('', (149.234304690774, 140.837973095993, 1.52942497472077));
#902 = CARTESIAN_POINT ('', (149.286320343558, 141.099473441442, 1.52942497472078));
#903 = CARTESIAN_POINT ('', (149.286320343558, 141.371320343528, 1.52942497472078));
#904 = B_SPLINE_CURVE_WITH_KNOTS ('', 3, (#855, #856, #857, #858, #859, #860, #861, #862, #863, #864, #865, #866, #867, #868, #869, #870, #871, #872, #873, #874, #875, #876, #877, #878, #879, #880, #881, #882, #883, #884, #885, #886, #887, #888, #889, #890, #891, #892, #893, #894, #895, #896, #897, #898, #899, #900, #901, #902, #903), .UNSPECIFIED., .T., .U., (4, 3, 3, 3, 3, 3, 3, 3, 3, 3, 3, 3, 3, 3, 3, 3, 4), (0., 0.0625, 0.125, 0.1875, 0.25, 0.3125, 0.375, 0.4375, 0.5, 0.5625, 0.625, 0.6875, 0.75, 0.8125, 0.875, 0.9375, 1.), .UNSPECIFIED.);
#905 = EDGE_CURVE ('', #849, #849, #904, .T.);
#906 = ORIENTED_EDGE ('', *, *, #905, .F.);
#907 = ORIENTED_EDGE ('', *, *, #853, .F.);
#908 = ORIENTED_EDGE ('', *, *, #694, .F.);
#909 = EDGE_LOOP ('', (#854, #906, #907, #908));
#910 = FACE_OUTER_BOUND ('', #909, .T.);
#911 = CARTESIAN_POINT ('', (149.286320343558, 141.371320343528, 4.82942497472077));
#912 = CARTESIAN_POINT ('', (149.286320343558, 141.371320343528, 1.22942497472077));
#913 = CARTESIAN_POINT ('', (149.286320343558, 145.471320343528, 4.82942497472077));
#914 = CARTESIAN_POINT ('', (149.286320343558, 145.471320343528, 1.22942497472078));
#915 = CARTESIAN_POINT ('', (145.186320343558, 145.471320343528, 4.82942497472077));
#916 = CARTESIAN_POINT ('', (145.186320343558, 145.471320343528, 1.22942497472078));
#917 = CARTESIAN_POINT ('', (145.186320343558, 141.371320343528, 4.82942497472077));
#918 = CARTESIAN_POINT ('', (145.186320343558, 141.371320343528, 1.22942497472077));
#919 = CARTESIAN_POINT ('', (145.186320343558, 137.271320343528, 4.82942497472077));
#920 = CARTESIAN_POINT ('', (145.186320343558, 137.271320343528, 1.22942497472078));
#921 = CARTESIAN_POINT ('', (149.286320343558, 137.271320343528, 4.82942497472077));
#922 = CARTESIAN_POINT ('', (149.286320343558, 137.271320343528, 1.22942497472078));
#923 = CARTESIAN_POINT ('', (149.286320343558, 141.371320343528, 4.82942497472077));
#924 = CARTESIAN_POINT ('', (149.286320343558, 141.371320343528, 1.22942497472077));
#925 = (
   BOUNDED_SURFACE ()
   B_SPLINE_SURFACE (3, 1, ((#911, #912), (#913, #914), (#915, #916), (#917, #918), (#919, #920), (#921, #922), (#923, #924)), .UNSPECIFIED., .T., .F., .U.)
   B_SPLINE_SURFACE_WITH_KNOTS ((4, 3, 4), (2, 2), (0., 0.5, 1.), (0., 1.), .UNSPECIFIED.)
   GEOMETRIC_REPRESENTATION_ITEM ()
   RATIONAL_B_SPLINE_SURFACE (((1., 1.), (0.333333333333333, 0.333333333333333), (0.333333333333333, 0.333333333333333), (1., 1.), (0.333333333333333, 0.333333333333333), (0.333333333333333, 0.333333333333333), (1., 1.)))
   REPRESENTATION_ITEM ('')
   SURFACE ()
);
#926 = ADVANCED_FACE ('', (#910), #925, .T.);
#927 = ORIENTED_EDGE ('', *, *, #905, .T.);
#928 = EDGE_LOOP ('', (#927));
#929 = FACE_OUTER_BOUND ('', #928, .T.);
#930 = CARTESIAN_POINT ('', (149.310920343558, 143.445920343528, 1.52942497472077));
#931 = CARTESIAN_POINT ('', (149.310920343558, 139.296720343528, 1.52942497472077));
#932 = CARTESIAN_POINT ('', (145.161720343558, 143.445920343528, 1.52942497472077));
#933 = CARTESIAN_POINT ('', (145.161720343558, 139.296720343528, 1.52942497472077));
#934 = B_SPLINE_SURFACE_WITH_KNOTS ('', 1, 1, ((#930, #931), (#932, #933)), .UNSPECIFIED., .F., .F., .U., (2, 2), (2, 2), (0., 1.), (0., 1.), .UNSPECIFIED.);
#935 = ADVANCED_FACE ('', (#929), #934, .T.);
#936 = CARTESIAN_POINT ('', (123.804999999999, 142.249999999969, 1.52942497472077));
#937 = VERTEX_POINT ('', #936);
#938 = CARTESIAN_POINT ('', (123.804999999999, 142.249999999969, 4.52942497472077));
#939 = CARTESIAN_POINT ('', (123.804999999999, 142.249999999969, 1.52942497472077));
#940 = B_SPLINE_CURVE_WITH_KNOTS ('', 1, (#938, #939), .UNSPECIFIED., .F., .U., (2, 2), (0., 1.), .UNSPECIFIED.);
#941 = EDGE_CURVE ('', #587, #937, #940, .T.);
#942 = ORIENTED_EDGE ('', *, *, #941, .T.);
#943 = CARTESIAN_POINT ('', (123.804999999999, 142.249999999969, 1.52942497472078));
#944 = CARTESIAN_POINT ('', (123.804999999999, 142.389238657135, 1.52942497472078));
#945 = CARTESIAN_POINT ('', (123.778357836378, 142.523177858463, 1.52942497472077));
#946 = CARTESIAN_POINT ('', (123.725073509136, 142.651817603953, 1.52942497472077));
#947 = CARTESIAN_POINT ('', (123.671789181894, 142.780457349443, 1.52942497472077));
#948 = CARTESIAN_POINT ('', (123.59591871893, 142.89400552153, 1.52942497472077));
#949 = CARTESIAN_POINT ('', (123.497462120245, 142.992462120215, 1.52942497472077));
#950 = CARTESIAN_POINT ('', (123.39900552156, 143.0909187189, 1.52942497472077));
#951 = CARTESIAN_POINT ('', (123.285457349472, 143.166789181864, 1.52942497472077));
#952 = CARTESIAN_POINT ('', (123.156817603982, 143.220073509106, 1.52942497472077));
#953 = CARTESIAN_POINT ('', (123.028177858493, 143.273357836348, 1.52942497472077));
#954 = CARTESIAN_POINT ('', (122.894238657165, 143.299999999969, 1.52942497472078));
#955 = CARTESIAN_POINT ('', (122.754999999999, 143.299999999969, 1.52942497472078));
#956 = CARTESIAN_POINT ('', (122.615761342833, 143.299999999969, 1.52942497472078));
#957 = CARTESIAN_POINT ('', (122.481822141506, 143.273357836348, 1.52942497472077));
#958 = CARTESIAN_POINT ('', (122.353182396016, 143.220073509106, 1.52942497472077));
#959 = CARTESIAN_POINT ('', (122.224542650526, 143.166789181864, 1.52942497472077));
#960 = CARTESIAN_POINT ('', (122.110994478439, 143.0909187189, 1.52942497472077));
#961 = CARTESIAN_POINT ('', (122.012537879753, 142.992462120215, 1.52942497472077));
#962 = CARTESIAN_POINT ('', (121.914081281068, 142.89400552153, 1.52942497472077));
#963 = CARTESIAN_POINT ('', (121.838210818104, 142.780457349442, 1.52942497472077));
#964 = CARTESIAN_POINT ('', (121.784926490862, 142.651817603953, 1.52942497472077));
#965 = CARTESIAN_POINT ('', (121.73164216362, 142.523177858463, 1.52942497472077));
#966 = CARTESIAN_POINT ('', (121.704999999999, 142.389238657135, 1.52942497472077));
#967 = CARTESIAN_POINT ('', (121.704999999999, 142.249999999969, 1.52942497472077));
#968 = CARTESIAN_POINT ('', (121.704999999999, 142.110761342804, 1.52942497472077));
#969 = CARTESIAN_POINT ('', (121.73164216362, 141.976822141476, 1.52942497472077));
#970 = CARTESIAN_POINT ('', (121.784926490862, 141.848182395986, 1.52942497472077));
#971 = CARTESIAN_POINT ('', (121.838210818104, 141.719542650496, 1.52942497472077));
#972 = CARTESIAN_POINT ('', (121.914081281068, 141.605994478409, 1.52942497472077));
#973 = CARTESIAN_POINT ('', (122.012537879753, 141.507537879723, 1.52942497472077));
#974 = CARTESIAN_POINT ('', (122.110994478438, 141.409081281038, 1.52942497472077));
#975 = CARTESIAN_POINT ('', (122.224542650526, 141.333210818075, 1.52942497472077));
#976 = CARTESIAN_POINT ('', (122.353182396016, 141.279926490833, 1.52942497472077));
#977 = CARTESIAN_POINT ('', (122.481822141506, 141.22664216359, 1.52942497472077));
#978 = CARTESIAN_POINT ('', (122.615761342833, 141.199999999969, 1.52942497472077));
#979 = CARTESIAN_POINT ('', (122.754999999999, 141.199999999969, 1.52942497472077));
#980 = CARTESIAN_POINT ('', (122.894238657165, 141.199999999969, 1.52942497472077));
#981 = CARTESIAN_POINT ('', (123.028177858493, 141.22664216359, 1.52942497472077));
#982 = CARTESIAN_POINT ('', (123.156817603982, 141.279926490832, 1.52942497472077));
#983 = CARTESIAN_POINT ('', (123.285457349472, 141.333210818075, 1.52942497472077));
#984 = CARTESIAN_POINT ('', (123.39900552156, 141.409081281038, 1.52942497472077));
#985 = CARTESIAN_POINT ('', (123.497462120245, 141.507537879723, 1.52942497472077));
#986 = CARTESIAN_POINT ('', (123.59591871893, 141.605994478409, 1.52942497472077));
#987 = CARTESIAN_POINT ('', (123.671789181894, 141.719542650496, 1.52942497472077));
#988 = CARTESIAN_POINT ('', (123.725073509136, 141.848182395986, 1.52942497472077));
#989 = CARTESIAN_POINT ('', (123.778357836378, 141.976822141476, 1.52942497472077));
#990 = CARTESIAN_POINT ('', (123.804999999999, 142.110761342804, 1.52942497472078));
#991 = CARTESIAN_POINT ('', (123.804999999999, 142.249999999969, 1.52942497472078));
#992 = B_SPLINE_CURVE_WITH_KNOTS ('', 3, (#943, #944, #945, #946, #947, #948, #949, #950, #951, #952, #953, #954, #955, #956, #957, #958, #959, #960, #961, #962, #963, #964, #965, #966, #967, #968, #969, #970, #971, #972, #973, #974, #975, #976, #977, #978, #979, #980, #981, #982, #983, #984, #985, #986, #987, #988, #989, #990, #991), .UNSPECIFIED., .T., .U., (4, 3, 3, 3, 3, 3, 3, 3, 3, 3, 3, 3, 3, 3, 3, 3, 4), (0., 0.0625, 0.125, 0.1875, 0.25, 0.3125, 0.375, 0.4375, 0.5, 0.5625, 0.625, 0.6875, 0.75, 0.8125, 0.875, 0.9375, 1.), .UNSPECIFIED.);
#993 = EDGE_CURVE ('', #937, #937, #992, .T.);
#994 = ORIENTED_EDGE ('', *, *, #993, .F.);
#995 = ORIENTED_EDGE ('', *, *, #941, .F.);
#996 = ORIENTED_EDGE ('', *, *, #638, .F.);
#997 = EDGE_LOOP ('', (#942, #994, #995, #996));
#998 = FACE_OUTER_BOUND ('', #997, .T.);
#999 = CARTESIAN_POINT ('', (123.804999999999, 142.249999999969, 4.82942497472077));
#1000 = CARTESIAN_POINT ('', (123.804999999999, 142.249999999969, 1.22942497472077));
#1001 = CARTESIAN_POINT ('', (123.804999999999, 144.349999999969, 4.82942497472077));
#1002 = CARTESIAN_POINT ('', (123.804999999999, 144.349999999969, 1.22942497472078));
#1003 = CARTESIAN_POINT ('', (121.704999999999, 144.349999999969, 4.82942497472077));
#1004 = CARTESIAN_POINT ('', (121.704999999999, 144.349999999969, 1.22942497472078));
#1005 = CARTESIAN_POINT ('', (121.704999999999, 142.249999999969, 4.82942497472077));
#1006 = CARTESIAN_POINT ('', (121.704999999999, 142.249999999969, 1.22942497472077));
#1007 = CARTESIAN_POINT ('', (121.704999999999, 140.149999999969, 4.82942497472077));
#1008 = CARTESIAN_POINT ('', (121.704999999999, 140.149999999969, 1.22942497472078));
#1009 = CARTESIAN_POINT ('', (123.804999999999, 140.149999999969, 4.82942497472077));
#1010 = CARTESIAN_POINT ('', (123.804999999999, 140.149999999969, 1.22942497472078));
#1011 = CARTESIAN_POINT ('', (123.804999999999, 142.249999999969, 4.82942497472077));
#1012 = CARTESIAN_POINT ('', (123.804999999999, 142.249999999969, 1.22942497472077));
#1013 = (
   BOUNDED_SURFACE ()
   B_SPLINE_SURFACE (3, 1, ((#999, #1000), (#1001, #1002), (#1003, #1004), (#1005, #1006), (#1007, #1008), (#1009, #1010), (#1011, #1012)), .UNSPECIFIED., .T., .F., .U.)
   B_SPLINE_SURFACE_WITH_KNOTS ((4, 3, 4), (2, 2), (0., 0.5, 1.), (0., 1.), .UNSPECIFIED.)
   GEOMETRIC_REPRESENTATION_ITEM ()
   RATIONAL_B_SPLINE_SURFACE (((1., 1.), (0.333333333333333, 0.333333333333333), (0.333333333333333, 0.333333333333333), (1., 1.), (0.333333333333333, 0.333333333333333), (0.333333333333333, 0.333333333333333), (1., 1.)))
   REPRESENTATION_ITEM ('')
   SURFACE ()
);
#1014 = ADVANCED_FACE ('', (#998), #1013, .T.);
#1015 = ORIENTED_EDGE ('', *, *, #993, .T.);
#1016 = EDGE_LOOP ('', (#1015));
#1017 = FACE_OUTER_BOUND ('', #1016, .T.);
#1018 = CARTESIAN_POINT ('', (123.817599999999, 143.312599999969, 1.52942497472077));
#1019 = CARTESIAN_POINT ('', (123.817599999999, 141.187399999969, 1.52942497472077));
#1020 = CARTESIAN_POINT ('', (121.692399999999, 143.312599999969, 1.52942497472077));
#1021 = CARTESIAN_POINT ('', (121.692399999999, 141.187399999969, 1.52942497472077));
#1022 = B_SPLINE_SURFACE_WITH_KNOTS ('', 1, 1, ((#1018, #1019), (#1020, #1021)), .UNSPECIFIED., .F., .F., .U., (2, 2), (2, 2), (0., 1.), (0., 1.), .UNSPECIFIED.);
#1023 = ADVANCED_FACE ('', (#1017), #1022, .T.);
#1024 = CARTESIAN_POINT ('', (145.864999999998, 136.999999999968, -2.19019925136189));
#1025 = VERTEX_POINT ('', #1024);
#1026 = CARTESIAN_POINT ('', (145.864999999998, 136.999999999968, -2.19019925136189));
#1027 = CARTESIAN_POINT ('', (145.864999999998, 136.999999999968, 4.52942497472077));
#1028 = B_SPLINE_CURVE_WITH_KNOTS ('', 1, (#1026, #1027), .UNSPECIFIED., .F., .U., (2, 2), (0., 1.), .UNSPECIFIED.);
#1029 = EDGE_CURVE ('', #1025, #533, #1028, .T.);
#1030 = ORIENTED_EDGE ('', *, *, #1029, .T.);
#1031 = ORIENTED_EDGE ('', *, *, #548, .F.);
#1032 = ORIENTED_EDGE ('', *, *, #436, .T.);
#1033 = CARTESIAN_POINT ('', (142.864999999998, 139.999999999968, -2.19019925136189));
#1034 = CARTESIAN_POINT ('', (144.622359312879, 139.999999999968, -2.19019925136189));
#1035 = CARTESIAN_POINT ('', (145.864999999998, 138.757359312849, -2.19019925136189));
#1036 = CARTESIAN_POINT ('', (145.864999999998, 136.999999999968, -2.19019925136189));
#1037 = (
   BOUNDED_CURVE ()
   B_SPLINE_CURVE (3, (#1033, #1034, #1035, #1036), .UNSPECIFIED., .F., .U.)
   B_SPLINE_CURVE_WITH_KNOTS ((4, 4), (0., 1.), .UNSPECIFIED.)
   CURVE ()
   GEOMETRIC_REPRESENTATION_ITEM ()
   RATIONAL_B_SPLINE_CURVE ((1., 0.804737854124365, 0.804737854124365, 1.))
   REPRESENTATION_ITEM ('')
);
#1038 = EDGE_CURVE ('', #432, #1025, #1037, .T.);
#1039 = ORIENTED_EDGE ('', *, *, #1038, .T.);
#1040 = EDGE_LOOP ('', (#1030, #1031, #1032, #1039));
#1041 = FACE_OUTER_BOUND ('', #1040, .T.);
#1042 = CARTESIAN_POINT ('', (145.864999999998, 136.999999999968, 5.20138739732904));
#1043 = CARTESIAN_POINT ('', (145.864999999998, 136.999999999968, -2.86216167397015));
#1044 = CARTESIAN_POINT ('', (145.864999999998, 138.757359312849, 5.20138739732904));
#1045 = CARTESIAN_POINT ('', (145.864999999998, 138.757359312849, -2.86216167397015));
#1046 = CARTESIAN_POINT ('', (144.622359312879, 139.999999999968, 5.20138739732904));
#1047 = CARTESIAN_POINT ('', (144.622359312879, 139.999999999968, -2.86216167397015));
#1048 = CARTESIAN_POINT ('', (142.864999999998, 139.999999999968, 5.20138739732904));
#1049 = CARTESIAN_POINT ('', (142.864999999998, 139.999999999968, -2.86216167397015));
#1050 = (
   BOUNDED_SURFACE ()
   B_SPLINE_SURFACE (3, 1, ((#1042, #1043), (#1044, #1045), (#1046, #1047), (#1048, #1049)), .UNSPECIFIED., .F., .F., .U.)
   B_SPLINE_SURFACE_WITH_KNOTS ((4, 4), (2, 2), (0., 1.), (0., 1.), .UNSPECIFIED.)
   GEOMETRIC_REPRESENTATION_ITEM ()
   RATIONAL_B_SPLINE_SURFACE (((1., 1.), (0.804737854124365, 0.804737854124365), (0.804737854124365, 0.804737854124365), (1., 1.)))
   REPRESENTATION_ITEM ('')
   SURFACE ()
);
#1051 = ADVANCED_FACE ('', (#1041), #1050, .T.);
#1052 = CARTESIAN_POINT ('', (142.864999999998, 138.799999999968, -3.39019925136189));
#1053 = VERTEX_POINT ('', #1052);
#1054 = CARTESIAN_POINT ('', (142.864999999998, 139.999999999968, -2.19019925136187));
#1055 = CARTESIAN_POINT ('', (142.864999999998, 138.799999999968, -3.39019925136189));
#1056 = B_SPLINE_CURVE_WITH_KNOTS ('', 1, (#1054, #1055), .UNSPECIFIED., .F., .U., (2, 2), (0., 1.), .UNSPECIFIED.);
#1057 = EDGE_CURVE ('', #432, #1053, #1056, .T.);
#1058 = ORIENTED_EDGE ('', *, *, #1057, .T.);
#1059 = CARTESIAN_POINT ('', (144.664999999998, 136.999999999968, -3.39019925136189));
#1060 = VERTEX_POINT ('', #1059);
#1061 = CARTESIAN_POINT ('', (144.664999999998, 136.999999999968, -3.39019925136189));
#1062 = CARTESIAN_POINT ('', (144.664999999998, 137.238694840824, -3.39019925136189));
#1063 = CARTESIAN_POINT ('', (144.619327719505, 137.468304900243, -3.39019925136189));
#1064 = CARTESIAN_POINT ('', (144.527983158518, 137.688830178225, -3.39019925136189));
#1065 = CARTESIAN_POINT ('', (144.436638597532, 137.909355456208, -3.39019925136189));
#1066 = CARTESIAN_POINT ('', (144.306574946737, 138.104009465501, -3.39019925136189));
#1067 = CARTESIAN_POINT ('', (144.137792206134, 138.272792206104, -3.39019925136189));
#1068 = CARTESIAN_POINT ('', (143.96900946553, 138.441574946707, -3.39019925136189));
#1069 = CARTESIAN_POINT ('', (143.774355456238, 138.571638597502, -3.39019925136189));
#1070 = CARTESIAN_POINT ('', (143.553830178255, 138.662983158488, -3.39019925136189));
#1071 = CARTESIAN_POINT ('', (143.333304900273, 138.754327719475, -3.39019925136189));
#1072 = CARTESIAN_POINT ('', (143.103694840854, 138.799999999968, -3.39019925136189));
#1073 = CARTESIAN_POINT ('', (142.864999999998, 138.799999999968, -3.39019925136189));
#1074 = B_SPLINE_CURVE_WITH_KNOTS ('', 3, (#1061, #1062, #1063, #1064, #1065, #1066, #1067, #1068, #1069, #1070, #1071, #1072, #1073), .UNSPECIFIED., .F., .U., (4, 3, 3, 3, 4), (0., 0.25, 0.5, 0.75, 1.), .UNSPECIFIED.);
#1075 = EDGE_CURVE ('', #1060, #1053, #1074, .T.);
#1076 = ORIENTED_EDGE ('', *, *, #1075, .F.);
#1077 = CARTESIAN_POINT ('', (144.664999999998, 136.999999999968, -3.39019925136189));
#1078 = CARTESIAN_POINT ('', (145.864999999998, 136.999999999968, -2.19019925136188));
#1079 = B_SPLINE_CURVE_WITH_KNOTS ('', 1, (#1077, #1078), .UNSPECIFIED., .F., .U., (2, 2), (0., 1.), .UNSPECIFIED.);
#1080 = EDGE_CURVE ('', #1060, #1025, #1079, .T.);
#1081 = ORIENTED_EDGE ('', *, *, #1080, .T.);
#1082 = ORIENTED_EDGE ('', *, *, #1038, .F.);
#1083 = EDGE_LOOP ('', (#1058, #1076, #1081, #1082));
#1084 = FACE_OUTER_BOUND ('', #1083, .T.);
#1085 = CARTESIAN_POINT ('', (144.664999999998, 136.999999999968, -3.39019925136189));
#1086 = CARTESIAN_POINT ('', (144.664999999998, 138.054415587697, -3.39019925136189));
#1087 = CARTESIAN_POINT ('', (143.919415587726, 138.799999999968, -3.39019925136189));
#1088 = CARTESIAN_POINT ('', (142.864999999998, 138.799999999968, -3.39019925136189));
#1089 = CARTESIAN_POINT ('', (145.984999999998, 136.999999999968, -2.07019925136187));
#1090 = CARTESIAN_POINT ('', (145.984999999998, 138.827653685364, -2.07019925136187));
#1091 = CARTESIAN_POINT ('', (144.692653685394, 140.119999999968, -2.07019925136187));
#1092 = CARTESIAN_POINT ('', (142.864999999998, 140.119999999968, -2.07019925136187));
#1093 = (
   BOUNDED_SURFACE ()
   B_SPLINE_SURFACE (1, 3, ((#1085, #1086, #1087, #1088), (#1089, #1090, #1091, #1092)), .UNSPECIFIED., .F., .F., .U.)
   B_SPLINE_SURFACE_WITH_KNOTS ((2, 2), (4, 4), (0., 1.), (0., 1.), .UNSPECIFIED.)
   GEOMETRIC_REPRESENTATION_ITEM ()
   RATIONAL_B_SPLINE_SURFACE (((1., 0.804737854124365, 0.804737854124365, 1.), (1., 0.804737854124365, 0.804737854124365, 1.)))
   REPRESENTATION_ITEM ('')
   SURFACE ()
);
#1094 = ADVANCED_FACE ('', (#1084), #1093, .T.);
#1095 = CARTESIAN_POINT ('', (144.664999999998, 34.1258608354281, -3.3901992513619));
#1096 = VERTEX_POINT ('', #1095);
#1097 = CARTESIAN_POINT ('', (144.664999999998, 136.999999999968, -3.3901992513619));
#1098 = CARTESIAN_POINT ('', (144.664999999998, 34.1258608354281, -3.3901992513619));
#1099 = B_SPLINE_CURVE_WITH_KNOTS ('', 1, (#1097, #1098), .UNSPECIFIED., .F., .U., (2, 2), (0., 1.), .UNSPECIFIED.);
#1100 = EDGE_CURVE ('', #1060, #1096, #1099, .T.);
#1101 = ORIENTED_EDGE ('', *, *, #1100, .F.);
#1102 = ORIENTED_EDGE ('', *, *, #1075, .T.);
#1103 = CARTESIAN_POINT ('', (1.005, 138.799999999968, -3.39019925136189));
#1104 = VERTEX_POINT ('', #1103);
#1105 = CARTESIAN_POINT ('', (142.864999999998, 138.799999999968, -3.39019925136189));
#1106 = CARTESIAN_POINT ('', (1.005, 138.799999999968, -3.39019925136189));
#1107 = B_SPLINE_CURVE_WITH_KNOTS ('', 1, (#1105, #1106), .UNSPECIFIED., .F., .U., (2, 2), (0., 1.), .UNSPECIFIED.);
#1108 = EDGE_CURVE ('', #1053, #1104, #1107, .T.);
#1109 = ORIENTED_EDGE ('', *, *, #1108, .T.);
#1110 = CARTESIAN_POINT ('', (-0.794999999999997, 136.999999999968, -3.39019925136189));
#1111 = VERTEX_POINT ('', #1110);
#1112 = CARTESIAN_POINT ('', (1.00500000000001, 138.799999999968, -3.39019925136189));
#1113 = CARTESIAN_POINT ('', (0.766305159144418, 138.799999999968, -3.39019925136189));
#1114 = CARTESIAN_POINT ('', (0.536695099725374, 138.754327719475, -3.39019925136189));
#1115 = CARTESIAN_POINT ('', (0.316169821742843, 138.662983158488, -3.39019925136189));
#1116 = CARTESIAN_POINT ('', (0.0956445437603125, 138.571638597502, -3.39019925136189));
#1117 = CARTESIAN_POINT ('', (-0.0990094655325507, 138.441574946707, -3.39019925136189));
#1118 = CARTESIAN_POINT ('', (-0.267792206135778, 138.272792206104, -3.39019925136189));
#1119 = CARTESIAN_POINT ('', (-0.436574946739006, 138.104009465501, -3.39019925136189));
#1120 = CARTESIAN_POINT ('', (-0.566638597533839, 137.909355456208, -3.39019925136189));
#1121 = CARTESIAN_POINT ('', (-0.657983158520309, 137.688830178225, -3.39019925136189));
#1122 = CARTESIAN_POINT ('', (-0.749327719506779, 137.468304900243, -3.39019925136189));
#1123 = CARTESIAN_POINT ('', (-0.795000000000014, 137.238694840824, -3.39019925136189));
#1124 = CARTESIAN_POINT ('', (-0.795000000000014, 136.999999999968, -3.39019925136189));
#1125 = B_SPLINE_CURVE_WITH_KNOTS ('', 3, (#1112, #1113, #1114, #1115, #1116, #1117, #1118, #1119, #1120, #1121, #1122, #1123, #1124), .UNSPECIFIED., .F., .U., (4, 3, 3, 3, 4), (0., 0.25, 0.5, 0.75, 1.), .UNSPECIFIED.);
#1126 = EDGE_CURVE ('', #1104, #1111, #1125, .T.);
#1127 = ORIENTED_EDGE ('', *, *, #1126, .T.);
#1128 = CARTESIAN_POINT ('', (-0.795000000000016, 0.96378592044951, -3.39019925136189));
#1129 = VERTEX_POINT ('', #1128);
#1130 = CARTESIAN_POINT ('', (-0.795000000000016, 136.999999999968, -3.39019925136189));
#1131 = CARTESIAN_POINT ('', (-0.795000000000016, 0.96378592044951, -3.39019925136189));
#1132 = B_SPLINE_CURVE_WITH_KNOTS ('', 1, (#1130, #1131), .UNSPECIFIED., .F., .U., (2, 2), (0., 1.), .UNSPECIFIED.);
#1133 = EDGE_CURVE ('', #1111, #1129, #1132, .T.);
#1134 = ORIENTED_EDGE ('', *, *, #1133, .T.);
#1135 = CARTESIAN_POINT ('', (1.005, -0.836214079550467, -3.3901992513619));
#1136 = VERTEX_POINT ('', #1135);
#1137 = CARTESIAN_POINT ('', (-0.795000000000014, 0.963785920449538, -3.39019925136189));
#1138 = CARTESIAN_POINT ('', (-0.795000000000014, 0.72509107959395, -3.39019925136189));
#1139 = CARTESIAN_POINT ('', (-0.749327719506774, 0.495481020174872, -3.39019925136189));
#1140 = CARTESIAN_POINT ('', (-0.657983158520325, 0.274955742192368, -3.39019925136189));
#1141 = CARTESIAN_POINT ('', (-0.566638597533876, 0.0544304642098643, -3.39019925136189));
#1142 = CARTESIAN_POINT ('', (-0.436574946739022, -0.140223545083016, -3.39019925136189));
#1143 = CARTESIAN_POINT ('', (-0.267792206135794, -0.309006285686242, -3.39019925136189));
#1144 = CARTESIAN_POINT ('', (-0.0990094655325669, -0.477789026289468, -3.39019925136189));
#1145 = CARTESIAN_POINT ('', (0.0956445437603126, -0.60785267708431, -3.39019925136189));
#1146 = CARTESIAN_POINT ('', (0.316169821742843, -0.69919723807077, -3.39019925136189));
#1147 = CARTESIAN_POINT ('', (0.536695099725374, -0.790541799057229, -3.39019925136189));
#1148 = CARTESIAN_POINT ('', (0.766305159144429, -0.836214079550459, -3.39019925136189));
#1149 = CARTESIAN_POINT ('', (1.00500000000001, -0.836214079550459, -3.39019925136189));
#1150 = B_SPLINE_CURVE_WITH_KNOTS ('', 3, (#1137, #1138, #1139, #1140, #1141, #1142, #1143, #1144, #1145, #1146, #1147, #1148, #1149), .UNSPECIFIED., .F., .U., (4, 3, 3, 3, 4), (0., 0.25, 0.5, 0.75, 1.), .UNSPECIFIED.);
#1151 = EDGE_CURVE ('', #1129, #1136, #1150, .T.);
#1152 = ORIENTED_EDGE ('', *, *, #1151, .T.);
#1153 = CARTESIAN_POINT ('', (16.9216057256058, -0.836214079550473, -3.39019925136189));
#1154 = VERTEX_POINT ('', #1153);
#1155 = CARTESIAN_POINT ('', (16.9216057256058, -0.83621407955043, -3.3901992513619));
#1156 = CARTESIAN_POINT ('', (1.005, -0.836214079550467, -3.3901992513619));
#1157 = B_SPLINE_CURVE_WITH_KNOTS ('', 1, (#1155, #1156), .UNSPECIFIED., .F., .U., (2, 2), (0., 1.), .UNSPECIFIED.);
#1158 = EDGE_CURVE ('', #1154, #1136, #1157, .T.);
#1159 = ORIENTED_EDGE ('', *, *, #1158, .F.);
#1160 = CARTESIAN_POINT ('', (17.3799402396163, -0.776883339710607, -3.3901992513619));
#1161 = VERTEX_POINT ('', #1160);
#1162 = CARTESIAN_POINT ('', (17.3799402396163, -0.776883339710607, -3.39019925136189));
#1163 = CARTESIAN_POINT ('', (17.2301387916639, -0.816327463540926, -3.39019925136189));
#1164 = CARTESIAN_POINT ('', (17.0765131583306, -0.836214079550426, -3.39019925136189));
#1165 = CARTESIAN_POINT ('', (16.9216057256058, -0.836214079550426, -3.39019925136189));
#1166 = (
   BOUNDED_CURVE ()
   B_SPLINE_CURVE (3, (#1162, #1163, #1164, #1165), .UNSPECIFIED., .F., .U.)
   B_SPLINE_CURVE_WITH_KNOTS ((4, 4), (0., 1.), .UNSPECIFIED.)
   CURVE ()
   GEOMETRIC_REPRESENTATION_ITEM ()
   RATIONAL_B_SPLINE_CURVE ((1., 0.994483589892434, 0.994483589892434, 1.))
   REPRESENTATION_ITEM ('')
);
#1167 = EDGE_CURVE ('', #1161, #1154, #1166, .T.);
#1168 = ORIENTED_EDGE ('', *, *, #1167, .F.);
#1169 = CARTESIAN_POINT ('', (143.323334514009, 32.385191575268, -3.3901992513619));
#1170 = VERTEX_POINT ('', #1169);
#1171 = CARTESIAN_POINT ('', (143.323334514009, 32.385191575268, -3.3901992513619));
#1172 = CARTESIAN_POINT ('', (17.3799402396163, -0.776883339710608, -3.3901992513619));
#1173 = B_SPLINE_CURVE_WITH_KNOTS ('', 1, (#1171, #1172), .UNSPECIFIED., .F., .U., (2, 2), (0., 1.), .UNSPECIFIED.);
#1174 = EDGE_CURVE ('', #1170, #1161, #1173, .T.);
#1175 = ORIENTED_EDGE ('', *, *, #1174, .F.);
#1176 = CARTESIAN_POINT ('', (143.323334514009, 32.385191575268, -3.39019925136189));
#1177 = CARTESIAN_POINT ('', (143.515570821651, 32.4358091949705, -3.39019925136189));
#1178 = CARTESIAN_POINT ('', (143.694511409291, 32.5160696181416, -3.39019925136189));
#1179 = CARTESIAN_POINT ('', (143.860156276928, 32.6259728447815, -3.39019925136189));
#1180 = CARTESIAN_POINT ('', (144.025801144565, 32.7358760714214, -3.39019925136189));
#1181 = CARTESIAN_POINT ('', (144.169301757459, 32.8695512132077, -3.39019925136189));
#1182 = CARTESIAN_POINT ('', (144.29065811561, 33.0269982701406, -3.39019925136189));
#1183 = CARTESIAN_POINT ('', (144.41201447376, 33.1844453270735, -3.39019925136189));
#1184 = CARTESIAN_POINT ('', (144.504743877362, 33.3572536808648, -3.39019925136189));
#1185 = CARTESIAN_POINT ('', (144.568846326417, 33.5454233315146, -3.39019925136189));
#1186 = CARTESIAN_POINT ('', (144.632948775471, 33.7335929821644, -3.39019925136189));
#1187 = CARTESIAN_POINT ('', (144.664999999998, 33.9270721501356, -3.39019925136189));
#1188 = CARTESIAN_POINT ('', (144.664999999998, 34.1258608354282, -3.39019925136189));
#1189 = B_SPLINE_CURVE_WITH_KNOTS ('', 3, (#1176, #1177, #1178, #1179, #1180, #1181, #1182, #1183, #1184, #1185, #1186, #1187, #1188), .UNSPECIFIED., .F., .U., (4, 3, 3, 3, 4), (0., 0.25, 0.5, 0.75, 1.), .UNSPECIFIED.);
#1190 = EDGE_CURVE ('', #1170, #1096, #1189, .T.);
#1191 = ORIENTED_EDGE ('', *, *, #1190, .T.);
#1192 = EDGE_LOOP ('', (#1101, #1102, #1109, #1127, #1134, #1152, #1159, #1168, #1175, #1191));
#1193 = FACE_OUTER_BOUND ('', #1192, .T.);
#1194 = CARTESIAN_POINT ('', (144.664999999998, 138.799999999968, -3.39019925136189));
#1195 = CARTESIAN_POINT ('', (144.664999999998, -0.836214079550459, -3.39019925136189));
#1196 = CARTESIAN_POINT ('', (-0.795000000000014, 138.799999999968, -3.39019925136189));
#1197 = CARTESIAN_POINT ('', (-0.795000000000014, -0.836214079550459, -3.39019925136189));
#1198 = B_SPLINE_SURFACE_WITH_KNOTS ('', 1, 1, ((#1194, #1195), (#1196, #1197)), .UNSPECIFIED., .F., .F., .U., (2, 2), (2, 2), (0., 1.), (0., 1.), .UNSPECIFIED.);
#1199 = ADVANCED_FACE ('', (#1193), #1198, .T.);
#1200 = CARTESIAN_POINT ('', (1.005, 138.799999999968, -3.39019925136189));
#1201 = CARTESIAN_POINT ('', (1.005, 139.999999999968, -2.19019925136188));
#1202 = B_SPLINE_CURVE_WITH_KNOTS ('', 1, (#1200, #1201), .UNSPECIFIED., .F., .U., (2, 2), (0., 1.), .UNSPECIFIED.);
#1203 = EDGE_CURVE ('', #1104, #494, #1202, .T.);
#1204 = ORIENTED_EDGE ('', *, *, #1203, .F.);
#1205 = ORIENTED_EDGE ('', *, *, #1108, .F.);
#1206 = ORIENTED_EDGE ('', *, *, #1057, .F.);
#1207 = ORIENTED_EDGE ('', *, *, #503, .F.);
#1208 = EDGE_LOOP ('', (#1204, #1205, #1206, #1207));
#1209 = FACE_OUTER_BOUND ('', #1208, .T.);
#1210 = CARTESIAN_POINT ('', (142.864999999998, 139.999999999968, -2.19019925136188));
#1211 = CARTESIAN_POINT ('', (142.864999999998, 138.799999999968, -3.39019925136189));
#1212 = CARTESIAN_POINT ('', (1.005, 139.999999999968, -2.19019925136188));
#1213 = CARTESIAN_POINT ('', (1.005, 138.799999999968, -3.39019925136189));
#1214 = B_SPLINE_SURFACE_WITH_KNOTS ('', 1, 1, ((#1210, #1211), (#1212, #1213)), .UNSPECIFIED., .F., .F., .U., (2, 2), (2, 2), (0., 1.), (0., 1.), .UNSPECIFIED.);
#1215 = ADVANCED_FACE ('', (#1209), #1214, .T.);
#1216 = CARTESIAN_POINT ('', (-1.99499999999999, 136.999999999968, -2.1901992513619));
#1217 = VERTEX_POINT ('', #1216);
#1218 = CARTESIAN_POINT ('', (-1.99499999999999, 136.999999999968, -2.1901992513619));
#1219 = CARTESIAN_POINT ('', (-0.794999999999997, 136.999999999968, -3.39019925136189));
#1220 = B_SPLINE_CURVE_WITH_KNOTS ('', 1, (#1218, #1219), .UNSPECIFIED., .F., .U., (2, 2), (0., 1.), .UNSPECIFIED.);
#1221 = EDGE_CURVE ('', #1217, #1111, #1220, .T.);
#1222 = ORIENTED_EDGE ('', *, *, #1221, .T.);
#1223 = ORIENTED_EDGE ('', *, *, #1126, .F.);
#1224 = ORIENTED_EDGE ('', *, *, #1203, .T.);
#1225 = CARTESIAN_POINT ('', (1.005, 139.999999999968, -2.19019925136188));
#1226 = CARTESIAN_POINT ('', (-0.75235931288072, 139.999999999968, -2.19019925136188));
#1227 = CARTESIAN_POINT ('', (-1.99500000000001, 138.757359312849, -2.19019925136188));
#1228 = CARTESIAN_POINT ('', (-1.99500000000001, 136.999999999968, -2.19019925136188));
#1229 = (
   BOUNDED_CURVE ()
   B_SPLINE_CURVE (3, (#1225, #1226, #1227, #1228), .UNSPECIFIED., .F., .U.)
   B_SPLINE_CURVE_WITH_KNOTS ((4, 4), (0., 1.), .UNSPECIFIED.)
   CURVE ()
   GEOMETRIC_REPRESENTATION_ITEM ()
   RATIONAL_B_SPLINE_CURVE ((1., 0.804737854124365, 0.804737854124365, 1.))
   REPRESENTATION_ITEM ('')
);
#1230 = EDGE_CURVE ('', #494, #1217, #1229, .T.);
#1231 = ORIENTED_EDGE ('', *, *, #1230, .T.);
#1232 = EDGE_LOOP ('', (#1222, #1223, #1224, #1231));
#1233 = FACE_OUTER_BOUND ('', #1232, .T.);
#1234 = CARTESIAN_POINT ('', (1.005, 138.799999999968, -3.39019925136189));
#1235 = CARTESIAN_POINT ('', (-0.0494155877284274, 138.799999999968, -3.39019925136189));
#1236 = CARTESIAN_POINT ('', (-0.794999999999997, 138.054415587697, -3.39019925136189));
#1237 = CARTESIAN_POINT ('', (-0.794999999999997, 136.999999999968, -3.39019925136189));
#1238 = CARTESIAN_POINT ('', (1.005, 140.119999999968, -2.07019925136188));
#1239 = CARTESIAN_POINT ('', (-0.822653685395953, 140.119999999968, -2.07019925136188));
#1240 = CARTESIAN_POINT ('', (-2.11500000000002, 138.827653685364, -2.07019925136188));
#1241 = CARTESIAN_POINT ('', (-2.11500000000002, 136.999999999968, -2.07019925136188));
#1242 = (
   BOUNDED_SURFACE ()
   B_SPLINE_SURFACE (1, 3, ((#1234, #1235, #1236, #1237), (#1238, #1239, #1240, #1241)), .UNSPECIFIED., .F., .F., .U.)
   B_SPLINE_SURFACE_WITH_KNOTS ((2, 2), (4, 4), (0., 1.), (0., 1.), .UNSPECIFIED.)
   GEOMETRIC_REPRESENTATION_ITEM ()
   RATIONAL_B_SPLINE_SURFACE (((1., 0.804737854124365, 0.804737854124365, 1.), (1., 0.804737854124365, 0.804737854124365, 1.)))
   REPRESENTATION_ITEM ('')
   SURFACE ()
);
#1243 = ADVANCED_FACE ('', (#1233), #1242, .T.);
#1244 = ORIENTED_EDGE ('', *, *, #498, .T.);
#1245 = CARTESIAN_POINT ('', (-1.995, 136.999999999968, 4.52942497472077));
#1246 = VERTEX_POINT ('', #1245);
#1247 = CARTESIAN_POINT ('', (-1.99499999999991, 136.999999999968, 4.52942497472077));
#1248 = CARTESIAN_POINT ('', (-1.99499999999991, 137.397824734727, 4.52942497472077));
#1249 = CARTESIAN_POINT ('', (-1.9188795325112, 137.780508167092, 4.52942497472077));
#1250 = CARTESIAN_POINT ('', (-1.76663859753377, 138.148050297063, 4.52942497472077));
#1251 = CARTESIAN_POINT ('', (-1.61439766255634, 138.515592427034, 4.52942497472077));
#1252 = CARTESIAN_POINT ('', (-1.3976249112316, 138.840015775856, 4.52942497472077));
#1253 = CARTESIAN_POINT ('', (-1.11632034355956, 139.121320343528, 4.52942497472077));
#1254 = CARTESIAN_POINT ('', (-0.835015775887514, 139.4026249112, 4.52942497472077));
#1255 = CARTESIAN_POINT ('', (-0.510592427066068, 139.619397662524, 4.52942497472077));
#1256 = CARTESIAN_POINT ('', (-0.143050297095193, 139.771638597502, 4.52942497472077));
#1257 = CARTESIAN_POINT ('', (0.224491832875683, 139.923879532479, 4.52942497472077));
#1258 = CARTESIAN_POINT ('', (0.60717526524077, 139.999999999968, 4.52942497472077));
#1259 = CARTESIAN_POINT ('', (1.00500000000007, 139.999999999968, 4.52942497472077));
#1260 = B_SPLINE_CURVE_WITH_KNOTS ('', 3, (#1247, #1248, #1249, #1250, #1251, #1252, #1253, #1254, #1255, #1256, #1257, #1258, #1259), .UNSPECIFIED., .F., .U., (4, 3, 3, 3, 4), (0., 0.25, 0.5, 0.75, 1.), .UNSPECIFIED.);
#1261 = EDGE_CURVE ('', #1246, #487, #1260, .T.);
#1262 = ORIENTED_EDGE ('', *, *, #1261, .F.);
#1263 = CARTESIAN_POINT ('', (-1.995, 136.999999999968, 4.52942497472077));
#1264 = CARTESIAN_POINT ('', (-1.995, 136.999999999968, -2.19019925136189));
#1265 = B_SPLINE_CURVE_WITH_KNOTS ('', 1, (#1263, #1264), .UNSPECIFIED., .F., .U., (2, 2), (0., 1.), .UNSPECIFIED.);
#1266 = EDGE_CURVE ('', #1246, #1217, #1265, .T.);
#1267 = ORIENTED_EDGE ('', *, *, #1266, .T.);
#1268 = ORIENTED_EDGE ('', *, *, #1230, .F.);
#1269 = EDGE_LOOP ('', (#1244, #1262, #1267, #1268));
#1270 = FACE_OUTER_BOUND ('', #1269, .T.);
#1271 = CARTESIAN_POINT ('', (1.005, 139.999999999968, 5.20138739732904));
#1272 = CARTESIAN_POINT ('', (1.005, 139.999999999968, -2.86216167397015));
#1273 = CARTESIAN_POINT ('', (-0.752359312880717, 139.999999999968, 5.20138739732904));
#1274 = CARTESIAN_POINT ('', (-0.752359312880717, 139.999999999968, -2.86216167397015));
#1275 = CARTESIAN_POINT ('', (-1.995, 138.757359312849, 5.20138739732904));
#1276 = CARTESIAN_POINT ('', (-1.995, 138.757359312849, -2.86216167397015));
#1277 = CARTESIAN_POINT ('', (-1.995, 136.999999999968, 5.20138739732904));
#1278 = CARTESIAN_POINT ('', (-1.995, 136.999999999968, -2.86216167397015));
#1279 = (
   BOUNDED_SURFACE ()
   B_SPLINE_SURFACE (3, 1, ((#1271, #1272), (#1273, #1274), (#1275, #1276), (#1277, #1278)), .UNSPECIFIED., .F., .F., .U.)
   B_SPLINE_SURFACE_WITH_KNOTS ((4, 4), (2, 2), (0., 1.), (0., 1.), .UNSPECIFIED.)
   GEOMETRIC_REPRESENTATION_ITEM ()
   RATIONAL_B_SPLINE_SURFACE (((1., 1.), (0.804737854124365, 0.804737854124365), (0.804737854124365, 0.804737854124365), (1., 1.)))
   REPRESENTATION_ITEM ('')
   SURFACE ()
);
#1280 = ADVANCED_FACE ('', (#1270), #1279, .T.);
#1281 = CARTESIAN_POINT ('', (-6.49499999999993, 45.4999999999712, 4.52942497472077));
#1282 = VERTEX_POINT ('', #1281);
#1283 = CARTESIAN_POINT ('', (-6.49499999999997, 141.499999999968, 4.52942497472077));
#1284 = VERTEX_POINT ('', #1283);
#1285 = CARTESIAN_POINT ('', (-6.49499999999993, 45.4999999999712, 4.52942497472077));
#1286 = CARTESIAN_POINT ('', (-6.49499999999997, 141.499999999968, 4.52942497472077));
#1287 = B_SPLINE_CURVE_WITH_KNOTS ('', 1, (#1285, #1286), .UNSPECIFIED., .F., .U., (2, 2), (0., 1.), .UNSPECIFIED.);
#1288 = EDGE_CURVE ('', #1282, #1284, #1287, .T.);
#1289 = ORIENTED_EDGE ('', *, *, #1288, .F.);
#1290 = CARTESIAN_POINT ('', (-5.49499999999991, 44.4999999999712, 4.52942497472077));
#1291 = VERTEX_POINT ('', #1290);
#1292 = CARTESIAN_POINT ('', (-6.49499999999994, 45.4999999999712, 4.52942497472077));
#1293 = CARTESIAN_POINT ('', (-6.49499999999994, 45.3673917550515, 4.52942497472077));
#1294 = CARTESIAN_POINT ('', (-6.469626510837, 45.2398306109297, 4.52942497472077));
#1295 = CARTESIAN_POINT ('', (-6.41887953251119, 45.1173165676061, 4.52942497472077));
#1296 = CARTESIAN_POINT ('', (-6.36813255418539, 44.9948025242825, 4.52942497472077));
#1297 = CARTESIAN_POINT ('', (-6.29587497041048, 44.8866614080087, 4.52942497472077));
#1298 = CARTESIAN_POINT ('', (-6.20210678118645, 44.7928932187847, 4.52942497472077));
#1299 = CARTESIAN_POINT ('', (-6.10833859196242, 44.6991250295607, 4.52942497472077));
#1300 = CARTESIAN_POINT ('', (-6.00019747568864, 44.6268674457858, 4.52942497472077));
#1301 = CARTESIAN_POINT ('', (-5.877683432365, 44.5761204674599, 4.52942497472077));
#1302 = CARTESIAN_POINT ('', (-5.75516938904136, 44.5253734891341, 4.52942497472077));
#1303 = CARTESIAN_POINT ('', (-5.62760824491966, 44.4999999999712, 4.52942497472077));
#1304 = CARTESIAN_POINT ('', (-5.49499999999991, 44.4999999999712, 4.52942497472077));
#1305 = B_SPLINE_CURVE_WITH_KNOTS ('', 3, (#1292, #1293, #1294, #1295, #1296, #1297, #1298, #1299, #1300, #1301, #1302, #1303, #1304), .UNSPECIFIED., .F., .U., (4, 3, 3, 3, 4), (0., 0.25, 0.5, 0.75, 1.), .UNSPECIFIED.);
#1306 = EDGE_CURVE ('', #1282, #1291, #1305, .T.);
#1307 = ORIENTED_EDGE ('', *, *, #1306, .T.);
#1308 = CARTESIAN_POINT ('', (-2.99499999999987, 44.4999999999712, 4.52942497472077));
#1309 = VERTEX_POINT ('', #1308);
#1310 = CARTESIAN_POINT ('', (-5.49499999999991, 44.4999999999712, 4.52942497472077));
#1311 = CARTESIAN_POINT ('', (-2.99499999999987, 44.4999999999712, 4.52942497472077));
#1312 = B_SPLINE_CURVE_WITH_KNOTS ('', 1, (#1310, #1311), .UNSPECIFIED., .F., .U., (2, 2), (0., 1.), .UNSPECIFIED.);
#1313 = EDGE_CURVE ('', #1291, #1309, #1312, .T.);
#1314 = ORIENTED_EDGE ('', *, *, #1313, .T.);
#1315 = CARTESIAN_POINT ('', (-1.99499999999998, 45.4999999999712, 4.52942497472077));
#1316 = VERTEX_POINT ('', #1315);
#1317 = CARTESIAN_POINT ('', (-2.99499999999987, 44.4999999999712, 4.52942497472077));
#1318 = CARTESIAN_POINT ('', (-2.8623917550801, 44.4999999999712, 4.52942497472077));
#1319 = CARTESIAN_POINT ('', (-2.73483061095839, 44.5253734891341, 4.52942497472077));
#1320 = CARTESIAN_POINT ('', (-2.61231656763478, 44.5761204674599, 4.52942497472077));
#1321 = CARTESIAN_POINT ('', (-2.48980252431117, 44.6268674457857, 4.52942497472077));
#1322 = CARTESIAN_POINT ('', (-2.38166140803734, 44.6991250295607, 4.52942497472077));
#1323 = CARTESIAN_POINT ('', (-2.28789321881332, 44.7928932187847, 4.52942497472077));
#1324 = CARTESIAN_POINT ('', (-2.1941250295893, 44.8866614080087, 4.52942497472077));
#1325 = CARTESIAN_POINT ('', (-2.12186744581439, 44.9948025242825, 4.52942497472077));
#1326 = CARTESIAN_POINT ('', (-2.07112046748858, 45.1173165676061, 4.52942497472077));
#1327 = CARTESIAN_POINT ('', (-2.02037348916277, 45.2398306109298, 4.52942497472077));
#1328 = CARTESIAN_POINT ('', (-1.99499999999987, 45.3673917550515, 4.52942497472077));
#1329 = CARTESIAN_POINT ('', (-1.99499999999987, 45.4999999999712, 4.52942497472077));
#1330 = B_SPLINE_CURVE_WITH_KNOTS ('', 3, (#1317, #1318, #1319, #1320, #1321, #1322, #1323, #1324, #1325, #1326, #1327, #1328, #1329), .UNSPECIFIED., .F., .U., (4, 3, 3, 3, 4), (0., 0.25, 0.5, 0.75, 1.), .UNSPECIFIED.);
#1331 = EDGE_CURVE ('', #1309, #1316, #1330, .T.);
#1332 = ORIENTED_EDGE ('', *, *, #1331, .T.);
#1333 = CARTESIAN_POINT ('', (-1.99499999999998, 136.999999999968, 4.52942497472077));
#1334 = CARTESIAN_POINT ('', (-1.99499999999998, 45.4999999999712, 4.52942497472077));
#1335 = B_SPLINE_CURVE_WITH_KNOTS ('', 1, (#1333, #1334), .UNSPECIFIED., .F., .U., (2, 2), (0., 1.), .UNSPECIFIED.);
#1336 = EDGE_CURVE ('', #1246, #1316, #1335, .T.);
#1337 = ORIENTED_EDGE ('', *, *, #1336, .F.);
#1338 = ORIENTED_EDGE ('', *, *, #1261, .T.);
#1339 = ORIENTED_EDGE ('', *, *, #491, .T.);
#1340 = CARTESIAN_POINT ('', (3.77170793699557, 140.999999999968, 4.52942497472077));
#1341 = VERTEX_POINT ('', #1340);
#1342 = CARTESIAN_POINT ('', (2.77170793699565, 139.999999999968, 4.52942497472077));
#1343 = CARTESIAN_POINT ('', (2.9043161819154, 139.999999999968, 4.52942497472077));
#1344 = CARTESIAN_POINT ('', (3.03187732603712, 140.025373489131, 4.52942497472077));
#1345 = CARTESIAN_POINT ('', (3.15439136936073, 140.076120467457, 4.52942497472077));
#1346 = CARTESIAN_POINT ('', (3.27690541268433, 140.126867445783, 4.52942497472077));
#1347 = CARTESIAN_POINT ('', (3.38504652895816, 140.199125029558, 4.52942497472077));
#1348 = CARTESIAN_POINT ('', (3.47881471818218, 140.292893218782, 4.52942497472077));
#1349 = CARTESIAN_POINT ('', (3.57258290740619, 140.386661408006, 4.52942497472077));
#1350 = CARTESIAN_POINT ('', (3.64484049118108, 140.494802524279, 4.52942497472077));
#1351 = CARTESIAN_POINT ('', (3.69558746950691, 140.617316567603, 4.52942497472077));
#1352 = CARTESIAN_POINT ('', (3.74633444783273, 140.739830610927, 4.52942497472077));
#1353 = CARTESIAN_POINT ('', (3.77170793699564, 140.867391755048, 4.52942497472077));
#1354 = CARTESIAN_POINT ('', (3.77170793699564, 140.999999999968, 4.52942497472077));
#1355 = B_SPLINE_CURVE_WITH_KNOTS ('', 3, (#1342, #1343, #1344, #1345, #1346, #1347, #1348, #1349, #1350, #1351, #1352, #1353, #1354), .UNSPECIFIED., .F., .U., (4, 3, 3, 3, 4), (0., 0.25, 0.5, 0.75, 1.), .UNSPECIFIED.);
#1356 = EDGE_CURVE ('', #480, #1341, #1355, .T.);
#1357 = ORIENTED_EDGE ('', *, *, #1356, .T.);
#1358 = CARTESIAN_POINT ('', (3.77170793699564, 143.499999999968, 4.52942497472077));
#1359 = VERTEX_POINT ('', #1358);
#1360 = CARTESIAN_POINT ('', (3.77170793699564, 143.499999999968, 4.52942497472077));
#1361 = CARTESIAN_POINT ('', (3.77170793699557, 140.999999999968, 4.52942497472077));
#1362 = B_SPLINE_CURVE_WITH_KNOTS ('', 1, (#1360, #1361), .UNSPECIFIED., .F., .U., (2, 2), (0., 1.), .UNSPECIFIED.);
#1363 = EDGE_CURVE ('', #1359, #1341, #1362, .T.);
#1364 = ORIENTED_EDGE ('', *, *, #1363, .F.);
#1365 = CARTESIAN_POINT ('', (2.77170793699561, 144.499999999968, 4.52942497472077));
#1366 = VERTEX_POINT ('', #1365);
#1367 = CARTESIAN_POINT ('', (3.77170793699564, 143.499999999968, 4.52942497472077));
#1368 = CARTESIAN_POINT ('', (3.77170793699564, 143.632608244888, 4.52942497472077));
#1369 = CARTESIAN_POINT ('', (3.74633444783274, 143.76016938901, 4.52942497472077));
#1370 = CARTESIAN_POINT ('', (3.69558746950693, 143.882683432333, 4.52942497472077));
#1371 = CARTESIAN_POINT ('', (3.64484049118111, 144.005197475657, 4.52942497472077));
#1372 = CARTESIAN_POINT ('', (3.5725829074062, 144.113338591931, 4.52942497472077));
#1373 = CARTESIAN_POINT ('', (3.47881471818218, 144.207106781155, 4.52942497472077));
#1374 = CARTESIAN_POINT ('', (3.38504652895816, 144.300874970379, 4.52942497472077));
#1375 = CARTESIAN_POINT ('', (3.27690541268442, 144.373132554154, 4.52942497472077));
#1376 = CARTESIAN_POINT ('', (3.15439136936071, 144.423879532479, 4.52942497472077));
#1377 = CARTESIAN_POINT ('', (3.031877326037, 144.474626510805, 4.52942497472077));
#1378 = CARTESIAN_POINT ('', (2.9043161819153, 144.499999999968, 4.52942497472077));
#1379 = CARTESIAN_POINT ('', (2.77170793699561, 144.499999999968, 4.52942497472077));
#1380 = B_SPLINE_CURVE_WITH_KNOTS ('', 3, (#1367, #1368, #1369, #1370, #1371, #1372, #1373, #1374, #1375, #1376, #1377, #1378, #1379), .UNSPECIFIED., .F., .U., (4, 3, 3, 3, 4), (0., 0.25, 0.5, 0.75, 1.), .UNSPECIFIED.);
#1381 = EDGE_CURVE ('', #1359, #1366, #1380, .T.);
#1382 = ORIENTED_EDGE ('', *, *, #1381, .T.);
#1383 = CARTESIAN_POINT ('', (-3.49499999999989, 144.499999999968, 4.52942497472077));
#1384 = VERTEX_POINT ('', #1383);
#1385 = CARTESIAN_POINT ('', (-3.49499999999989, 144.499999999968, 4.52942497472077));
#1386 = CARTESIAN_POINT ('', (2.77170793699561, 144.499999999968, 4.52942497472077));
#1387 = B_SPLINE_CURVE_WITH_KNOTS ('', 1, (#1385, #1386), .UNSPECIFIED., .F., .U., (2, 2), (0., 1.), .UNSPECIFIED.);
#1388 = EDGE_CURVE ('', #1384, #1366, #1387, .T.);
#1389 = ORIENTED_EDGE ('', *, *, #1388, .F.);
#1390 = CARTESIAN_POINT ('', (-3.49499999999989, 144.499999999968, 4.52942497472077));
#1391 = CARTESIAN_POINT ('', (-3.89282473475924, 144.499999999968, 4.52942497472077));
#1392 = CARTESIAN_POINT ('', (-4.27550816712432, 144.423879532479, 4.52942497472077));
#1393 = CARTESIAN_POINT ('', (-4.64305029709517, 144.271638597502, 4.52942497472077));
#1394 = CARTESIAN_POINT ('', (-5.01059242706602, 144.119397662525, 4.52942497472077));
#1395 = CARTESIAN_POINT ('', (-5.3350157758875, 143.9026249112, 4.52942497472077));
#1396 = CARTESIAN_POINT ('', (-5.61632034355956, 143.621320343528, 4.52942497472077));
#1397 = CARTESIAN_POINT ('', (-5.89762491123162, 143.340015775856, 4.52942497472077));
#1398 = CARTESIAN_POINT ('', (-6.11439766255636, 143.015592427034, 4.52942497472077));
#1399 = CARTESIAN_POINT ('', (-6.26663859753379, 142.648050297063, 4.52942497472077));
#1400 = CARTESIAN_POINT ('', (-6.41887953251122, 142.280508167093, 4.52942497472077));
#1401 = CARTESIAN_POINT ('', (-6.49499999999994, 141.897824734727, 4.52942497472077));
#1402 = CARTESIAN_POINT ('', (-6.49499999999994, 141.499999999968, 4.52942497472077));
#1403 = B_SPLINE_CURVE_WITH_KNOTS ('', 3, (#1390, #1391, #1392, #1393, #1394, #1395, #1396, #1397, #1398, #1399, #1400, #1401, #1402), .UNSPECIFIED., .F., .U., (4, 3, 3, 3, 4), (0., 0.25, 0.5, 0.75, 1.), .UNSPECIFIED.);
#1404 = EDGE_CURVE ('', #1384, #1284, #1403, .T.);
#1405 = ORIENTED_EDGE ('', *, *, #1404, .T.);
#1406 = EDGE_LOOP ('', (#1289, #1307, #1314, #1332, #1337, #1338, #1339, #1357, #1364, #1382, #1389, #1405));
#1407 = FACE_OUTER_BOUND ('', #1406, .T.);
#1408 = CARTESIAN_POINT ('', (-3.19500000000074, 47.4999999999712, 4.52942497472077));
#1409 = VERTEX_POINT ('', #1408);
#1410 = CARTESIAN_POINT ('', (-3.19500000000074, 47.4999999999712, 4.52942497472077));
#1411 = CARTESIAN_POINT ('', (-3.19500000000074, 47.3607613428055, 4.52942497472077));
#1412 = CARTESIAN_POINT ('', (-3.2216421636218, 47.2268221414777, 4.52942497472077));
#1413 = CARTESIAN_POINT ('', (-3.27492649086389, 47.0981823959879, 4.52942497472077));
#1414 = CARTESIAN_POINT ('', (-3.32821081810599, 46.9695426504981, 4.52942497472077));
#1415 = CARTESIAN_POINT ('', (-3.40408128106964, 46.8559944784106, 4.52942497472077));
#1416 = CARTESIAN_POINT ('', (-3.50253787975487, 46.7575378797253, 4.52942497472077));
#1417 = CARTESIAN_POINT ('', (-3.6009944784401, 46.6590812810401, 4.52942497472077));
#1418 = CARTESIAN_POINT ('', (-3.7145426505276, 46.5832108180765, 4.52942497472077));
#1419 = CARTESIAN_POINT ('', (-3.8431823960174, 46.5299264908344, 4.52942497472077));
#1420 = CARTESIAN_POINT ('', (-3.97182214150719, 46.4766421635923, 4.52942497472077));
#1421 = CARTESIAN_POINT ('', (-4.10576134283497, 46.4499999999712, 4.52942497472077));
#1422 = CARTESIAN_POINT ('', (-4.24500000000074, 46.4499999999712, 4.52942497472077));
#1423 = CARTESIAN_POINT ('', (-4.38423865716651, 46.4499999999712, 4.52942497472077));
#1424 = CARTESIAN_POINT ('', (-4.51817785849429, 46.4766421635923, 4.52942497472077));
#1425 = CARTESIAN_POINT ('', (-4.64681760398409, 46.5299264908344, 4.52942497472077));
#1426 = CARTESIAN_POINT ('', (-4.77545734947388, 46.5832108180765, 4.52942497472077));
#1427 = CARTESIAN_POINT ('', (-4.8890055215614, 46.6590812810401, 4.52942497472077));
#1428 = CARTESIAN_POINT ('', (-4.98746212024662, 46.7575378797254, 4.52942497472077));
#1429 = CARTESIAN_POINT ('', (-5.08591871893184, 46.8559944784106, 4.52942497472077));
#1430 = CARTESIAN_POINT ('', (-5.16178918189549, 46.9695426504981, 4.52942497472077));
#1431 = CARTESIAN_POINT ('', (-5.21507350913759, 47.0981823959879, 4.52942497472077));
#1432 = CARTESIAN_POINT ('', (-5.26835783637969, 47.2268221414777, 4.52942497472077));
#1433 = CARTESIAN_POINT ('', (-5.29500000000074, 47.3607613428055, 4.52942497472077));
#1434 = CARTESIAN_POINT ('', (-5.29500000000074, 47.4999999999712, 4.52942497472077));
#1435 = CARTESIAN_POINT ('', (-5.29500000000074, 47.639238657137, 4.52942497472077));
#1436 = CARTESIAN_POINT ('', (-5.26835783637969, 47.7731778584647, 4.52942497472077));
#1437 = CARTESIAN_POINT ('', (-5.21507350913759, 47.9018176039545, 4.52942497472077));
#1438 = CARTESIAN_POINT ('', (-5.16178918189549, 48.0304573494444, 4.52942497472077));
#1439 = CARTESIAN_POINT ('', (-5.08591871893184, 48.1440055215319, 4.52942497472077));
#1440 = CARTESIAN_POINT ('', (-4.98746212024662, 48.2424621202171, 4.52942497472077));
#1441 = CARTESIAN_POINT ('', (-4.88900552156139, 48.3409187189023, 4.52942497472077));
#1442 = CARTESIAN_POINT ('', (-4.77545734947388, 48.416789181866, 4.52942497472077));
#1443 = CARTESIAN_POINT ('', (-4.64681760398409, 48.4700735091081, 4.52942497472077));
#1444 = CARTESIAN_POINT ('', (-4.51817785849429, 48.5233578363502, 4.52942497472077));
#1445 = CARTESIAN_POINT ('', (-4.38423865716651, 48.5499999999712, 4.52942497472077));
#1446 = CARTESIAN_POINT ('', (-4.24500000000074, 48.5499999999712, 4.52942497472077));
#1447 = CARTESIAN_POINT ('', (-4.10576134283497, 48.5499999999712, 4.52942497472077));
#1448 = CARTESIAN_POINT ('', (-3.97182214150719, 48.5233578363502, 4.52942497472077));
#1449 = CARTESIAN_POINT ('', (-3.8431823960174, 48.4700735091081, 4.52942497472077));
#1450 = CARTESIAN_POINT ('', (-3.71454265052761, 48.416789181866, 4.52942497472077));
#1451 = CARTESIAN_POINT ('', (-3.60099447844009, 48.3409187189023, 4.52942497472077));
#1452 = CARTESIAN_POINT ('', (-3.50253787975487, 48.2424621202171, 4.52942497472077));
#1453 = CARTESIAN_POINT ('', (-3.40408128106965, 48.1440055215319, 4.52942497472077));
#1454 = CARTESIAN_POINT ('', (-3.32821081810599, 48.0304573494444, 4.52942497472077));
#1455 = CARTESIAN_POINT ('', (-3.27492649086389, 47.9018176039546, 4.52942497472077));
#1456 = CARTESIAN_POINT ('', (-3.22164216362179, 47.7731778584647, 4.52942497472077));
#1457 = CARTESIAN_POINT ('', (-3.19500000000074, 47.639238657137, 4.52942497472077));
#1458 = CARTESIAN_POINT ('', (-3.19500000000074, 47.4999999999712, 4.52942497472077));
#1459 = B_SPLINE_CURVE_WITH_KNOTS ('', 3, (#1410, #1411, #1412, #1413, #1414, #1415, #1416, #1417, #1418, #1419, #1420, #1421, #1422, #1423, #1424, #1425, #1426, #1427, #1428, #1429, #1430, #1431, #1432, #1433, #1434, #1435, #1436, #1437, #1438, #1439, #1440, #1441, #1442, #1443, #1444, #1445, #1446, #1447, #1448, #1449, #1450, #1451, #1452, #1453, #1454, #1455, #1456, #1457, #1458), .UNSPECIFIED., .T., .U., (4, 3, 3, 3, 3, 3, 3, 3, 3, 3, 3, 3, 3, 3, 3, 3, 4), (0., 0.0625, 0.125, 0.1875, 0.25, 0.3125, 0.375, 0.4375, 0.5, 0.5625, 0.625, 0.6875, 0.75, 0.8125, 0.875, 0.9375, 1.), .UNSPECIFIED.);
#1460 = EDGE_CURVE ('', #1409, #1409, #1459, .T.);
#1461 = ORIENTED_EDGE ('', *, *, #1460, .T.);
#1462 = EDGE_LOOP ('', (#1461));
#1463 = FACE_BOUND ('', #1462, .T.);
#1464 = CARTESIAN_POINT ('', (-1.31632034356159, 141.371320343528, 4.52942497472077));
#1465 = VERTEX_POINT ('', #1464);
#1466 = CARTESIAN_POINT ('', (-1.31632034356159, 141.371320343528, 4.52942497472077));
#1467 = CARTESIAN_POINT ('', (-1.31632034356159, 141.099473441442, 4.52942497472077));
#1468 = CARTESIAN_POINT ('', (-1.36833599634554, 140.837973095993, 4.52942497472077));
#1469 = CARTESIAN_POINT ('', (-1.47236730191345, 140.586819307179, 4.52942497472077));
#1470 = CARTESIAN_POINT ('', (-1.57639860748136, 140.335665518366, 4.52942497472077));
#1471 = CARTESIAN_POINT ('', (-1.72452665421994, 140.113976230005, 4.52942497472077));
#1472 = CARTESIAN_POINT ('', (-1.91675144212917, 139.921751442095, 4.52942497472077));
#1473 = CARTESIAN_POINT ('', (-2.1089762300384, 139.729526654186, 4.52942497472077));
#1474 = CARTESIAN_POINT ('', (-2.33066551839975, 139.581398607448, 4.52942497472077));
#1475 = CARTESIAN_POINT ('', (-2.58181930721316, 139.47736730188, 4.52942497472077));
#1476 = CARTESIAN_POINT ('', (-2.83297309602657, 139.373335996312, 4.52942497472077));
#1477 = CARTESIAN_POINT ('', (-3.09447344147602, 139.321320343528, 4.52942497472077));
#1478 = CARTESIAN_POINT ('', (-3.3663203435616, 139.321320343528, 4.52942497472077));
#1479 = CARTESIAN_POINT ('', (-3.63816724564718, 139.321320343528, 4.52942497472077));
#1480 = CARTESIAN_POINT ('', (-3.89966759109663, 139.373335996312, 4.52942497472077));
#1481 = CARTESIAN_POINT ('', (-4.15082137991004, 139.47736730188, 4.52942497472077));
#1482 = CARTESIAN_POINT ('', (-4.40197516872345, 139.581398607448, 4.52942497472077));
#1483 = CARTESIAN_POINT ('', (-4.6236644570848, 139.729526654186, 4.52942497472077));
#1484 = CARTESIAN_POINT ('', (-4.81588924499403, 139.921751442095, 4.52942497472077));
#1485 = CARTESIAN_POINT ('', (-5.00811403290327, 140.113976230005, 4.52942497472077));
#1486 = CARTESIAN_POINT ('', (-5.15624207964184, 140.335665518366, 4.52942497472077));
#1487 = CARTESIAN_POINT ('', (-5.26027338520975, 140.586819307179, 4.52942497472077));
#1488 = CARTESIAN_POINT ('', (-5.36430469077766, 140.837973095993, 4.52942497472077));
#1489 = CARTESIAN_POINT ('', (-5.41632034356161, 141.099473441442, 4.52942497472077));
#1490 = CARTESIAN_POINT ('', (-5.41632034356161, 141.371320343528, 4.52942497472077));
#1491 = CARTESIAN_POINT ('', (-5.41632034356161, 141.643167245613, 4.52942497472077));
#1492 = CARTESIAN_POINT ('', (-5.36430469077766, 141.904667591063, 4.52942497472077));
#1493 = CARTESIAN_POINT ('', (-5.26027338520975, 142.155821379876, 4.52942497472077));
#1494 = CARTESIAN_POINT ('', (-5.15624207964184, 142.40697516869, 4.52942497472077));
#1495 = CARTESIAN_POINT ('', (-5.00811403290326, 142.628664457051, 4.52942497472077));
#1496 = CARTESIAN_POINT ('', (-4.81588924499403, 142.82088924496, 4.52942497472077));
#1497 = CARTESIAN_POINT ('', (-4.6236644570848, 143.013114032869, 4.52942497472077));
#1498 = CARTESIAN_POINT ('', (-4.40197516872345, 143.161242079608, 4.52942497472077));
#1499 = CARTESIAN_POINT ('', (-4.15082137991004, 143.265273385176, 4.52942497472077));
#1500 = CARTESIAN_POINT ('', (-3.89966759109663, 143.369304690744, 4.52942497472077));
#1501 = CARTESIAN_POINT ('', (-3.63816724564715, 143.421320343528, 4.52942497472077));
#1502 = CARTESIAN_POINT ('', (-3.3663203435616, 143.421320343528, 4.52942497472077));
#1503 = CARTESIAN_POINT ('', (-3.09447344147605, 143.421320343528, 4.52942497472077));
#1504 = CARTESIAN_POINT ('', (-2.83297309602659, 143.369304690744, 4.52942497472077));
#1505 = CARTESIAN_POINT ('', (-2.58181930721316, 143.265273385176, 4.52942497472077));
#1506 = CARTESIAN_POINT ('', (-2.33066551839974, 143.161242079608, 4.52942497472077));
#1507 = CARTESIAN_POINT ('', (-2.10897623003841, 143.01311403287, 4.52942497472077));
#1508 = CARTESIAN_POINT ('', (-1.91675144212917, 142.82088924496, 4.52942497472077));
#1509 = CARTESIAN_POINT ('', (-1.72452665421994, 142.628664457051, 4.52942497472077));
#1510 = CARTESIAN_POINT ('', (-1.57639860748136, 142.40697516869, 4.52942497472077));
#1511 = CARTESIAN_POINT ('', (-1.47236730191345, 142.155821379876, 4.52942497472077));
#1512 = CARTESIAN_POINT ('', (-1.36833599634555, 141.904667591063, 4.52942497472077));
#1513 = CARTESIAN_POINT ('', (-1.31632034356159, 141.643167245613, 4.52942497472077));
#1514 = CARTESIAN_POINT ('', (-1.31632034356159, 141.371320343528, 4.52942497472077));
#1515 = B_SPLINE_CURVE_WITH_KNOTS ('', 3, (#1466, #1467, #1468, #1469, #1470, #1471, #1472, #1473, #1474, #1475, #1476, #1477, #1478, #1479, #1480, #1481, #1482, #1483, #1484, #1485, #1486, #1487, #1488, #1489, #1490, #1491, #1492, #1493, #1494, #1495, #1496, #1497, #1498, #1499, #1500, #1501, #1502, #1503, #1504, #1505, #1506, #1507, #1508, #1509, #1510, #1511, #1512, #1513, #1514), .UNSPECIFIED., .T., .U., (4, 3, 3, 3, 3, 3, 3, 3, 3, 3, 3, 3, 3, 3, 3, 3, 4), (0., 0.0625, 0.125, 0.1875, 0.25, 0.3125, 0.375, 0.4375, 0.5, 0.5625, 0.625, 0.6875, 0.75, 0.8125, 0.875, 0.9375, 1.), .UNSPECIFIED.);
#1516 = EDGE_CURVE ('', #1465, #1465, #1515, .T.);
#1517 = ORIENTED_EDGE ('', *, *, #1516, .T.);
#1518 = EDGE_LOOP ('', (#1517));
#1519 = FACE_BOUND ('', #1518, .T.);
#1520 = CARTESIAN_POINT ('', (3.77170793699564, 144.499999999968, 4.52942497472077));
#1521 = CARTESIAN_POINT ('', (3.77170793699564, 44.4999999999712, 4.52942497472077));
#1522 = CARTESIAN_POINT ('', (-6.49499999999994, 144.499999999968, 4.52942497472077));
#1523 = CARTESIAN_POINT ('', (-6.49499999999994, 44.4999999999712, 4.52942497472077));
#1524 = B_SPLINE_SURFACE_WITH_KNOTS ('', 1, 1, ((#1520, #1521), (#1522, #1523)), .UNSPECIFIED., .F., .F., .U., (2, 2), (2, 2), (0., 1.), (0., 1.), .UNSPECIFIED.);
#1525 = ADVANCED_FACE ('', (#1407, #1463, #1519), #1524, .T.);
#1526 = CARTESIAN_POINT ('', (-1.31632034356159, 141.371320343528, 1.52942497472077));
#1527 = VERTEX_POINT ('', #1526);
#1528 = CARTESIAN_POINT ('', (-1.31632034356159, 141.371320343528, 4.52942497472077));
#1529 = CARTESIAN_POINT ('', (-1.31632034356159, 141.371320343528, 1.52942497472077));
#1530 = B_SPLINE_CURVE_WITH_KNOTS ('', 1, (#1528, #1529), .UNSPECIFIED., .F., .U., (2, 2), (0., 1.), .UNSPECIFIED.);
#1531 = EDGE_CURVE ('', #1465, #1527, #1530, .T.);
#1532 = ORIENTED_EDGE ('', *, *, #1531, .T.);
#1533 = CARTESIAN_POINT ('', (-1.31632034356159, 141.371320343528, 1.52942497472077));
#1534 = CARTESIAN_POINT ('', (-1.31632034356159, 141.643167245613, 1.52942497472077));
#1535 = CARTESIAN_POINT ('', (-1.36833599634555, 141.904667591063, 1.52942497472077));
#1536 = CARTESIAN_POINT ('', (-1.47236730191345, 142.155821379876, 1.52942497472077));
#1537 = CARTESIAN_POINT ('', (-1.57639860748136, 142.40697516869, 1.52942497472077));
#1538 = CARTESIAN_POINT ('', (-1.72452665421994, 142.628664457051, 1.52942497472077));
#1539 = CARTESIAN_POINT ('', (-1.91675144212917, 142.82088924496, 1.52942497472077));
#1540 = CARTESIAN_POINT ('', (-2.10897623003841, 143.013114032869, 1.52942497472077));
#1541 = CARTESIAN_POINT ('', (-2.33066551839976, 143.161242079608, 1.52942497472078));
#1542 = CARTESIAN_POINT ('', (-2.58181930721316, 143.265273385176, 1.52942497472078));
#1543 = CARTESIAN_POINT ('', (-2.83297309602657, 143.369304690744, 1.52942497472078));
#1544 = CARTESIAN_POINT ('', (-3.09447344147605, 143.421320343528, 1.52942497472077));
#1545 = CARTESIAN_POINT ('', (-3.3663203435616, 143.421320343528, 1.52942497472077));
#1546 = CARTESIAN_POINT ('', (-3.63816724564715, 143.421320343528, 1.52942497472077));
#1547 = CARTESIAN_POINT ('', (-3.89966759109661, 143.369304690744, 1.52942497472078));
#1548 = CARTESIAN_POINT ('', (-4.15082137991004, 143.265273385176, 1.52942497472078));
#1549 = CARTESIAN_POINT ('', (-4.40197516872347, 143.161242079608, 1.52942497472078));
#1550 = CARTESIAN_POINT ('', (-4.6236644570848, 143.013114032869, 1.52942497472077));
#1551 = CARTESIAN_POINT ('', (-4.81588924499403, 142.82088924496, 1.52942497472077));
#1552 = CARTESIAN_POINT ('', (-5.00811403290327, 142.628664457051, 1.52942497472077));
#1553 = CARTESIAN_POINT ('', (-5.15624207964184, 142.40697516869, 1.52942497472077));
#1554 = CARTESIAN_POINT ('', (-5.26027338520975, 142.155821379876, 1.52942497472077));
#1555 = CARTESIAN_POINT ('', (-5.36430469077766, 141.904667591063, 1.52942497472077));
#1556 = CARTESIAN_POINT ('', (-5.41632034356161, 141.643167245613, 1.52942497472077));
#1557 = CARTESIAN_POINT ('', (-5.41632034356161, 141.371320343528, 1.52942497472077));
#1558 = CARTESIAN_POINT ('', (-5.41632034356161, 141.099473441442, 1.52942497472077));
#1559 = CARTESIAN_POINT ('', (-5.36430469077766, 140.837973095993, 1.52942497472077));
#1560 = CARTESIAN_POINT ('', (-5.26027338520975, 140.586819307179, 1.52942497472077));
#1561 = CARTESIAN_POINT ('', (-5.15624207964184, 140.335665518366, 1.52942497472077));
#1562 = CARTESIAN_POINT ('', (-5.00811403290326, 140.113976230005, 1.52942497472077));
#1563 = CARTESIAN_POINT ('', (-4.81588924499403, 139.921751442095, 1.52942497472077));
#1564 = CARTESIAN_POINT ('', (-4.6236644570848, 139.729526654186, 1.52942497472077));
#1565 = CARTESIAN_POINT ('', (-4.40197516872345, 139.581398607448, 1.52942497472077));
#1566 = CARTESIAN_POINT ('', (-4.15082137991004, 139.47736730188, 1.52942497472077));
#1567 = CARTESIAN_POINT ('', (-3.89966759109663, 139.373335996312, 1.52942497472077));
#1568 = CARTESIAN_POINT ('', (-3.63816724564718, 139.321320343528, 1.52942497472077));
#1569 = CARTESIAN_POINT ('', (-3.3663203435616, 139.321320343528, 1.52942497472077));
#1570 = CARTESIAN_POINT ('', (-3.09447344147602, 139.321320343528, 1.52942497472077));
#1571 = CARTESIAN_POINT ('', (-2.83297309602657, 139.373335996312, 1.52942497472078));
#1572 = CARTESIAN_POINT ('', (-2.58181930721316, 139.47736730188, 1.52942497472078));
#1573 = CARTESIAN_POINT ('', (-2.33066551839975, 139.581398607448, 1.52942497472078));
#1574 = CARTESIAN_POINT ('', (-2.10897623003841, 139.729526654186, 1.52942497472077));
#1575 = CARTESIAN_POINT ('', (-1.91675144212917, 139.921751442095, 1.52942497472077));
#1576 = CARTESIAN_POINT ('', (-1.72452665421993, 140.113976230005, 1.52942497472077));
#1577 = CARTESIAN_POINT ('', (-1.57639860748136, 140.335665518366, 1.52942497472077));
#1578 = CARTESIAN_POINT ('', (-1.47236730191345, 140.586819307179, 1.52942497472077));
#1579 = CARTESIAN_POINT ('', (-1.36833599634554, 140.837973095993, 1.52942497472077));
#1580 = CARTESIAN_POINT ('', (-1.31632034356159, 141.099473441442, 1.52942497472077));
#1581 = CARTESIAN_POINT ('', (-1.31632034356159, 141.371320343528, 1.52942497472077));
#1582 = B_SPLINE_CURVE_WITH_KNOTS ('', 3, (#1533, #1534, #1535, #1536, #1537, #1538, #1539, #1540, #1541, #1542, #1543, #1544, #1545, #1546, #1547, #1548, #1549, #1550, #1551, #1552, #1553, #1554, #1555, #1556, #1557, #1558, #1559, #1560, #1561, #1562, #1563, #1564, #1565, #1566, #1567, #1568, #1569, #1570, #1571, #1572, #1573, #1574, #1575, #1576, #1577, #1578, #1579, #1580, #1581), .UNSPECIFIED., .T., .U., (4, 3, 3, 3, 3, 3, 3, 3, 3, 3, 3, 3, 3, 3, 3, 3, 4), (0., 0.0625, 0.125, 0.1875, 0.25, 0.3125, 0.375, 0.4375, 0.5, 0.5625, 0.625, 0.6875, 0.75, 0.8125, 0.875, 0.9375, 1.), .UNSPECIFIED.);
#1583 = EDGE_CURVE ('', #1527, #1527, #1582, .T.);
#1584 = ORIENTED_EDGE ('', *, *, #1583, .F.);
#1585 = ORIENTED_EDGE ('', *, *, #1531, .F.);
#1586 = ORIENTED_EDGE ('', *, *, #1516, .F.);
#1587 = EDGE_LOOP ('', (#1532, #1584, #1585, #1586));
#1588 = FACE_OUTER_BOUND ('', #1587, .T.);
#1589 = CARTESIAN_POINT ('', (-1.31632034356159, 141.371320343528, 4.82942497472077));
#1590 = CARTESIAN_POINT ('', (-1.31632034356159, 141.371320343528, 1.22942497472077));
#1591 = CARTESIAN_POINT ('', (-1.31632034356159, 145.471320343528, 4.82942497472077));
#1592 = CARTESIAN_POINT ('', (-1.31632034356159, 145.471320343528, 1.22942497472078));
#1593 = CARTESIAN_POINT ('', (-5.41632034356161, 145.471320343528, 4.82942497472077));
#1594 = CARTESIAN_POINT ('', (-5.41632034356161, 145.471320343528, 1.22942497472078));
#1595 = CARTESIAN_POINT ('', (-5.41632034356161, 141.371320343528, 4.82942497472077));
#1596 = CARTESIAN_POINT ('', (-5.41632034356161, 141.371320343528, 1.22942497472077));
#1597 = CARTESIAN_POINT ('', (-5.41632034356161, 137.271320343528, 4.82942497472077));
#1598 = CARTESIAN_POINT ('', (-5.41632034356161, 137.271320343528, 1.22942497472078));
#1599 = CARTESIAN_POINT ('', (-1.31632034356159, 137.271320343528, 4.82942497472077));
#1600 = CARTESIAN_POINT ('', (-1.31632034356159, 137.271320343528, 1.22942497472078));
#1601 = CARTESIAN_POINT ('', (-1.31632034356159, 141.371320343528, 4.82942497472077));
#1602 = CARTESIAN_POINT ('', (-1.31632034356159, 141.371320343528, 1.22942497472077));
#1603 = (
   BOUNDED_SURFACE ()
   B_SPLINE_SURFACE (3, 1, ((#1589, #1590), (#1591, #1592), (#1593, #1594), (#1595, #1596), (#1597, #1598), (#1599, #1600), (#1601, #1602)), .UNSPECIFIED., .T., .F., .U.)
   B_SPLINE_SURFACE_WITH_KNOTS ((4, 3, 4), (2, 2), (0., 0.5, 1.), (0., 1.), .UNSPECIFIED.)
   GEOMETRIC_REPRESENTATION_ITEM ()
   RATIONAL_B_SPLINE_SURFACE (((1., 1.), (0.333333333333333, 0.333333333333333), (0.333333333333333, 0.333333333333333), (1., 1.), (0.333333333333333, 0.333333333333333), (0.333333333333333, 0.333333333333333), (1., 1.)))
   REPRESENTATION_ITEM ('')
   SURFACE ()
);
#1604 = ADVANCED_FACE ('', (#1588), #1603, .T.);
#1605 = ORIENTED_EDGE ('', *, *, #1583, .T.);
#1606 = EDGE_LOOP ('', (#1605));
#1607 = FACE_OUTER_BOUND ('', #1606, .T.);
#1608 = CARTESIAN_POINT ('', (-1.29172034356161, 143.445920343528, 1.52942497472077));
#1609 = CARTESIAN_POINT ('', (-1.29172034356161, 139.296720343528, 1.52942497472077));
#1610 = CARTESIAN_POINT ('', (-5.4409203435616, 143.445920343528, 1.52942497472077));
#1611 = CARTESIAN_POINT ('', (-5.4409203435616, 139.296720343528, 1.52942497472077));
#1612 = B_SPLINE_SURFACE_WITH_KNOTS ('', 1, 1, ((#1608, #1609), (#1610, #1611)), .UNSPECIFIED., .F., .F., .U., (2, 2), (2, 2), (0., 1.), (0., 1.), .UNSPECIFIED.);
#1613 = ADVANCED_FACE ('', (#1607), #1612, .T.);
#1614 = CARTESIAN_POINT ('', (-3.19500000000074, 47.4999999999712, 1.52942497472077));
#1615 = VERTEX_POINT ('', #1614);
#1616 = CARTESIAN_POINT ('', (-3.19500000000074, 47.4999999999712, 4.52942497472077));
#1617 = CARTESIAN_POINT ('', (-3.19500000000074, 47.4999999999712, 1.52942497472077));
#1618 = B_SPLINE_CURVE_WITH_KNOTS ('', 1, (#1616, #1617), .UNSPECIFIED., .F., .U., (2, 2), (0., 1.), .UNSPECIFIED.);
#1619 = EDGE_CURVE ('', #1409, #1615, #1618, .T.);
#1620 = ORIENTED_EDGE ('', *, *, #1619, .T.);
#1621 = CARTESIAN_POINT ('', (-3.19500000000074, 47.4999999999712, 1.52942497472077));
#1622 = CARTESIAN_POINT ('', (-3.19500000000074, 47.639238657137, 1.52942497472077));
#1623 = CARTESIAN_POINT ('', (-3.2216421636218, 47.7731778584648, 1.52942497472077));
#1624 = CARTESIAN_POINT ('', (-3.27492649086389, 47.9018176039546, 1.52942497472077));
#1625 = CARTESIAN_POINT ('', (-3.32821081810599, 48.0304573494443, 1.52942497472077));
#1626 = CARTESIAN_POINT ('', (-3.40408128106965, 48.1440055215319, 1.52942497472078));
#1627 = CARTESIAN_POINT ('', (-3.50253787975487, 48.2424621202171, 1.52942497472078));
#1628 = CARTESIAN_POINT ('', (-3.60099447844009, 48.3409187189023, 1.52942497472078));
#1629 = CARTESIAN_POINT ('', (-3.71454265052759, 48.416789181866, 1.52942497472078));
#1630 = CARTESIAN_POINT ('', (-3.8431823960174, 48.4700735091081, 1.52942497472078));
#1631 = CARTESIAN_POINT ('', (-3.9718221415072, 48.5233578363502, 1.52942497472078));
#1632 = CARTESIAN_POINT ('', (-4.10576134283498, 48.5499999999712, 1.52942497472077));
#1633 = CARTESIAN_POINT ('', (-4.24500000000074, 48.5499999999712, 1.52942497472077));
#1634 = CARTESIAN_POINT ('', (-4.3842386571665, 48.5499999999712, 1.52942497472077));
#1635 = CARTESIAN_POINT ('', (-4.51817785849429, 48.5233578363502, 1.52942497472078));
#1636 = CARTESIAN_POINT ('', (-4.64681760398409, 48.4700735091081, 1.52942497472078));
#1637 = CARTESIAN_POINT ('', (-4.77545734947388, 48.416789181866, 1.52942497472078));
#1638 = CARTESIAN_POINT ('', (-4.8890055215614, 48.3409187189023, 1.52942497472077));
#1639 = CARTESIAN_POINT ('', (-4.98746212024661, 48.2424621202171, 1.52942497472077));
#1640 = CARTESIAN_POINT ('', (-5.08591871893183, 48.1440055215319, 1.52942497472077));
#1641 = CARTESIAN_POINT ('', (-5.16178918189549, 48.0304573494443, 1.52942497472077));
#1642 = CARTESIAN_POINT ('', (-5.21507350913759, 47.9018176039545, 1.52942497472077));
#1643 = CARTESIAN_POINT ('', (-5.26835783637969, 47.7731778584647, 1.52942497472077));
#1644 = CARTESIAN_POINT ('', (-5.29500000000074, 47.639238657137, 1.52942497472077));
#1645 = CARTESIAN_POINT ('', (-5.29500000000074, 47.4999999999712, 1.52942497472077));
#1646 = CARTESIAN_POINT ('', (-5.29500000000074, 47.3607613428054, 1.52942497472077));
#1647 = CARTESIAN_POINT ('', (-5.26835783637969, 47.2268221414777, 1.52942497472077));
#1648 = CARTESIAN_POINT ('', (-5.21507350913759, 47.0981823959879, 1.52942497472077));
#1649 = CARTESIAN_POINT ('', (-5.16178918189549, 46.9695426504981, 1.52942497472077));
#1650 = CARTESIAN_POINT ('', (-5.08591871893183, 46.8559944784106, 1.52942497472077));
#1651 = CARTESIAN_POINT ('', (-4.98746212024661, 46.7575378797253, 1.52942497472077));
#1652 = CARTESIAN_POINT ('', (-4.88900552156139, 46.6590812810401, 1.52942497472077));
#1653 = CARTESIAN_POINT ('', (-4.77545734947389, 46.5832108180765, 1.52942497472077));
#1654 = CARTESIAN_POINT ('', (-4.64681760398408, 46.5299264908344, 1.52942497472077));
#1655 = CARTESIAN_POINT ('', (-4.51817785849428, 46.4766421635923, 1.52942497472077));
#1656 = CARTESIAN_POINT ('', (-4.3842386571665, 46.4499999999712, 1.52942497472077));
#1657 = CARTESIAN_POINT ('', (-4.24500000000074, 46.4499999999712, 1.52942497472077));
#1658 = CARTESIAN_POINT ('', (-4.10576134283498, 46.4499999999712, 1.52942497472077));
#1659 = CARTESIAN_POINT ('', (-3.9718221415072, 46.4766421635923, 1.52942497472078));
#1660 = CARTESIAN_POINT ('', (-3.8431823960174, 46.5299264908344, 1.52942497472078));
#1661 = CARTESIAN_POINT ('', (-3.7145426505276, 46.5832108180765, 1.52942497472078));
#1662 = CARTESIAN_POINT ('', (-3.60099447844008, 46.6590812810401, 1.52942497472077));
#1663 = CARTESIAN_POINT ('', (-3.50253787975487, 46.7575378797253, 1.52942497472077));
#1664 = CARTESIAN_POINT ('', (-3.40408128106965, 46.8559944784106, 1.52942497472077));
#1665 = CARTESIAN_POINT ('', (-3.32821081810599, 46.9695426504981, 1.52942497472077));
#1666 = CARTESIAN_POINT ('', (-3.27492649086389, 47.0981823959879, 1.52942497472077));
#1667 = CARTESIAN_POINT ('', (-3.22164216362179, 47.2268221414777, 1.52942497472077));
#1668 = CARTESIAN_POINT ('', (-3.19500000000074, 47.3607613428055, 1.52942497472077));
#1669 = CARTESIAN_POINT ('', (-3.19500000000074, 47.4999999999712, 1.52942497472077));
#1670 = B_SPLINE_CURVE_WITH_KNOTS ('', 3, (#1621, #1622, #1623, #1624, #1625, #1626, #1627, #1628, #1629, #1630, #1631, #1632, #1633, #1634, #1635, #1636, #1637, #1638, #1639, #1640, #1641, #1642, #1643, #1644, #1645, #1646, #1647, #1648, #1649, #1650, #1651, #1652, #1653, #1654, #1655, #1656, #1657, #1658, #1659, #1660, #1661, #1662, #1663, #1664, #1665, #1666, #1667, #1668, #1669), .UNSPECIFIED., .T., .U., (4, 3, 3, 3, 3, 3, 3, 3, 3, 3, 3, 3, 3, 3, 3, 3, 4), (0., 0.0625, 0.125, 0.1875, 0.25, 0.3125, 0.375, 0.4375, 0.5, 0.5625, 0.625, 0.6875, 0.75, 0.8125, 0.875, 0.9375, 1.), .UNSPECIFIED.);
#1671 = EDGE_CURVE ('', #1615, #1615, #1670, .T.);
#1672 = ORIENTED_EDGE ('', *, *, #1671, .F.);
#1673 = ORIENTED_EDGE ('', *, *, #1619, .F.);
#1674 = ORIENTED_EDGE ('', *, *, #1460, .F.);
#1675 = EDGE_LOOP ('', (#1620, #1672, #1673, #1674));
#1676 = FACE_OUTER_BOUND ('', #1675, .T.);
#1677 = CARTESIAN_POINT ('', (-3.19500000000074, 47.4999999999712, 4.82942497472077));
#1678 = CARTESIAN_POINT ('', (-3.19500000000074, 47.4999999999712, 1.22942497472077));
#1679 = CARTESIAN_POINT ('', (-3.19500000000074, 49.5999999999712, 4.82942497472077));
#1680 = CARTESIAN_POINT ('', (-3.19500000000074, 49.5999999999712, 1.22942497472078));
#1681 = CARTESIAN_POINT ('', (-5.29500000000074, 49.5999999999712, 4.82942497472077));
#1682 = CARTESIAN_POINT ('', (-5.29500000000074, 49.5999999999712, 1.22942497472078));
#1683 = CARTESIAN_POINT ('', (-5.29500000000074, 47.4999999999712, 4.82942497472077));
#1684 = CARTESIAN_POINT ('', (-5.29500000000074, 47.4999999999712, 1.22942497472077));
#1685 = CARTESIAN_POINT ('', (-5.29500000000074, 45.3999999999712, 4.82942497472077));
#1686 = CARTESIAN_POINT ('', (-5.29500000000074, 45.3999999999712, 1.22942497472078));
#1687 = CARTESIAN_POINT ('', (-3.19500000000074, 45.3999999999712, 4.82942497472077));
#1688 = CARTESIAN_POINT ('', (-3.19500000000074, 45.3999999999712, 1.22942497472078));
#1689 = CARTESIAN_POINT ('', (-3.19500000000074, 47.4999999999712, 4.82942497472077));
#1690 = CARTESIAN_POINT ('', (-3.19500000000074, 47.4999999999712, 1.22942497472077));
#1691 = (
   BOUNDED_SURFACE ()
   B_SPLINE_SURFACE (3, 1, ((#1677, #1678), (#1679, #1680), (#1681, #1682), (#1683, #1684), (#1685, #1686), (#1687, #1688), (#1689, #1690)), .UNSPECIFIED., .T., .F., .U.)
   B_SPLINE_SURFACE_WITH_KNOTS ((4, 3, 4), (2, 2), (0., 0.5, 1.), (0., 1.), .UNSPECIFIED.)
   GEOMETRIC_REPRESENTATION_ITEM ()
   RATIONAL_B_SPLINE_SURFACE (((1., 1.), (0.333333333333333, 0.333333333333333), (0.333333333333333, 0.333333333333333), (1., 1.), (0.333333333333333, 0.333333333333333), (0.333333333333333, 0.333333333333333), (1., 1.)))
   REPRESENTATION_ITEM ('')
   SURFACE ()
);
#1692 = ADVANCED_FACE ('', (#1676), #1691, .T.);
#1693 = ORIENTED_EDGE ('', *, *, #1671, .T.);
#1694 = EDGE_LOOP ('', (#1693));
#1695 = FACE_OUTER_BOUND ('', #1694, .T.);
#1696 = CARTESIAN_POINT ('', (-3.18240000000075, 48.5625999999712, 1.52942497472077));
#1697 = CARTESIAN_POINT ('', (-3.18240000000075, 46.4373999999712, 1.52942497472077));
#1698 = CARTESIAN_POINT ('', (-5.30760000000073, 48.5625999999712, 1.52942497472077));
#1699 = CARTESIAN_POINT ('', (-5.30760000000073, 46.4373999999712, 1.52942497472077));
#1700 = B_SPLINE_SURFACE_WITH_KNOTS ('', 1, 1, ((#1696, #1697), (#1698, #1699)), .UNSPECIFIED., .F., .F., .U., (2, 2), (2, 2), (0., 1.), (0., 1.), .UNSPECIFIED.);
#1701 = ADVANCED_FACE ('', (#1695), #1700, .T.);
#1702 = CARTESIAN_POINT ('', (-6.49499999999993, 45.4999825464619, 3.22675714052078));
#1703 = VERTEX_POINT ('', #1702);
#1704 = CARTESIAN_POINT ('', (-5.49499999999993, 44.4999999999712, 3.22675714052078));
#1705 = VERTEX_POINT ('', #1704);
#1706 = CARTESIAN_POINT ('', (-6.4949999999999, 45.4999999999712, 3.22942497472077));
#1707 = CARTESIAN_POINT ('', (-6.4949999999999, 44.9142135623443, 3.22942497472077));
#1708 = CARTESIAN_POINT ('', (-6.08078643762681, 44.4999999999712, 3.22942497472077));
#1709 = CARTESIAN_POINT ('', (-5.49499999999991, 44.4999999999712, 3.22942497472077));
#1710 = (
   BOUNDED_CURVE ()
   B_SPLINE_CURVE (3, (#1706, #1707, #1708, #1709), .UNSPECIFIED., .F., .U.)
   B_SPLINE_CURVE_WITH_KNOTS ((4, 4), (0., 1.), .UNSPECIFIED.)
   CURVE ()
   GEOMETRIC_REPRESENTATION_ITEM ()
   RATIONAL_B_SPLINE_CURVE ((1., 0.804737854124365, 0.804737854124365, 1.))
   REPRESENTATION_ITEM ('')
);
#1711 = EDGE_CURVE ('', #1703, #1705, #1710, .T.);
#1712 = ORIENTED_EDGE ('', *, *, #1711, .T.);
#1713 = CARTESIAN_POINT ('', (-5.49499999999991, 44.4999999999712, 4.52942497472077));
#1714 = CARTESIAN_POINT ('', (-5.49499999999991, 44.4999999999712, 3.22942497472077));
#1715 = B_SPLINE_CURVE_WITH_KNOTS ('', 1, (#1713, #1714), .UNSPECIFIED., .F., .U., (2, 2), (0., 1.), .UNSPECIFIED.);
#1716 = EDGE_CURVE ('', #1291, #1705, #1715, .T.);
#1717 = ORIENTED_EDGE ('', *, *, #1716, .F.);
#1718 = ORIENTED_EDGE ('', *, *, #1306, .F.);
#1719 = CARTESIAN_POINT ('', (-6.49499999999993, 45.4999999999712, 3.22942497472077));
#1720 = CARTESIAN_POINT ('', (-6.49499999999993, 45.4999999999712, 4.52942497472077));
#1721 = B_SPLINE_CURVE_WITH_KNOTS ('', 1, (#1719, #1720), .UNSPECIFIED., .F., .U., (2, 2), (0., 1.), .UNSPECIFIED.);
#1722 = EDGE_CURVE ('', #1703, #1282, #1721, .T.);
#1723 = ORIENTED_EDGE ('', *, *, #1722, .F.);
#1724 = EDGE_LOOP ('', (#1712, #1717, #1718, #1723));
#1725 = FACE_OUTER_BOUND ('', #1724, .T.);
#1726 = CARTESIAN_POINT ('', (-5.49499999999991, 44.4999999999712, 4.65942497472077));
#1727 = CARTESIAN_POINT ('', (-5.49499999999991, 44.4999999999712, 3.09942497472077));
#1728 = CARTESIAN_POINT ('', (-6.08078643762681, 44.4999999999712, 4.65942497472077));
#1729 = CARTESIAN_POINT ('', (-6.08078643762681, 44.4999999999712, 3.09942497472077));
#1730 = CARTESIAN_POINT ('', (-6.4949999999999, 44.9142135623443, 4.65942497472077));
#1731 = CARTESIAN_POINT ('', (-6.4949999999999, 44.9142135623443, 3.09942497472077));
#1732 = CARTESIAN_POINT ('', (-6.4949999999999, 45.4999999999712, 4.65942497472077));
#1733 = CARTESIAN_POINT ('', (-6.4949999999999, 45.4999999999712, 3.09942497472077));
#1734 = (
   BOUNDED_SURFACE ()
   B_SPLINE_SURFACE (3, 1, ((#1726, #1727), (#1728, #1729), (#1730, #1731), (#1732, #1733)), .UNSPECIFIED., .F., .F., .U.)
   B_SPLINE_SURFACE_WITH_KNOTS ((4, 4), (2, 2), (0., 1.), (0., 1.), .UNSPECIFIED.)
   GEOMETRIC_REPRESENTATION_ITEM ()
   RATIONAL_B_SPLINE_SURFACE (((1., 1.), (0.804737854124365, 0.804737854124365), (0.804737854124365, 0.804737854124365), (1., 1.)))
   REPRESENTATION_ITEM ('')
   SURFACE ()
);
#1735 = ADVANCED_FACE ('', (#1725), #1734, .T.);
#1736 = CARTESIAN_POINT ('', (-2.99499999999987, 44.4999999999712, 3.22675714052078));
#1737 = VERTEX_POINT ('', #1736);
#1738 = CARTESIAN_POINT ('', (-2.99499999999987, 44.4999999999712, 3.22675714052078));
#1739 = CARTESIAN_POINT ('', (-5.49499999999993, 44.4999999999712, 3.22675714052078));
#1740 = B_SPLINE_CURVE_WITH_KNOTS ('', 1, (#1738, #1739), .UNSPECIFIED., .F., .U., (2, 2), (0., 1.), .UNSPECIFIED.);
#1741 = EDGE_CURVE ('', #1737, #1705, #1740, .T.);
#1742 = ORIENTED_EDGE ('', *, *, #1741, .F.);
#1743 = CARTESIAN_POINT ('', (-2.99499999999987, 44.4999999999712, 3.22942497472077));
#1744 = CARTESIAN_POINT ('', (-2.99499999999987, 44.4999999999712, 4.52942497472077));
#1745 = B_SPLINE_CURVE_WITH_KNOTS ('', 1, (#1743, #1744), .UNSPECIFIED., .F., .U., (2, 2), (0., 1.), .UNSPECIFIED.);
#1746 = EDGE_CURVE ('', #1737, #1309, #1745, .T.);
#1747 = ORIENTED_EDGE ('', *, *, #1746, .T.);
#1748 = ORIENTED_EDGE ('', *, *, #1313, .F.);
#1749 = ORIENTED_EDGE ('', *, *, #1716, .T.);
#1750 = EDGE_LOOP ('', (#1742, #1747, #1748, #1749));
#1751 = FACE_OUTER_BOUND ('', #1750, .T.);
#1752 = CARTESIAN_POINT ('', (-5.49499999999991, 44.4999999999712, 4.52942497472077));
#1753 = CARTESIAN_POINT ('', (-2.99499999999987, 44.4999999999712, 4.52942497472077));
#1754 = CARTESIAN_POINT ('', (-5.49499999999991, 44.4999999999712, 3.22675714052078));
#1755 = CARTESIAN_POINT ('', (-2.99499999999987, 44.4999999999712, 3.22675714052078));
#1756 = B_SPLINE_SURFACE_WITH_KNOTS ('', 1, 1, ((#1752, #1753), (#1754, #1755)), .UNSPECIFIED., .F., .F., .U., (2, 2), (2, 2), (0., 1.), (0., 1.), .UNSPECIFIED.);
#1757 = ADVANCED_FACE ('', (#1751), #1756, .T.);
#1758 = CARTESIAN_POINT ('', (-1.99499999999998, 45.4999999999712, 3.22942497472077));
#1759 = VERTEX_POINT ('', #1758);
#1760 = CARTESIAN_POINT ('', (-2.99499999999987, 44.4999999999712, 3.22942497472077));
#1761 = CARTESIAN_POINT ('', (-2.40921356237296, 44.4999999999712, 3.22942497472077));
#1762 = CARTESIAN_POINT ('', (-1.99499999999987, 44.9142135623443, 3.22942497472077));
#1763 = CARTESIAN_POINT ('', (-1.99499999999987, 45.4999999999712, 3.22942497472077));
#1764 = (
   BOUNDED_CURVE ()
   B_SPLINE_CURVE (3, (#1760, #1761, #1762, #1763), .UNSPECIFIED., .F., .U.)
   B_SPLINE_CURVE_WITH_KNOTS ((4, 4), (0., 1.), .UNSPECIFIED.)
   CURVE ()
   GEOMETRIC_REPRESENTATION_ITEM ()
   RATIONAL_B_SPLINE_CURVE ((1., 0.804737854124365, 0.804737854124365, 1.))
   REPRESENTATION_ITEM ('')
);
#1765 = EDGE_CURVE ('', #1737, #1759, #1764, .T.);
#1766 = ORIENTED_EDGE ('', *, *, #1765, .T.);
#1767 = CARTESIAN_POINT ('', (-1.99499999999998, 45.4999999999712, 4.52942497472077));
#1768 = CARTESIAN_POINT ('', (-1.99499999999998, 45.4999999999712, 3.22942497472077));
#1769 = B_SPLINE_CURVE_WITH_KNOTS ('', 1, (#1767, #1768), .UNSPECIFIED., .F., .U., (2, 2), (0., 1.), .UNSPECIFIED.);
#1770 = EDGE_CURVE ('', #1316, #1759, #1769, .T.);
#1771 = ORIENTED_EDGE ('', *, *, #1770, .F.);
#1772 = ORIENTED_EDGE ('', *, *, #1331, .F.);
#1773 = ORIENTED_EDGE ('', *, *, #1746, .F.);
#1774 = EDGE_LOOP ('', (#1766, #1771, #1772, #1773));
#1775 = FACE_OUTER_BOUND ('', #1774, .T.);
#1776 = CARTESIAN_POINT ('', (-1.99499999999987, 45.4999999999712, 4.65942497472077));
#1777 = CARTESIAN_POINT ('', (-1.99499999999987, 45.4999999999712, 3.09942497472077));
#1778 = CARTESIAN_POINT ('', (-1.99499999999987, 44.9142135623443, 4.65942497472077));
#1779 = CARTESIAN_POINT ('', (-1.99499999999987, 44.9142135623443, 3.09942497472077));
#1780 = CARTESIAN_POINT ('', (-2.40921356237296, 44.4999999999712, 4.65942497472077));
#1781 = CARTESIAN_POINT ('', (-2.40921356237296, 44.4999999999712, 3.09942497472077));
#1782 = CARTESIAN_POINT ('', (-2.99499999999987, 44.4999999999712, 4.65942497472077));
#1783 = CARTESIAN_POINT ('', (-2.99499999999987, 44.4999999999712, 3.09942497472077));
#1784 = (
   BOUNDED_SURFACE ()
   B_SPLINE_SURFACE (3, 1, ((#1776, #1777), (#1778, #1779), (#1780, #1781), (#1782, #1783)), .UNSPECIFIED., .F., .F., .U.)
   B_SPLINE_SURFACE_WITH_KNOTS ((4, 4), (2, 2), (0., 1.), (0., 1.), .UNSPECIFIED.)
   GEOMETRIC_REPRESENTATION_ITEM ()
   RATIONAL_B_SPLINE_SURFACE (((1., 1.), (0.804737854124365, 0.804737854124365), (0.804737854124365, 0.804737854124365), (1., 1.)))
   REPRESENTATION_ITEM ('')
   SURFACE ()
);
#1785 = ADVANCED_FACE ('', (#1775), #1784, .T.);
#1786 = ORIENTED_EDGE ('', *, *, #1266, .F.);
#1787 = ORIENTED_EDGE ('', *, *, #1336, .T.);
#1788 = ORIENTED_EDGE ('', *, *, #1770, .T.);
#1789 = CARTESIAN_POINT ('', (-1.99499999999998, 7.4999999999682, 3.22675714052078));
#1790 = VERTEX_POINT ('', #1789);
#1791 = CARTESIAN_POINT ('', (-1.99499999999998, 45.4999999999712, 3.22675714052078));
#1792 = CARTESIAN_POINT ('', (-1.99499999999998, 7.4999999999682, 3.22675714052078));
#1793 = B_SPLINE_CURVE_WITH_KNOTS ('', 1, (#1791, #1792), .UNSPECIFIED., .F., .U., (2, 2), (0., 1.), .UNSPECIFIED.);
#1794 = EDGE_CURVE ('', #1759, #1790, #1793, .T.);
#1795 = ORIENTED_EDGE ('', *, *, #1794, .T.);
#1796 = CARTESIAN_POINT ('', (-1.99500000000163, 7.49999999996819, 4.52942497472077));
#1797 = VERTEX_POINT ('', #1796);
#1798 = CARTESIAN_POINT ('', (-1.99500000000163, 7.49999999996819, 4.52942497472077));
#1799 = CARTESIAN_POINT ('', (-1.99500000000163, 7.49999999996819, 3.22942497472077));
#1800 = B_SPLINE_CURVE_WITH_KNOTS ('', 1, (#1798, #1799), .UNSPECIFIED., .F., .U., (2, 2), (0., 1.), .UNSPECIFIED.);
#1801 = EDGE_CURVE ('', #1797, #1790, #1800, .T.);
#1802 = ORIENTED_EDGE ('', *, *, #1801, .F.);
#1803 = CARTESIAN_POINT ('', (-1.99500000000118, 0.963785920449434, 4.52942497472077));
#1804 = VERTEX_POINT ('', #1803);
#1805 = CARTESIAN_POINT ('', (-1.99500000000119, 0.963785920449432, 4.52942497472077));
#1806 = CARTESIAN_POINT ('', (-1.99500000000119, 7.49999999996819, 4.52942497472077));
#1807 = B_SPLINE_CURVE_WITH_KNOTS ('', 1, (#1805, #1806), .UNSPECIFIED., .F., .U., (2, 2), (0., 1.), .UNSPECIFIED.);
#1808 = EDGE_CURVE ('', #1804, #1797, #1807, .T.);
#1809 = ORIENTED_EDGE ('', *, *, #1808, .F.);
#1810 = CARTESIAN_POINT ('', (-1.99499999999998, 0.963785920449425, -2.19019925136189));
#1811 = VERTEX_POINT ('', #1810);
#1812 = CARTESIAN_POINT ('', (-1.99499999999998, 0.963785920449425, 4.52942497472077));
#1813 = CARTESIAN_POINT ('', (-1.99499999999998, 0.963785920449425, -2.19019925136189));
#1814 = B_SPLINE_CURVE_WITH_KNOTS ('', 1, (#1812, #1813), .UNSPECIFIED., .F., .U., (2, 2), (0., 1.), .UNSPECIFIED.);
#1815 = EDGE_CURVE ('', #1804, #1811, #1814, .T.);
#1816 = ORIENTED_EDGE ('', *, *, #1815, .T.);
#1817 = CARTESIAN_POINT ('', (-1.99499999999998, 0.963785920449425, -2.19019925136189));
#1818 = CARTESIAN_POINT ('', (-1.99499999999998, 136.999999999968, -2.19019925136189));
#1819 = B_SPLINE_CURVE_WITH_KNOTS ('', 1, (#1817, #1818), .UNSPECIFIED., .F., .U., (2, 2), (0., 1.), .UNSPECIFIED.);
#1820 = EDGE_CURVE ('', #1811, #1217, #1819, .T.);
#1821 = ORIENTED_EDGE ('', *, *, #1820, .T.);
#1822 = EDGE_LOOP ('', (#1786, #1787, #1788, #1795, #1802, #1809, #1816, #1821));
#1823 = FACE_OUTER_BOUND ('', #1822, .T.);
#1824 = CARTESIAN_POINT ('', (-1.99499999999998, 136.999999999968, -2.19019925136189));
#1825 = CARTESIAN_POINT ('', (-1.99499999999998, 0.963785920449437, -2.19019925136189));
#1826 = CARTESIAN_POINT ('', (-1.99499999999998, 136.999999999968, 4.52942497472077));
#1827 = CARTESIAN_POINT ('', (-1.99499999999998, 0.963785920449437, 4.52942497472077));
#1828 = B_SPLINE_SURFACE_WITH_KNOTS ('', 1, 1, ((#1824, #1825), (#1826, #1827)), .UNSPECIFIED., .F., .F., .U., (2, 2), (2, 2), (0., 1.), (0., 1.), .UNSPECIFIED.);
#1829 = ADVANCED_FACE ('', (#1823), #1828, .T.);
#1830 = CARTESIAN_POINT ('', (-5.49499999999987, 8.49999999996811, 3.22675714052078));
#1831 = VERTEX_POINT ('', #1830);
#1832 = CARTESIAN_POINT ('', (-2.99500000000162, 8.49999999996811, 3.22675714052078));
#1833 = VERTEX_POINT ('', #1832);
#1834 = CARTESIAN_POINT ('', (-5.49499999999987, 8.49999999996811, 3.22675714052078));
#1835 = CARTESIAN_POINT ('', (-2.99500000000162, 8.49999999996811, 3.22675714052078));
#1836 = B_SPLINE_CURVE_WITH_KNOTS ('', 1, (#1834, #1835), .UNSPECIFIED., .F., .U., (2, 2), (0., 1.), .UNSPECIFIED.);
#1837 = EDGE_CURVE ('', #1831, #1833, #1836, .T.);
#1838 = ORIENTED_EDGE ('', *, *, #1837, .T.);
#1839 = CARTESIAN_POINT ('', (-1.99500000000163, 7.49999999996819, 3.22942497472077));
#1840 = CARTESIAN_POINT ('', (-1.99500000000165, 8.08578643759507, 3.22942497472077));
#1841 = CARTESIAN_POINT ('', (-2.40921356237473, 8.49999999996814, 3.22942497472077));
#1842 = CARTESIAN_POINT ('', (-2.99500000000161, 8.49999999996814, 3.22942497472077));
#1843 = (
   BOUNDED_CURVE ()
   B_SPLINE_CURVE (3, (#1839, #1840, #1841, #1842), .UNSPECIFIED., .F., .U.)
   B_SPLINE_CURVE_WITH_KNOTS ((4, 4), (0., 1.), .UNSPECIFIED.)
   CURVE ()
   GEOMETRIC_REPRESENTATION_ITEM ()
   RATIONAL_B_SPLINE_CURVE ((1., 0.804737854124373, 0.804737854124373, 1.))
   REPRESENTATION_ITEM ('')
);
#1844 = EDGE_CURVE ('', #1790, #1833, #1843, .T.);
#1845 = ORIENTED_EDGE ('', *, *, #1844, .F.);
#1846 = ORIENTED_EDGE ('', *, *, #1794, .F.);
#1847 = ORIENTED_EDGE ('', *, *, #1765, .F.);
#1848 = ORIENTED_EDGE ('', *, *, #1741, .T.);
#1849 = ORIENTED_EDGE ('', *, *, #1711, .F.);
#1850 = CARTESIAN_POINT ('', (-6.49499999999991, 7.49999999996812, 3.22942497472077));
#1851 = VERTEX_POINT ('', #1850);
#1852 = CARTESIAN_POINT ('', (-6.49499999999991, 7.49999999996813, 3.22675714052078));
#1853 = CARTESIAN_POINT ('', (-6.49499999999993, 45.4999825464619, 3.22675714052078));
#1854 = B_SPLINE_CURVE_WITH_KNOTS ('', 1, (#1852, #1853), .UNSPECIFIED., .F., .U., (2, 2), (0., 1.), .UNSPECIFIED.);
#1855 = EDGE_CURVE ('', #1851, #1703, #1854, .T.);
#1856 = ORIENTED_EDGE ('', *, *, #1855, .F.);
#1857 = CARTESIAN_POINT ('', (-5.49499999999987, 8.49999999996811, 3.22942497472077));
#1858 = CARTESIAN_POINT ('', (-6.08078643762678, 8.49999999996811, 3.22942497472077));
#1859 = CARTESIAN_POINT ('', (-6.49499999999987, 8.08578643759502, 3.22942497472077));
#1860 = CARTESIAN_POINT ('', (-6.49499999999987, 7.49999999996812, 3.22942497472077));
#1861 = (
   BOUNDED_CURVE ()
   B_SPLINE_CURVE (3, (#1857, #1858, #1859, #1860), .UNSPECIFIED., .F., .U.)
   B_SPLINE_CURVE_WITH_KNOTS ((4, 4), (0., 1.), .UNSPECIFIED.)
   CURVE ()
   GEOMETRIC_REPRESENTATION_ITEM ()
   RATIONAL_B_SPLINE_CURVE ((1., 0.804737854124365, 0.804737854124365, 1.))
   REPRESENTATION_ITEM ('')
);
#1862 = EDGE_CURVE ('', #1831, #1851, #1861, .T.);
#1863 = ORIENTED_EDGE ('', *, *, #1862, .F.);
#1864 = EDGE_LOOP ('', (#1838, #1845, #1846, #1847, #1848, #1849, #1856, #1863));
#1865 = FACE_OUTER_BOUND ('', #1864, .T.);
#1866 = CARTESIAN_POINT ('', (-1.99499999999986, 45.7279999999712, 3.22675714052078));
#1867 = CARTESIAN_POINT ('', (-1.99499999999986, 7.2719999999681, 3.22675714052078));
#1868 = CARTESIAN_POINT ('', (-6.49499999999992, 45.7279999999712, 3.22675714052078));
#1869 = CARTESIAN_POINT ('', (-6.49499999999992, 7.2719999999681, 3.22675714052078));
#1870 = B_SPLINE_SURFACE_WITH_KNOTS ('', 1, 1, ((#1866, #1867), (#1868, #1869)), .UNSPECIFIED., .F., .F., .U., (2, 2), (2, 2), (0., 1.), (0., 1.), .UNSPECIFIED.);
#1871 = ADVANCED_FACE ('', (#1865), #1870, .T.);
#1872 = ORIENTED_EDGE ('', *, *, #1844, .T.);
#1873 = CARTESIAN_POINT ('', (-2.99500000000161, 8.49999999996811, 4.52942497472077));
#1874 = VERTEX_POINT ('', #1873);
#1875 = CARTESIAN_POINT ('', (-2.99500000000161, 8.49999999996811, 4.52942497472077));
#1876 = CARTESIAN_POINT ('', (-2.99500000000161, 8.49999999996811, 3.22942497472077));
#1877 = B_SPLINE_CURVE_WITH_KNOTS ('', 1, (#1875, #1876), .UNSPECIFIED., .F., .U., (2, 2), (0., 1.), .UNSPECIFIED.);
#1878 = EDGE_CURVE ('', #1874, #1833, #1877, .T.);
#1879 = ORIENTED_EDGE ('', *, *, #1878, .F.);
#1880 = CARTESIAN_POINT ('', (-1.99500000000162, 7.49999999996819, 4.52942497472077));
#1881 = CARTESIAN_POINT ('', (-1.99500000000162, 7.63260824488794, 4.52942497472077));
#1882 = CARTESIAN_POINT ('', (-2.02037348916454, 7.76016938900964, 4.52942497472077));
#1883 = CARTESIAN_POINT ('', (-2.07112046749035, 7.88268343233326, 4.52942497472077));
#1884 = CARTESIAN_POINT ('', (-2.12186744581616, 8.00519747565687, 4.52942497472077));
#1885 = CARTESIAN_POINT ('', (-2.19412502959107, 8.11333859193069, 4.52942497472077));
#1886 = CARTESIAN_POINT ('', (-2.28789321881508, 8.2071067811547, 4.52942497472077));
#1887 = CARTESIAN_POINT ('', (-2.3816614080391, 8.30087497037871, 4.52942497472077));
#1888 = CARTESIAN_POINT ('', (-2.48980252431291, 8.37313255415362, 4.52942497472077));
#1889 = CARTESIAN_POINT ('', (-2.61231656763653, 8.42387953247943, 4.52942497472077));
#1890 = CARTESIAN_POINT ('', (-2.73483061096015, 8.47462651080524, 4.52942497472077));
#1891 = CARTESIAN_POINT ('', (-2.86239175508184, 8.49999999996814, 4.52942497472077));
#1892 = CARTESIAN_POINT ('', (-2.99500000000161, 8.49999999996814, 4.52942497472077));
#1893 = B_SPLINE_CURVE_WITH_KNOTS ('', 3, (#1880, #1881, #1882, #1883, #1884, #1885, #1886, #1887, #1888, #1889, #1890, #1891, #1892), .UNSPECIFIED., .F., .U., (4, 3, 3, 3, 4), (0., 0.25, 0.5, 0.75, 1.), .UNSPECIFIED.);
#1894 = EDGE_CURVE ('', #1797, #1874, #1893, .T.);
#1895 = ORIENTED_EDGE ('', *, *, #1894, .F.);
#1896 = ORIENTED_EDGE ('', *, *, #1801, .T.);
#1897 = EDGE_LOOP ('', (#1872, #1879, #1895, #1896));
#1898 = FACE_OUTER_BOUND ('', #1897, .T.);
#1899 = CARTESIAN_POINT ('', (-2.99500000000161, 8.49999999996814, 4.65942497472077));
#1900 = CARTESIAN_POINT ('', (-2.99500000000161, 8.49999999996814, 3.09942497472077));
#1901 = CARTESIAN_POINT ('', (-2.40921356237473, 8.49999999996814, 4.65942497472077));
#1902 = CARTESIAN_POINT ('', (-2.40921356237473, 8.49999999996814, 3.09942497472077));
#1903 = CARTESIAN_POINT ('', (-1.99500000000165, 8.08578643759507, 4.65942497472077));
#1904 = CARTESIAN_POINT ('', (-1.99500000000165, 8.08578643759507, 3.09942497472077));
#1905 = CARTESIAN_POINT ('', (-1.99500000000163, 7.49999999996819, 4.65942497472077));
#1906 = CARTESIAN_POINT ('', (-1.99500000000163, 7.49999999996819, 3.09942497472077));
#1907 = (
   BOUNDED_SURFACE ()
   B_SPLINE_SURFACE (3, 1, ((#1899, #1900), (#1901, #1902), (#1903, #1904), (#1905, #1906)), .UNSPECIFIED., .F., .F., .U.)
   B_SPLINE_SURFACE_WITH_KNOTS ((4, 4), (2, 2), (0., 1.), (0., 1.), .UNSPECIFIED.)
   GEOMETRIC_REPRESENTATION_ITEM ()
   RATIONAL_B_SPLINE_SURFACE (((1., 1.), (0.804737854124373, 0.804737854124373), (0.804737854124373, 0.804737854124373), (1., 1.)))
   REPRESENTATION_ITEM ('')
   SURFACE ()
);
#1908 = ADVANCED_FACE ('', (#1898), #1907, .T.);
#1909 = ORIENTED_EDGE ('', *, *, #1837, .F.);
#1910 = CARTESIAN_POINT ('', (-5.49499999999987, 8.49999999996811, 4.52942497472077));
#1911 = VERTEX_POINT ('', #1910);
#1912 = CARTESIAN_POINT ('', (-5.49499999999987, 8.49999999996811, 4.52942497472077));
#1913 = CARTESIAN_POINT ('', (-5.49499999999987, 8.49999999996811, 3.22942497472077));
#1914 = B_SPLINE_CURVE_WITH_KNOTS ('', 1, (#1912, #1913), .UNSPECIFIED., .F., .U., (2, 2), (0., 1.), .UNSPECIFIED.);
#1915 = EDGE_CURVE ('', #1911, #1831, #1914, .T.);
#1916 = ORIENTED_EDGE ('', *, *, #1915, .F.);
#1917 = CARTESIAN_POINT ('', (-5.49499999999987, 8.49999999996811, 4.52942497472077));
#1918 = CARTESIAN_POINT ('', (-2.99500000000161, 8.49999999996811, 4.52942497472077));
#1919 = B_SPLINE_CURVE_WITH_KNOTS ('', 1, (#1917, #1918), .UNSPECIFIED., .F., .U., (2, 2), (0., 1.), .UNSPECIFIED.);
#1920 = EDGE_CURVE ('', #1911, #1874, #1919, .T.);
#1921 = ORIENTED_EDGE ('', *, *, #1920, .T.);
#1922 = ORIENTED_EDGE ('', *, *, #1878, .T.);
#1923 = EDGE_LOOP ('', (#1909, #1916, #1921, #1922));
#1924 = FACE_OUTER_BOUND ('', #1923, .T.);
#1925 = CARTESIAN_POINT ('', (-5.49499999999987, 8.49999999996811, 3.22675714052078));
#1926 = CARTESIAN_POINT ('', (-2.99500000000161, 8.49999999996811, 3.22675714052078));
#1927 = CARTESIAN_POINT ('', (-5.49499999999987, 8.49999999996811, 4.52942497472077));
#1928 = CARTESIAN_POINT ('', (-2.99500000000161, 8.49999999996811, 4.52942497472077));
#1929 = B_SPLINE_SURFACE_WITH_KNOTS ('', 1, 1, ((#1925, #1926), (#1927, #1928)), .UNSPECIFIED., .F., .F., .U., (2, 2), (2, 2), (0., 1.), (0., 1.), .UNSPECIFIED.);
#1930 = ADVANCED_FACE ('', (#1924), #1929, .T.);
#1931 = ORIENTED_EDGE ('', *, *, #1862, .T.);
#1932 = CARTESIAN_POINT ('', (-6.49499999999991, 7.49999999996812, 4.52942497472077));
#1933 = VERTEX_POINT ('', #1932);
#1934 = CARTESIAN_POINT ('', (-6.49499999999991, 7.49999999996812, 4.52942497472077));
#1935 = CARTESIAN_POINT ('', (-6.49499999999991, 7.49999999996812, 3.22942497472077));
#1936 = B_SPLINE_CURVE_WITH_KNOTS ('', 1, (#1934, #1935), .UNSPECIFIED., .F., .U., (2, 2), (0., 1.), .UNSPECIFIED.);
#1937 = EDGE_CURVE ('', #1933, #1851, #1936, .T.);
#1938 = ORIENTED_EDGE ('', *, *, #1937, .F.);
#1939 = CARTESIAN_POINT ('', (-5.49499999999987, 8.49999999996814, 4.52942497472077));
#1940 = CARTESIAN_POINT ('', (-5.62760824491961, 8.49999999996814, 4.52942497472077));
#1941 = CARTESIAN_POINT ('', (-5.75516938904133, 8.47462651080521, 4.52942497472077));
#1942 = CARTESIAN_POINT ('', (-5.87768343236496, 8.4238795324794, 4.52942497472077));
#1943 = CARTESIAN_POINT ('', (-6.00019747568859, 8.37313255415359, 4.52942497472077));
#1944 = CARTESIAN_POINT ('', (-6.10833859196241, 8.30087497037868, 4.52942497472077));
#1945 = CARTESIAN_POINT ('', (-6.20210678118642, 8.20710678115466, 4.52942497472077));
#1946 = CARTESIAN_POINT ('', (-6.29587497041044, 8.11333859193065, 4.52942497472077));
#1947 = CARTESIAN_POINT ('', (-6.36813255418535, 8.00519747565682, 4.52942497472077));
#1948 = CARTESIAN_POINT ('', (-6.41887953251116, 7.88268343233321, 4.52942497472077));
#1949 = CARTESIAN_POINT ('', (-6.46962651083696, 7.76016938900959, 4.52942497472077));
#1950 = CARTESIAN_POINT ('', (-6.49499999999987, 7.63260824488789, 4.52942497472077));
#1951 = CARTESIAN_POINT ('', (-6.49499999999987, 7.49999999996812, 4.52942497472077));
#1952 = B_SPLINE_CURVE_WITH_KNOTS ('', 3, (#1939, #1940, #1941, #1942, #1943, #1944, #1945, #1946, #1947, #1948, #1949, #1950, #1951), .UNSPECIFIED., .F., .U., (4, 3, 3, 3, 4), (0., 0.25, 0.5, 0.75, 1.), .UNSPECIFIED.);
#1953 = EDGE_CURVE ('', #1911, #1933, #1952, .T.);
#1954 = ORIENTED_EDGE ('', *, *, #1953, .F.);
#1955 = ORIENTED_EDGE ('', *, *, #1915, .T.);
#1956 = EDGE_LOOP ('', (#1931, #1938, #1954, #1955));
#1957 = FACE_OUTER_BOUND ('', #1956, .T.);
#1958 = CARTESIAN_POINT ('', (-6.49499999999987, 7.49999999996812, 4.65942497472077));
#1959 = CARTESIAN_POINT ('', (-6.49499999999987, 7.49999999996812, 3.09942497472077));
#1960 = CARTESIAN_POINT ('', (-6.49499999999987, 8.08578643759502, 4.65942497472077));
#1961 = CARTESIAN_POINT ('', (-6.49499999999987, 8.08578643759502, 3.09942497472077));
#1962 = CARTESIAN_POINT ('', (-6.08078643762678, 8.49999999996811, 4.65942497472077));
#1963 = CARTESIAN_POINT ('', (-6.08078643762678, 8.49999999996811, 3.09942497472077));
#1964 = CARTESIAN_POINT ('', (-5.49499999999987, 8.49999999996811, 4.65942497472077));
#1965 = CARTESIAN_POINT ('', (-5.49499999999987, 8.49999999996811, 3.09942497472077));
#1966 = (
   BOUNDED_SURFACE ()
   B_SPLINE_SURFACE (3, 1, ((#1958, #1959), (#1960, #1961), (#1962, #1963), (#1964, #1965)), .UNSPECIFIED., .F., .F., .U.)
   B_SPLINE_SURFACE_WITH_KNOTS ((4, 4), (2, 2), (0., 1.), (0., 1.), .UNSPECIFIED.)
   GEOMETRIC_REPRESENTATION_ITEM ()
   RATIONAL_B_SPLINE_SURFACE (((1., 1.), (0.804737854124365, 0.804737854124365), (0.804737854124365, 0.804737854124365), (1., 1.)))
   REPRESENTATION_ITEM ('')
   SURFACE ()
);
#1967 = ADVANCED_FACE ('', (#1957), #1966, .T.);
#1968 = CARTESIAN_POINT ('', (-6.49499999999997, 141.499999999968, -2.17077142648074));
#1969 = VERTEX_POINT ('', #1968);
#1970 = CARTESIAN_POINT ('', (-6.49499999999991, -3.53621407955042, -2.17077142648074));
#1971 = VERTEX_POINT ('', #1970);
#1972 = CARTESIAN_POINT ('', (-6.49499999999997, 141.499999999968, -2.17077142648074));
#1973 = CARTESIAN_POINT ('', (-6.4949999999999, -3.5362140795504, -2.17077142648074));
#1974 = B_SPLINE_CURVE_WITH_KNOTS ('', 1, (#1972, #1973), .UNSPECIFIED., .F., .U., (2, 2), (0., 1.), .UNSPECIFIED.);
#1975 = EDGE_CURVE ('', #1969, #1971, #1974, .T.);
#1976 = ORIENTED_EDGE ('', *, *, #1975, .T.);
#1977 = CARTESIAN_POINT ('', (-6.49499999999991, -3.53621407955042, 4.52942497472077));
#1978 = VERTEX_POINT ('', #1977);
#1979 = CARTESIAN_POINT ('', (-6.49499999999991, -3.53621407955042, 4.52942497472077));
#1980 = CARTESIAN_POINT ('', (-6.49499999999991, -3.53621407955042, -2.17077142648073));
#1981 = B_SPLINE_CURVE_WITH_KNOTS ('', 1, (#1979, #1980), .UNSPECIFIED., .F., .U., (2, 2), (0., 1.), .UNSPECIFIED.);
#1982 = EDGE_CURVE ('', #1978, #1971, #1981, .T.);
#1983 = ORIENTED_EDGE ('', *, *, #1982, .F.);
#1984 = CARTESIAN_POINT ('', (-6.4949999999999, -3.53621407955041, 4.52942497472077));
#1985 = CARTESIAN_POINT ('', (-6.49499999999991, 7.49999999996812, 4.52942497472077));
#1986 = B_SPLINE_CURVE_WITH_KNOTS ('', 1, (#1984, #1985), .UNSPECIFIED., .F., .U., (2, 2), (0., 1.), .UNSPECIFIED.);
#1987 = EDGE_CURVE ('', #1978, #1933, #1986, .T.);
#1988 = ORIENTED_EDGE ('', *, *, #1987, .T.);
#1989 = ORIENTED_EDGE ('', *, *, #1937, .T.);
#1990 = ORIENTED_EDGE ('', *, *, #1855, .T.);
#1991 = ORIENTED_EDGE ('', *, *, #1722, .T.);
#1992 = ORIENTED_EDGE ('', *, *, #1288, .T.);
#1993 = CARTESIAN_POINT ('', (-6.49499999999997, 141.499999999968, 4.52942497472077));
#1994 = CARTESIAN_POINT ('', (-6.49499999999997, 141.499999999968, -2.17077142648074));
#1995 = B_SPLINE_CURVE_WITH_KNOTS ('', 1, (#1993, #1994), .UNSPECIFIED., .F., .U., (2, 2), (0., 1.), .UNSPECIFIED.);
#1996 = EDGE_CURVE ('', #1284, #1969, #1995, .T.);
#1997 = ORIENTED_EDGE ('', *, *, #1996, .T.);
#1998 = EDGE_LOOP ('', (#1976, #1983, #1988, #1989, #1990, #1991, #1992, #1997));
#1999 = FACE_OUTER_BOUND ('', #1998, .T.);
#2000 = CARTESIAN_POINT ('', (-6.4949999999999, -3.53621407955041, 4.52942497472077));
#2001 = CARTESIAN_POINT ('', (-6.4949999999999, -3.53621407955041, -2.17077142648073));
#2002 = CARTESIAN_POINT ('', (-6.49499999999997, 141.499999999968, 4.52942497472077));
#2003 = CARTESIAN_POINT ('', (-6.49499999999997, 141.499999999968, -2.17077142648073));
#2004 = B_SPLINE_SURFACE_WITH_KNOTS ('', 1, 1, ((#2000, #2001), (#2002, #2003)), .UNSPECIFIED., .F., .F., .U., (2, 2), (2, 2), (0., 1.), (0., 1.), .UNSPECIFIED.);
#2005 = ADVANCED_FACE ('', (#1999), #2004, .T.);
#2006 = CARTESIAN_POINT ('', (-3.49499999999992, -6.53621407955041, -2.17077142648074));
#2007 = VERTEX_POINT ('', #2006);
#2008 = CARTESIAN_POINT ('', (-3.49499999999992, -6.53621407955041, -2.17077142648073));
#2009 = CARTESIAN_POINT ('', (-3.89282473475925, -6.53621407955041, -2.17077142648073));
#2010 = CARTESIAN_POINT ('', (-4.27550816712434, -6.4600936120617, -2.17077142648073));
#2011 = CARTESIAN_POINT ('', (-4.6430502970952, -6.30785267708427, -2.17077142648073));
#2012 = CARTESIAN_POINT ('', (-5.01059242706606, -6.15561174210684, -2.17077142648073));
#2013 = CARTESIAN_POINT ('', (-5.33501577588752, -5.9388389907821, -2.17077142648073));
#2014 = CARTESIAN_POINT ('', (-5.61632034355957, -5.65753442311005, -2.17077142648073));
#2015 = CARTESIAN_POINT ('', (-5.89762491123162, -5.37622985543799, -2.17077142648073));
#2016 = CARTESIAN_POINT ('', (-6.11439766255638, -5.05180650661651, -2.17077142648073));
#2017 = CARTESIAN_POINT ('', (-6.26663859753379, -4.68426437664565, -2.17077142648073));
#2018 = CARTESIAN_POINT ('', (-6.41887953251121, -4.3167222466748, -2.17077142648073));
#2019 = CARTESIAN_POINT ('', (-6.49499999999992, -3.93403881430971, -2.17077142648073));
#2020 = CARTESIAN_POINT ('', (-6.49499999999992, -3.53621407955039, -2.17077142648073));
#2021 = B_SPLINE_CURVE_WITH_KNOTS ('', 3, (#2008, #2009, #2010, #2011, #2012, #2013, #2014, #2015, #2016, #2017, #2018, #2019, #2020), .UNSPECIFIED., .F., .U., (4, 3, 3, 3, 4), (0., 0.25, 0.5, 0.75, 1.), .UNSPECIFIED.);
#2022 = EDGE_CURVE ('', #2007, #1971, #2021, .T.);
#2023 = ORIENTED_EDGE ('', *, *, #2022, .F.);
#2024 = CARTESIAN_POINT ('', (-3.49499999999992, -6.53621407955041, 4.52942497472077));
#2025 = VERTEX_POINT ('', #2024);
#2026 = CARTESIAN_POINT ('', (-3.49499999999992, -6.53621407955041, -2.17077142648073));
#2027 = CARTESIAN_POINT ('', (-3.49499999999992, -6.53621407955041, 4.52942497472077));
#2028 = B_SPLINE_CURVE_WITH_KNOTS ('', 1, (#2026, #2027), .UNSPECIFIED., .F., .U., (2, 2), (0., 1.), .UNSPECIFIED.);
#2029 = EDGE_CURVE ('', #2007, #2025, #2028, .T.);
#2030 = ORIENTED_EDGE ('', *, *, #2029, .T.);
#2031 = CARTESIAN_POINT ('', (-6.49499999999987, -3.53621407955042, 4.52942497472077));
#2032 = CARTESIAN_POINT ('', (-6.49499999999987, -3.93403881430971, 4.52942497472077));
#2033 = CARTESIAN_POINT ('', (-6.41887953251114, -4.31672224667482, 4.52942497472077));
#2034 = CARTESIAN_POINT ('', (-6.26663859753372, -4.68426437664568, 4.52942497472077));
#2035 = CARTESIAN_POINT ('', (-6.11439766255629, -5.05180650661654, 4.52942497472077));
#2036 = CARTESIAN_POINT ('', (-5.89762491123155, -5.376229855438, 4.52942497472077));
#2037 = CARTESIAN_POINT ('', (-5.61632034355949, -5.65753442311005, 4.52942497472077));
#2038 = CARTESIAN_POINT ('', (-5.33501577588744, -5.9388389907821, 4.52942497472077));
#2039 = CARTESIAN_POINT ('', (-5.01059242706604, -6.15561174210682, 4.52942497472077));
#2040 = CARTESIAN_POINT ('', (-4.64305029709512, -6.30785267708427, 4.52942497472077));
#2041 = CARTESIAN_POINT ('', (-4.2755081671242, -6.46009361206172, 4.52942497472077));
#2042 = CARTESIAN_POINT ('', (-3.89282473475911, -6.53621407955044, 4.52942497472077));
#2043 = CARTESIAN_POINT ('', (-3.49499999999985, -6.53621407955044, 4.52942497472077));
#2044 = B_SPLINE_CURVE_WITH_KNOTS ('', 3, (#2031, #2032, #2033, #2034, #2035, #2036, #2037, #2038, #2039, #2040, #2041, #2042, #2043), .UNSPECIFIED., .F., .U., (4, 3, 3, 3, 4), (0., 0.25, 0.5, 0.75, 1.), .UNSPECIFIED.);
#2045 = EDGE_CURVE ('', #1978, #2025, #2044, .T.);
#2046 = ORIENTED_EDGE ('', *, *, #2045, .F.);
#2047 = ORIENTED_EDGE ('', *, *, #1982, .T.);
#2048 = EDGE_LOOP ('', (#2023, #2030, #2046, #2047));
#2049 = FACE_OUTER_BOUND ('', #2048, .T.);
#2050 = CARTESIAN_POINT ('', (-3.49499999999992, -6.53621407955041, 5.19944461484093));
#2051 = CARTESIAN_POINT ('', (-3.49499999999992, -6.53621407955041, -2.84079106660089));
#2052 = CARTESIAN_POINT ('', (-5.25235931288063, -6.53621407955041, 5.19944461484093));
#2053 = CARTESIAN_POINT ('', (-5.25235931288063, -6.53621407955041, -2.84079106660088));
#2054 = CARTESIAN_POINT ('', (-6.49499999999991, -5.29357339243113, 5.19944461484093));
#2055 = CARTESIAN_POINT ('', (-6.49499999999991, -5.29357339243113, -2.84079106660088));
#2056 = CARTESIAN_POINT ('', (-6.49499999999991, -3.53621407955042, 5.19944461484093));
#2057 = CARTESIAN_POINT ('', (-6.49499999999991, -3.53621407955042, -2.84079106660089));
#2058 = (
   BOUNDED_SURFACE ()
   B_SPLINE_SURFACE (3, 1, ((#2050, #2051), (#2052, #2053), (#2054, #2055), (#2056, #2057)), .UNSPECIFIED., .F., .F., .U.)
   B_SPLINE_SURFACE_WITH_KNOTS ((4, 4), (2, 2), (0., 1.), (0., 1.), .UNSPECIFIED.)
   GEOMETRIC_REPRESENTATION_ITEM ()
   RATIONAL_B_SPLINE_SURFACE (((1., 1.), (0.804737854124365, 0.804737854124365), (0.804737854124365, 0.804737854124365), (1., 1.)))
   REPRESENTATION_ITEM ('')
   SURFACE ()
);
#2059 = ADVANCED_FACE ('', (#2049), #2058, .T.);
#2060 = CARTESIAN_POINT ('', (17.5041242161786, -6.53621407955041, -2.17077142648074));
#2061 = VERTEX_POINT ('', #2060);
#2062 = CARTESIAN_POINT ('', (17.5041242161788, -6.5362140795504, -2.17077142648073));
#2063 = CARTESIAN_POINT ('', (-3.49499999999992, -6.5362140795504, -2.17077142648073));
#2064 = B_SPLINE_CURVE_WITH_KNOTS ('', 1, (#2062, #2063), .UNSPECIFIED., .F., .U., (2, 2), (0., 1.), .UNSPECIFIED.);
#2065 = EDGE_CURVE ('', #2061, #2007, #2064, .T.);
#2066 = ORIENTED_EDGE ('', *, *, #2065, .F.);
#2067 = CARTESIAN_POINT ('', (17.5041242161786, -6.53621407955044, 4.52942497472077));
#2068 = VERTEX_POINT ('', #2067);
#2069 = CARTESIAN_POINT ('', (17.5041242161786, -6.53621407955041, -2.17077142648074));
#2070 = CARTESIAN_POINT ('', (17.5041242161786, -6.53621407955041, 4.52942497472077));
#2071 = B_SPLINE_CURVE_WITH_KNOTS ('', 1, (#2069, #2070), .UNSPECIFIED., .F., .U., (2, 2), (0., 1.), .UNSPECIFIED.);
#2072 = EDGE_CURVE ('', #2061, #2068, #2071, .T.);
#2073 = ORIENTED_EDGE ('', *, *, #2072, .T.);
#2074 = CARTESIAN_POINT ('', (-3.49499999999985, -6.53621407955044, 4.52942497472077));
#2075 = CARTESIAN_POINT ('', (17.5041242161786, -6.53621407955044, 4.52942497472077));
#2076 = B_SPLINE_CURVE_WITH_KNOTS ('', 1, (#2074, #2075), .UNSPECIFIED., .F., .U., (2, 2), (0., 1.), .UNSPECIFIED.);
#2077 = EDGE_CURVE ('', #2025, #2068, #2076, .T.);
#2078 = ORIENTED_EDGE ('', *, *, #2077, .F.);
#2079 = ORIENTED_EDGE ('', *, *, #2029, .F.);
#2080 = EDGE_LOOP ('', (#2066, #2073, #2078, #2079));
#2081 = FACE_OUTER_BOUND ('', #2080, .T.);
#2082 = CARTESIAN_POINT ('', (17.5041242161786, -6.53621407955041, 4.52942497472077));
#2083 = CARTESIAN_POINT ('', (17.5041242161786, -6.53621407955041, -2.17077142648073));
#2084 = CARTESIAN_POINT ('', (-3.49499999999985, -6.53621407955039, 4.52942497472077));
#2085 = CARTESIAN_POINT ('', (-3.49499999999985, -6.53621407955039, -2.17077142648073));
#2086 = B_SPLINE_SURFACE_WITH_KNOTS ('', 1, 1, ((#2082, #2083), (#2084, #2085)), .UNSPECIFIED., .F., .F., .U., (2, 2), (2, 2), (0., 1.), (0., 1.), .UNSPECIFIED.);
#2087 = ADVANCED_FACE ('', (#2081), #2086, .T.);
#2088 = CARTESIAN_POINT ('', (18.2680150728634, -6.43732951315068, -2.17077142648074));
#2089 = VERTEX_POINT ('', #2088);
#2090 = CARTESIAN_POINT ('', (18.2680150728636, -6.43732951315062, -2.17077142648073));
#2091 = CARTESIAN_POINT ('', (18.017651608662, -6.50325255741715, -2.17077142648073));
#2092 = CARTESIAN_POINT ('', (17.7630213231004, -6.53621407955041, -2.17077142648073));
#2093 = CARTESIAN_POINT ('', (17.5041242161788, -6.53621407955041, -2.17077142648073));
#2094 = B_SPLINE_CURVE_WITH_KNOTS ('', 3, (#2090, #2091, #2092, #2093), .UNSPECIFIED., .F., .U., (4, 4), (0., 1.), .UNSPECIFIED.);
#2095 = EDGE_CURVE ('', #2089, #2061, #2094, .T.);
#2096 = ORIENTED_EDGE ('', *, *, #2095, .F.);
#2097 = CARTESIAN_POINT ('', (18.2680150728634, -6.43732951315069, 4.52942497472077));
#2098 = VERTEX_POINT ('', #2097);
#2099 = CARTESIAN_POINT ('', (18.2680150728634, -6.43732951315068, 4.52942497472077));
#2100 = CARTESIAN_POINT ('', (18.2680150728634, -6.43732951315068, -2.17077142648074));
#2101 = B_SPLINE_CURVE_WITH_KNOTS ('', 1, (#2099, #2100), .UNSPECIFIED., .F., .U., (2, 2), (0., 1.), .UNSPECIFIED.);
#2102 = EDGE_CURVE ('', #2098, #2089, #2101, .T.);
#2103 = ORIENTED_EDGE ('', *, *, #2102, .F.);
#2104 = CARTESIAN_POINT ('', (17.5041242161786, -6.53621407955044, 4.52942497472077));
#2105 = CARTESIAN_POINT ('', (17.7630213231002, -6.53621407955044, 4.52942497472077));
#2106 = CARTESIAN_POINT ('', (18.0176516086618, -6.50325255741718, 4.52942497472077));
#2107 = CARTESIAN_POINT ('', (18.2680150728634, -6.43732951315066, 4.52942497472077));
#2108 = B_SPLINE_CURVE_WITH_KNOTS ('', 3, (#2104, #2105, #2106, #2107), .UNSPECIFIED., .F., .U., (4, 4), (0., 1.), .UNSPECIFIED.);
#2109 = EDGE_CURVE ('', #2068, #2098, #2108, .T.);
#2110 = ORIENTED_EDGE ('', *, *, #2109, .F.);
#2111 = ORIENTED_EDGE ('', *, *, #2072, .F.);
#2112 = EDGE_LOOP ('', (#2096, #2103, #2110, #2111));
#2113 = FACE_OUTER_BOUND ('', #2112, .T.);
#2114 = CARTESIAN_POINT ('', (18.2680150728636, -6.43732951315063, 5.19944461484093));
#2115 = CARTESIAN_POINT ('', (18.2680150728636, -6.43732951315063, -2.84079106660089));
#2116 = CARTESIAN_POINT ('', (18.0183459929427, -6.50306971953455, 5.19944461484093));
#2117 = CARTESIAN_POINT ('', (18.0183459929427, -6.50306971953455, -2.84079106660089));
#2118 = CARTESIAN_POINT ('', (17.7623032707203, -6.5362140795504, 5.19944461484093));
#2119 = CARTESIAN_POINT ('', (17.7623032707203, -6.5362140795504, -2.84079106660089));
#2120 = CARTESIAN_POINT ('', (17.5041242161788, -6.5362140795504, 5.19944461484093));
#2121 = CARTESIAN_POINT ('', (17.5041242161788, -6.5362140795504, -2.84079106660089));
#2122 = (
   BOUNDED_SURFACE ()
   B_SPLINE_SURFACE (3, 1, ((#2114, #2115), (#2116, #2117), (#2118, #2119), (#2120, #2121)), .UNSPECIFIED., .F., .F., .U.)
   B_SPLINE_SURFACE_WITH_KNOTS ((4, 4), (2, 2), (0., 1.), (0., 1.), .UNSPECIFIED.)
   GEOMETRIC_REPRESENTATION_ITEM ()
   RATIONAL_B_SPLINE_SURFACE (((1., 1.), (0.994483589892434, 0.994483589892434), (0.994483589892434, 0.994483589892434), (1., 1.)))
   REPRESENTATION_ITEM ('')
   SURFACE ()
);
#2123 = ADVANCED_FACE ('', (#2113), #2122, .T.);
#2124 = CARTESIAN_POINT ('', (148.128890856683, 27.756254962469, -2.17077142648073));
#2125 = VERTEX_POINT ('', #2124);
#2126 = CARTESIAN_POINT ('', (18.2680150728634, -6.43732951315068, -2.17077142648074));
#2127 = CARTESIAN_POINT ('', (148.128890856683, 27.756254962469, -2.17077142648074));
#2128 = B_SPLINE_CURVE_WITH_KNOTS ('', 1, (#2126, #2127), .UNSPECIFIED., .F., .U., (2, 2), (0., 1.), .UNSPECIFIED.);
#2129 = EDGE_CURVE ('', #2089, #2125, #2128, .T.);
#2130 = ORIENTED_EDGE ('', *, *, #2129, .T.);
#2131 = CARTESIAN_POINT ('', (148.128883950655, 27.756253144056, 3.22942497472077));
#2132 = VERTEX_POINT ('', #2131);
#2133 = CARTESIAN_POINT ('', (148.128890856683, 27.756254962469, 3.22675714052077));
#2134 = CARTESIAN_POINT ('', (148.128890856683, 27.756254962469, -2.17077142648073));
#2135 = (
   BOUNDED_CURVE ()
   B_SPLINE_CURVE (1, (#2133, #2134), .UNSPECIFIED., .F., .U.)
   B_SPLINE_CURVE_WITH_KNOTS ((2, 2), (0., 1.), .UNSPECIFIED.)
   CURVE ()
   GEOMETRIC_REPRESENTATION_ITEM ()
   RATIONAL_B_SPLINE_CURVE ((0.999999183822371, 0.999999183822371))
   REPRESENTATION_ITEM ('')
);
#2136 = EDGE_CURVE ('', #2132, #2125, #2135, .T.);
#2137 = ORIENTED_EDGE ('', *, *, #2136, .F.);
#2138 = CARTESIAN_POINT ('', (128.60698059669, 22.6159532082151, 3.22675714052077));
#2139 = VERTEX_POINT ('', #2138);
#2140 = CARTESIAN_POINT ('', (128.606961515509, 22.6160176719888, 3.22942497472077));
#2141 = CARTESIAN_POINT ('', (148.128882192187, 27.756259822452, 3.22942497472077));
#2142 = B_SPLINE_CURVE_WITH_KNOTS ('', 1, (#2140, #2141), .UNSPECIFIED., .F., .U., (2, 2), (0., 1.), .UNSPECIFIED.);
#2143 = EDGE_CURVE ('', #2139, #2132, #2142, .T.);
#2144 = ORIENTED_EDGE ('', *, *, #2143, .F.);
#2145 = CARTESIAN_POINT ('', (58.0130967968661, 4.02792263625328, 3.22675714052077));
#2146 = VERTEX_POINT ('', #2145);
#2147 = CARTESIAN_POINT ('', (128.60698059669, 22.6159532082151, 3.22675714052077));
#2148 = CARTESIAN_POINT ('', (58.0130967968661, 4.02792263625328, 3.22675714052077));
#2149 = B_SPLINE_CURVE_WITH_KNOTS ('', 1, (#2147, #2148), .UNSPECIFIED., .F., .U., (2, 2), (0., 1.), .UNSPECIFIED.);
#2150 = EDGE_CURVE ('', #2139, #2146, #2149, .T.);
#2151 = ORIENTED_EDGE ('', *, *, #2150, .T.);
#2152 = CARTESIAN_POINT ('', (58.0130967968662, 4.02792263625329, 4.52942497472077));
#2153 = VERTEX_POINT ('', #2152);
#2154 = CARTESIAN_POINT ('', (58.0130967968662, 4.02792263625329, 3.22942497472077));
#2155 = CARTESIAN_POINT ('', (58.0130967968662, 4.02792263625329, 4.52942497472077));
#2156 = B_SPLINE_CURVE_WITH_KNOTS ('', 1, (#2154, #2155), .UNSPECIFIED., .F., .U., (2, 2), (0., 1.), .UNSPECIFIED.);
#2157 = EDGE_CURVE ('', #2146, #2153, #2156, .T.);
#2158 = ORIENTED_EDGE ('', *, *, #2157, .T.);
#2159 = CARTESIAN_POINT ('', (58.0130967968662, 4.02792263625328, 4.52942497472077));
#2160 = CARTESIAN_POINT ('', (18.2680150728634, -6.43732951315069, 4.52942497472077));
#2161 = B_SPLINE_CURVE_WITH_KNOTS ('', 1, (#2159, #2160), .UNSPECIFIED., .F., .U., (2, 2), (0., 1.), .UNSPECIFIED.);
#2162 = EDGE_CURVE ('', #2153, #2098, #2161, .T.);
#2163 = ORIENTED_EDGE ('', *, *, #2162, .T.);
#2164 = ORIENTED_EDGE ('', *, *, #2102, .T.);
#2165 = EDGE_LOOP ('', (#2130, #2137, #2144, #2151, #2158, #2163, #2164));
#2166 = FACE_OUTER_BOUND ('', #2165, .T.);
#2167 = CARTESIAN_POINT ('', (148.128890856683, 27.756254962469, 4.52942497472077));
#2168 = CARTESIAN_POINT ('', (148.128890856683, 27.756254962469, -2.17077142648074));
#2169 = CARTESIAN_POINT ('', (18.2680150728634, -6.43732951315067, 4.52942497472077));
#2170 = CARTESIAN_POINT ('', (18.2680150728634, -6.43732951315067, -2.17077142648074));
#2171 = B_SPLINE_SURFACE_WITH_KNOTS ('', 1, 1, ((#2167, #2168), (#2169, #2170)), .UNSPECIFIED., .F., .F., .U., (2, 2), (2, 2), (0., 1.), (0., 1.), .UNSPECIFIED.);
#2172 = ADVANCED_FACE ('', (#2166), #2171, .T.);
#2173 = CARTESIAN_POINT ('', (150.364999999998, 30.6573703960693, -2.17077142648073));
#2174 = CARTESIAN_POINT ('', (150.364999999998, 30.3260559205815, -2.17077142648073));
#2175 = CARTESIAN_POINT ('', (150.311581292453, 30.0035906406295, -2.17077142648073));
#2176 = CARTESIAN_POINT ('', (150.204743877363, 29.6899745562134, -2.17077142648073));
#2177 = CARTESIAN_POINT ('', (150.097906462272, 29.3763584717972, -2.17077142648073));
#2178 = CARTESIAN_POINT ('', (149.943357456268, 29.0883445488117, -2.17077142648073));
#2179 = CARTESIAN_POINT ('', (149.741096859351, 28.8259327872568, -2.17077142648073));
#2180 = CARTESIAN_POINT ('', (149.538836262434, 28.5635210257018, -2.17077142648073));
#2181 = CARTESIAN_POINT ('', (149.299668574277, 28.3407291227245, -2.17077142648073));
#2182 = CARTESIAN_POINT ('', (149.023593794882, 28.1575570783248, -2.17077142648073));
#2183 = CARTESIAN_POINT ('', (148.747519015487, 27.9743850339251, -2.17077142648073));
#2184 = CARTESIAN_POINT ('', (148.449284702754, 27.8406176619732, -2.17077142648073));
#2185 = CARTESIAN_POINT ('', (148.128890856683, 27.756254962469, -2.17077142648073));
#2186 = B_SPLINE_CURVE_WITH_KNOTS ('', 3, (#2173, #2174, #2175, #2176, #2177, #2178, #2179, #2180, #2181, #2182, #2183, #2184, #2185), .UNSPECIFIED., .F., .U., (4, 3, 3, 3, 4), (0., 0.25, 0.5, 0.75, 1.), .UNSPECIFIED.);
#2187 = EDGE_CURVE ('', #130, #2125, #2186, .T.);
#2188 = ORIENTED_EDGE ('', *, *, #2187, .F.);
#2189 = ORIENTED_EDGE ('', *, *, #173, .T.);
#2190 = CARTESIAN_POINT ('', (148.128883950655, 27.756253144056, 4.52942497472077));
#2191 = VERTEX_POINT ('', #2190);
#2192 = CARTESIAN_POINT ('', (148.128882192187, 27.756259822452, 4.52942497472077));
#2193 = CARTESIAN_POINT ('', (148.449277032071, 27.8406217604005, 4.52942497472077));
#2194 = CARTESIAN_POINT ('', (148.747512366478, 27.9743886544388, 4.52942497472077));
#2195 = CARTESIAN_POINT ('', (149.023588195408, 28.157560504567, 4.52942497472077));
#2196 = CARTESIAN_POINT ('', (149.299664024337, 28.3407323546951, 4.52942497472077));
#2197 = CARTESIAN_POINT ('', (149.538832667354, 28.5635243133184, 4.52942497472077));
#2198 = CARTESIAN_POINT ('', (149.741094124456, 28.8259363804368, 4.52942497472077));
#2199 = CARTESIAN_POINT ('', (149.943355581559, 29.0883484475551, 4.52942497472077));
#2200 = CARTESIAN_POINT ('', (150.097905258424, 29.3763628465168, 4.52942497472077));
#2201 = CARTESIAN_POINT ('', (150.204743155054, 29.6899795773256, 4.52942497472077));
#2202 = CARTESIAN_POINT ('', (150.311581051684, 30.0035963081344, 4.52942497472077));
#2203 = CARTESIAN_POINT ('', (150.364999999999, 30.3260622948529, 4.52942497472077));
#2204 = CARTESIAN_POINT ('', (150.364999999999, 30.657377537481, 4.52942497472077));
#2205 = B_SPLINE_CURVE_WITH_KNOTS ('', 3, (#2192, #2193, #2194, #2195, #2196, #2197, #2198, #2199, #2200, #2201, #2202, #2203, #2204), .UNSPECIFIED., .F., .U., (4, 3, 3, 3, 4), (0., 0.25, 0.5, 0.75, 1.), .UNSPECIFIED.);
#2206 = EDGE_CURVE ('', #2191, #164, #2205, .T.);
#2207 = ORIENTED_EDGE ('', *, *, #2206, .F.);
#2208 = CARTESIAN_POINT ('', (148.128883950655, 27.756253144056, 4.52942497472077));
#2209 = CARTESIAN_POINT ('', (148.128883950655, 27.756253144056, 3.22942497472077));
#2210 = B_SPLINE_CURVE_WITH_KNOTS ('', 1, (#2208, #2209), .UNSPECIFIED., .F., .U., (2, 2), (0., 1.), .UNSPECIFIED.);
#2211 = EDGE_CURVE ('', #2191, #2132, #2210, .T.);
#2212 = ORIENTED_EDGE ('', *, *, #2211, .T.);
#2213 = ORIENTED_EDGE ('', *, *, #2136, .T.);
#2214 = EDGE_LOOP ('', (#2188, #2189, #2207, #2212, #2213));
#2215 = FACE_OUTER_BOUND ('', #2214, .T.);
#2216 = CARTESIAN_POINT ('', (150.364906802259, 30.6810173355658, 5.19944461484093));
#2217 = CARTESIAN_POINT ('', (150.364906802259, 30.6810173355658, -2.84079106660089));
#2218 = CARTESIAN_POINT ('', (150.376157943501, 29.2536708854891, 5.19944461484092));
#2219 = CARTESIAN_POINT ('', (150.376157943501, 29.2536708854891, -2.84079106660089));
#2220 = CARTESIAN_POINT ('', (149.5092266359, 28.1197067834886, 5.19944461484092));
#2221 = CARTESIAN_POINT ('', (149.5092266359, 28.1197067834886, -2.84079106660089));
#2222 = CARTESIAN_POINT ('', (148.128883950655, 27.756253144056, 5.19944461484093));
#2223 = CARTESIAN_POINT ('', (148.128883950655, 27.756253144056, -2.84079106660089));
#2224 = (
   BOUNDED_SURFACE ()
   B_SPLINE_SURFACE (3, 1, ((#2216, #2217), (#2218, #2219), (#2220, #2221), (#2222, #2223)), .UNSPECIFIED., .F., .F., .U.)
   B_SPLINE_SURFACE_WITH_KNOTS ((4, 4), (2, 2), (0., 1.), (0., 1.), .UNSPECIFIED.)
   GEOMETRIC_REPRESENTATION_ITEM ()
   RATIONAL_B_SPLINE_SURFACE (((1., 1.), (0.859746261323444, 0.859746261323444), (0.859746261323444, 0.859746261323444), (1., 1.)))
   REPRESENTATION_ITEM ('')
   SURFACE ()
);
#2225 = ADVANCED_FACE ('', (#2215), #2224, .T.);
#2226 = CARTESIAN_POINT ('', (146.864999999998, 48.5000000000246, 4.52942497472077));
#2227 = VERTEX_POINT ('', #2226);
#2228 = CARTESIAN_POINT ('', (145.864999999998, 47.5000000000246, 4.52942497472077));
#2229 = VERTEX_POINT ('', #2228);
#2230 = CARTESIAN_POINT ('', (146.864999999998, 48.5000000000246, 4.52942497472077));
#2231 = CARTESIAN_POINT ('', (146.732391755079, 48.5000000000246, 4.52942497472077));
#2232 = CARTESIAN_POINT ('', (146.604830610957, 48.4746265108617, 4.52942497472077));
#2233 = CARTESIAN_POINT ('', (146.482316567633, 48.4238795325359, 4.52942497472077));
#2234 = CARTESIAN_POINT ('', (146.35980252431, 48.3731325542101, 4.52942497472077));
#2235 = CARTESIAN_POINT ('', (146.251661408036, 48.3008749704351, 4.52942497472077));
#2236 = CARTESIAN_POINT ('', (146.157893218812, 48.2071067812111, 4.52942497472077));
#2237 = CARTESIAN_POINT ('', (146.064125029588, 48.1133385919871, 4.52942497472077));
#2238 = CARTESIAN_POINT ('', (145.991867445813, 48.0051974757133, 4.52942497472077));
#2239 = CARTESIAN_POINT ('', (145.941120467487, 47.8826834323897, 4.52942497472077));
#2240 = CARTESIAN_POINT ('', (145.890373489161, 47.7601693890661, 4.52942497472077));
#2241 = CARTESIAN_POINT ('', (145.864999999998, 47.6326082449444, 4.52942497472077));
#2242 = CARTESIAN_POINT ('', (145.864999999998, 47.5000000000246, 4.52942497472077));
#2243 = B_SPLINE_CURVE_WITH_KNOTS ('', 3, (#2230, #2231, #2232, #2233, #2234, #2235, #2236, #2237, #2238, #2239, #2240, #2241, #2242), .UNSPECIFIED., .F., .U., (4, 3, 3, 3, 4), (0., 0.25, 0.5, 0.75, 1.), .UNSPECIFIED.);
#2244 = EDGE_CURVE ('', #2227, #2229, #2243, .T.);
#2245 = ORIENTED_EDGE ('', *, *, #2244, .T.);
#2246 = CARTESIAN_POINT ('', (145.864999999998, 34.125860835428, 4.52942497472077));
#2247 = VERTEX_POINT ('', #2246);
#2248 = CARTESIAN_POINT ('', (145.864999999998, 34.125860835428, 4.52942497472077));
#2249 = CARTESIAN_POINT ('', (145.864999999998, 47.5000000000246, 4.52942497472077));
#2250 = B_SPLINE_CURVE_WITH_KNOTS ('', 1, (#2248, #2249), .UNSPECIFIED., .F., .U., (2, 2), (0., 1.), .UNSPECIFIED.);
#2251 = EDGE_CURVE ('', #2247, #2229, #2250, .T.);
#2252 = ORIENTED_EDGE ('', *, *, #2251, .F.);
#2253 = CARTESIAN_POINT ('', (143.628890856683, 31.2247454018279, 4.52942497472077));
#2254 = VERTEX_POINT ('', #2253);
#2255 = CARTESIAN_POINT ('', (145.864999999998, 34.125860835428, 4.52942497472077));
#2256 = CARTESIAN_POINT ('', (145.864999999998, 33.7945463599403, 4.52942497472077));
#2257 = CARTESIAN_POINT ('', (145.811581292453, 33.4720810799883, 4.52942497472077));
#2258 = CARTESIAN_POINT ('', (145.704743877363, 33.1584649955721, 4.52942497472077));
#2259 = CARTESIAN_POINT ('', (145.597906462272, 32.8448489111559, 4.52942497472077));
#2260 = CARTESIAN_POINT ('', (145.443357456268, 32.5568349881704, 4.52942497472077));
#2261 = CARTESIAN_POINT ('', (145.241096859351, 32.2944232266155, 4.52942497472077));
#2262 = CARTESIAN_POINT ('', (145.038836262434, 32.0320114650607, 4.52942497472077));
#2263 = CARTESIAN_POINT ('', (144.799668574277, 31.8092195620834, 4.52942497472077));
#2264 = CARTESIAN_POINT ('', (144.523593794882, 31.6260475176836, 4.52942497472077));
#2265 = CARTESIAN_POINT ('', (144.247519015487, 31.4428754732839, 4.52942497472077));
#2266 = CARTESIAN_POINT ('', (143.949284702754, 31.3091081013319, 4.52942497472077));
#2267 = CARTESIAN_POINT ('', (143.628890856683, 31.2247454018278, 4.52942497472077));
#2268 = B_SPLINE_CURVE_WITH_KNOTS ('', 3, (#2255, #2256, #2257, #2258, #2259, #2260, #2261, #2262, #2263, #2264, #2265, #2266, #2267), .UNSPECIFIED., .F., .U., (4, 3, 3, 3, 4), (0., 0.25, 0.5, 0.75, 1.), .UNSPECIFIED.);
#2269 = EDGE_CURVE ('', #2247, #2254, #2268, .T.);
#2270 = ORIENTED_EDGE ('', *, *, #2269, .T.);
#2271 = CARTESIAN_POINT ('', (127.461140449689, 26.9676253417214, 4.52942497472077));
#2272 = VERTEX_POINT ('', #2271);
#2273 = CARTESIAN_POINT ('', (143.628890856683, 31.2247454018278, 4.52942497472077));
#2274 = CARTESIAN_POINT ('', (138.239640721018, 29.8057053817923, 4.52942497472077));
#2275 = CARTESIAN_POINT ('', (132.850390585353, 28.3866653617569, 4.52942497472077));
#2276 = CARTESIAN_POINT ('', (127.461140449689, 26.9676253417214, 4.52942497472077));
#2277 = B_SPLINE_CURVE_WITH_KNOTS ('', 3, (#2273, #2274, #2275, #2276), .UNSPECIFIED., .F., .U., (4, 4), (0., 1.), .UNSPECIFIED.);
#2278 = EDGE_CURVE ('', #2254, #2272, #2277, .T.);
#2279 = ORIENTED_EDGE ('', *, *, #2278, .T.);
#2280 = CARTESIAN_POINT ('', (126.748732760794, 25.7459546664419, 4.52942497472077));
#2281 = VERTEX_POINT ('', #2280);
#2282 = CARTESIAN_POINT ('', (127.461140449689, 26.9676253417214, 4.52942497472077));
#2283 = CARTESIAN_POINT ('', (127.332903008744, 26.9338592228391, 4.52942497472077));
#2284 = CARTESIAN_POINT ('', (127.216007201749, 26.8768410522196, 4.52942497472077));
#2285 = CARTESIAN_POINT ('', (127.110453028705, 26.796570829863, 4.52942497472077));
#2286 = CARTESIAN_POINT ('', (127.00489885566, 26.7163006075064, 4.52942497472077));
#2287 = CARTESIAN_POINT ('', (126.918721169527, 26.6188885554463, 4.52942497472077));
#2288 = CARTESIAN_POINT ('', (126.851919970307, 26.5043346736828, 4.52942497472077));
#2289 = CARTESIAN_POINT ('', (126.785118771086, 26.3897807919193, 4.52942497472077));
#2290 = CARTESIAN_POINT ('', (126.742779009927, 26.2668049971519, 4.52942497472077));
#2291 = CARTESIAN_POINT ('', (126.724900686828, 26.1354072893807, 4.52942497472077));
#2292 = CARTESIAN_POINT ('', (126.707022363729, 26.0040095816095, 4.52942497472077));
#2293 = CARTESIAN_POINT ('', (126.714966388384, 25.8741920406299, 4.52942497472077));
#2294 = CARTESIAN_POINT ('', (126.748732760794, 25.7459546664419, 4.52942497472077));
#2295 = B_SPLINE_CURVE_WITH_KNOTS ('', 3, (#2282, #2283, #2284, #2285, #2286, #2287, #2288, #2289, #2290, #2291, #2292, #2293, #2294), .UNSPECIFIED., .F., .U., (4, 3, 3, 3, 4), (0., 0.25, 0.5, 0.75, 1.), .UNSPECIFIED.);
#2296 = EDGE_CURVE ('', #2272, #2281, #2295, .T.);
#2297 = ORIENTED_EDGE ('', *, *, #2296, .T.);
#2298 = CARTESIAN_POINT ('', (127.385296143657, 23.328424712919, 4.52942497472077));
#2299 = VERTEX_POINT ('', #2298);
#2300 = CARTESIAN_POINT ('', (127.385296143657, 23.328424712919, 4.52942497472077));
#2301 = CARTESIAN_POINT ('', (126.748732760794, 25.7459546664419, 4.52942497472077));
#2302 = B_SPLINE_CURVE_WITH_KNOTS ('', 1, (#2300, #2301), .UNSPECIFIED., .F., .U., (2, 2), (0., 1.), .UNSPECIFIED.);
#2303 = EDGE_CURVE ('', #2299, #2281, #2302, .T.);
#2304 = ORIENTED_EDGE ('', *, *, #2303, .F.);
#2305 = CARTESIAN_POINT ('', (128.606961515509, 22.6160176719888, 4.52942497472077));
#2306 = VERTEX_POINT ('', #2305);
#2307 = CARTESIAN_POINT ('', (127.385296143657, 23.328424712919, 4.52942497472077));
#2308 = CARTESIAN_POINT ('', (127.419062362963, 23.2001879201831, 4.52942497472077));
#2309 = CARTESIAN_POINT ('', (127.476080414579, 23.0832926863008, 4.52942497472077));
#2310 = CARTESIAN_POINT ('', (127.556350298505, 22.9777390112721, 4.52942497472077));
#2311 = CARTESIAN_POINT ('', (127.63662018243, 22.8721853362433, 4.52942497472077));
#2312 = CARTESIAN_POINT ('', (127.734031755693, 22.7860079650319, 4.52942497472077));
#2313 = CARTESIAN_POINT ('', (127.848585018294, 22.7192068976377, 4.52942497472077));
#2314 = CARTESIAN_POINT ('', (127.963138280895, 22.6524058302436, 4.52942497472077));
#2315 = CARTESIAN_POINT ('', (128.08611343933, 22.6100659634234, 4.52942497472077));
#2316 = CARTESIAN_POINT ('', (128.217510493599, 22.5921872971773, 4.52942497472077));
#2317 = CARTESIAN_POINT ('', (128.348907547869, 22.5743086309311, 4.52942497472077));
#2318 = CARTESIAN_POINT ('', (128.478724555172, 22.5822520892016, 4.52942497472077));
#2319 = CARTESIAN_POINT ('', (128.606961515509, 22.6160176719888, 4.52942497472077));
#2320 = B_SPLINE_CURVE_WITH_KNOTS ('', 3, (#2307, #2308, #2309, #2310, #2311, #2312, #2313, #2314, #2315, #2316, #2317, #2318, #2319), .UNSPECIFIED., .F., .U., (4, 3, 3, 3, 4), (0., 0.25, 0.5, 0.75, 1.), .UNSPECIFIED.);
#2321 = EDGE_CURVE ('', #2299, #2306, #2320, .T.);
#2322 = ORIENTED_EDGE ('', *, *, #2321, .T.);
#2323 = CARTESIAN_POINT ('', (148.128882192187, 27.756259822452, 4.52942497472077));
#2324 = CARTESIAN_POINT ('', (128.606961515509, 22.6160176719888, 4.52942497472077));
#2325 = B_SPLINE_CURVE_WITH_KNOTS ('', 1, (#2323, #2324), .UNSPECIFIED., .F., .U., (2, 2), (0., 1.), .UNSPECIFIED.);
#2326 = EDGE_CURVE ('', #2191, #2306, #2325, .T.);
#2327 = ORIENTED_EDGE ('', *, *, #2326, .F.);
#2328 = ORIENTED_EDGE ('', *, *, #2206, .T.);
#2329 = ORIENTED_EDGE ('', *, *, #168, .F.);
#2330 = CARTESIAN_POINT ('', (149.364999999999, 48.5000000000246, 4.52942497472077));
#2331 = VERTEX_POINT ('', #2330);
#2332 = CARTESIAN_POINT ('', (150.364999999999, 47.5000000000246, 4.52942497472077));
#2333 = CARTESIAN_POINT ('', (150.364999999999, 47.6326082449444, 4.52942497472077));
#2334 = CARTESIAN_POINT ('', (150.339626510836, 47.760169389066, 4.52942497472077));
#2335 = CARTESIAN_POINT ('', (150.28887953251, 47.8826834323897, 4.52942497472077));
#2336 = CARTESIAN_POINT ('', (150.238132554184, 48.0051974757133, 4.52942497472077));
#2337 = CARTESIAN_POINT ('', (150.165874970409, 48.1133385919871, 4.52942497472077));
#2338 = CARTESIAN_POINT ('', (150.072106781185, 48.2071067812111, 4.52942497472077));
#2339 = CARTESIAN_POINT ('', (149.978338591961, 48.3008749704351, 4.52942497472077));
#2340 = CARTESIAN_POINT ('', (149.870197475687, 48.37313255421, 4.52942497472077));
#2341 = CARTESIAN_POINT ('', (149.747683432364, 48.4238795325359, 4.52942497472077));
#2342 = CARTESIAN_POINT ('', (149.62516938904, 48.4746265108617, 4.52942497472077));
#2343 = CARTESIAN_POINT ('', (149.497608244918, 48.5000000000246, 4.52942497472077));
#2344 = CARTESIAN_POINT ('', (149.364999999999, 48.5000000000246, 4.52942497472077));
#2345 = B_SPLINE_CURVE_WITH_KNOTS ('', 3, (#2332, #2333, #2334, #2335, #2336, #2337, #2338, #2339, #2340, #2341, #2342, #2343, #2344), .UNSPECIFIED., .F., .U., (4, 3, 3, 3, 4), (0., 0.25, 0.5, 0.75, 1.), .UNSPECIFIED.);
#2346 = EDGE_CURVE ('', #157, #2331, #2345, .T.);
#2347 = ORIENTED_EDGE ('', *, *, #2346, .T.);
#2348 = CARTESIAN_POINT ('', (149.364999999999, 48.5000000000246, 4.52942497472077));
#2349 = CARTESIAN_POINT ('', (146.864999999998, 48.5000000000246, 4.52942497472077));
#2350 = B_SPLINE_CURVE_WITH_KNOTS ('', 1, (#2348, #2349), .UNSPECIFIED., .F., .U., (2, 2), (0., 1.), .UNSPECIFIED.);
#2351 = EDGE_CURVE ('', #2331, #2227, #2350, .T.);
#2352 = ORIENTED_EDGE ('', *, *, #2351, .T.);
#2353 = EDGE_LOOP ('', (#2245, #2252, #2270, #2279, #2297, #2304, #2322, #2327, #2328, #2329, #2347, #2352));
#2354 = FACE_OUTER_BOUND ('', #2353, .T.);
#2355 = CARTESIAN_POINT ('', (149.164999999999, 45.5000000000246, 4.52942497472077));
#2356 = VERTEX_POINT ('', #2355);
#2357 = CARTESIAN_POINT ('', (149.164999999999, 45.5000000000246, 4.52942497472077));
#2358 = CARTESIAN_POINT ('', (149.164999999999, 45.3607613428588, 4.52942497472077));
#2359 = CARTESIAN_POINT ('', (149.138357836377, 45.226822141531, 4.52942497472077));
#2360 = CARTESIAN_POINT ('', (149.085073509135, 45.0981823960412, 4.52942497472077));
#2361 = CARTESIAN_POINT ('', (149.031789181893, 44.9695426505514, 4.52942497472077));
#2362 = CARTESIAN_POINT ('', (148.95591871893, 44.8559944784639, 4.52942497472077));
#2363 = CARTESIAN_POINT ('', (148.857462120244, 44.7575378797787, 4.52942497472077));
#2364 = CARTESIAN_POINT ('', (148.759005521559, 44.6590812810935, 4.52942497472077));
#2365 = CARTESIAN_POINT ('', (148.645457349472, 44.5832108181298, 4.52942497472077));
#2366 = CARTESIAN_POINT ('', (148.516817603982, 44.5299264908877, 4.52942497472077));
#2367 = CARTESIAN_POINT ('', (148.388177858492, 44.4766421636456, 4.52942497472077));
#2368 = CARTESIAN_POINT ('', (148.254238657164, 44.4500000000246, 4.52942497472077));
#2369 = CARTESIAN_POINT ('', (148.114999999999, 44.4500000000246, 4.52942497472077));
#2370 = CARTESIAN_POINT ('', (147.975761342833, 44.4500000000246, 4.52942497472077));
#2371 = CARTESIAN_POINT ('', (147.841822141505, 44.4766421636456, 4.52942497472077));
#2372 = CARTESIAN_POINT ('', (147.713182396015, 44.5299264908877, 4.52942497472077));
#2373 = CARTESIAN_POINT ('', (147.584542650525, 44.5832108181298, 4.52942497472077));
#2374 = CARTESIAN_POINT ('', (147.470994478438, 44.6590812810935, 4.52942497472077));
#2375 = CARTESIAN_POINT ('', (147.372537879753, 44.7575378797787, 4.52942497472077));
#2376 = CARTESIAN_POINT ('', (147.274081281067, 44.8559944784639, 4.52942497472077));
#2377 = CARTESIAN_POINT ('', (147.198210818104, 44.9695426505515, 4.52942497472077));
#2378 = CARTESIAN_POINT ('', (147.144926490862, 45.0981823960412, 4.52942497472077));
#2379 = CARTESIAN_POINT ('', (147.09164216362, 45.226822141531, 4.52942497472077));
#2380 = CARTESIAN_POINT ('', (147.064999999999, 45.3607613428588, 4.52942497472077));
#2381 = CARTESIAN_POINT ('', (147.064999999999, 45.5000000000246, 4.52942497472077));
#2382 = CARTESIAN_POINT ('', (147.064999999999, 45.6392386571903, 4.52942497472077));
#2383 = CARTESIAN_POINT ('', (147.09164216362, 45.7731778585181, 4.52942497472077));
#2384 = CARTESIAN_POINT ('', (147.144926490862, 45.9018176040079, 4.52942497472077));
#2385 = CARTESIAN_POINT ('', (147.198210818104, 46.0304573494977, 4.52942497472077));
#2386 = CARTESIAN_POINT ('', (147.274081281067, 46.1440055215852, 4.52942497472077));
#2387 = CARTESIAN_POINT ('', (147.372537879753, 46.2424621202705, 4.52942497472077));
#2388 = CARTESIAN_POINT ('', (147.470994478438, 46.3409187189557, 4.52942497472077));
#2389 = CARTESIAN_POINT ('', (147.584542650525, 46.4167891819193, 4.52942497472077));
#2390 = CARTESIAN_POINT ('', (147.713182396015, 46.4700735091614, 4.52942497472077));
#2391 = CARTESIAN_POINT ('', (147.841822141505, 46.5233578364035, 4.52942497472077));
#2392 = CARTESIAN_POINT ('', (147.975761342833, 46.5500000000246, 4.52942497472077));
#2393 = CARTESIAN_POINT ('', (148.114999999999, 46.5500000000246, 4.52942497472077));
#2394 = CARTESIAN_POINT ('', (148.254238657164, 46.5500000000246, 4.52942497472077));
#2395 = CARTESIAN_POINT ('', (148.388177858492, 46.5233578364035, 4.52942497472077));
#2396 = CARTESIAN_POINT ('', (148.516817603982, 46.4700735091614, 4.52942497472077));
#2397 = CARTESIAN_POINT ('', (148.645457349472, 46.4167891819193, 4.52942497472077));
#2398 = CARTESIAN_POINT ('', (148.759005521559, 46.3409187189557, 4.52942497472077));
#2399 = CARTESIAN_POINT ('', (148.857462120244, 46.2424621202704, 4.52942497472077));
#2400 = CARTESIAN_POINT ('', (148.95591871893, 46.1440055215852, 4.52942497472077));
#2401 = CARTESIAN_POINT ('', (149.031789181893, 46.0304573494977, 4.52942497472077));
#2402 = CARTESIAN_POINT ('', (149.085073509135, 45.9018176040079, 4.52942497472077));
#2403 = CARTESIAN_POINT ('', (149.138357836378, 45.7731778585181, 4.52942497472077));
#2404 = CARTESIAN_POINT ('', (149.164999999999, 45.6392386571903, 4.52942497472077));
#2405 = CARTESIAN_POINT ('', (149.164999999999, 45.5000000000246, 4.52942497472077));
#2406 = B_SPLINE_CURVE_WITH_KNOTS ('', 3, (#2357, #2358, #2359, #2360, #2361, #2362, #2363, #2364, #2365, #2366, #2367, #2368, #2369, #2370, #2371, #2372, #2373, #2374, #2375, #2376, #2377, #2378, #2379, #2380, #2381, #2382, #2383, #2384, #2385, #2386, #2387, #2388, #2389, #2390, #2391, #2392, #2393, #2394, #2395, #2396, #2397, #2398, #2399, #2400, #2401, #2402, #2403, #2404, #2405), .UNSPECIFIED., .T., .U., (4, 3, 3, 3, 3, 3, 3, 3, 3, 3, 3, 3, 3, 3, 3, 3, 4), (0., 0.0625, 0.125, 0.1875, 0.25, 0.3125, 0.375, 0.4375, 0.5, 0.5625, 0.625, 0.6875, 0.75, 0.8125, 0.875, 0.9375, 1.), .UNSPECIFIED.);
#2407 = EDGE_CURVE ('', #2356, #2356, #2406, .T.);
#2408 = ORIENTED_EDGE ('', *, *, #2407, .T.);
#2409 = EDGE_LOOP ('', (#2408));
#2410 = FACE_BOUND ('', #2409, .T.);
#2411 = CARTESIAN_POINT ('', (149.541147458016, 30.5629026452807, 4.52942497472077));
#2412 = VERTEX_POINT ('', #2411);
#2413 = CARTESIAN_POINT ('', (149.541147458016, 30.5629026452807, 4.52942497472077));
#2414 = CARTESIAN_POINT ('', (149.541147458016, 30.2910557431952, 4.52942497472077));
#2415 = CARTESIAN_POINT ('', (149.489131805232, 30.0295553977457, 4.52942497472077));
#2416 = CARTESIAN_POINT ('', (149.385100499664, 29.7784016089323, 4.52942497472077));
#2417 = CARTESIAN_POINT ('', (149.281069194096, 29.5272478201188, 4.52942497472077));
#2418 = CARTESIAN_POINT ('', (149.132941147358, 29.3055585317575, 4.52942497472077));
#2419 = CARTESIAN_POINT ('', (148.940716359448, 29.1133337438483, 4.52942497472077));
#2420 = CARTESIAN_POINT ('', (148.748491571539, 28.921108955939, 4.52942497472077));
#2421 = CARTESIAN_POINT ('', (148.526802283178, 28.7729809092005, 4.52942497472077));
#2422 = CARTESIAN_POINT ('', (148.275648494364, 28.6689496036325, 4.52942497472077));
#2423 = CARTESIAN_POINT ('', (148.024494705551, 28.5649182980646, 4.52942497472077));
#2424 = CARTESIAN_POINT ('', (147.762994360101, 28.5129026452807, 4.52942497472077));
#2425 = CARTESIAN_POINT ('', (147.491147458016, 28.5129026452807, 4.52942497472077));
#2426 = CARTESIAN_POINT ('', (147.21930055593, 28.5129026452807, 4.52942497472077));
#2427 = CARTESIAN_POINT ('', (146.957800210481, 28.5649182980646, 4.52942497472077));
#2428 = CARTESIAN_POINT ('', (146.706646421668, 28.6689496036326, 4.52942497472077));
#2429 = CARTESIAN_POINT ('', (146.455492632854, 28.7729809092005, 4.52942497472077));
#2430 = CARTESIAN_POINT ('', (146.233803344493, 28.921108955939, 4.52942497472077));
#2431 = CARTESIAN_POINT ('', (146.041578556584, 29.1133337438483, 4.52942497472077));
#2432 = CARTESIAN_POINT ('', (145.849353768674, 29.3055585317575, 4.52942497472077));
#2433 = CARTESIAN_POINT ('', (145.701225721936, 29.5272478201188, 4.52942497472077));
#2434 = CARTESIAN_POINT ('', (145.597194416368, 29.7784016089322, 4.52942497472077));
#2435 = CARTESIAN_POINT ('', (145.4931631108, 30.0295553977457, 4.52942497472077));
#2436 = CARTESIAN_POINT ('', (145.441147458016, 30.2910557431952, 4.52942497472077));
#2437 = CARTESIAN_POINT ('', (145.441147458016, 30.5629026452807, 4.52942497472077));
#2438 = CARTESIAN_POINT ('', (145.441147458016, 30.8347495473662, 4.52942497472077));
#2439 = CARTESIAN_POINT ('', (145.4931631108, 31.0962498928157, 4.52942497472077));
#2440 = CARTESIAN_POINT ('', (145.597194416368, 31.3474036816291, 4.52942497472077));
#2441 = CARTESIAN_POINT ('', (145.701225721936, 31.5985574704426, 4.52942497472077));
#2442 = CARTESIAN_POINT ('', (145.849353768674, 31.8202467588039, 4.52942497472077));
#2443 = CARTESIAN_POINT ('', (146.041578556584, 32.0124715467131, 4.52942497472077));
#2444 = CARTESIAN_POINT ('', (146.233803344493, 32.2046963346223, 4.52942497472077));
#2445 = CARTESIAN_POINT ('', (146.455492632854, 32.3528243813609, 4.52942497472077));
#2446 = CARTESIAN_POINT ('', (146.706646421668, 32.4568556869288, 4.52942497472077));
#2447 = CARTESIAN_POINT ('', (146.957800210481, 32.5608869924967, 4.52942497472077));
#2448 = CARTESIAN_POINT ('', (147.21930055593, 32.6129026452807, 4.52942497472077));
#2449 = CARTESIAN_POINT ('', (147.491147458016, 32.6129026452807, 4.52942497472077));
#2450 = CARTESIAN_POINT ('', (147.762994360101, 32.6129026452807, 4.52942497472077));
#2451 = CARTESIAN_POINT ('', (148.024494705551, 32.5608869924967, 4.52942497472077));
#2452 = CARTESIAN_POINT ('', (148.275648494364, 32.4568556869288, 4.52942497472077));
#2453 = CARTESIAN_POINT ('', (148.526802283178, 32.3528243813609, 4.52942497472077));
#2454 = CARTESIAN_POINT ('', (148.748491571539, 32.2046963346224, 4.52942497472077));
#2455 = CARTESIAN_POINT ('', (148.940716359448, 32.0124715467131, 4.52942497472077));
#2456 = CARTESIAN_POINT ('', (149.132941147358, 31.8202467588039, 4.52942497472077));
#2457 = CARTESIAN_POINT ('', (149.281069194096, 31.5985574704425, 4.52942497472077));
#2458 = CARTESIAN_POINT ('', (149.385100499664, 31.3474036816291, 4.52942497472077));
#2459 = CARTESIAN_POINT ('', (149.489131805232, 31.0962498928157, 4.52942497472077));
#2460 = CARTESIAN_POINT ('', (149.541147458016, 30.8347495473662, 4.52942497472077));
#2461 = CARTESIAN_POINT ('', (149.541147458016, 30.5629026452807, 4.52942497472077));
#2462 = B_SPLINE_CURVE_WITH_KNOTS ('', 3, (#2413, #2414, #2415, #2416, #2417, #2418, #2419, #2420, #2421, #2422, #2423, #2424, #2425, #2426, #2427, #2428, #2429, #2430, #2431, #2432, #2433, #2434, #2435, #2436, #2437, #2438, #2439, #2440, #2441, #2442, #2443, #2444, #2445, #2446, #2447, #2448, #2449, #2450, #2451, #2452, #2453, #2454, #2455, #2456, #2457, #2458, #2459, #2460, #2461), .UNSPECIFIED., .T., .U., (4, 3, 3, 3, 3, 3, 3, 3, 3, 3, 3, 3, 3, 3, 3, 3, 4), (0., 0.0625, 0.125, 0.1875, 0.25, 0.3125, 0.375, 0.4375, 0.5, 0.5625, 0.625, 0.6875, 0.75, 0.8125, 0.875, 0.9375, 1.), .UNSPECIFIED.);
#2463 = EDGE_CURVE ('', #2412, #2412, #2462, .T.);
#2464 = ORIENTED_EDGE ('', *, *, #2463, .T.);
#2465 = EDGE_LOOP ('', (#2464));
#2466 = FACE_BOUND ('', #2465, .T.);
#2467 = CARTESIAN_POINT ('', (131.018129882925, 25.3010805456013, 4.52942497472077));
#2468 = VERTEX_POINT ('', #2467);
#2469 = CARTESIAN_POINT ('', (131.018129882924, 25.3010805456013, 4.52942497472077));
#2470 = CARTESIAN_POINT ('', (131.018129882924, 25.1618418884356, 4.52942497472077));
#2471 = CARTESIAN_POINT ('', (130.991487719303, 25.0279026871078, 4.52942497472077));
#2472 = CARTESIAN_POINT ('', (130.938203392061, 24.899262941618, 4.52942497472077));
#2473 = CARTESIAN_POINT ('', (130.884919064819, 24.7706231961282, 4.52942497472077));
#2474 = CARTESIAN_POINT ('', (130.809048601856, 24.6570750240407, 4.52942497472077));
#2475 = CARTESIAN_POINT ('', (130.71059200317, 24.5586184253555, 4.52942497472077));
#2476 = CARTESIAN_POINT ('', (130.612135404485, 24.4601618266702, 4.52942497472077));
#2477 = CARTESIAN_POINT ('', (130.498587232398, 24.3842913637066, 4.52942497472077));
#2478 = CARTESIAN_POINT ('', (130.369947486908, 24.3310070364645, 4.52942497472077));
#2479 = CARTESIAN_POINT ('', (130.241307741418, 24.2777227092224, 4.52942497472077));
#2480 = CARTESIAN_POINT ('', (130.10736854009, 24.2510805456013, 4.52942497472077));
#2481 = CARTESIAN_POINT ('', (129.968129882925, 24.2510805456013, 4.52942497472077));
#2482 = CARTESIAN_POINT ('', (129.828891225759, 24.2510805456013, 4.52942497472077));
#2483 = CARTESIAN_POINT ('', (129.694952024431, 24.2777227092224, 4.52942497472077));
#2484 = CARTESIAN_POINT ('', (129.566312278941, 24.3310070364645, 4.52942497472077));
#2485 = CARTESIAN_POINT ('', (129.437672533451, 24.3842913637066, 4.52942497472077));
#2486 = CARTESIAN_POINT ('', (129.324124361364, 24.4601618266702, 4.52942497472077));
#2487 = CARTESIAN_POINT ('', (129.225667762679, 24.5586184253555, 4.52942497472077));
#2488 = CARTESIAN_POINT ('', (129.127211163993, 24.6570750240407, 4.52942497472077));
#2489 = CARTESIAN_POINT ('', (129.05134070103, 24.7706231961282, 4.52942497472077));
#2490 = CARTESIAN_POINT ('', (128.998056373788, 24.899262941618, 4.52942497472077));
#2491 = CARTESIAN_POINT ('', (128.944772046546, 25.0279026871078, 4.52942497472077));
#2492 = CARTESIAN_POINT ('', (128.918129882924, 25.1618418884356, 4.52942497472077));
#2493 = CARTESIAN_POINT ('', (128.918129882924, 25.3010805456013, 4.52942497472077));
#2494 = CARTESIAN_POINT ('', (128.918129882924, 25.4403192027671, 4.52942497472077));
#2495 = CARTESIAN_POINT ('', (128.944772046546, 25.5742584040949, 4.52942497472077));
#2496 = CARTESIAN_POINT ('', (128.998056373788, 25.7028981495847, 4.52942497472077));
#2497 = CARTESIAN_POINT ('', (129.05134070103, 25.8315378950745, 4.52942497472077));
#2498 = CARTESIAN_POINT ('', (129.127211163993, 25.945086067162, 4.52942497472077));
#2499 = CARTESIAN_POINT ('', (129.225667762679, 26.0435426658472, 4.52942497472077));
#2500 = CARTESIAN_POINT ('', (129.324124361364, 26.1419992645324, 4.52942497472077));
#2501 = CARTESIAN_POINT ('', (129.437672533451, 26.2178697274961, 4.52942497472077));
#2502 = CARTESIAN_POINT ('', (129.566312278941, 26.2711540547382, 4.52942497472077));
#2503 = CARTESIAN_POINT ('', (129.694952024431, 26.3244383819803, 4.52942497472077));
#2504 = CARTESIAN_POINT ('', (129.828891225759, 26.3510805456013, 4.52942497472077));
#2505 = CARTESIAN_POINT ('', (129.968129882925, 26.3510805456013, 4.52942497472077));
#2506 = CARTESIAN_POINT ('', (130.10736854009, 26.3510805456013, 4.52942497472077));
#2507 = CARTESIAN_POINT ('', (130.241307741418, 26.3244383819803, 4.52942497472077));
#2508 = CARTESIAN_POINT ('', (130.369947486908, 26.2711540547382, 4.52942497472077));
#2509 = CARTESIAN_POINT ('', (130.498587232398, 26.2178697274961, 4.52942497472077));
#2510 = CARTESIAN_POINT ('', (130.612135404485, 26.1419992645324, 4.52942497472077));
#2511 = CARTESIAN_POINT ('', (130.71059200317, 26.0435426658472, 4.52942497472077));
#2512 = CARTESIAN_POINT ('', (130.809048601856, 25.945086067162, 4.52942497472077));
#2513 = CARTESIAN_POINT ('', (130.884919064819, 25.8315378950745, 4.52942497472077));
#2514 = CARTESIAN_POINT ('', (130.938203392061, 25.7028981495847, 4.52942497472077));
#2515 = CARTESIAN_POINT ('', (130.991487719303, 25.5742584040949, 4.52942497472077));
#2516 = CARTESIAN_POINT ('', (131.018129882924, 25.4403192027671, 4.52942497472077));
#2517 = CARTESIAN_POINT ('', (131.018129882924, 25.3010805456013, 4.52942497472077));
#2518 = B_SPLINE_CURVE_WITH_KNOTS ('', 3, (#2469, #2470, #2471, #2472, #2473, #2474, #2475, #2476, #2477, #2478, #2479, #2480, #2481, #2482, #2483, #2484, #2485, #2486, #2487, #2488, #2489, #2490, #2491, #2492, #2493, #2494, #2495, #2496, #2497, #2498, #2499, #2500, #2501, #2502, #2503, #2504, #2505, #2506, #2507, #2508, #2509, #2510, #2511, #2512, #2513, #2514, #2515, #2516, #2517), .UNSPECIFIED., .T., .U., (4, 3, 3, 3, 3, 3, 3, 3, 3, 3, 3, 3, 3, 3, 3, 3, 4), (0., 0.0625, 0.125, 0.1875, 0.25, 0.3125, 0.375, 0.4375, 0.5, 0.5625, 0.625, 0.6875, 0.75, 0.8125, 0.875, 0.9375, 1.), .UNSPECIFIED.);
#2519 = EDGE_CURVE ('', #2468, #2468, #2518, .T.);
#2520 = ORIENTED_EDGE ('', *, *, #2519, .T.);
#2521 = EDGE_LOOP ('', (#2520));
#2522 = FACE_BOUND ('', #2521, .T.);
#2523 = CARTESIAN_POINT ('', (150.364999999999, 48.5000000000246, 4.52942497472077));
#2524 = CARTESIAN_POINT ('', (150.364999999999, 22.4275552517936, 4.52942497472077));
#2525 = CARTESIAN_POINT ('', (126.573875359662, 48.5000000000246, 4.52942497472077));
#2526 = CARTESIAN_POINT ('', (126.573875359662, 22.4275552517936, 4.52942497472077));
#2527 = B_SPLINE_SURFACE_WITH_KNOTS ('', 1, 1, ((#2523, #2524), (#2525, #2526)), .UNSPECIFIED., .F., .F., .U., (2, 2), (2, 2), (0., 1.), (0., 1.), .UNSPECIFIED.);
#2528 = ADVANCED_FACE ('', (#2354, #2410, #2466, #2522), #2527, .T.);
#2529 = CARTESIAN_POINT ('', (131.018129882925, 25.3010805456013, 1.52942497472077));
#2530 = VERTEX_POINT ('', #2529);
#2531 = CARTESIAN_POINT ('', (131.018129882925, 25.3010805456013, 4.52942497472077));
#2532 = CARTESIAN_POINT ('', (131.018129882925, 25.3010805456013, 1.52942497472077));
#2533 = B_SPLINE_CURVE_WITH_KNOTS ('', 1, (#2531, #2532), .UNSPECIFIED., .F., .U., (2, 2), (0., 1.), .UNSPECIFIED.);
#2534 = EDGE_CURVE ('', #2468, #2530, #2533, .T.);
#2535 = ORIENTED_EDGE ('', *, *, #2534, .T.);
#2536 = CARTESIAN_POINT ('', (131.018129882924, 25.3010805456013, 1.52942497472078));
#2537 = CARTESIAN_POINT ('', (131.018129882924, 25.4403192027671, 1.52942497472078));
#2538 = CARTESIAN_POINT ('', (130.991487719303, 25.5742584040949, 1.52942497472077));
#2539 = CARTESIAN_POINT ('', (130.938203392061, 25.7028981495847, 1.52942497472077));
#2540 = CARTESIAN_POINT ('', (130.884919064819, 25.8315378950745, 1.52942497472077));
#2541 = CARTESIAN_POINT ('', (130.809048601856, 25.945086067162, 1.52942497472077));
#2542 = CARTESIAN_POINT ('', (130.71059200317, 26.0435426658472, 1.52942497472077));
#2543 = CARTESIAN_POINT ('', (130.612135404485, 26.1419992645324, 1.52942497472077));
#2544 = CARTESIAN_POINT ('', (130.498587232398, 26.2178697274961, 1.52942497472077));
#2545 = CARTESIAN_POINT ('', (130.369947486908, 26.2711540547382, 1.52942497472077));
#2546 = CARTESIAN_POINT ('', (130.241307741418, 26.3244383819803, 1.52942497472077));
#2547 = CARTESIAN_POINT ('', (130.10736854009, 26.3510805456013, 1.52942497472077));
#2548 = CARTESIAN_POINT ('', (129.968129882925, 26.3510805456013, 1.52942497472077));
#2549 = CARTESIAN_POINT ('', (129.828891225759, 26.3510805456013, 1.52942497472077));
#2550 = CARTESIAN_POINT ('', (129.694952024431, 26.3244383819803, 1.52942497472077));
#2551 = CARTESIAN_POINT ('', (129.566312278941, 26.2711540547382, 1.52942497472077));
#2552 = CARTESIAN_POINT ('', (129.437672533451, 26.2178697274961, 1.52942497472077));
#2553 = CARTESIAN_POINT ('', (129.324124361364, 26.1419992645324, 1.52942497472077));
#2554 = CARTESIAN_POINT ('', (129.225667762679, 26.0435426658472, 1.52942497472077));
#2555 = CARTESIAN_POINT ('', (129.127211163993, 25.945086067162, 1.52942497472077));
#2556 = CARTESIAN_POINT ('', (129.05134070103, 25.8315378950745, 1.52942497472077));
#2557 = CARTESIAN_POINT ('', (128.998056373788, 25.7028981495847, 1.52942497472077));
#2558 = CARTESIAN_POINT ('', (128.944772046546, 25.5742584040949, 1.52942497472077));
#2559 = CARTESIAN_POINT ('', (128.918129882924, 25.4403192027671, 1.52942497472077));
#2560 = CARTESIAN_POINT ('', (128.918129882924, 25.3010805456013, 1.52942497472077));
#2561 = CARTESIAN_POINT ('', (128.918129882924, 25.1618418884356, 1.52942497472077));
#2562 = CARTESIAN_POINT ('', (128.944772046546, 25.0279026871078, 1.52942497472077));
#2563 = CARTESIAN_POINT ('', (128.998056373788, 24.899262941618, 1.52942497472077));
#2564 = CARTESIAN_POINT ('', (129.05134070103, 24.7706231961282, 1.52942497472077));
#2565 = CARTESIAN_POINT ('', (129.127211163993, 24.6570750240407, 1.52942497472077));
#2566 = CARTESIAN_POINT ('', (129.225667762679, 24.5586184253555, 1.52942497472077));
#2567 = CARTESIAN_POINT ('', (129.324124361364, 24.4601618266702, 1.52942497472077));
#2568 = CARTESIAN_POINT ('', (129.437672533451, 24.3842913637066, 1.52942497472077));
#2569 = CARTESIAN_POINT ('', (129.566312278941, 24.3310070364645, 1.52942497472077));
#2570 = CARTESIAN_POINT ('', (129.694952024431, 24.2777227092224, 1.52942497472077));
#2571 = CARTESIAN_POINT ('', (129.828891225759, 24.2510805456013, 1.52942497472077));
#2572 = CARTESIAN_POINT ('', (129.968129882925, 24.2510805456013, 1.52942497472077));
#2573 = CARTESIAN_POINT ('', (130.10736854009, 24.2510805456013, 1.52942497472077));
#2574 = CARTESIAN_POINT ('', (130.241307741418, 24.2777227092224, 1.52942497472077));
#2575 = CARTESIAN_POINT ('', (130.369947486908, 24.3310070364645, 1.52942497472077));
#2576 = CARTESIAN_POINT ('', (130.498587232398, 24.3842913637066, 1.52942497472077));
#2577 = CARTESIAN_POINT ('', (130.612135404485, 24.4601618266702, 1.52942497472077));
#2578 = CARTESIAN_POINT ('', (130.71059200317, 24.5586184253555, 1.52942497472077));
#2579 = CARTESIAN_POINT ('', (130.809048601856, 24.6570750240407, 1.52942497472077));
#2580 = CARTESIAN_POINT ('', (130.884919064819, 24.7706231961282, 1.52942497472077));
#2581 = CARTESIAN_POINT ('', (130.938203392061, 24.899262941618, 1.52942497472077));
#2582 = CARTESIAN_POINT ('', (130.991487719303, 25.0279026871078, 1.52942497472077));
#2583 = CARTESIAN_POINT ('', (131.018129882924, 25.1618418884356, 1.52942497472078));
#2584 = CARTESIAN_POINT ('', (131.018129882924, 25.3010805456013, 1.52942497472078));
#2585 = B_SPLINE_CURVE_WITH_KNOTS ('', 3, (#2536, #2537, #2538, #2539, #2540, #2541, #2542, #2543, #2544, #2545, #2546, #2547, #2548, #2549, #2550, #2551, #2552, #2553, #2554, #2555, #2556, #2557, #2558, #2559, #2560, #2561, #2562, #2563, #2564, #2565, #2566, #2567, #2568, #2569, #2570, #2571, #2572, #2573, #2574, #2575, #2576, #2577, #2578, #2579, #2580, #2581, #2582, #2583, #2584), .UNSPECIFIED., .T., .U., (4, 3, 3, 3, 3, 3, 3, 3, 3, 3, 3, 3, 3, 3, 3, 3, 4), (0., 0.0625, 0.125, 0.1875, 0.25, 0.3125, 0.375, 0.4375, 0.5, 0.5625, 0.625, 0.6875, 0.75, 0.8125, 0.875, 0.9375, 1.), .UNSPECIFIED.);
#2586 = EDGE_CURVE ('', #2530, #2530, #2585, .T.);
#2587 = ORIENTED_EDGE ('', *, *, #2586, .F.);
#2588 = ORIENTED_EDGE ('', *, *, #2534, .F.);
#2589 = ORIENTED_EDGE ('', *, *, #2519, .F.);
#2590 = EDGE_LOOP ('', (#2535, #2587, #2588, #2589));
#2591 = FACE_OUTER_BOUND ('', #2590, .T.);
#2592 = CARTESIAN_POINT ('', (131.018129882925, 25.3010805456013, 4.82942497472077));
#2593 = CARTESIAN_POINT ('', (131.018129882925, 25.3010805456013, 1.22942497472077));
#2594 = CARTESIAN_POINT ('', (131.018129882925, 27.4010805456013, 4.82942497472077));
#2595 = CARTESIAN_POINT ('', (131.018129882925, 27.4010805456013, 1.22942497472078));
#2596 = CARTESIAN_POINT ('', (128.918129882924, 27.4010805456013, 4.82942497472077));
#2597 = CARTESIAN_POINT ('', (128.918129882924, 27.4010805456013, 1.22942497472078));
#2598 = CARTESIAN_POINT ('', (128.918129882924, 25.3010805456013, 4.82942497472077));
#2599 = CARTESIAN_POINT ('', (128.918129882924, 25.3010805456013, 1.22942497472077));
#2600 = CARTESIAN_POINT ('', (128.918129882924, 23.2010805456013, 4.82942497472077));
#2601 = CARTESIAN_POINT ('', (128.918129882924, 23.2010805456013, 1.22942497472078));
#2602 = CARTESIAN_POINT ('', (131.018129882925, 23.2010805456013, 4.82942497472077));
#2603 = CARTESIAN_POINT ('', (131.018129882925, 23.2010805456013, 1.22942497472078));
#2604 = CARTESIAN_POINT ('', (131.018129882925, 25.3010805456013, 4.82942497472077));
#2605 = CARTESIAN_POINT ('', (131.018129882925, 25.3010805456013, 1.22942497472077));
#2606 = (
   BOUNDED_SURFACE ()
   B_SPLINE_SURFACE (3, 1, ((#2592, #2593), (#2594, #2595), (#2596, #2597), (#2598, #2599), (#2600, #2601), (#2602, #2603), (#2604, #2605)), .UNSPECIFIED., .T., .F., .U.)
   B_SPLINE_SURFACE_WITH_KNOTS ((4, 3, 4), (2, 2), (0., 0.5, 1.), (0., 1.), .UNSPECIFIED.)
   GEOMETRIC_REPRESENTATION_ITEM ()
   RATIONAL_B_SPLINE_SURFACE (((1., 1.), (0.333333333333333, 0.333333333333333), (0.333333333333333, 0.333333333333333), (1., 1.), (0.333333333333333, 0.333333333333333), (0.333333333333333, 0.333333333333333), (1., 1.)))
   REPRESENTATION_ITEM ('')
   SURFACE ()
);
#2607 = ADVANCED_FACE ('', (#2591), #2606, .T.);
#2608 = ORIENTED_EDGE ('', *, *, #2586, .T.);
#2609 = EDGE_LOOP ('', (#2608));
#2610 = FACE_OUTER_BOUND ('', #2609, .T.);
#2611 = CARTESIAN_POINT ('', (131.030729882925, 26.3636805456013, 1.52942497472077));
#2612 = CARTESIAN_POINT ('', (131.030729882925, 24.2384805456013, 1.52942497472077));
#2613 = CARTESIAN_POINT ('', (128.905529882924, 26.3636805456013, 1.52942497472077));
#2614 = CARTESIAN_POINT ('', (128.905529882924, 24.2384805456013, 1.52942497472077));
#2615 = B_SPLINE_SURFACE_WITH_KNOTS ('', 1, 1, ((#2611, #2612), (#2613, #2614)), .UNSPECIFIED., .F., .F., .U., (2, 2), (2, 2), (0., 1.), (0., 1.), .UNSPECIFIED.);
#2616 = ADVANCED_FACE ('', (#2610), #2615, .T.);
#2617 = CARTESIAN_POINT ('', (149.541147458016, 30.5629026452807, 1.52942497472077));
#2618 = VERTEX_POINT ('', #2617);
#2619 = CARTESIAN_POINT ('', (149.541147458016, 30.5629026452807, 4.52942497472077));
#2620 = CARTESIAN_POINT ('', (149.541147458016, 30.5629026452807, 1.52942497472077));
#2621 = B_SPLINE_CURVE_WITH_KNOTS ('', 1, (#2619, #2620), .UNSPECIFIED., .F., .U., (2, 2), (0., 1.), .UNSPECIFIED.);
#2622 = EDGE_CURVE ('', #2412, #2618, #2621, .T.);
#2623 = ORIENTED_EDGE ('', *, *, #2622, .T.);
#2624 = CARTESIAN_POINT ('', (149.541147458016, 30.5629026452807, 1.52942497472078));
#2625 = CARTESIAN_POINT ('', (149.541147458016, 30.8347495473662, 1.52942497472078));
#2626 = CARTESIAN_POINT ('', (149.489131805232, 31.0962498928157, 1.52942497472077));
#2627 = CARTESIAN_POINT ('', (149.385100499664, 31.3474036816291, 1.52942497472077));
#2628 = CARTESIAN_POINT ('', (149.281069194096, 31.5985574704426, 1.52942497472077));
#2629 = CARTESIAN_POINT ('', (149.132941147358, 31.8202467588039, 1.52942497472077));
#2630 = CARTESIAN_POINT ('', (148.940716359448, 32.0124715467131, 1.52942497472077));
#2631 = CARTESIAN_POINT ('', (148.748491571539, 32.2046963346223, 1.52942497472077));
#2632 = CARTESIAN_POINT ('', (148.526802283178, 32.3528243813609, 1.52942497472077));
#2633 = CARTESIAN_POINT ('', (148.275648494364, 32.4568556869288, 1.52942497472077));
#2634 = CARTESIAN_POINT ('', (148.024494705551, 32.5608869924967, 1.52942497472077));
#2635 = CARTESIAN_POINT ('', (147.762994360102, 32.6129026452807, 1.52942497472078));
#2636 = CARTESIAN_POINT ('', (147.491147458016, 32.6129026452807, 1.52942497472078));
#2637 = CARTESIAN_POINT ('', (147.21930055593, 32.6129026452807, 1.52942497472078));
#2638 = CARTESIAN_POINT ('', (146.957800210481, 32.5608869924967, 1.52942497472077));
#2639 = CARTESIAN_POINT ('', (146.706646421668, 32.4568556869288, 1.52942497472077));
#2640 = CARTESIAN_POINT ('', (146.455492632854, 32.3528243813609, 1.52942497472077));
#2641 = CARTESIAN_POINT ('', (146.233803344493, 32.2046963346223, 1.52942497472077));
#2642 = CARTESIAN_POINT ('', (146.041578556584, 32.0124715467131, 1.52942497472077));
#2643 = CARTESIAN_POINT ('', (145.849353768674, 31.8202467588039, 1.52942497472077));
#2644 = CARTESIAN_POINT ('', (145.701225721936, 31.5985574704426, 1.52942497472077));
#2645 = CARTESIAN_POINT ('', (145.597194416368, 31.3474036816291, 1.52942497472077));
#2646 = CARTESIAN_POINT ('', (145.4931631108, 31.0962498928157, 1.52942497472077));
#2647 = CARTESIAN_POINT ('', (145.441147458016, 30.8347495473662, 1.52942497472077));
#2648 = CARTESIAN_POINT ('', (145.441147458016, 30.5629026452807, 1.52942497472077));
#2649 = CARTESIAN_POINT ('', (145.441147458016, 30.2910557431952, 1.52942497472077));
#2650 = CARTESIAN_POINT ('', (145.4931631108, 30.0295553977457, 1.52942497472077));
#2651 = CARTESIAN_POINT ('', (145.597194416368, 29.7784016089322, 1.52942497472077));
#2652 = CARTESIAN_POINT ('', (145.701225721936, 29.5272478201188, 1.52942497472077));
#2653 = CARTESIAN_POINT ('', (145.849353768674, 29.3055585317575, 1.52942497472077));
#2654 = CARTESIAN_POINT ('', (146.041578556584, 29.1133337438483, 1.52942497472077));
#2655 = CARTESIAN_POINT ('', (146.233803344493, 28.921108955939, 1.52942497472077));
#2656 = CARTESIAN_POINT ('', (146.455492632854, 28.7729809092005, 1.52942497472077));
#2657 = CARTESIAN_POINT ('', (146.706646421668, 28.6689496036326, 1.52942497472077));
#2658 = CARTESIAN_POINT ('', (146.957800210481, 28.5649182980646, 1.52942497472077));
#2659 = CARTESIAN_POINT ('', (147.21930055593, 28.5129026452807, 1.52942497472077));
#2660 = CARTESIAN_POINT ('', (147.491147458016, 28.5129026452807, 1.52942497472077));
#2661 = CARTESIAN_POINT ('', (147.762994360102, 28.5129026452807, 1.52942497472077));
#2662 = CARTESIAN_POINT ('', (148.024494705551, 28.5649182980646, 1.52942497472077));
#2663 = CARTESIAN_POINT ('', (148.275648494364, 28.6689496036326, 1.52942497472077));
#2664 = CARTESIAN_POINT ('', (148.526802283178, 28.7729809092005, 1.52942497472077));
#2665 = CARTESIAN_POINT ('', (148.748491571539, 28.921108955939, 1.52942497472078));
#2666 = CARTESIAN_POINT ('', (148.940716359448, 29.1133337438483, 1.52942497472078));
#2667 = CARTESIAN_POINT ('', (149.132941147358, 29.3055585317575, 1.52942497472078));
#2668 = CARTESIAN_POINT ('', (149.281069194096, 29.5272478201188, 1.52942497472077));
#2669 = CARTESIAN_POINT ('', (149.385100499664, 29.7784016089323, 1.52942497472077));
#2670 = CARTESIAN_POINT ('', (149.489131805232, 30.0295553977457, 1.52942497472077));
#2671 = CARTESIAN_POINT ('', (149.541147458016, 30.2910557431952, 1.52942497472078));
#2672 = CARTESIAN_POINT ('', (149.541147458016, 30.5629026452807, 1.52942497472078));
#2673 = B_SPLINE_CURVE_WITH_KNOTS ('', 3, (#2624, #2625, #2626, #2627, #2628, #2629, #2630, #2631, #2632, #2633, #2634, #2635, #2636, #2637, #2638, #2639, #2640, #2641, #2642, #2643, #2644, #2645, #2646, #2647, #2648, #2649, #2650, #2651, #2652, #2653, #2654, #2655, #2656, #2657, #2658, #2659, #2660, #2661, #2662, #2663, #2664, #2665, #2666, #2667, #2668, #2669, #2670, #2671, #2672), .UNSPECIFIED., .T., .U., (4, 3, 3, 3, 3, 3, 3, 3, 3, 3, 3, 3, 3, 3, 3, 3, 4), (0., 0.0625, 0.125, 0.1875, 0.25, 0.3125, 0.375, 0.4375, 0.5, 0.5625, 0.625, 0.6875, 0.75, 0.8125, 0.875, 0.9375, 1.), .UNSPECIFIED.);
#2674 = EDGE_CURVE ('', #2618, #2618, #2673, .T.);
#2675 = ORIENTED_EDGE ('', *, *, #2674, .F.);
#2676 = ORIENTED_EDGE ('', *, *, #2622, .F.);
#2677 = ORIENTED_EDGE ('', *, *, #2463, .F.);
#2678 = EDGE_LOOP ('', (#2623, #2675, #2676, #2677));
#2679 = FACE_OUTER_BOUND ('', #2678, .T.);
#2680 = CARTESIAN_POINT ('', (149.541147458016, 30.5629026452807, 4.82942497472077));
#2681 = CARTESIAN_POINT ('', (149.541147458016, 30.5629026452807, 1.22942497472077));
#2682 = CARTESIAN_POINT ('', (149.541147458016, 34.6629026452807, 4.82942497472077));
#2683 = CARTESIAN_POINT ('', (149.541147458016, 34.6629026452807, 1.22942497472078));
#2684 = CARTESIAN_POINT ('', (145.441147458016, 34.6629026452807, 4.82942497472077));
#2685 = CARTESIAN_POINT ('', (145.441147458016, 34.6629026452807, 1.22942497472078));
#2686 = CARTESIAN_POINT ('', (145.441147458016, 30.5629026452807, 4.82942497472077));
#2687 = CARTESIAN_POINT ('', (145.441147458016, 30.5629026452807, 1.22942497472077));
#2688 = CARTESIAN_POINT ('', (145.441147458016, 26.4629026452807, 4.82942497472077));
#2689 = CARTESIAN_POINT ('', (145.441147458016, 26.4629026452807, 1.22942497472078));
#2690 = CARTESIAN_POINT ('', (149.541147458016, 26.4629026452807, 4.82942497472077));
#2691 = CARTESIAN_POINT ('', (149.541147458016, 26.4629026452807, 1.22942497472078));
#2692 = CARTESIAN_POINT ('', (149.541147458016, 30.5629026452807, 4.82942497472077));
#2693 = CARTESIAN_POINT ('', (149.541147458016, 30.5629026452807, 1.22942497472077));
#2694 = (
   BOUNDED_SURFACE ()
   B_SPLINE_SURFACE (3, 1, ((#2680, #2681), (#2682, #2683), (#2684, #2685), (#2686, #2687), (#2688, #2689), (#2690, #2691), (#2692, #2693)), .UNSPECIFIED., .T., .F., .U.)
   B_SPLINE_SURFACE_WITH_KNOTS ((4, 3, 4), (2, 2), (0., 0.5, 1.), (0., 1.), .UNSPECIFIED.)
   GEOMETRIC_REPRESENTATION_ITEM ()
   RATIONAL_B_SPLINE_SURFACE (((1., 1.), (0.333333333333333, 0.333333333333333), (0.333333333333333, 0.333333333333333), (1., 1.), (0.333333333333333, 0.333333333333333), (0.333333333333333, 0.333333333333333), (1., 1.)))
   REPRESENTATION_ITEM ('')
   SURFACE ()
);
#2695 = ADVANCED_FACE ('', (#2679), #2694, .T.);
#2696 = ORIENTED_EDGE ('', *, *, #2674, .T.);
#2697 = EDGE_LOOP ('', (#2696));
#2698 = FACE_OUTER_BOUND ('', #2697, .T.);
#2699 = CARTESIAN_POINT ('', (149.565747458016, 32.6375026452807, 1.52942497472077));
#2700 = CARTESIAN_POINT ('', (149.565747458016, 28.4883026452807, 1.52942497472077));
#2701 = CARTESIAN_POINT ('', (145.416547458016, 32.6375026452807, 1.52942497472077));
#2702 = CARTESIAN_POINT ('', (145.416547458016, 28.4883026452807, 1.52942497472077));
#2703 = B_SPLINE_SURFACE_WITH_KNOTS ('', 1, 1, ((#2699, #2700), (#2701, #2702)), .UNSPECIFIED., .F., .F., .U., (2, 2), (2, 2), (0., 1.), (0., 1.), .UNSPECIFIED.);
#2704 = ADVANCED_FACE ('', (#2698), #2703, .T.);
#2705 = CARTESIAN_POINT ('', (149.164999999999, 45.5000000000246, 1.52942497472077));
#2706 = VERTEX_POINT ('', #2705);
#2707 = CARTESIAN_POINT ('', (149.164999999999, 45.5000000000246, 4.52942497472077));
#2708 = CARTESIAN_POINT ('', (149.164999999999, 45.5000000000246, 1.52942497472077));
#2709 = B_SPLINE_CURVE_WITH_KNOTS ('', 1, (#2707, #2708), .UNSPECIFIED., .F., .U., (2, 2), (0., 1.), .UNSPECIFIED.);
#2710 = EDGE_CURVE ('', #2356, #2706, #2709, .T.);
#2711 = ORIENTED_EDGE ('', *, *, #2710, .T.);
#2712 = CARTESIAN_POINT ('', (149.164999999999, 45.5000000000246, 1.52942497472077));
#2713 = CARTESIAN_POINT ('', (149.164999999999, 45.6392386571904, 1.52942497472077));
#2714 = CARTESIAN_POINT ('', (149.138357836378, 45.7731778585181, 1.52942497472078));
#2715 = CARTESIAN_POINT ('', (149.085073509135, 45.9018176040079, 1.52942497472078));
#2716 = CARTESIAN_POINT ('', (149.031789181893, 46.0304573494977, 1.52942497472078));
#2717 = CARTESIAN_POINT ('', (148.95591871893, 46.1440055215852, 1.52942497472077));
#2718 = CARTESIAN_POINT ('', (148.857462120244, 46.2424621202704, 1.52942497472077));
#2719 = CARTESIAN_POINT ('', (148.759005521559, 46.3409187189557, 1.52942497472077));
#2720 = CARTESIAN_POINT ('', (148.645457349472, 46.4167891819193, 1.52942497472077));
#2721 = CARTESIAN_POINT ('', (148.516817603982, 46.4700735091614, 1.52942497472077));
#2722 = CARTESIAN_POINT ('', (148.388177858492, 46.5233578364035, 1.52942497472077));
#2723 = CARTESIAN_POINT ('', (148.254238657164, 46.5500000000246, 1.52942497472077));
#2724 = CARTESIAN_POINT ('', (148.114999999999, 46.5500000000246, 1.52942497472077));
#2725 = CARTESIAN_POINT ('', (147.975761342833, 46.5500000000246, 1.52942497472077));
#2726 = CARTESIAN_POINT ('', (147.841822141505, 46.5233578364035, 1.52942497472077));
#2727 = CARTESIAN_POINT ('', (147.713182396015, 46.4700735091614, 1.52942497472077));
#2728 = CARTESIAN_POINT ('', (147.584542650525, 46.4167891819193, 1.52942497472077));
#2729 = CARTESIAN_POINT ('', (147.470994478438, 46.3409187189557, 1.52942497472077));
#2730 = CARTESIAN_POINT ('', (147.372537879753, 46.2424621202705, 1.52942497472077));
#2731 = CARTESIAN_POINT ('', (147.274081281067, 46.1440055215852, 1.52942497472077));
#2732 = CARTESIAN_POINT ('', (147.198210818104, 46.0304573494977, 1.52942497472078));
#2733 = CARTESIAN_POINT ('', (147.144926490862, 45.9018176040079, 1.52942497472078));
#2734 = CARTESIAN_POINT ('', (147.09164216362, 45.7731778585181, 1.52942497472078));
#2735 = CARTESIAN_POINT ('', (147.064999999999, 45.6392386571904, 1.52942497472077));
#2736 = CARTESIAN_POINT ('', (147.064999999999, 45.5000000000246, 1.52942497472077));
#2737 = CARTESIAN_POINT ('', (147.064999999999, 45.3607613428588, 1.52942497472077));
#2738 = CARTESIAN_POINT ('', (147.09164216362, 45.226822141531, 1.52942497472077));
#2739 = CARTESIAN_POINT ('', (147.144926490862, 45.0981823960412, 1.52942497472077));
#2740 = CARTESIAN_POINT ('', (147.198210818104, 44.9695426505514, 1.52942497472077));
#2741 = CARTESIAN_POINT ('', (147.274081281067, 44.8559944784639, 1.52942497472077));
#2742 = CARTESIAN_POINT ('', (147.372537879753, 44.7575378797787, 1.52942497472077));
#2743 = CARTESIAN_POINT ('', (147.470994478438, 44.6590812810935, 1.52942497472077));
#2744 = CARTESIAN_POINT ('', (147.584542650525, 44.5832108181298, 1.52942497472077));
#2745 = CARTESIAN_POINT ('', (147.713182396015, 44.5299264908877, 1.52942497472077));
#2746 = CARTESIAN_POINT ('', (147.841822141505, 44.4766421636456, 1.52942497472077));
#2747 = CARTESIAN_POINT ('', (147.975761342833, 44.4500000000246, 1.52942497472077));
#2748 = CARTESIAN_POINT ('', (148.114999999999, 44.4500000000246, 1.52942497472077));
#2749 = CARTESIAN_POINT ('', (148.254238657164, 44.4500000000246, 1.52942497472077));
#2750 = CARTESIAN_POINT ('', (148.388177858492, 44.4766421636456, 1.52942497472077));
#2751 = CARTESIAN_POINT ('', (148.516817603982, 44.5299264908877, 1.52942497472077));
#2752 = CARTESIAN_POINT ('', (148.645457349472, 44.5832108181298, 1.52942497472077));
#2753 = CARTESIAN_POINT ('', (148.759005521559, 44.6590812810935, 1.52942497472077));
#2754 = CARTESIAN_POINT ('', (148.857462120244, 44.7575378797787, 1.52942497472077));
#2755 = CARTESIAN_POINT ('', (148.95591871893, 44.8559944784639, 1.52942497472077));
#2756 = CARTESIAN_POINT ('', (149.031789181893, 44.9695426505514, 1.52942497472077));
#2757 = CARTESIAN_POINT ('', (149.085073509135, 45.0981823960412, 1.52942497472077));
#2758 = CARTESIAN_POINT ('', (149.138357836377, 45.226822141531, 1.52942497472077));
#2759 = CARTESIAN_POINT ('', (149.164999999999, 45.3607613428588, 1.52942497472077));
#2760 = CARTESIAN_POINT ('', (149.164999999999, 45.5000000000246, 1.52942497472077));
#2761 = B_SPLINE_CURVE_WITH_KNOTS ('', 3, (#2712, #2713, #2714, #2715, #2716, #2717, #2718, #2719, #2720, #2721, #2722, #2723, #2724, #2725, #2726, #2727, #2728, #2729, #2730, #2731, #2732, #2733, #2734, #2735, #2736, #2737, #2738, #2739, #2740, #2741, #2742, #2743, #2744, #2745, #2746, #2747, #2748, #2749, #2750, #2751, #2752, #2753, #2754, #2755, #2756, #2757, #2758, #2759, #2760), .UNSPECIFIED., .T., .U., (4, 3, 3, 3, 3, 3, 3, 3, 3, 3, 3, 3, 3, 3, 3, 3, 4), (0., 0.0625, 0.125, 0.1875, 0.25, 0.3125, 0.375, 0.4375, 0.5, 0.5625, 0.625, 0.6875, 0.75, 0.8125, 0.875, 0.9375, 1.), .UNSPECIFIED.);
#2762 = EDGE_CURVE ('', #2706, #2706, #2761, .T.);
#2763 = ORIENTED_EDGE ('', *, *, #2762, .F.);
#2764 = ORIENTED_EDGE ('', *, *, #2710, .F.);
#2765 = ORIENTED_EDGE ('', *, *, #2407, .F.);
#2766 = EDGE_LOOP ('', (#2711, #2763, #2764, #2765));
#2767 = FACE_OUTER_BOUND ('', #2766, .T.);
#2768 = CARTESIAN_POINT ('', (149.164999999999, 45.5000000000246, 4.82942497472077));
#2769 = CARTESIAN_POINT ('', (149.164999999999, 45.5000000000246, 1.22942497472077));
#2770 = CARTESIAN_POINT ('', (149.164999999999, 47.6000000000246, 4.82942497472077));
#2771 = CARTESIAN_POINT ('', (149.164999999999, 47.6000000000246, 1.22942497472078));
#2772 = CARTESIAN_POINT ('', (147.064999999999, 47.6000000000246, 4.82942497472077));
#2773 = CARTESIAN_POINT ('', (147.064999999999, 47.6000000000246, 1.22942497472078));
#2774 = CARTESIAN_POINT ('', (147.064999999999, 45.5000000000246, 4.82942497472077));
#2775 = CARTESIAN_POINT ('', (147.064999999999, 45.5000000000246, 1.22942497472077));
#2776 = CARTESIAN_POINT ('', (147.064999999999, 43.4000000000246, 4.82942497472077));
#2777 = CARTESIAN_POINT ('', (147.064999999999, 43.4000000000246, 1.22942497472078));
#2778 = CARTESIAN_POINT ('', (149.164999999999, 43.4000000000246, 4.82942497472077));
#2779 = CARTESIAN_POINT ('', (149.164999999999, 43.4000000000246, 1.22942497472078));
#2780 = CARTESIAN_POINT ('', (149.164999999999, 45.5000000000246, 4.82942497472077));
#2781 = CARTESIAN_POINT ('', (149.164999999999, 45.5000000000246, 1.22942497472077));
#2782 = (
   BOUNDED_SURFACE ()
   B_SPLINE_SURFACE (3, 1, ((#2768, #2769), (#2770, #2771), (#2772, #2773), (#2774, #2775), (#2776, #2777), (#2778, #2779), (#2780, #2781)), .UNSPECIFIED., .T., .F., .U.)
   B_SPLINE_SURFACE_WITH_KNOTS ((4, 3, 4), (2, 2), (0., 0.5, 1.), (0., 1.), .UNSPECIFIED.)
   GEOMETRIC_REPRESENTATION_ITEM ()
   RATIONAL_B_SPLINE_SURFACE (((1., 1.), (0.333333333333333, 0.333333333333333), (0.333333333333333, 0.333333333333333), (1., 1.), (0.333333333333333, 0.333333333333333), (0.333333333333333, 0.333333333333333), (1., 1.)))
   REPRESENTATION_ITEM ('')
   SURFACE ()
);
#2783 = ADVANCED_FACE ('', (#2767), #2782, .T.);
#2784 = ORIENTED_EDGE ('', *, *, #2762, .T.);
#2785 = EDGE_LOOP ('', (#2784));
#2786 = FACE_OUTER_BOUND ('', #2785, .T.);
#2787 = CARTESIAN_POINT ('', (149.177599999999, 46.5626000000246, 1.52942497472077));
#2788 = CARTESIAN_POINT ('', (149.177599999999, 44.4374000000246, 1.52942497472077));
#2789 = CARTESIAN_POINT ('', (147.052399999999, 46.5626000000246, 1.52942497472077));
#2790 = CARTESIAN_POINT ('', (147.052399999999, 44.4374000000246, 1.52942497472077));
#2791 = B_SPLINE_SURFACE_WITH_KNOTS ('', 1, 1, ((#2787, #2788), (#2789, #2790)), .UNSPECIFIED., .F., .F., .U., (2, 2), (2, 2), (0., 1.), (0., 1.), .UNSPECIFIED.);
#2792 = ADVANCED_FACE ('', (#2786), #2791, .T.);
#2793 = CARTESIAN_POINT ('', (145.864999999998, 34.125860835428, -2.19019925136189));
#2794 = VERTEX_POINT ('', #2793);
#2795 = CARTESIAN_POINT ('', (145.864999999998, 34.125860835428, -2.19019925136189));
#2796 = CARTESIAN_POINT ('', (145.864999999998, 34.125860835428, 4.52942497472077));
#2797 = B_SPLINE_CURVE_WITH_KNOTS ('', 1, (#2795, #2796), .UNSPECIFIED., .F., .U., (2, 2), (0., 1.), .UNSPECIFIED.);
#2798 = EDGE_CURVE ('', #2794, #2247, #2797, .T.);
#2799 = ORIENTED_EDGE ('', *, *, #2798, .T.);
#2800 = ORIENTED_EDGE ('', *, *, #2251, .T.);
#2801 = CARTESIAN_POINT ('', (145.864999999998, 47.5000000000246, 3.22942497472077));
#2802 = VERTEX_POINT ('', #2801);
#2803 = CARTESIAN_POINT ('', (145.864999999998, 47.5000000000246, 4.52942497472077));
#2804 = CARTESIAN_POINT ('', (145.864999999998, 47.5000000000246, 3.22942497472077));
#2805 = B_SPLINE_CURVE_WITH_KNOTS ('', 1, (#2803, #2804), .UNSPECIFIED., .F., .U., (2, 2), (0., 1.), .UNSPECIFIED.);
#2806 = EDGE_CURVE ('', #2229, #2802, #2805, .T.);
#2807 = ORIENTED_EDGE ('', *, *, #2806, .T.);
#2808 = CARTESIAN_POINT ('', (145.864999999998, 47.5000000000246, 3.22675714052077));
#2809 = CARTESIAN_POINT ('', (145.864999999998, 120.499999999996, 3.22675714052077));
#2810 = B_SPLINE_CURVE_WITH_KNOTS ('', 1, (#2808, #2809), .UNSPECIFIED., .F., .U., (2, 2), (0., 1.), .UNSPECIFIED.);
#2811 = EDGE_CURVE ('', #2802, #2, #2810, .T.);
#2812 = ORIENTED_EDGE ('', *, *, #2811, .T.);
#2813 = ORIENTED_EDGE ('', *, *, #40, .T.);
#2814 = ORIENTED_EDGE ('', *, *, #553, .T.);
#2815 = ORIENTED_EDGE ('', *, *, #1029, .F.);
#2816 = CARTESIAN_POINT ('', (145.864999999998, 34.1258608354281, -2.19019925136189));
#2817 = CARTESIAN_POINT ('', (145.864999999998, 136.999999999968, -2.19019925136189));
#2818 = B_SPLINE_CURVE_WITH_KNOTS ('', 1, (#2816, #2817), .UNSPECIFIED., .F., .U., (2, 2), (0., 1.), .UNSPECIFIED.);
#2819 = EDGE_CURVE ('', #2794, #1025, #2818, .T.);
#2820 = ORIENTED_EDGE ('', *, *, #2819, .F.);
#2821 = EDGE_LOOP ('', (#2799, #2800, #2807, #2812, #2813, #2814, #2815, #2820));
#2822 = FACE_OUTER_BOUND ('', #2821, .T.);
#2823 = CARTESIAN_POINT ('', (145.864999999998, 34.125860835428, 4.52942497472077));
#2824 = CARTESIAN_POINT ('', (145.864999999998, 34.125860835428, -2.19019925136189));
#2825 = CARTESIAN_POINT ('', (145.864999999998, 136.999999999968, 4.52942497472077));
#2826 = CARTESIAN_POINT ('', (145.864999999998, 136.999999999968, -2.19019925136189));
#2827 = B_SPLINE_SURFACE_WITH_KNOTS ('', 1, 1, ((#2823, #2824), (#2825, #2826)), .UNSPECIFIED., .F., .F., .U., (2, 2), (2, 2), (0., 1.), (0., 1.), .UNSPECIFIED.);
#2828 = ADVANCED_FACE ('', (#2822), #2827, .T.);
#2829 = CARTESIAN_POINT ('', (146.864999999998, 48.5000000000246, 3.22675714052078));
#2830 = VERTEX_POINT ('', #2829);
#2831 = CARTESIAN_POINT ('', (146.864999999998, 48.5000000000246, 3.22942497472077));
#2832 = CARTESIAN_POINT ('', (146.279213562371, 48.5000000000246, 3.22942497472077));
#2833 = CARTESIAN_POINT ('', (145.864999999998, 48.0857864376515, 3.22942497472077));
#2834 = CARTESIAN_POINT ('', (145.864999999998, 47.5000000000246, 3.22942497472077));
#2835 = (
   BOUNDED_CURVE ()
   B_SPLINE_CURVE (3, (#2831, #2832, #2833, #2834), .UNSPECIFIED., .F., .U.)
   B_SPLINE_CURVE_WITH_KNOTS ((4, 4), (0., 1.), .UNSPECIFIED.)
   CURVE ()
   GEOMETRIC_REPRESENTATION_ITEM ()
   RATIONAL_B_SPLINE_CURVE ((1., 0.804737854124381, 0.804737854124381, 1.))
   REPRESENTATION_ITEM ('')
);
#2836 = EDGE_CURVE ('', #2830, #2802, #2835, .T.);
#2837 = ORIENTED_EDGE ('', *, *, #2836, .T.);
#2838 = ORIENTED_EDGE ('', *, *, #2806, .F.);
#2839 = ORIENTED_EDGE ('', *, *, #2244, .F.);
#2840 = CARTESIAN_POINT ('', (146.864999999998, 48.5000000000246, 4.52942497472077));
#2841 = CARTESIAN_POINT ('', (146.864999999998, 48.5000000000246, 3.22942497472077));
#2842 = B_SPLINE_CURVE_WITH_KNOTS ('', 1, (#2840, #2841), .UNSPECIFIED., .F., .U., (2, 2), (0., 1.), .UNSPECIFIED.);
#2843 = EDGE_CURVE ('', #2227, #2830, #2842, .T.);
#2844 = ORIENTED_EDGE ('', *, *, #2843, .T.);
#2845 = EDGE_LOOP ('', (#2837, #2838, #2839, #2844));
#2846 = FACE_OUTER_BOUND ('', #2845, .T.);
#2847 = CARTESIAN_POINT ('', (145.864999999998, 47.5000000000246, 4.65942497472077));
#2848 = CARTESIAN_POINT ('', (145.864999999998, 47.5000000000246, 3.09942497472077));
#2849 = CARTESIAN_POINT ('', (145.864999999998, 48.0857864376515, 4.65942497472077));
#2850 = CARTESIAN_POINT ('', (145.864999999998, 48.0857864376515, 3.09942497472077));
#2851 = CARTESIAN_POINT ('', (146.279213562371, 48.5000000000246, 4.65942497472077));
#2852 = CARTESIAN_POINT ('', (146.279213562371, 48.5000000000246, 3.09942497472077));
#2853 = CARTESIAN_POINT ('', (146.864999999998, 48.5000000000246, 4.65942497472077));
#2854 = CARTESIAN_POINT ('', (146.864999999998, 48.5000000000246, 3.09942497472077));
#2855 = (
   BOUNDED_SURFACE ()
   B_SPLINE_SURFACE (3, 1, ((#2847, #2848), (#2849, #2850), (#2851, #2852), (#2853, #2854)), .UNSPECIFIED., .F., .F., .U.)
   B_SPLINE_SURFACE_WITH_KNOTS ((4, 4), (2, 2), (0., 1.), (0., 1.), .UNSPECIFIED.)
   GEOMETRIC_REPRESENTATION_ITEM ()
   RATIONAL_B_SPLINE_SURFACE (((1., 1.), (0.804737854124381, 0.804737854124381), (0.804737854124381, 0.804737854124381), (1., 1.)))
   REPRESENTATION_ITEM ('')
   SURFACE ()
);
#2856 = ADVANCED_FACE ('', (#2846), #2855, .T.);
#2857 = CARTESIAN_POINT ('', (149.364999999999, 48.5000000000246, 3.22675714052078));
#2858 = VERTEX_POINT ('', #2857);
#2859 = CARTESIAN_POINT ('', (146.864999999998, 48.5000000000246, 3.22675714052078));
#2860 = CARTESIAN_POINT ('', (149.364999999999, 48.5000000000246, 3.22675714052078));
#2861 = B_SPLINE_CURVE_WITH_KNOTS ('', 1, (#2859, #2860), .UNSPECIFIED., .F., .U., (2, 2), (0., 1.), .UNSPECIFIED.);
#2862 = EDGE_CURVE ('', #2830, #2858, #2861, .T.);
#2863 = ORIENTED_EDGE ('', *, *, #2862, .F.);
#2864 = ORIENTED_EDGE ('', *, *, #2843, .F.);
#2865 = ORIENTED_EDGE ('', *, *, #2351, .F.);
#2866 = CARTESIAN_POINT ('', (149.364999999999, 48.5000000000246, 4.52942497472077));
#2867 = CARTESIAN_POINT ('', (149.364999999999, 48.5000000000246, 3.22942497472077));
#2868 = B_SPLINE_CURVE_WITH_KNOTS ('', 1, (#2866, #2867), .UNSPECIFIED., .F., .U., (2, 2), (0., 1.), .UNSPECIFIED.);
#2869 = EDGE_CURVE ('', #2331, #2858, #2868, .T.);
#2870 = ORIENTED_EDGE ('', *, *, #2869, .T.);
#2871 = EDGE_LOOP ('', (#2863, #2864, #2865, #2870));
#2872 = FACE_OUTER_BOUND ('', #2871, .T.);
#2873 = CARTESIAN_POINT ('', (146.864999999998, 48.5000000000246, 3.22675714052078));
#2874 = CARTESIAN_POINT ('', (149.364999999999, 48.5000000000246, 3.22675714052078));
#2875 = CARTESIAN_POINT ('', (146.864999999998, 48.5000000000246, 4.52942497472077));
#2876 = CARTESIAN_POINT ('', (149.364999999999, 48.5000000000246, 4.52942497472077));
#2877 = B_SPLINE_SURFACE_WITH_KNOTS ('', 1, 1, ((#2873, #2874), (#2875, #2876)), .UNSPECIFIED., .F., .F., .U., (2, 2), (2, 2), (0., 1.), (0., 1.), .UNSPECIFIED.);
#2878 = ADVANCED_FACE ('', (#2872), #2877, .T.);
#2879 = CARTESIAN_POINT ('', (150.364999999999, 47.5000000000246, 3.22942497472077));
#2880 = CARTESIAN_POINT ('', (150.364999999999, 48.0857864376515, 3.22942497472077));
#2881 = CARTESIAN_POINT ('', (149.950786437626, 48.5000000000246, 3.22942497472077));
#2882 = CARTESIAN_POINT ('', (149.364999999999, 48.5000000000246, 3.22942497472077));
#2883 = (
   BOUNDED_CURVE ()
   B_SPLINE_CURVE (3, (#2879, #2880, #2881, #2882), .UNSPECIFIED., .F., .U.)
   B_SPLINE_CURVE_WITH_KNOTS ((4, 4), (0., 1.), .UNSPECIFIED.)
   CURVE ()
   GEOMETRIC_REPRESENTATION_ITEM ()
   RATIONAL_B_SPLINE_CURVE ((1., 0.804737854124365, 0.804737854124365, 1.))
   REPRESENTATION_ITEM ('')
);
#2884 = EDGE_CURVE ('', #150, #2858, #2883, .T.);
#2885 = ORIENTED_EDGE ('', *, *, #2884, .T.);
#2886 = ORIENTED_EDGE ('', *, *, #2869, .F.);
#2887 = ORIENTED_EDGE ('', *, *, #2346, .F.);
#2888 = ORIENTED_EDGE ('', *, *, #161, .F.);
#2889 = EDGE_LOOP ('', (#2885, #2886, #2887, #2888));
#2890 = FACE_OUTER_BOUND ('', #2889, .T.);
#2891 = CARTESIAN_POINT ('', (149.364999999999, 48.5000000000246, 4.65942497472077));
#2892 = CARTESIAN_POINT ('', (149.364999999999, 48.5000000000246, 3.09942497472077));
#2893 = CARTESIAN_POINT ('', (149.950786437626, 48.5000000000246, 4.65942497472077));
#2894 = CARTESIAN_POINT ('', (149.950786437626, 48.5000000000246, 3.09942497472077));
#2895 = CARTESIAN_POINT ('', (150.364999999999, 48.0857864376515, 4.65942497472077));
#2896 = CARTESIAN_POINT ('', (150.364999999999, 48.0857864376515, 3.09942497472077));
#2897 = CARTESIAN_POINT ('', (150.364999999999, 47.5000000000246, 4.65942497472077));
#2898 = CARTESIAN_POINT ('', (150.364999999999, 47.5000000000246, 3.09942497472077));
#2899 = (
   BOUNDED_SURFACE ()
   B_SPLINE_SURFACE (3, 1, ((#2891, #2892), (#2893, #2894), (#2895, #2896), (#2897, #2898)), .UNSPECIFIED., .F., .F., .U.)
   B_SPLINE_SURFACE_WITH_KNOTS ((4, 4), (2, 2), (0., 1.), (0., 1.), .UNSPECIFIED.)
   GEOMETRIC_REPRESENTATION_ITEM ()
   RATIONAL_B_SPLINE_SURFACE (((1., 1.), (0.804737854124365, 0.804737854124365), (0.804737854124365, 0.804737854124365), (1., 1.)))
   REPRESENTATION_ITEM ('')
   SURFACE ()
);
#2900 = ADVANCED_FACE ('', (#2890), #2899, .T.);
#2901 = ORIENTED_EDGE ('', *, *, #2811, .F.);
#2902 = ORIENTED_EDGE ('', *, *, #2836, .F.);
#2903 = ORIENTED_EDGE ('', *, *, #2862, .T.);
#2904 = ORIENTED_EDGE ('', *, *, #2884, .F.);
#2905 = ORIENTED_EDGE ('', *, *, #154, .F.);
#2906 = ORIENTED_EDGE ('', *, *, #89, .F.);
#2907 = ORIENTED_EDGE ('', *, *, #59, .F.);
#2908 = ORIENTED_EDGE ('', *, *, #10, .F.);
#2909 = EDGE_LOOP ('', (#2901, #2902, #2903, #2904, #2905, #2906, #2907, #2908));
#2910 = FACE_OUTER_BOUND ('', #2909, .T.);
#2911 = CARTESIAN_POINT ('', (150.364999999999, 120.937999999996, 3.22675714052078));
#2912 = CARTESIAN_POINT ('', (150.364999999999, 47.0620000000247, 3.22675714052078));
#2913 = CARTESIAN_POINT ('', (145.864999999998, 120.937999999996, 3.22675714052078));
#2914 = CARTESIAN_POINT ('', (145.864999999998, 47.0620000000247, 3.22675714052078));
#2915 = B_SPLINE_SURFACE_WITH_KNOTS ('', 1, 1, ((#2911, #2912), (#2913, #2914)), .UNSPECIFIED., .F., .F., .U., (2, 2), (2, 2), (0., 1.), (0., 1.), .UNSPECIFIED.);
#2916 = ADVANCED_FACE ('', (#2910), #2915, .T.);
#2917 = ORIENTED_EDGE ('', *, *, #1080, .F.);
#2918 = ORIENTED_EDGE ('', *, *, #1100, .T.);
#2919 = CARTESIAN_POINT ('', (144.664999999998, 34.1258608354281, -3.3901992513619));
#2920 = CARTESIAN_POINT ('', (145.864999999998, 34.1258608354281, -2.19019925136189));
#2921 = B_SPLINE_CURVE_WITH_KNOTS ('', 1, (#2919, #2920), .UNSPECIFIED., .F., .U., (2, 2), (0., 1.), .UNSPECIFIED.);
#2922 = EDGE_CURVE ('', #1096, #2794, #2921, .T.);
#2923 = ORIENTED_EDGE ('', *, *, #2922, .T.);
#2924 = ORIENTED_EDGE ('', *, *, #2819, .T.);
#2925 = EDGE_LOOP ('', (#2917, #2918, #2923, #2924));
#2926 = FACE_OUTER_BOUND ('', #2925, .T.);
#2927 = CARTESIAN_POINT ('', (145.864999999998, 34.1258608354281, -2.19019925136189));
#2928 = CARTESIAN_POINT ('', (144.664999999998, 34.1258608354281, -3.3901992513619));
#2929 = CARTESIAN_POINT ('', (145.864999999998, 136.999999999968, -2.19019925136189));
#2930 = CARTESIAN_POINT ('', (144.664999999998, 136.999999999968, -3.3901992513619));
#2931 = B_SPLINE_SURFACE_WITH_KNOTS ('', 1, 1, ((#2927, #2928), (#2929, #2930)), .UNSPECIFIED., .F., .F., .U., (2, 2), (2, 2), (0., 1.), (0., 1.), .UNSPECIFIED.);
#2932 = ADVANCED_FACE ('', (#2926), #2931, .T.);
#2933 = ORIENTED_EDGE ('', *, *, #2922, .F.);
#2934 = ORIENTED_EDGE ('', *, *, #1190, .F.);
#2935 = CARTESIAN_POINT ('', (143.628890856683, 31.2247454018279, -2.1901992513619));
#2936 = VERTEX_POINT ('', #2935);
#2937 = CARTESIAN_POINT ('', (143.628890856683, 31.2247454018279, -2.1901992513619));
#2938 = CARTESIAN_POINT ('', (143.323334514009, 32.385191575268, -3.3901992513619));
#2939 = B_SPLINE_CURVE_WITH_KNOTS ('', 1, (#2937, #2938), .UNSPECIFIED., .F., .U., (2, 2), (0., 1.), .UNSPECIFIED.);
#2940 = EDGE_CURVE ('', #2936, #1170, #2939, .T.);
#2941 = ORIENTED_EDGE ('', *, *, #2940, .F.);
#2942 = CARTESIAN_POINT ('', (145.864999999998, 34.1258608354281, -2.19019925136189));
#2943 = CARTESIAN_POINT ('', (145.864999999998, 32.7083748886619, -2.19019925136189));
#2944 = CARTESIAN_POINT ('', (144.999654309041, 31.5856802532325, -2.19019925136189));
#2945 = CARTESIAN_POINT ('', (143.628890856683, 31.2247454018279, -2.19019925136189));
#2946 = (
   BOUNDED_CURVE ()
   B_SPLINE_CURVE (3, (#2942, #2943, #2944, #2945), .UNSPECIFIED., .F., .U.)
   B_SPLINE_CURVE_WITH_KNOTS ((4, 4), (0., 1.), .UNSPECIFIED.)
   CURVE ()
   GEOMETRIC_REPRESENTATION_ITEM ()
   RATIONAL_B_SPLINE_CURVE ((1., 0.861354857633997, 0.861354857633997, 1.))
   REPRESENTATION_ITEM ('')
);
#2947 = EDGE_CURVE ('', #2794, #2936, #2946, .T.);
#2948 = ORIENTED_EDGE ('', *, *, #2947, .F.);
#2949 = EDGE_LOOP ('', (#2933, #2934, #2941, #2948));
#2950 = FACE_OUTER_BOUND ('', #2949, .T.);
#2951 = CARTESIAN_POINT ('', (143.323334514009, 32.385191575268, -3.39019925136189));
#2952 = CARTESIAN_POINT ('', (144.145792585424, 32.6017524861108, -3.39019925136189));
#2953 = CARTESIAN_POINT ('', (144.664999999998, 33.2753692673684, -3.39019925136189));
#2954 = CARTESIAN_POINT ('', (144.664999999998, 34.1258608354281, -3.39019925136189));
#2955 = CARTESIAN_POINT ('', (143.65944649095, 31.1087007844839, -2.07019925136189));
#2956 = CARTESIAN_POINT ('', (145.085040481403, 31.4840730299447, -2.07019925136189));
#2957 = CARTESIAN_POINT ('', (145.984999999998, 32.6516754507913, -2.07019925136189));
#2958 = CARTESIAN_POINT ('', (145.984999999998, 34.1258608354281, -2.07019925136189));
#2959 = (
   BOUNDED_SURFACE ()
   B_SPLINE_SURFACE (1, 3, ((#2951, #2952, #2953, #2954), (#2955, #2956, #2957, #2958)), .UNSPECIFIED., .F., .F., .U.)
   B_SPLINE_SURFACE_WITH_KNOTS ((2, 2), (4, 4), (0., 1.), (0., 1.), .UNSPECIFIED.)
   GEOMETRIC_REPRESENTATION_ITEM ()
   RATIONAL_B_SPLINE_SURFACE (((1., 0.861354857633997, 0.861354857633997, 1.), (1., 0.861354857633997, 0.861354857633997, 1.)))
   REPRESENTATION_ITEM ('')
   SURFACE ()
);
#2960 = ADVANCED_FACE ('', (#2950), #2959, .T.);
#2961 = CARTESIAN_POINT ('', (17.6854965822902, -1.9373295131507, -2.1901992513619));
#2962 = VERTEX_POINT ('', #2961);
#2963 = CARTESIAN_POINT ('', (17.3799402396163, -0.776883339710607, -3.3901992513619));
#2964 = CARTESIAN_POINT ('', (17.6854965822902, -1.9373295131507, -2.1901992513619));
#2965 = B_SPLINE_CURVE_WITH_KNOTS ('', 1, (#2963, #2964), .UNSPECIFIED., .F., .U., (2, 2), (0., 1.), .UNSPECIFIED.);
#2966 = EDGE_CURVE ('', #1161, #2962, #2965, .T.);
#2967 = ORIENTED_EDGE ('', *, *, #2966, .T.);
#2968 = CARTESIAN_POINT ('', (17.6854965822902, -1.9373295131507, -2.1901992513619));
#2969 = CARTESIAN_POINT ('', (143.628890856683, 31.2247454018279, -2.1901992513619));
#2970 = B_SPLINE_CURVE_WITH_KNOTS ('', 1, (#2968, #2969), .UNSPECIFIED., .F., .U., (2, 2), (0., 1.), .UNSPECIFIED.);
#2971 = EDGE_CURVE ('', #2962, #2936, #2970, .T.);
#2972 = ORIENTED_EDGE ('', *, *, #2971, .T.);
#2973 = ORIENTED_EDGE ('', *, *, #2940, .T.);
#2974 = ORIENTED_EDGE ('', *, *, #1174, .T.);
#2975 = EDGE_LOOP ('', (#2967, #2972, #2973, #2974));
#2976 = FACE_OUTER_BOUND ('', #2975, .T.);
#2977 = CARTESIAN_POINT ('', (17.6854965822902, -1.9373295131507, -2.1901992513619));
#2978 = CARTESIAN_POINT ('', (17.3799402396163, -0.776883339710607, -3.3901992513619));
#2979 = CARTESIAN_POINT ('', (143.628890856683, 31.2247454018279, -2.1901992513619));
#2980 = CARTESIAN_POINT ('', (143.323334514009, 32.385191575268, -3.3901992513619));
#2981 = B_SPLINE_SURFACE_WITH_KNOTS ('', 1, 1, ((#2977, #2978), (#2979, #2980)), .UNSPECIFIED., .F., .F., .U., (2, 2), (2, 2), (0., 1.), (0., 1.), .UNSPECIFIED.);
#2982 = ADVANCED_FACE ('', (#2976), #2981, .T.);
#2983 = CARTESIAN_POINT ('', (17.6854965822902, -1.93732951315071, 4.52942497472077));
#2984 = VERTEX_POINT ('', #2983);
#2985 = CARTESIAN_POINT ('', (17.6854965822902, -1.93732951315071, -2.19019925136189));
#2986 = CARTESIAN_POINT ('', (17.6854965822902, -1.93732951315071, 4.52942497472077));
#2987 = B_SPLINE_CURVE_WITH_KNOTS ('', 1, (#2985, #2986), .UNSPECIFIED., .F., .U., (2, 2), (0., 1.), .UNSPECIFIED.);
#2988 = EDGE_CURVE ('', #2962, #2984, #2987, .T.);
#2989 = ORIENTED_EDGE ('', *, *, #2988, .T.);
#2990 = CARTESIAN_POINT ('', (56.8672557322098, 8.37959452813243, 4.52942497472077));
#2991 = VERTEX_POINT ('', #2990);
#2992 = CARTESIAN_POINT ('', (17.6854965822902, -1.93732951315071, 4.52942497472077));
#2993 = CARTESIAN_POINT ('', (56.8672557322098, 8.37959452813243, 4.52942497472077));
#2994 = B_SPLINE_CURVE_WITH_KNOTS ('', 1, (#2992, #2993), .UNSPECIFIED., .F., .U., (2, 2), (0., 1.), .UNSPECIFIED.);
#2995 = EDGE_CURVE ('', #2984, #2991, #2994, .T.);
#2996 = ORIENTED_EDGE ('', *, *, #2995, .T.);
#2997 = CARTESIAN_POINT ('', (56.8672557322098, 8.37959452813243, 3.22942497472077));
#2998 = VERTEX_POINT ('', #2997);
#2999 = CARTESIAN_POINT ('', (56.8672557322098, 8.37959452813243, 4.52942497472077));
#3000 = CARTESIAN_POINT ('', (56.8672557322098, 8.37959452813243, 3.22942497472077));
#3001 = B_SPLINE_CURVE_WITH_KNOTS ('', 1, (#2999, #3000), .UNSPECIFIED., .F., .U., (2, 2), (0., 1.), .UNSPECIFIED.);
#3002 = EDGE_CURVE ('', #2991, #2998, #3001, .T.);
#3003 = ORIENTED_EDGE ('', *, *, #3002, .T.);
#3004 = CARTESIAN_POINT ('', (127.461140449689, 26.9676253417214, 3.22675714052078));
#3005 = VERTEX_POINT ('', #3004);
#3006 = CARTESIAN_POINT ('', (56.8672557965291, 8.37959454506832, 3.22675714052077));
#3007 = CARTESIAN_POINT ('', (127.461140449689, 26.9676253417214, 3.22675714052077));
#3008 = B_SPLINE_CURVE_WITH_KNOTS ('', 1, (#3006, #3007), .UNSPECIFIED., .F., .U., (2, 2), (0., 1.), .UNSPECIFIED.);
#3009 = EDGE_CURVE ('', #2998, #3005, #3008, .T.);
#3010 = ORIENTED_EDGE ('', *, *, #3009, .T.);
#3011 = CARTESIAN_POINT ('', (127.461140449689, 26.9676253417214, 4.52942497472077));
#3012 = CARTESIAN_POINT ('', (127.461140449689, 26.9676253417214, 3.22942497472077));
#3013 = B_SPLINE_CURVE_WITH_KNOTS ('', 1, (#3011, #3012), .UNSPECIFIED., .F., .U., (2, 2), (0., 1.), .UNSPECIFIED.);
#3014 = EDGE_CURVE ('', #2272, #3005, #3013, .T.);
#3015 = ORIENTED_EDGE ('', *, *, #3014, .F.);
#3016 = ORIENTED_EDGE ('', *, *, #2278, .F.);
#3017 = CARTESIAN_POINT ('', (143.628890856683, 31.2247454018279, -2.19019925136189));
#3018 = CARTESIAN_POINT ('', (143.628890856683, 31.2247454018279, 4.52942497472077));
#3019 = B_SPLINE_CURVE_WITH_KNOTS ('', 1, (#3017, #3018), .UNSPECIFIED., .F., .U., (2, 2), (0., 1.), .UNSPECIFIED.);
#3020 = EDGE_CURVE ('', #2936, #2254, #3019, .T.);
#3021 = ORIENTED_EDGE ('', *, *, #3020, .F.);
#3022 = ORIENTED_EDGE ('', *, *, #2971, .F.);
#3023 = EDGE_LOOP ('', (#2989, #2996, #3003, #3010, #3015, #3016, #3021, #3022));
#3024 = FACE_OUTER_BOUND ('', #3023, .T.);
#3025 = CARTESIAN_POINT ('', (17.6854965822902, -1.93732951315071, 4.52942497472077));
#3026 = CARTESIAN_POINT ('', (17.6854965822902, -1.93732951315071, -2.19019925136189));
#3027 = CARTESIAN_POINT ('', (143.628890856683, 31.2247454018279, 4.52942497472077));
#3028 = CARTESIAN_POINT ('', (143.628890856683, 31.2247454018279, -2.19019925136189));
#3029 = B_SPLINE_SURFACE_WITH_KNOTS ('', 1, 1, ((#3025, #3026), (#3027, #3028)), .UNSPECIFIED., .F., .F., .U., (2, 2), (2, 2), (0., 1.), (0., 1.), .UNSPECIFIED.);
#3030 = ADVANCED_FACE ('', (#3024), #3029, .T.);
#3031 = ORIENTED_EDGE ('', *, *, #1953, .T.);
#3032 = ORIENTED_EDGE ('', *, *, #1987, .F.);
#3033 = ORIENTED_EDGE ('', *, *, #2045, .T.);
#3034 = ORIENTED_EDGE ('', *, *, #2077, .T.);
#3035 = ORIENTED_EDGE ('', *, *, #2109, .T.);
#3036 = ORIENTED_EDGE ('', *, *, #2162, .F.);
#3037 = CARTESIAN_POINT ('', (58.725504485761, 5.24959331153283, 4.52942497472077));
#3038 = VERTEX_POINT ('', #3037);
#3039 = CARTESIAN_POINT ('', (58.0130967968662, 4.0279226362533, 4.52942497472077));
#3040 = CARTESIAN_POINT ('', (58.1413342378107, 4.06168875513558, 4.52942497472077));
#3041 = CARTESIAN_POINT ('', (58.2582300448053, 4.11870692575504, 4.52942497472077));
#3042 = CARTESIAN_POINT ('', (58.3637842178502, 4.19897714811168, 4.52942497472077));
#3043 = CARTESIAN_POINT ('', (58.469338390895, 4.27924737046833, 4.52942497472077));
#3044 = CARTESIAN_POINT ('', (58.5555160770276, 4.37665942252838, 4.52942497472077));
#3045 = CARTESIAN_POINT ('', (58.622317276248, 4.49121330429188, 4.52942497472077));
#3046 = CARTESIAN_POINT ('', (58.6891184754684, 4.60576718605538, 4.52942497472077));
#3047 = CARTESIAN_POINT ('', (58.7314582366281, 4.72874298082274, 4.52942497472077));
#3048 = CARTESIAN_POINT ('', (58.7493365597272, 4.86014068859394, 4.52942497472077));
#3049 = CARTESIAN_POINT ('', (58.7672148828262, 4.99153839636513, 4.52942497472077));
#3050 = CARTESIAN_POINT ('', (58.7592708581708, 5.12135593734477, 4.52942497472077));
#3051 = CARTESIAN_POINT ('', (58.725504485761, 5.24959331153283, 4.52942497472077));
#3052 = B_SPLINE_CURVE_WITH_KNOTS ('', 3, (#3039, #3040, #3041, #3042, #3043, #3044, #3045, #3046, #3047, #3048, #3049, #3050, #3051), .UNSPECIFIED., .F., .U., (4, 3, 3, 3, 4), (0., 0.25, 0.5, 0.75, 1.), .UNSPECIFIED.);
#3053 = EDGE_CURVE ('', #2153, #3038, #3052, .T.);
#3054 = ORIENTED_EDGE ('', *, *, #3053, .T.);
#3055 = CARTESIAN_POINT ('', (58.0889239922277, 7.66718824767854, 4.52942497472077));
#3056 = VERTEX_POINT ('', #3055);
#3057 = CARTESIAN_POINT ('', (58.725504485761, 5.24959331153283, 4.52942497472077));
#3058 = CARTESIAN_POINT ('', (58.5133109879165, 6.05545829024807, 4.52942497472077));
#3059 = CARTESIAN_POINT ('', (58.3011174900721, 6.8613232689633, 4.52942497472077));
#3060 = CARTESIAN_POINT ('', (58.0889239922277, 7.66718824767854, 4.52942497472077));
#3061 = B_SPLINE_CURVE_WITH_KNOTS ('', 3, (#3057, #3058, #3059, #3060), .UNSPECIFIED., .F., .U., (4, 4), (0., 1.), .UNSPECIFIED.);
#3062 = EDGE_CURVE ('', #3038, #3056, #3061, .T.);
#3063 = ORIENTED_EDGE ('', *, *, #3062, .T.);
#3064 = CARTESIAN_POINT ('', (58.0889239922277, 7.66718824767854, 4.52942497472077));
#3065 = CARTESIAN_POINT ('', (58.0551577070396, 7.79542529061737, 4.52942497472077));
#3066 = CARTESIAN_POINT ('', (57.9981395047695, 7.9123207226072, 4.52942497472077));
#3067 = CARTESIAN_POINT ('', (57.9178693854175, 8.01787454364802, 4.52942497472077));
#3068 = CARTESIAN_POINT ('', (57.8375992660655, 8.12342836468884, 4.52942497472077));
#3069 = CARTESIAN_POINT ('', (57.7401874134595, 8.20960578854254, 4.52942497472077));
#3070 = CARTESIAN_POINT ('', (57.6256338275995, 8.27640681520915, 4.52942497472077));
#3071 = CARTESIAN_POINT ('', (57.5110802417395, 8.34320784187575, 4.52942497472077));
#3072 = CARTESIAN_POINT ('', (57.3881047734666, 8.38554755861159, 4.52942497472077));
#3073 = CARTESIAN_POINT ('', (57.2567074227809, 8.40342596541667, 4.52942497472077));
#3074 = CARTESIAN_POINT ('', (57.1253100720953, 8.42130437222175, 4.52942497472077));
#3075 = CARTESIAN_POINT ('', (56.9954928419049, 8.41336055979368, 4.52942497472077));
#3076 = CARTESIAN_POINT ('', (56.8672557322098, 8.37959452813247, 4.52942497472077));
#3077 = B_SPLINE_CURVE_WITH_KNOTS ('', 3, (#3064, #3065, #3066, #3067, #3068, #3069, #3070, #3071, #3072, #3073, #3074, #3075, #3076), .UNSPECIFIED., .F., .U., (4, 3, 3, 3, 4), (0., 0.25, 0.5, 0.75, 1.), .UNSPECIFIED.);
#3078 = EDGE_CURVE ('', #3056, #2991, #3077, .T.);
#3079 = ORIENTED_EDGE ('', *, *, #3078, .T.);
#3080 = ORIENTED_EDGE ('', *, *, #2995, .F.);
#3081 = CARTESIAN_POINT ('', (16.9216057256056, -2.03621407955043, 4.52942497472077));
#3082 = VERTEX_POINT ('', #3081);
#3083 = CARTESIAN_POINT ('', (17.6854965822903, -1.93732951315061, 4.52942497472077));
#3084 = CARTESIAN_POINT ('', (17.4351331180888, -2.00325255741713, 4.52942497472077));
#3085 = CARTESIAN_POINT ('', (17.1805028325272, -2.03621407955039, 4.52942497472077));
#3086 = CARTESIAN_POINT ('', (16.9216057256056, -2.03621407955039, 4.52942497472077));
#3087 = B_SPLINE_CURVE_WITH_KNOTS ('', 3, (#3083, #3084, #3085, #3086), .UNSPECIFIED., .F., .U., (4, 4), (0., 1.), .UNSPECIFIED.);
#3088 = EDGE_CURVE ('', #2984, #3082, #3087, .T.);
#3089 = ORIENTED_EDGE ('', *, *, #3088, .T.);
#3090 = CARTESIAN_POINT ('', (1.00499999999882, -2.03621407955046, 4.52942497472077));
#3091 = VERTEX_POINT ('', #3090);
#3092 = CARTESIAN_POINT ('', (1.00499999999882, -2.03621407955046, 4.52942497472077));
#3093 = CARTESIAN_POINT ('', (16.9216057256056, -2.03621407955043, 4.52942497472077));
#3094 = B_SPLINE_CURVE_WITH_KNOTS ('', 1, (#3092, #3093), .UNSPECIFIED., .F., .U., (2, 2), (0., 1.), .UNSPECIFIED.);
#3095 = EDGE_CURVE ('', #3091, #3082, #3094, .T.);
#3096 = ORIENTED_EDGE ('', *, *, #3095, .F.);
#3097 = CARTESIAN_POINT ('', (1.00499999999882, -2.03621407955039, 4.52942497472077));
#3098 = CARTESIAN_POINT ('', (0.607175265239513, -2.03621407955039, 4.52942497472077));
#3099 = CARTESIAN_POINT ('', (0.224491832874438, -1.96009361206168, 4.52942497472077));
#3100 = CARTESIAN_POINT ('', (-0.14305029709641, -1.80785267708427, 4.52942497472077));
#3101 = CARTESIAN_POINT ('', (-0.510592427067259, -1.65561174210685, 4.52942497472077));
#3102 = CARTESIAN_POINT ('', (-0.835015775888708, -1.43883899078213, 4.52942497472077));
#3103 = CARTESIAN_POINT ('', (-1.11632034356076, -1.1575344231101, 4.52942497472077));
#3104 = CARTESIAN_POINT ('', (-1.39762491123281, -0.876229855438063, 4.52942497472077));
#3105 = CARTESIAN_POINT ('', (-1.61439766255753, -0.551806506616682, 4.52942497472077));
#3106 = CARTESIAN_POINT ('', (-1.76663859753499, -0.184264376645781, 4.52942497472077));
#3107 = CARTESIAN_POINT ('', (-1.91887953251245, 0.183277753325119, 4.52942497472077));
#3108 = CARTESIAN_POINT ('', (-1.99500000000118, 0.565961185690191, 4.52942497472077));
#3109 = CARTESIAN_POINT ('', (-1.99500000000118, 0.963785920449434, 4.52942497472077));
#3110 = B_SPLINE_CURVE_WITH_KNOTS ('', 3, (#3097, #3098, #3099, #3100, #3101, #3102, #3103, #3104, #3105, #3106, #3107, #3108, #3109), .UNSPECIFIED., .F., .U., (4, 3, 3, 3, 4), (0., 0.25, 0.5, 0.75, 1.), .UNSPECIFIED.);
#3111 = EDGE_CURVE ('', #3091, #1804, #3110, .T.);
#3112 = ORIENTED_EDGE ('', *, *, #3111, .T.);
#3113 = ORIENTED_EDGE ('', *, *, #1808, .T.);
#3114 = ORIENTED_EDGE ('', *, *, #1894, .T.);
#3115 = ORIENTED_EDGE ('', *, *, #1920, .F.);
#3116 = EDGE_LOOP ('', (#3031, #3032, #3033, #3034, #3035, #3036, #3054, #3063, #3079, #3080, #3089, #3096, #3112, #3113, #3114, #3115));
#3117 = FACE_OUTER_BOUND ('', #3116, .T.);
#3118 = CARTESIAN_POINT ('', (56.5560912584529, 5.69452859094417, 4.52942497472077));
#3119 = VERTEX_POINT ('', #3118);
#3120 = CARTESIAN_POINT ('', (56.5560912584529, 5.69452859094416, 4.52942497472077));
#3121 = CARTESIAN_POINT ('', (56.5560912584529, 5.55528993377841, 4.52942497472077));
#3122 = CARTESIAN_POINT ('', (56.5294490948318, 5.42135073245062, 4.52942497472077));
#3123 = CARTESIAN_POINT ('', (56.4761647675897, 5.29271098696082, 4.52942497472077));
#3124 = CARTESIAN_POINT ('', (56.4228804403476, 5.16407124147102, 4.52942497472077));
#3125 = CARTESIAN_POINT ('', (56.347009977384, 5.05052306938351, 4.52942497472077));
#3126 = CARTESIAN_POINT ('', (56.2485533786988, 4.95206647069829, 4.52942497472077));
#3127 = CARTESIAN_POINT ('', (56.1500967800135, 4.85360987201307, 4.52942497472077));
#3128 = CARTESIAN_POINT ('', (56.036548607926, 4.77773940904942, 4.52942497472077));
#3129 = CARTESIAN_POINT ('', (55.9079088624362, 4.72445508180732, 4.52942497472077));
#3130 = CARTESIAN_POINT ('', (55.7792691169464, 4.67117075456522, 4.52942497472077));
#3131 = CARTESIAN_POINT ('', (55.6453299156187, 4.64452859094417, 4.52942497472077));
#3132 = CARTESIAN_POINT ('', (55.5060912584529, 4.64452859094417, 4.52942497472077));
#3133 = CARTESIAN_POINT ('', (55.3668526012871, 4.64452859094417, 4.52942497472077));
#3134 = CARTESIAN_POINT ('', (55.2329133999593, 4.67117075456522, 4.52942497472077));
#3135 = CARTESIAN_POINT ('', (55.1042736544695, 4.72445508180731, 4.52942497472077));
#3136 = CARTESIAN_POINT ('', (54.9756339089797, 4.77773940904941, 4.52942497472077));
#3137 = CARTESIAN_POINT ('', (54.8620857368922, 4.85360987201307, 4.52942497472077));
#3138 = CARTESIAN_POINT ('', (54.763629138207, 4.95206647069829, 4.52942497472077));
#3139 = CARTESIAN_POINT ('', (54.6651725395218, 5.05052306938351, 4.52942497472077));
#3140 = CARTESIAN_POINT ('', (54.5893020765581, 5.16407124147101, 4.52942497472077));
#3141 = CARTESIAN_POINT ('', (54.536017749316, 5.29271098696082, 4.52942497472077));
#3142 = CARTESIAN_POINT ('', (54.4827334220739, 5.42135073245063, 4.52942497472077));
#3143 = CARTESIAN_POINT ('', (54.4560912584529, 5.55528993377841, 4.52942497472077));
#3144 = CARTESIAN_POINT ('', (54.4560912584529, 5.69452859094416, 4.52942497472077));
#3145 = CARTESIAN_POINT ('', (54.4560912584529, 5.83376724810992, 4.52942497472077));
#3146 = CARTESIAN_POINT ('', (54.4827334220739, 5.96770644943771, 4.52942497472077));
#3147 = CARTESIAN_POINT ('', (54.536017749316, 6.09634619492751, 4.52942497472077));
#3148 = CARTESIAN_POINT ('', (54.5893020765581, 6.22498594041731, 4.52942497472077));
#3149 = CARTESIAN_POINT ('', (54.6651725395218, 6.33853411250482, 4.52942497472077));
#3150 = CARTESIAN_POINT ('', (54.763629138207, 6.43699071119004, 4.52942497472077));
#3151 = CARTESIAN_POINT ('', (54.8620857368922, 6.53544730987526, 4.52942497472077));
#3152 = CARTESIAN_POINT ('', (54.9756339089797, 6.61131777283892, 4.52942497472077));
#3153 = CARTESIAN_POINT ('', (55.1042736544695, 6.66460210008102, 4.52942497472077));
#3154 = CARTESIAN_POINT ('', (55.2329133999593, 6.71788642732311, 4.52942497472077));
#3155 = CARTESIAN_POINT ('', (55.3668526012871, 6.74452859094416, 4.52942497472077));
#3156 = CARTESIAN_POINT ('', (55.5060912584529, 6.74452859094416, 4.52942497472077));
#3157 = CARTESIAN_POINT ('', (55.6453299156186, 6.74452859094416, 4.52942497472077));
#3158 = CARTESIAN_POINT ('', (55.7792691169465, 6.71788642732311, 4.52942497472077));
#3159 = CARTESIAN_POINT ('', (55.9079088624362, 6.66460210008102, 4.52942497472077));
#3160 = CARTESIAN_POINT ('', (56.036548607926, 6.61131777283892, 4.52942497472077));
#3161 = CARTESIAN_POINT ('', (56.1500967800135, 6.53544730987526, 4.52942497472077));
#3162 = CARTESIAN_POINT ('', (56.2485533786988, 6.43699071119004, 4.52942497472077));
#3163 = CARTESIAN_POINT ('', (56.347009977384, 6.33853411250482, 4.52942497472077));
#3164 = CARTESIAN_POINT ('', (56.4228804403476, 6.22498594041731, 4.52942497472077));
#3165 = CARTESIAN_POINT ('', (56.4761647675897, 6.09634619492751, 4.52942497472077));
#3166 = CARTESIAN_POINT ('', (56.5294490948318, 5.9677064494377, 4.52942497472077));
#3167 = CARTESIAN_POINT ('', (56.5560912584529, 5.83376724810992, 4.52942497472077));
#3168 = CARTESIAN_POINT ('', (56.5560912584529, 5.69452859094416, 4.52942497472077));
#3169 = B_SPLINE_CURVE_WITH_KNOTS ('', 3, (#3120, #3121, #3122, #3123, #3124, #3125, #3126, #3127, #3128, #3129, #3130, #3131, #3132, #3133, #3134, #3135, #3136, #3137, #3138, #3139, #3140, #3141, #3142, #3143, #3144, #3145, #3146, #3147, #3148, #3149, #3150, #3151, #3152, #3153, #3154, #3155, #3156, #3157, #3158, #3159, #3160, #3161, #3162, #3163, #3164, #3165, #3166, #3167, #3168), .UNSPECIFIED., .T., .U., (4, 3, 3, 3, 3, 3, 3, 3, 3, 3, 3, 3, 3, 3, 3, 3, 4), (0., 0.0625, 0.125, 0.1875, 0.25, 0.3125, 0.375, 0.4375, 0.5, 0.5625, 0.625, 0.6875, 0.75, 0.8125, 0.875, 0.9375, 1.), .UNSPECIFIED.);
#3170 = EDGE_CURVE ('', #3119, #3119, #3169, .T.);
#3171 = ORIENTED_EDGE ('', *, *, #3170, .T.);
#3172 = EDGE_LOOP ('', (#3171));
#3173 = FACE_BOUND ('', #3172, .T.);
#3174 = CARTESIAN_POINT ('', (-1.31632034356087, -3.42684552819996, 4.52942497472077));
#3175 = VERTEX_POINT ('', #3174);
#3176 = CARTESIAN_POINT ('', (-1.31632034356087, -3.42684552819996, 4.52942497472077));
#3177 = CARTESIAN_POINT ('', (-1.31632034356087, -3.6986924302855, 4.52942497472077));
#3178 = CARTESIAN_POINT ('', (-1.36833599634483, -3.96019277573497, 4.52942497472077));
#3179 = CARTESIAN_POINT ('', (-1.47236730191273, -4.21134656454839, 4.52942497472077));
#3180 = CARTESIAN_POINT ('', (-1.57639860748064, -4.46250035336181, 4.52942497472077));
#3181 = CARTESIAN_POINT ('', (-1.72452665421921, -4.68418964172315, 4.52942497472077));
#3182 = CARTESIAN_POINT ('', (-1.91675144212845, -4.87641442963238, 4.52942497472077));
#3183 = CARTESIAN_POINT ('', (-2.10897623003769, -5.06863921754162, 4.52942497472077));
#3184 = CARTESIAN_POINT ('', (-2.33066551839901, -5.21676726428019, 4.52942497472077));
#3185 = CARTESIAN_POINT ('', (-2.58181930721243, -5.3207985698481, 4.52942497472077));
#3186 = CARTESIAN_POINT ('', (-2.83297309602586, -5.42482987541601, 4.52942497472077));
#3187 = CARTESIAN_POINT ('', (-3.09447344147535, -5.47684552819996, 4.52942497472077));
#3188 = CARTESIAN_POINT ('', (-3.36632034356088, -5.47684552819996, 4.52942497472077));
#3189 = CARTESIAN_POINT ('', (-3.6381672456464, -5.47684552819996, 4.52942497472077));
#3190 = CARTESIAN_POINT ('', (-3.89966759109588, -5.42482987541601, 4.52942497472077));
#3191 = CARTESIAN_POINT ('', (-4.1508213799093, -5.3207985698481, 4.52942497472077));
#3192 = CARTESIAN_POINT ('', (-4.40197516872273, -5.21676726428019, 4.52942497472077));
#3193 = CARTESIAN_POINT ('', (-4.62366445708405, -5.06863921754162, 4.52942497472077));
#3194 = CARTESIAN_POINT ('', (-4.81588924499329, -4.87641442963238, 4.52942497472077));
#3195 = CARTESIAN_POINT ('', (-5.00811403290253, -4.68418964172314, 4.52942497472077));
#3196 = CARTESIAN_POINT ('', (-5.15624207964111, -4.46250035336182, 4.52942497472077));
#3197 = CARTESIAN_POINT ('', (-5.26027338520901, -4.2113465645484, 4.52942497472077));
#3198 = CARTESIAN_POINT ('', (-5.36430469077692, -3.96019277573498, 4.52942497472077));
#3199 = CARTESIAN_POINT ('', (-5.41632034356087, -3.6986924302855, 4.52942497472077));
#3200 = CARTESIAN_POINT ('', (-5.41632034356087, -3.42684552819996, 4.52942497472077));
#3201 = CARTESIAN_POINT ('', (-5.41632034356087, -3.15499862611443, 4.52942497472077));
#3202 = CARTESIAN_POINT ('', (-5.36430469077692, -2.89349828066495, 4.52942497472077));
#3203 = CARTESIAN_POINT ('', (-5.26027338520901, -2.64234449185153, 4.52942497472077));
#3204 = CARTESIAN_POINT ('', (-5.15624207964111, -2.39119070303811, 4.52942497472077));
#3205 = CARTESIAN_POINT ('', (-5.00811403290253, -2.16950141467678, 4.52942497472077));
#3206 = CARTESIAN_POINT ('', (-4.81588924499329, -1.97727662676754, 4.52942497472077));
#3207 = CARTESIAN_POINT ('', (-4.62366445708405, -1.7850518388583, 4.52942497472077));
#3208 = CARTESIAN_POINT ('', (-4.40197516872273, -1.63692379211973, 4.52942497472077));
#3209 = CARTESIAN_POINT ('', (-4.15082137990931, -1.53289248655182, 4.52942497472077));
#3210 = CARTESIAN_POINT ('', (-3.89966759109589, -1.42886118098392, 4.52942497472077));
#3211 = CARTESIAN_POINT ('', (-3.63816724564641, -1.37684552819996, 4.52942497472077));
#3212 = CARTESIAN_POINT ('', (-3.36632034356088, -1.37684552819996, 4.52942497472077));
#3213 = CARTESIAN_POINT ('', (-3.09447344147535, -1.37684552819996, 4.52942497472077));
#3214 = CARTESIAN_POINT ('', (-2.83297309602587, -1.42886118098391, 4.52942497472077));
#3215 = CARTESIAN_POINT ('', (-2.58181930721244, -1.53289248655182, 4.52942497472077));
#3216 = CARTESIAN_POINT ('', (-2.33066551839902, -1.63692379211973, 4.52942497472077));
#3217 = CARTESIAN_POINT ('', (-2.10897623003769, -1.7850518388583, 4.52942497472077));
#3218 = CARTESIAN_POINT ('', (-1.91675144212845, -1.97727662676754, 4.52942497472077));
#3219 = CARTESIAN_POINT ('', (-1.72452665421921, -2.16950141467678, 4.52942497472077));
#3220 = CARTESIAN_POINT ('', (-1.57639860748064, -2.3911907030381, 4.52942497472077));
#3221 = CARTESIAN_POINT ('', (-1.47236730191273, -2.64234449185153, 4.52942497472077));
#3222 = CARTESIAN_POINT ('', (-1.36833599634483, -2.89349828066495, 4.52942497472077));
#3223 = CARTESIAN_POINT ('', (-1.31632034356087, -3.15499862611442, 4.52942497472077));
#3224 = CARTESIAN_POINT ('', (-1.31632034356087, -3.42684552819996, 4.52942497472077));
#3225 = B_SPLINE_CURVE_WITH_KNOTS ('', 3, (#3176, #3177, #3178, #3179, #3180, #3181, #3182, #3183, #3184, #3185, #3186, #3187, #3188, #3189, #3190, #3191, #3192, #3193, #3194, #3195, #3196, #3197, #3198, #3199, #3200, #3201, #3202, #3203, #3204, #3205, #3206, #3207, #3208, #3209, #3210, #3211, #3212, #3213, #3214, #3215, #3216, #3217, #3218, #3219, #3220, #3221, #3222, #3223, #3224), .UNSPECIFIED., .T., .U., (4, 3, 3, 3, 3, 3, 3, 3, 3, 3, 3, 3, 3, 3, 3, 3, 4), (0., 0.0625, 0.125, 0.1875, 0.25, 0.3125, 0.375, 0.4375, 0.5, 0.5625, 0.625, 0.6875, 0.75, 0.8125, 0.875, 0.9375, 1.), .UNSPECIFIED.);
#3226 = EDGE_CURVE ('', #3175, #3175, #3225, .T.);
#3227 = ORIENTED_EDGE ('', *, *, #3226, .T.);
#3228 = EDGE_LOOP ('', (#3227));
#3229 = FACE_BOUND ('', #3228, .T.);
#3230 = CARTESIAN_POINT ('', (-3.19500000000074, 5.49999999996811, 4.52942497472077));
#3231 = VERTEX_POINT ('', #3230);
#3232 = CARTESIAN_POINT ('', (-3.19500000000074, 5.49999999996811, 4.52942497472077));
#3233 = CARTESIAN_POINT ('', (-3.19500000000074, 5.36076134280235, 4.52942497472077));
#3234 = CARTESIAN_POINT ('', (-3.22164216362179, 5.22682214147457, 4.52942497472077));
#3235 = CARTESIAN_POINT ('', (-3.27492649086389, 5.09818239598477, 4.52942497472077));
#3236 = CARTESIAN_POINT ('', (-3.32821081810599, 4.96954265049497, 4.52942497472077));
#3237 = CARTESIAN_POINT ('', (-3.40408128106965, 4.85599447840746, 4.52942497472077));
#3238 = CARTESIAN_POINT ('', (-3.50253787975487, 4.75753787972224, 4.52942497472077));
#3239 = CARTESIAN_POINT ('', (-3.60099447844009, 4.65908128103702, 4.52942497472077));
#3240 = CARTESIAN_POINT ('', (-3.7145426505276, 4.58321081807336, 4.52942497472077));
#3241 = CARTESIAN_POINT ('', (-3.8431823960174, 4.52992649083126, 4.52942497472077));
#3242 = CARTESIAN_POINT ('', (-3.9718221415072, 4.47664216358916, 4.52942497472077));
#3243 = CARTESIAN_POINT ('', (-4.10576134283498, 4.44999999996811, 4.52942497472077));
#3244 = CARTESIAN_POINT ('', (-4.24500000000074, 4.44999999996811, 4.52942497472077));
#3245 = CARTESIAN_POINT ('', (-4.38423865716651, 4.44999999996811, 4.52942497472077));
#3246 = CARTESIAN_POINT ('', (-4.51817785849429, 4.47664216358916, 4.52942497472077));
#3247 = CARTESIAN_POINT ('', (-4.64681760398409, 4.52992649083126, 4.52942497472077));
#3248 = CARTESIAN_POINT ('', (-4.77545734947389, 4.58321081807336, 4.52942497472077));
#3249 = CARTESIAN_POINT ('', (-4.8890055215614, 4.65908128103702, 4.52942497472077));
#3250 = CARTESIAN_POINT ('', (-4.98746212024662, 4.75753787972224, 4.52942497472077));
#3251 = CARTESIAN_POINT ('', (-5.08591871893183, 4.85599447840746, 4.52942497472077));
#3252 = CARTESIAN_POINT ('', (-5.16178918189549, 4.96954265049497, 4.52942497472077));
#3253 = CARTESIAN_POINT ('', (-5.21507350913759, 5.09818239598477, 4.52942497472077));
#3254 = CARTESIAN_POINT ('', (-5.26835783637969, 5.22682214147457, 4.52942497472077));
#3255 = CARTESIAN_POINT ('', (-5.29500000000074, 5.36076134280235, 4.52942497472077));
#3256 = CARTESIAN_POINT ('', (-5.29500000000074, 5.49999999996811, 4.52942497472077));
#3257 = CARTESIAN_POINT ('', (-5.29500000000074, 5.63923865713387, 4.52942497472077));
#3258 = CARTESIAN_POINT ('', (-5.26835783637969, 5.77317785846166, 4.52942497472077));
#3259 = CARTESIAN_POINT ('', (-5.21507350913759, 5.90181760395146, 4.52942497472077));
#3260 = CARTESIAN_POINT ('', (-5.16178918189549, 6.03045734944126, 4.52942497472077));
#3261 = CARTESIAN_POINT ('', (-5.08591871893183, 6.14400552152877, 4.52942497472077));
#3262 = CARTESIAN_POINT ('', (-4.98746212024662, 6.24246212021399, 4.52942497472077));
#3263 = CARTESIAN_POINT ('', (-4.8890055215614, 6.34091871889921, 4.52942497472077));
#3264 = CARTESIAN_POINT ('', (-4.77545734947389, 6.41678918186286, 4.52942497472077));
#3265 = CARTESIAN_POINT ('', (-4.64681760398409, 6.47007350910496, 4.52942497472077));
#3266 = CARTESIAN_POINT ('', (-4.51817785849429, 6.52335783634706, 4.52942497472077));
#3267 = CARTESIAN_POINT ('', (-4.38423865716651, 6.54999999996811, 4.52942497472077));
#3268 = CARTESIAN_POINT ('', (-4.24500000000074, 6.54999999996811, 4.52942497472077));
#3269 = CARTESIAN_POINT ('', (-4.10576134283498, 6.54999999996811, 4.52942497472077));
#3270 = CARTESIAN_POINT ('', (-3.9718221415072, 6.52335783634706, 4.52942497472077));
#3271 = CARTESIAN_POINT ('', (-3.8431823960174, 6.47007350910496, 4.52942497472077));
#3272 = CARTESIAN_POINT ('', (-3.7145426505276, 6.41678918186286, 4.52942497472077));
#3273 = CARTESIAN_POINT ('', (-3.60099447844009, 6.34091871889921, 4.52942497472077));
#3274 = CARTESIAN_POINT ('', (-3.50253787975487, 6.24246212021399, 4.52942497472077));
#3275 = CARTESIAN_POINT ('', (-3.40408128106965, 6.14400552152877, 4.52942497472077));
#3276 = CARTESIAN_POINT ('', (-3.32821081810599, 6.03045734944126, 4.52942497472077));
#3277 = CARTESIAN_POINT ('', (-3.27492649086389, 5.90181760395146, 4.52942497472077));
#3278 = CARTESIAN_POINT ('', (-3.22164216362179, 5.77317785846165, 4.52942497472077));
#3279 = CARTESIAN_POINT ('', (-3.19500000000074, 5.63923865713387, 4.52942497472077));
#3280 = CARTESIAN_POINT ('', (-3.19500000000074, 5.49999999996811, 4.52942497472077));
#3281 = B_SPLINE_CURVE_WITH_KNOTS ('', 3, (#3232, #3233, #3234, #3235, #3236, #3237, #3238, #3239, #3240, #3241, #3242, #3243, #3244, #3245, #3246, #3247, #3248, #3249, #3250, #3251, #3252, #3253, #3254, #3255, #3256, #3257, #3258, #3259, #3260, #3261, #3262, #3263, #3264, #3265, #3266, #3267, #3268, #3269, #3270, #3271, #3272, #3273, #3274, #3275, #3276, #3277, #3278, #3279, #3280), .UNSPECIFIED., .T., .U., (4, 3, 3, 3, 3, 3, 3, 3, 3, 3, 3, 3, 3, 3, 3, 3, 4), (0., 0.0625, 0.125, 0.1875, 0.25, 0.3125, 0.375, 0.4375, 0.5, 0.5625, 0.625, 0.6875, 0.75, 0.8125, 0.875, 0.9375, 1.), .UNSPECIFIED.);
#3282 = EDGE_CURVE ('', #3231, #3231, #3281, .T.);
#3283 = ORIENTED_EDGE ('', *, *, #3282, .T.);
#3284 = EDGE_LOOP ('', (#3283));
#3285 = FACE_BOUND ('', #3284, .T.);
#3286 = CARTESIAN_POINT ('', (59.1499873103724, 8.49999999996814, 4.52942497472077));
#3287 = CARTESIAN_POINT ('', (59.1499873103724, -6.53621407955044, 4.52942497472077));
#3288 = CARTESIAN_POINT ('', (-6.49499999999987, 8.49999999996814, 4.52942497472077));
#3289 = CARTESIAN_POINT ('', (-6.49499999999987, -6.53621407955044, 4.52942497472077));
#3290 = B_SPLINE_SURFACE_WITH_KNOTS ('', 1, 1, ((#3286, #3287), (#3288, #3289)), .UNSPECIFIED., .F., .F., .U., (2, 2), (2, 2), (0., 1.), (0., 1.), .UNSPECIFIED.);
#3291 = ADVANCED_FACE ('', (#3117, #3173, #3229, #3285), #3290, .T.);
#3292 = CARTESIAN_POINT ('', (-3.19500000000074, 5.49999999996811, 1.52942497472077));
#3293 = VERTEX_POINT ('', #3292);
#3294 = CARTESIAN_POINT ('', (-3.19500000000074, 5.49999999996811, 4.52942497472077));
#3295 = CARTESIAN_POINT ('', (-3.19500000000074, 5.49999999996811, 1.52942497472077));
#3296 = B_SPLINE_CURVE_WITH_KNOTS ('', 1, (#3294, #3295), .UNSPECIFIED., .F., .U., (2, 2), (0., 1.), .UNSPECIFIED.);
#3297 = EDGE_CURVE ('', #3231, #3293, #3296, .T.);
#3298 = ORIENTED_EDGE ('', *, *, #3297, .T.);
#3299 = CARTESIAN_POINT ('', (-3.19500000000074, 5.49999999996811, 1.52942497472077));
#3300 = CARTESIAN_POINT ('', (-3.19500000000074, 5.63923865713387, 1.52942497472077));
#3301 = CARTESIAN_POINT ('', (-3.22164216362179, 5.77317785846166, 1.52942497472077));
#3302 = CARTESIAN_POINT ('', (-3.27492649086389, 5.90181760395146, 1.52942497472077));
#3303 = CARTESIAN_POINT ('', (-3.32821081810599, 6.03045734944126, 1.52942497472077));
#3304 = CARTESIAN_POINT ('', (-3.40408128106965, 6.14400552152877, 1.52942497472077));
#3305 = CARTESIAN_POINT ('', (-3.50253787975487, 6.24246212021399, 1.52942497472077));
#3306 = CARTESIAN_POINT ('', (-3.60099447844008, 6.34091871889921, 1.52942497472077));
#3307 = CARTESIAN_POINT ('', (-3.7145426505276, 6.41678918186287, 1.52942497472077));
#3308 = CARTESIAN_POINT ('', (-3.8431823960174, 6.47007350910496, 1.52942497472077));
#3309 = CARTESIAN_POINT ('', (-3.9718221415072, 6.52335783634706, 1.52942497472077));
#3310 = CARTESIAN_POINT ('', (-4.10576134283498, 6.54999999996811, 1.52942497472077));
#3311 = CARTESIAN_POINT ('', (-4.24500000000074, 6.54999999996811, 1.52942497472077));
#3312 = CARTESIAN_POINT ('', (-4.3842386571665, 6.54999999996811, 1.52942497472077));
#3313 = CARTESIAN_POINT ('', (-4.51817785849428, 6.52335783634706, 1.52942497472077));
#3314 = CARTESIAN_POINT ('', (-4.64681760398409, 6.47007350910496, 1.52942497472077));
#3315 = CARTESIAN_POINT ('', (-4.77545734947389, 6.41678918186286, 1.52942497472077));
#3316 = CARTESIAN_POINT ('', (-4.8890055215614, 6.34091871889921, 1.52942497472078));
#3317 = CARTESIAN_POINT ('', (-4.98746212024662, 6.24246212021399, 1.52942497472078));
#3318 = CARTESIAN_POINT ('', (-5.08591871893183, 6.14400552152877, 1.52942497472078));
#3319 = CARTESIAN_POINT ('', (-5.16178918189549, 6.03045734944126, 1.52942497472077));
#3320 = CARTESIAN_POINT ('', (-5.21507350913759, 5.90181760395146, 1.52942497472077));
#3321 = CARTESIAN_POINT ('', (-5.26835783637969, 5.77317785846166, 1.52942497472077));
#3322 = CARTESIAN_POINT ('', (-5.29500000000074, 5.63923865713387, 1.52942497472077));
#3323 = CARTESIAN_POINT ('', (-5.29500000000074, 5.49999999996811, 1.52942497472077));
#3324 = CARTESIAN_POINT ('', (-5.29500000000074, 5.36076134280235, 1.52942497472077));
#3325 = CARTESIAN_POINT ('', (-5.26835783637969, 5.22682214147457, 1.52942497472077));
#3326 = CARTESIAN_POINT ('', (-5.21507350913759, 5.09818239598477, 1.52942497472077));
#3327 = CARTESIAN_POINT ('', (-5.16178918189549, 4.96954265049497, 1.52942497472077));
#3328 = CARTESIAN_POINT ('', (-5.08591871893183, 4.85599447840746, 1.52942497472077));
#3329 = CARTESIAN_POINT ('', (-4.98746212024662, 4.75753787972224, 1.52942497472077));
#3330 = CARTESIAN_POINT ('', (-4.8890055215614, 4.65908128103702, 1.52942497472077));
#3331 = CARTESIAN_POINT ('', (-4.77545734947389, 4.58321081807336, 1.52942497472077));
#3332 = CARTESIAN_POINT ('', (-4.64681760398409, 4.52992649083126, 1.52942497472077));
#3333 = CARTESIAN_POINT ('', (-4.51817785849428, 4.47664216358916, 1.52942497472077));
#3334 = CARTESIAN_POINT ('', (-4.3842386571665, 4.44999999996811, 1.52942497472077));
#3335 = CARTESIAN_POINT ('', (-4.24500000000074, 4.44999999996811, 1.52942497472077));
#3336 = CARTESIAN_POINT ('', (-4.10576134283498, 4.44999999996811, 1.52942497472077));
#3337 = CARTESIAN_POINT ('', (-3.9718221415072, 4.47664216358916, 1.52942497472077));
#3338 = CARTESIAN_POINT ('', (-3.8431823960174, 4.52992649083126, 1.52942497472077));
#3339 = CARTESIAN_POINT ('', (-3.71454265052759, 4.58321081807336, 1.52942497472077));
#3340 = CARTESIAN_POINT ('', (-3.60099447844008, 4.65908128103702, 1.52942497472077));
#3341 = CARTESIAN_POINT ('', (-3.50253787975487, 4.75753787972224, 1.52942497472077));
#3342 = CARTESIAN_POINT ('', (-3.40408128106965, 4.85599447840746, 1.52942497472077));
#3343 = CARTESIAN_POINT ('', (-3.32821081810599, 4.96954265049497, 1.52942497472077));
#3344 = CARTESIAN_POINT ('', (-3.27492649086389, 5.09818239598477, 1.52942497472077));
#3345 = CARTESIAN_POINT ('', (-3.22164216362179, 5.22682214147457, 1.52942497472077));
#3346 = CARTESIAN_POINT ('', (-3.19500000000074, 5.36076134280235, 1.52942497472077));
#3347 = CARTESIAN_POINT ('', (-3.19500000000074, 5.49999999996811, 1.52942497472077));
#3348 = B_SPLINE_CURVE_WITH_KNOTS ('', 3, (#3299, #3300, #3301, #3302, #3303, #3304, #3305, #3306, #3307, #3308, #3309, #3310, #3311, #3312, #3313, #3314, #3315, #3316, #3317, #3318, #3319, #3320, #3321, #3322, #3323, #3324, #3325, #3326, #3327, #3328, #3329, #3330, #3331, #3332, #3333, #3334, #3335, #3336, #3337, #3338, #3339, #3340, #3341, #3342, #3343, #3344, #3345, #3346, #3347), .UNSPECIFIED., .T., .U., (4, 3, 3, 3, 3, 3, 3, 3, 3, 3, 3, 3, 3, 3, 3, 3, 4), (0., 0.0625, 0.125, 0.1875, 0.25, 0.3125, 0.375, 0.4375, 0.5, 0.5625, 0.625, 0.6875, 0.75, 0.8125, 0.875, 0.9375, 1.), .UNSPECIFIED.);
#3349 = EDGE_CURVE ('', #3293, #3293, #3348, .T.);
#3350 = ORIENTED_EDGE ('', *, *, #3349, .F.);
#3351 = ORIENTED_EDGE ('', *, *, #3297, .F.);
#3352 = ORIENTED_EDGE ('', *, *, #3282, .F.);
#3353 = EDGE_LOOP ('', (#3298, #3350, #3351, #3352));
#3354 = FACE_OUTER_BOUND ('', #3353, .T.);
#3355 = CARTESIAN_POINT ('', (-3.19500000000074, 5.49999999996811, 4.82942497472077));
#3356 = CARTESIAN_POINT ('', (-3.19500000000074, 5.49999999996811, 1.22942497472077));
#3357 = CARTESIAN_POINT ('', (-3.19500000000074, 7.59999999996811, 4.82942497472077));
#3358 = CARTESIAN_POINT ('', (-3.19500000000074, 7.59999999996811, 1.22942497472078));
#3359 = CARTESIAN_POINT ('', (-5.29500000000074, 7.59999999996811, 4.82942497472077));
#3360 = CARTESIAN_POINT ('', (-5.29500000000074, 7.59999999996811, 1.22942497472078));
#3361 = CARTESIAN_POINT ('', (-5.29500000000074, 5.49999999996811, 4.82942497472077));
#3362 = CARTESIAN_POINT ('', (-5.29500000000074, 5.49999999996811, 1.22942497472077));
#3363 = CARTESIAN_POINT ('', (-5.29500000000074, 3.39999999996811, 4.82942497472077));
#3364 = CARTESIAN_POINT ('', (-5.29500000000074, 3.39999999996811, 1.22942497472078));
#3365 = CARTESIAN_POINT ('', (-3.19500000000074, 3.39999999996811, 4.82942497472077));
#3366 = CARTESIAN_POINT ('', (-3.19500000000074, 3.39999999996811, 1.22942497472078));
#3367 = CARTESIAN_POINT ('', (-3.19500000000074, 5.49999999996811, 4.82942497472077));
#3368 = CARTESIAN_POINT ('', (-3.19500000000074, 5.49999999996811, 1.22942497472077));
#3369 = (
   BOUNDED_SURFACE ()
   B_SPLINE_SURFACE (3, 1, ((#3355, #3356), (#3357, #3358), (#3359, #3360), (#3361, #3362), (#3363, #3364), (#3365, #3366), (#3367, #3368)), .UNSPECIFIED., .T., .F., .U.)
   B_SPLINE_SURFACE_WITH_KNOTS ((4, 3, 4), (2, 2), (0., 0.5, 1.), (0., 1.), .UNSPECIFIED.)
   GEOMETRIC_REPRESENTATION_ITEM ()
   RATIONAL_B_SPLINE_SURFACE (((1., 1.), (0.333333333333333, 0.333333333333333), (0.333333333333333, 0.333333333333333), (1., 1.), (0.333333333333333, 0.333333333333333), (0.333333333333333, 0.333333333333333), (1., 1.)))
   REPRESENTATION_ITEM ('')
   SURFACE ()
);
#3370 = ADVANCED_FACE ('', (#3354), #3369, .T.);
#3371 = ORIENTED_EDGE ('', *, *, #3349, .T.);
#3372 = EDGE_LOOP ('', (#3371));
#3373 = FACE_OUTER_BOUND ('', #3372, .T.);
#3374 = CARTESIAN_POINT ('', (-3.18240000000075, 6.56259999996811, 1.52942497472077));
#3375 = CARTESIAN_POINT ('', (-3.18240000000075, 4.43739999996811, 1.52942497472077));
#3376 = CARTESIAN_POINT ('', (-5.30760000000073, 6.56259999996811, 1.52942497472077));
#3377 = CARTESIAN_POINT ('', (-5.30760000000073, 4.43739999996811, 1.52942497472077));
#3378 = B_SPLINE_SURFACE_WITH_KNOTS ('', 1, 1, ((#3374, #3375), (#3376, #3377)), .UNSPECIFIED., .F., .F., .U., (2, 2), (2, 2), (0., 1.), (0., 1.), .UNSPECIFIED.);
#3379 = ADVANCED_FACE ('', (#3373), #3378, .T.);
#3380 = CARTESIAN_POINT ('', (-1.31632034356087, -3.42684552819996, 1.52942497472077));
#3381 = VERTEX_POINT ('', #3380);
#3382 = CARTESIAN_POINT ('', (-1.31632034356087, -3.42684552819996, 4.52942497472077));
#3383 = CARTESIAN_POINT ('', (-1.31632034356087, -3.42684552819996, 1.52942497472077));
#3384 = B_SPLINE_CURVE_WITH_KNOTS ('', 1, (#3382, #3383), .UNSPECIFIED., .F., .U., (2, 2), (0., 1.), .UNSPECIFIED.);
#3385 = EDGE_CURVE ('', #3175, #3381, #3384, .T.);
#3386 = ORIENTED_EDGE ('', *, *, #3385, .T.);
#3387 = CARTESIAN_POINT ('', (-1.31632034356087, -3.42684552819996, 1.52942497472077));
#3388 = CARTESIAN_POINT ('', (-1.31632034356087, -3.15499862611443, 1.52942497472077));
#3389 = CARTESIAN_POINT ('', (-1.36833599634483, -2.89349828066495, 1.52942497472077));
#3390 = CARTESIAN_POINT ('', (-1.47236730191274, -2.64234449185153, 1.52942497472077));
#3391 = CARTESIAN_POINT ('', (-1.57639860748064, -2.3911907030381, 1.52942497472077));
#3392 = CARTESIAN_POINT ('', (-1.72452665421922, -2.16950141467677, 1.52942497472077));
#3393 = CARTESIAN_POINT ('', (-1.91675144212845, -1.97727662676754, 1.52942497472077));
#3394 = CARTESIAN_POINT ('', (-2.10897623003769, -1.7850518388583, 1.52942497472077));
#3395 = CARTESIAN_POINT ('', (-2.33066551839902, -1.63692379211973, 1.52942497472077));
#3396 = CARTESIAN_POINT ('', (-2.58181930721244, -1.53289248655182, 1.52942497472077));
#3397 = CARTESIAN_POINT ('', (-2.83297309602586, -1.42886118098392, 1.52942497472077));
#3398 = CARTESIAN_POINT ('', (-3.09447344147534, -1.37684552819996, 1.52942497472077));
#3399 = CARTESIAN_POINT ('', (-3.36632034356087, -1.37684552819996, 1.52942497472077));
#3400 = CARTESIAN_POINT ('', (-3.63816724564641, -1.37684552819996, 1.52942497472077));
#3401 = CARTESIAN_POINT ('', (-3.89966759109589, -1.42886118098392, 1.52942497472077));
#3402 = CARTESIAN_POINT ('', (-4.15082137990931, -1.53289248655182, 1.52942497472077));
#3403 = CARTESIAN_POINT ('', (-4.40197516872273, -1.63692379211973, 1.52942497472077));
#3404 = CARTESIAN_POINT ('', (-4.62366445708406, -1.7850518388583, 1.52942497472078));
#3405 = CARTESIAN_POINT ('', (-4.8158892449933, -1.97727662676754, 1.52942497472078));
#3406 = CARTESIAN_POINT ('', (-5.00811403290253, -2.16950141467678, 1.52942497472078));
#3407 = CARTESIAN_POINT ('', (-5.1562420796411, -2.3911907030381, 1.52942497472078));
#3408 = CARTESIAN_POINT ('', (-5.26027338520901, -2.64234449185153, 1.52942497472078));
#3409 = CARTESIAN_POINT ('', (-5.36430469077692, -2.89349828066495, 1.52942497472078));
#3410 = CARTESIAN_POINT ('', (-5.41632034356087, -3.15499862611443, 1.52942497472077));
#3411 = CARTESIAN_POINT ('', (-5.41632034356087, -3.42684552819996, 1.52942497472077));
#3412 = CARTESIAN_POINT ('', (-5.41632034356087, -3.6986924302855, 1.52942497472077));
#3413 = CARTESIAN_POINT ('', (-5.36430469077692, -3.96019277573497, 1.52942497472077));
#3414 = CARTESIAN_POINT ('', (-5.26027338520901, -4.2113465645484, 1.52942497472077));
#3415 = CARTESIAN_POINT ('', (-5.1562420796411, -4.46250035336182, 1.52942497472077));
#3416 = CARTESIAN_POINT ('', (-5.00811403290253, -4.68418964172315, 1.52942497472077));
#3417 = CARTESIAN_POINT ('', (-4.8158892449933, -4.87641442963239, 1.52942497472077));
#3418 = CARTESIAN_POINT ('', (-4.62366445708406, -5.06863921754162, 1.52942497472077));
#3419 = CARTESIAN_POINT ('', (-4.40197516872273, -5.21676726428019, 1.52942497472077));
#3420 = CARTESIAN_POINT ('', (-4.15082137990931, -5.3207985698481, 1.52942497472077));
#3421 = CARTESIAN_POINT ('', (-3.89966759109588, -5.42482987541601, 1.52942497472077));
#3422 = CARTESIAN_POINT ('', (-3.6381672456464, -5.47684552819996, 1.52942497472077));
#3423 = CARTESIAN_POINT ('', (-3.36632034356087, -5.47684552819996, 1.52942497472077));
#3424 = CARTESIAN_POINT ('', (-3.09447344147534, -5.47684552819996, 1.52942497472077));
#3425 = CARTESIAN_POINT ('', (-2.83297309602586, -5.42482987541601, 1.52942497472077));
#3426 = CARTESIAN_POINT ('', (-2.58181930721244, -5.3207985698481, 1.52942497472077));
#3427 = CARTESIAN_POINT ('', (-2.33066551839901, -5.21676726428019, 1.52942497472077));
#3428 = CARTESIAN_POINT ('', (-2.10897623003769, -5.06863921754162, 1.52942497472077));
#3429 = CARTESIAN_POINT ('', (-1.91675144212845, -4.87641442963238, 1.52942497472077));
#3430 = CARTESIAN_POINT ('', (-1.72452665421922, -4.68418964172315, 1.52942497472077));
#3431 = CARTESIAN_POINT ('', (-1.57639860748064, -4.46250035336182, 1.52942497472078));
#3432 = CARTESIAN_POINT ('', (-1.47236730191274, -4.2113465645484, 1.52942497472078));
#3433 = CARTESIAN_POINT ('', (-1.36833599634483, -3.96019277573497, 1.52942497472078));
#3434 = CARTESIAN_POINT ('', (-1.31632034356087, -3.69869243028549, 1.52942497472077));
#3435 = CARTESIAN_POINT ('', (-1.31632034356087, -3.42684552819996, 1.52942497472077));
#3436 = B_SPLINE_CURVE_WITH_KNOTS ('', 3, (#3387, #3388, #3389, #3390, #3391, #3392, #3393, #3394, #3395, #3396, #3397, #3398, #3399, #3400, #3401, #3402, #3403, #3404, #3405, #3406, #3407, #3408, #3409, #3410, #3411, #3412, #3413, #3414, #3415, #3416, #3417, #3418, #3419, #3420, #3421, #3422, #3423, #3424, #3425, #3426, #3427, #3428, #3429, #3430, #3431, #3432, #3433, #3434, #3435), .UNSPECIFIED., .T., .U., (4, 3, 3, 3, 3, 3, 3, 3, 3, 3, 3, 3, 3, 3, 3, 3, 4), (0., 0.0625, 0.125, 0.1875, 0.25, 0.3125, 0.375, 0.4375, 0.5, 0.5625, 0.625, 0.6875, 0.75, 0.8125, 0.875, 0.9375, 1.), .UNSPECIFIED.);
#3437 = EDGE_CURVE ('', #3381, #3381, #3436, .T.);
#3438 = ORIENTED_EDGE ('', *, *, #3437, .F.);
#3439 = ORIENTED_EDGE ('', *, *, #3385, .F.);
#3440 = ORIENTED_EDGE ('', *, *, #3226, .F.);
#3441 = EDGE_LOOP ('', (#3386, #3438, #3439, #3440));
#3442 = FACE_OUTER_BOUND ('', #3441, .T.);
#3443 = CARTESIAN_POINT ('', (-1.31632034356087, -3.42684552819996, 4.82942497472077));
#3444 = CARTESIAN_POINT ('', (-1.31632034356087, -3.42684552819996, 1.22942497472077));
#3445 = CARTESIAN_POINT ('', (-1.31632034356087, 0.673154471800038, 4.82942497472077));
#3446 = CARTESIAN_POINT ('', (-1.31632034356087, 0.673154471800038, 1.22942497472078));
#3447 = CARTESIAN_POINT ('', (-5.41632034356087, 0.673154471800038, 4.82942497472077));
#3448 = CARTESIAN_POINT ('', (-5.41632034356087, 0.673154471800038, 1.22942497472078));
#3449 = CARTESIAN_POINT ('', (-5.41632034356087, -3.42684552819996, 4.82942497472077));
#3450 = CARTESIAN_POINT ('', (-5.41632034356087, -3.42684552819996, 1.22942497472077));
#3451 = CARTESIAN_POINT ('', (-5.41632034356087, -7.52684552819996, 4.82942497472077));
#3452 = CARTESIAN_POINT ('', (-5.41632034356087, -7.52684552819996, 1.22942497472078));
#3453 = CARTESIAN_POINT ('', (-1.31632034356087, -7.52684552819996, 4.82942497472077));
#3454 = CARTESIAN_POINT ('', (-1.31632034356087, -7.52684552819996, 1.22942497472078));
#3455 = CARTESIAN_POINT ('', (-1.31632034356087, -3.42684552819996, 4.82942497472077));
#3456 = CARTESIAN_POINT ('', (-1.31632034356087, -3.42684552819996, 1.22942497472077));
#3457 = (
   BOUNDED_SURFACE ()
   B_SPLINE_SURFACE (3, 1, ((#3443, #3444), (#3445, #3446), (#3447, #3448), (#3449, #3450), (#3451, #3452), (#3453, #3454), (#3455, #3456)), .UNSPECIFIED., .T., .F., .U.)
   B_SPLINE_SURFACE_WITH_KNOTS ((4, 3, 4), (2, 2), (0., 0.5, 1.), (0., 1.), .UNSPECIFIED.)
   GEOMETRIC_REPRESENTATION_ITEM ()
   RATIONAL_B_SPLINE_SURFACE (((1., 1.), (0.333333333333333, 0.333333333333333), (0.333333333333333, 0.333333333333333), (1., 1.), (0.333333333333333, 0.333333333333333), (0.333333333333333, 0.333333333333333), (1., 1.)))
   REPRESENTATION_ITEM ('')
   SURFACE ()
);
#3458 = ADVANCED_FACE ('', (#3442), #3457, .T.);
#3459 = ORIENTED_EDGE ('', *, *, #3437, .T.);
#3460 = EDGE_LOOP ('', (#3459));
#3461 = FACE_OUTER_BOUND ('', #3460, .T.);
#3462 = CARTESIAN_POINT ('', (-1.29172034356088, -1.35224552819996, 1.52942497472077));
#3463 = CARTESIAN_POINT ('', (-1.29172034356088, -5.50144552819996, 1.52942497472077));
#3464 = CARTESIAN_POINT ('', (-5.44092034356087, -1.35224552819996, 1.52942497472077));
#3465 = CARTESIAN_POINT ('', (-5.44092034356087, -5.50144552819996, 1.52942497472077));
#3466 = B_SPLINE_SURFACE_WITH_KNOTS ('', 1, 1, ((#3462, #3463), (#3464, #3465)), .UNSPECIFIED., .F., .F., .U., (2, 2), (2, 2), (0., 1.), (0., 1.), .UNSPECIFIED.);
#3467 = ADVANCED_FACE ('', (#3461), #3466, .T.);
#3468 = CARTESIAN_POINT ('', (56.5560912584529, 5.69452859094416, 1.52942497472077));
#3469 = VERTEX_POINT ('', #3468);
#3470 = CARTESIAN_POINT ('', (56.5560912584529, 5.69452859094417, 4.52942497472077));
#3471 = CARTESIAN_POINT ('', (56.5560912584529, 5.69452859094416, 1.52942497472077));
#3472 = B_SPLINE_CURVE_WITH_KNOTS ('', 1, (#3470, #3471), .UNSPECIFIED., .F., .U., (2, 2), (0., 1.), .UNSPECIFIED.);
#3473 = EDGE_CURVE ('', #3119, #3469, #3472, .T.);
#3474 = ORIENTED_EDGE ('', *, *, #3473, .T.);
#3475 = CARTESIAN_POINT ('', (56.5560912584529, 5.69452859094416, 1.52942497472077));
#3476 = CARTESIAN_POINT ('', (56.5560912584529, 5.83376724810992, 1.52942497472077));
#3477 = CARTESIAN_POINT ('', (56.5294490948318, 5.96770644943771, 1.52942497472078));
#3478 = CARTESIAN_POINT ('', (56.4761647675897, 6.09634619492751, 1.52942497472078));
#3479 = CARTESIAN_POINT ('', (56.4228804403476, 6.22498594041731, 1.52942497472078));
#3480 = CARTESIAN_POINT ('', (56.347009977384, 6.33853411250482, 1.52942497472077));
#3481 = CARTESIAN_POINT ('', (56.2485533786988, 6.43699071119004, 1.52942497472077));
#3482 = CARTESIAN_POINT ('', (56.1500967800135, 6.53544730987526, 1.52942497472077));
#3483 = CARTESIAN_POINT ('', (56.036548607926, 6.61131777283892, 1.52942497472077));
#3484 = CARTESIAN_POINT ('', (55.9079088624362, 6.66460210008102, 1.52942497472077));
#3485 = CARTESIAN_POINT ('', (55.7792691169464, 6.71788642732312, 1.52942497472077));
#3486 = CARTESIAN_POINT ('', (55.6453299156186, 6.74452859094416, 1.52942497472077));
#3487 = CARTESIAN_POINT ('', (55.5060912584529, 6.74452859094416, 1.52942497472077));
#3488 = CARTESIAN_POINT ('', (55.3668526012871, 6.74452859094416, 1.52942497472077));
#3489 = CARTESIAN_POINT ('', (55.2329133999594, 6.71788642732312, 1.52942497472077));
#3490 = CARTESIAN_POINT ('', (55.1042736544695, 6.66460210008102, 1.52942497472077));
#3491 = CARTESIAN_POINT ('', (54.9756339089797, 6.61131777283892, 1.52942497472077));
#3492 = CARTESIAN_POINT ('', (54.8620857368922, 6.53544730987525, 1.52942497472077));
#3493 = CARTESIAN_POINT ('', (54.763629138207, 6.43699071119004, 1.52942497472077));
#3494 = CARTESIAN_POINT ('', (54.6651725395218, 6.33853411250483, 1.52942497472077));
#3495 = CARTESIAN_POINT ('', (54.5893020765581, 6.22498594041732, 1.52942497472078));
#3496 = CARTESIAN_POINT ('', (54.536017749316, 6.09634619492751, 1.52942497472078));
#3497 = CARTESIAN_POINT ('', (54.4827334220739, 5.9677064494377, 1.52942497472078));
#3498 = CARTESIAN_POINT ('', (54.4560912584529, 5.83376724810992, 1.52942497472077));
#3499 = CARTESIAN_POINT ('', (54.4560912584529, 5.69452859094416, 1.52942497472077));
#3500 = CARTESIAN_POINT ('', (54.4560912584529, 5.55528993377841, 1.52942497472077));
#3501 = CARTESIAN_POINT ('', (54.482733422074, 5.42135073245062, 1.52942497472077));
#3502 = CARTESIAN_POINT ('', (54.5360177493161, 5.29271098696082, 1.52942497472077));
#3503 = CARTESIAN_POINT ('', (54.5893020765581, 5.16407124147102, 1.52942497472077));
#3504 = CARTESIAN_POINT ('', (54.6651725395218, 5.05052306938351, 1.52942497472077));
#3505 = CARTESIAN_POINT ('', (54.763629138207, 4.95206647069829, 1.52942497472077));
#3506 = CARTESIAN_POINT ('', (54.8620857368922, 4.85360987201307, 1.52942497472077));
#3507 = CARTESIAN_POINT ('', (54.9756339089797, 4.77773940904941, 1.52942497472077));
#3508 = CARTESIAN_POINT ('', (55.1042736544695, 4.72445508180731, 1.52942497472077));
#3509 = CARTESIAN_POINT ('', (55.2329133999593, 4.67117075456521, 1.52942497472077));
#3510 = CARTESIAN_POINT ('', (55.3668526012871, 4.64452859094416, 1.52942497472077));
#3511 = CARTESIAN_POINT ('', (55.5060912584529, 4.64452859094416, 1.52942497472077));
#3512 = CARTESIAN_POINT ('', (55.6453299156187, 4.64452859094416, 1.52942497472077));
#3513 = CARTESIAN_POINT ('', (55.7792691169464, 4.67117075456522, 1.52942497472077));
#3514 = CARTESIAN_POINT ('', (55.9079088624362, 4.72445508180731, 1.52942497472077));
#3515 = CARTESIAN_POINT ('', (56.036548607926, 4.77773940904941, 1.52942497472077));
#3516 = CARTESIAN_POINT ('', (56.1500967800135, 4.85360987201307, 1.52942497472077));
#3517 = CARTESIAN_POINT ('', (56.2485533786988, 4.95206647069829, 1.52942497472077));
#3518 = CARTESIAN_POINT ('', (56.347009977384, 5.05052306938351, 1.52942497472077));
#3519 = CARTESIAN_POINT ('', (56.4228804403476, 5.16407124147101, 1.52942497472077));
#3520 = CARTESIAN_POINT ('', (56.4761647675897, 5.29271098696082, 1.52942497472077));
#3521 = CARTESIAN_POINT ('', (56.5294490948318, 5.42135073245063, 1.52942497472077));
#3522 = CARTESIAN_POINT ('', (56.5560912584529, 5.55528993377841, 1.52942497472077));
#3523 = CARTESIAN_POINT ('', (56.5560912584529, 5.69452859094416, 1.52942497472077));
#3524 = B_SPLINE_CURVE_WITH_KNOTS ('', 3, (#3475, #3476, #3477, #3478, #3479, #3480, #3481, #3482, #3483, #3484, #3485, #3486, #3487, #3488, #3489, #3490, #3491, #3492, #3493, #3494, #3495, #3496, #3497, #3498, #3499, #3500, #3501, #3502, #3503, #3504, #3505, #3506, #3507, #3508, #3509, #3510, #3511, #3512, #3513, #3514, #3515, #3516, #3517, #3518, #3519, #3520, #3521, #3522, #3523), .UNSPECIFIED., .T., .U., (4, 3, 3, 3, 3, 3, 3, 3, 3, 3, 3, 3, 3, 3, 3, 3, 4), (0., 0.0625, 0.125, 0.1875, 0.25, 0.3125, 0.375, 0.4375, 0.5, 0.5625, 0.625, 0.6875, 0.75, 0.8125, 0.875, 0.9375, 1.), .UNSPECIFIED.);
#3525 = EDGE_CURVE ('', #3469, #3469, #3524, .T.);
#3526 = ORIENTED_EDGE ('', *, *, #3525, .F.);
#3527 = ORIENTED_EDGE ('', *, *, #3473, .F.);
#3528 = ORIENTED_EDGE ('', *, *, #3170, .F.);
#3529 = EDGE_LOOP ('', (#3474, #3526, #3527, #3528));
#3530 = FACE_OUTER_BOUND ('', #3529, .T.);
#3531 = CARTESIAN_POINT ('', (56.5560912584529, 5.69452859094416, 4.82942497472077));
#3532 = CARTESIAN_POINT ('', (56.5560912584529, 5.69452859094416, 1.22942497472077));
#3533 = CARTESIAN_POINT ('', (56.5560912584529, 7.79452859094417, 4.82942497472077));
#3534 = CARTESIAN_POINT ('', (56.5560912584529, 7.79452859094417, 1.22942497472078));
#3535 = CARTESIAN_POINT ('', (54.4560912584529, 7.79452859094417, 4.82942497472077));
#3536 = CARTESIAN_POINT ('', (54.4560912584529, 7.79452859094417, 1.22942497472078));
#3537 = CARTESIAN_POINT ('', (54.4560912584529, 5.69452859094416, 4.82942497472077));
#3538 = CARTESIAN_POINT ('', (54.4560912584529, 5.69452859094416, 1.22942497472077));
#3539 = CARTESIAN_POINT ('', (54.4560912584529, 3.59452859094417, 4.82942497472077));
#3540 = CARTESIAN_POINT ('', (54.4560912584529, 3.59452859094417, 1.22942497472078));
#3541 = CARTESIAN_POINT ('', (56.5560912584529, 3.59452859094417, 4.82942497472077));
#3542 = CARTESIAN_POINT ('', (56.5560912584529, 3.59452859094417, 1.22942497472078));
#3543 = CARTESIAN_POINT ('', (56.5560912584529, 5.69452859094416, 4.82942497472077));
#3544 = CARTESIAN_POINT ('', (56.5560912584529, 5.69452859094416, 1.22942497472077));
#3545 = (
   BOUNDED_SURFACE ()
   B_SPLINE_SURFACE (3, 1, ((#3531, #3532), (#3533, #3534), (#3535, #3536), (#3537, #3538), (#3539, #3540), (#3541, #3542), (#3543, #3544)), .UNSPECIFIED., .T., .F., .U.)
   B_SPLINE_SURFACE_WITH_KNOTS ((4, 3, 4), (2, 2), (0., 0.5, 1.), (0., 1.), .UNSPECIFIED.)
   GEOMETRIC_REPRESENTATION_ITEM ()
   RATIONAL_B_SPLINE_SURFACE (((1., 1.), (0.333333333333333, 0.333333333333333), (0.333333333333333, 0.333333333333333), (1., 1.), (0.333333333333333, 0.333333333333333), (0.333333333333333, 0.333333333333333), (1., 1.)))
   REPRESENTATION_ITEM ('')
   SURFACE ()
);
#3546 = ADVANCED_FACE ('', (#3530), #3545, .T.);
#3547 = ORIENTED_EDGE ('', *, *, #3525, .T.);
#3548 = EDGE_LOOP ('', (#3547));
#3549 = FACE_OUTER_BOUND ('', #3548, .T.);
#3550 = CARTESIAN_POINT ('', (56.5686912584529, 6.75712859094416, 1.52942497472077));
#3551 = CARTESIAN_POINT ('', (56.5686912584529, 4.63192859094416, 1.52942497472077));
#3552 = CARTESIAN_POINT ('', (54.4434912584529, 6.75712859094416, 1.52942497472077));
#3553 = CARTESIAN_POINT ('', (54.4434912584529, 4.63192859094416, 1.52942497472077));
#3554 = B_SPLINE_SURFACE_WITH_KNOTS ('', 1, 1, ((#3550, #3551), (#3552, #3553)), .UNSPECIFIED., .F., .F., .U., (2, 2), (2, 2), (0., 1.), (0., 1.), .UNSPECIFIED.);
#3555 = ADVANCED_FACE ('', (#3549), #3554, .T.);
#3556 = CARTESIAN_POINT ('', (58.725504485761, 5.24959331153283, 3.22675714052078));
#3557 = VERTEX_POINT ('', #3556);
#3558 = CARTESIAN_POINT ('', (58.0130967968662, 4.0279226362533, 3.22942497472077));
#3559 = CARTESIAN_POINT ('', (58.5795757098546, 4.17708183796061, 3.22942497472077));
#3560 = CARTESIAN_POINT ('', (58.8746648074065, 4.68311469343586, 3.22942497472077));
#3561 = CARTESIAN_POINT ('', (58.725504485761, 5.24959331153283, 3.22942497472077));
#3562 = (
   BOUNDED_CURVE ()
   B_SPLINE_CURVE (3, (#3558, #3559, #3560, #3561), .UNSPECIFIED., .F., .U.)
   B_SPLINE_CURVE_WITH_KNOTS ((4, 4), (0., 1.), .UNSPECIFIED.)
   CURVE ()
   GEOMETRIC_REPRESENTATION_ITEM ()
   RATIONAL_B_SPLINE_CURVE ((1., 0.80473738813671, 0.80473738813671, 1.))
   REPRESENTATION_ITEM ('')
);
#3563 = EDGE_CURVE ('', #2146, #3557, #3562, .T.);
#3564 = ORIENTED_EDGE ('', *, *, #3563, .T.);
#3565 = CARTESIAN_POINT ('', (58.725504485761, 5.24959331153283, 3.22942497472077));
#3566 = CARTESIAN_POINT ('', (58.725504485761, 5.24959331153283, 4.52942497472077));
#3567 = B_SPLINE_CURVE_WITH_KNOTS ('', 1, (#3565, #3566), .UNSPECIFIED., .F., .U., (2, 2), (0., 1.), .UNSPECIFIED.);
#3568 = EDGE_CURVE ('', #3557, #3038, #3567, .T.);
#3569 = ORIENTED_EDGE ('', *, *, #3568, .T.);
#3570 = ORIENTED_EDGE ('', *, *, #3053, .F.);
#3571 = ORIENTED_EDGE ('', *, *, #2157, .F.);
#3572 = EDGE_LOOP ('', (#3564, #3569, #3570, #3571));
#3573 = FACE_OUTER_BOUND ('', #3572, .T.);
#3574 = CARTESIAN_POINT ('', (58.725504485761, 5.24959331153283, 4.65942497472077));
#3575 = CARTESIAN_POINT ('', (58.725504485761, 5.24959331153283, 3.09942497472077));
#3576 = CARTESIAN_POINT ('', (58.8746648074065, 4.68311469343586, 4.65942497472077));
#3577 = CARTESIAN_POINT ('', (58.8746648074065, 4.68311469343586, 3.09942497472077));
#3578 = CARTESIAN_POINT ('', (58.5795757098546, 4.17708183796061, 4.65942497472077));
#3579 = CARTESIAN_POINT ('', (58.5795757098546, 4.17708183796061, 3.09942497472077));
#3580 = CARTESIAN_POINT ('', (58.0130967968662, 4.0279226362533, 4.65942497472077));
#3581 = CARTESIAN_POINT ('', (58.0130967968662, 4.0279226362533, 3.09942497472077));
#3582 = (
   BOUNDED_SURFACE ()
   B_SPLINE_SURFACE (3, 1, ((#3574, #3575), (#3576, #3577), (#3578, #3579), (#3580, #3581)), .UNSPECIFIED., .F., .F., .U.)
   B_SPLINE_SURFACE_WITH_KNOTS ((4, 4), (2, 2), (0., 1.), (0., 1.), .UNSPECIFIED.)
   GEOMETRIC_REPRESENTATION_ITEM ()
   RATIONAL_B_SPLINE_SURFACE (((1., 1.), (0.80473738813671, 0.80473738813671), (0.80473738813671, 0.80473738813671), (1., 1.)))
   REPRESENTATION_ITEM ('')
   SURFACE ()
);
#3583 = ADVANCED_FACE ('', (#3573), #3582, .T.);
#3584 = CARTESIAN_POINT ('', (58.0889239922277, 7.66718824767854, 3.22675714052077));
#3585 = VERTEX_POINT ('', #3584);
#3586 = CARTESIAN_POINT ('', (58.725504485761, 5.24959331153283, 3.22675714052077));
#3587 = CARTESIAN_POINT ('', (58.0889239922277, 7.66718824767854, 3.22675714052077));
#3588 = B_SPLINE_CURVE_WITH_KNOTS ('', 1, (#3586, #3587), .UNSPECIFIED., .F., .U., (2, 2), (0., 1.), .UNSPECIFIED.);
#3589 = EDGE_CURVE ('', #3557, #3585, #3588, .T.);
#3590 = ORIENTED_EDGE ('', *, *, #3589, .T.);
#3591 = CARTESIAN_POINT ('', (58.0889239922277, 7.66718824767854, 3.22942497472077));
#3592 = CARTESIAN_POINT ('', (58.0889239922277, 7.66718824767854, 4.52942497472077));
#3593 = B_SPLINE_CURVE_WITH_KNOTS ('', 1, (#3591, #3592), .UNSPECIFIED., .F., .U., (2, 2), (0., 1.), .UNSPECIFIED.);
#3594 = EDGE_CURVE ('', #3585, #3056, #3593, .T.);
#3595 = ORIENTED_EDGE ('', *, *, #3594, .T.);
#3596 = ORIENTED_EDGE ('', *, *, #3062, .F.);
#3597 = ORIENTED_EDGE ('', *, *, #3568, .F.);
#3598 = EDGE_LOOP ('', (#3590, #3595, #3596, #3597));
#3599 = FACE_OUTER_BOUND ('', #3598, .T.);
#3600 = CARTESIAN_POINT ('', (58.0889239922277, 7.66718824767854, 4.52942497472077));
#3601 = CARTESIAN_POINT ('', (58.0889239922277, 7.66718824767854, 3.22675714052077));
#3602 = CARTESIAN_POINT ('', (58.725504485761, 5.24959331153283, 4.52942497472077));
#3603 = CARTESIAN_POINT ('', (58.725504485761, 5.24959331153283, 3.22675714052077));
#3604 = B_SPLINE_SURFACE_WITH_KNOTS ('', 1, 1, ((#3600, #3601), (#3602, #3603)), .UNSPECIFIED., .F., .F., .U., (2, 2), (2, 2), (0., 1.), (0., 1.), .UNSPECIFIED.);
#3605 = ADVANCED_FACE ('', (#3599), #3604, .T.);
#3606 = CARTESIAN_POINT ('', (58.0889239922277, 7.66718824767854, 3.22942497472077));
#3607 = CARTESIAN_POINT ('', (57.939764138218, 8.23366508979584, 3.22942497472077));
#3608 = CARTESIAN_POINT ('', (57.4337328692176, 8.52875326220745, 3.22942497472077));
#3609 = CARTESIAN_POINT ('', (56.8672557322098, 8.37959452813247, 3.22942497472077));
#3610 = (
   BOUNDED_CURVE ()
   B_SPLINE_CURVE (3, (#3606, #3607, #3608, #3609), .UNSPECIFIED., .F., .U.)
   B_SPLINE_CURVE_WITH_KNOTS ((4, 4), (0., 1.), .UNSPECIFIED.)
   CURVE ()
   GEOMETRIC_REPRESENTATION_ITEM ()
   RATIONAL_B_SPLINE_CURVE ((1., 0.804738320111564, 0.804738320111564, 1.))
   REPRESENTATION_ITEM ('')
);
#3611 = EDGE_CURVE ('', #3585, #2998, #3610, .T.);
#3612 = ORIENTED_EDGE ('', *, *, #3611, .T.);
#3613 = ORIENTED_EDGE ('', *, *, #3002, .F.);
#3614 = ORIENTED_EDGE ('', *, *, #3078, .F.);
#3615 = ORIENTED_EDGE ('', *, *, #3594, .F.);
#3616 = EDGE_LOOP ('', (#3612, #3613, #3614, #3615));
#3617 = FACE_OUTER_BOUND ('', #3616, .T.);
#3618 = CARTESIAN_POINT ('', (56.8672557322098, 8.37959452813247, 4.65942497472077));
#3619 = CARTESIAN_POINT ('', (56.8672557322098, 8.37959452813247, 3.09942497472077));
#3620 = CARTESIAN_POINT ('', (57.4337328692176, 8.52875326220745, 4.65942497472077));
#3621 = CARTESIAN_POINT ('', (57.4337328692176, 8.52875326220745, 3.09942497472077));
#3622 = CARTESIAN_POINT ('', (57.939764138218, 8.23366508979584, 4.65942497472077));
#3623 = CARTESIAN_POINT ('', (57.939764138218, 8.23366508979584, 3.09942497472077));
#3624 = CARTESIAN_POINT ('', (58.0889239922277, 7.66718824767854, 4.65942497472077));
#3625 = CARTESIAN_POINT ('', (58.0889239922277, 7.66718824767854, 3.09942497472077));
#3626 = (
   BOUNDED_SURFACE ()
   B_SPLINE_SURFACE (3, 1, ((#3618, #3619), (#3620, #3621), (#3622, #3623), (#3624, #3625)), .UNSPECIFIED., .F., .F., .U.)
   B_SPLINE_SURFACE_WITH_KNOTS ((4, 4), (2, 2), (0., 1.), (0., 1.), .UNSPECIFIED.)
   GEOMETRIC_REPRESENTATION_ITEM ()
   RATIONAL_B_SPLINE_SURFACE (((1., 1.), (0.804738320111564, 0.804738320111564), (0.804738320111564, 0.804738320111564), (1., 1.)))
   REPRESENTATION_ITEM ('')
   SURFACE ()
);
#3627 = ADVANCED_FACE ('', (#3617), #3626, .T.);
#3628 = ORIENTED_EDGE ('', *, *, #3009, .F.);
#3629 = ORIENTED_EDGE ('', *, *, #3611, .F.);
#3630 = ORIENTED_EDGE ('', *, *, #3589, .F.);
#3631 = ORIENTED_EDGE ('', *, *, #3563, .F.);
#3632 = ORIENTED_EDGE ('', *, *, #2150, .F.);
#3633 = CARTESIAN_POINT ('', (127.385296143657, 23.328424712919, 3.22675714052077));
#3634 = VERTEX_POINT ('', #3633);
#3635 = CARTESIAN_POINT ('', (127.385296143657, 23.328424712919, 3.22942497472077));
#3636 = CARTESIAN_POINT ('', (127.534455644447, 22.7619492122531, 3.22942497472077));
#3637 = CARTESIAN_POINT ('', (128.040485274479, 22.466860982972, 3.22942497472077));
#3638 = CARTESIAN_POINT ('', (128.606961515509, 22.6160176719888, 3.22942497472077));
#3639 = (
   BOUNDED_CURVE ()
   B_SPLINE_CURVE (3, (#3635, #3636, #3637, #3638), .UNSPECIFIED., .F., .U.)
   B_SPLINE_CURVE_WITH_KNOTS ((4, 4), (0., 1.), .UNSPECIFIED.)
   CURVE ()
   GEOMETRIC_REPRESENTATION_ITEM ()
   RATIONAL_B_SPLINE_CURVE ((1., 0.804739024060376, 0.804739024060376, 1.))
   REPRESENTATION_ITEM ('')
);
#3640 = EDGE_CURVE ('', #3634, #2139, #3639, .T.);
#3641 = ORIENTED_EDGE ('', *, *, #3640, .F.);
#3642 = CARTESIAN_POINT ('', (126.748732760794, 25.7459546664419, 3.22675714052077));
#3643 = VERTEX_POINT ('', #3642);
#3644 = CARTESIAN_POINT ('', (126.748732760794, 25.7459546664419, 3.22675714052077));
#3645 = CARTESIAN_POINT ('', (127.385296143657, 23.328424712919, 3.22675714052077));
#3646 = B_SPLINE_CURVE_WITH_KNOTS ('', 1, (#3644, #3645), .UNSPECIFIED., .F., .U., (2, 2), (0., 1.), .UNSPECIFIED.);
#3647 = EDGE_CURVE ('', #3643, #3634, #3646, .T.);
#3648 = ORIENTED_EDGE ('', *, *, #3647, .F.);
#3649 = CARTESIAN_POINT ('', (127.461140449689, 26.9676253417214, 3.22942497472077));
#3650 = CARTESIAN_POINT ('', (126.8946615367, 26.8184661400141, 3.22942497472077));
#3651 = CARTESIAN_POINT ('', (126.599572439148, 26.3124332845388, 3.22942497472077));
#3652 = CARTESIAN_POINT ('', (126.748732760794, 25.7459546664419, 3.22942497472077));
#3653 = (
   BOUNDED_CURVE ()
   B_SPLINE_CURVE (3, (#3649, #3650, #3651, #3652), .UNSPECIFIED., .F., .U.)
   B_SPLINE_CURVE_WITH_KNOTS ((4, 4), (0., 1.), .UNSPECIFIED.)
   CURVE ()
   GEOMETRIC_REPRESENTATION_ITEM ()
   RATIONAL_B_SPLINE_CURVE ((1., 0.804737388136713, 0.804737388136713, 1.))
   REPRESENTATION_ITEM ('')
);
#3654 = EDGE_CURVE ('', #3005, #3643, #3653, .T.);
#3655 = ORIENTED_EDGE ('', *, *, #3654, .F.);
#3656 = EDGE_LOOP ('', (#3628, #3629, #3630, #3631, #3632, #3641, #3648, #3655));
#3657 = FACE_OUTER_BOUND ('', #3656, .T.);
#3658 = CARTESIAN_POINT ('', (129.037418945877, 27.1052635579542, 3.22675714052078));
#3659 = CARTESIAN_POINT ('', (129.037418945877, 3.89028442002047, 3.22675714052078));
#3660 = CARTESIAN_POINT ('', (56.4368173830229, 27.1052635579542, 3.22675714052078));
#3661 = CARTESIAN_POINT ('', (56.4368173830229, 3.89028442002047, 3.22675714052078));
#3662 = B_SPLINE_SURFACE_WITH_KNOTS ('', 1, 1, ((#3658, #3659), (#3660, #3661)), .UNSPECIFIED., .F., .F., .U., (2, 2), (2, 2), (0., 1.), (0., 1.), .UNSPECIFIED.);
#3663 = ADVANCED_FACE ('', (#3657), #3662, .T.);
#3664 = ORIENTED_EDGE ('', *, *, #3640, .T.);
#3665 = CARTESIAN_POINT ('', (128.606961515509, 22.6160176719888, 4.52942497472077));
#3666 = CARTESIAN_POINT ('', (128.606961515509, 22.6160176719888, 3.22942497472077));
#3667 = B_SPLINE_CURVE_WITH_KNOTS ('', 1, (#3665, #3666), .UNSPECIFIED., .F., .U., (2, 2), (0., 1.), .UNSPECIFIED.);
#3668 = EDGE_CURVE ('', #2306, #2139, #3667, .T.);
#3669 = ORIENTED_EDGE ('', *, *, #3668, .F.);
#3670 = ORIENTED_EDGE ('', *, *, #2321, .F.);
#3671 = CARTESIAN_POINT ('', (127.385296143657, 23.328424712919, 3.22942497472077));
#3672 = CARTESIAN_POINT ('', (127.385296143657, 23.328424712919, 4.52942497472077));
#3673 = B_SPLINE_CURVE_WITH_KNOTS ('', 1, (#3671, #3672), .UNSPECIFIED., .F., .U., (2, 2), (0., 1.), .UNSPECIFIED.);
#3674 = EDGE_CURVE ('', #3634, #2299, #3673, .T.);
#3675 = ORIENTED_EDGE ('', *, *, #3674, .F.);
#3676 = EDGE_LOOP ('', (#3664, #3669, #3670, #3675));
#3677 = FACE_OUTER_BOUND ('', #3676, .T.);
#3678 = CARTESIAN_POINT ('', (128.606961515509, 22.6160176719888, 4.65942497472077));
#3679 = CARTESIAN_POINT ('', (128.606961515509, 22.6160176719888, 3.09942497472077));
#3680 = CARTESIAN_POINT ('', (128.040485274479, 22.466860982972, 4.65942497472077));
#3681 = CARTESIAN_POINT ('', (128.040485274479, 22.466860982972, 3.09942497472077));
#3682 = CARTESIAN_POINT ('', (127.534455644447, 22.7619492122531, 4.65942497472077));
#3683 = CARTESIAN_POINT ('', (127.534455644447, 22.7619492122531, 3.09942497472077));
#3684 = CARTESIAN_POINT ('', (127.385296143657, 23.328424712919, 4.65942497472077));
#3685 = CARTESIAN_POINT ('', (127.385296143657, 23.328424712919, 3.09942497472077));
#3686 = (
   BOUNDED_SURFACE ()
   B_SPLINE_SURFACE (3, 1, ((#3678, #3679), (#3680, #3681), (#3682, #3683), (#3684, #3685)), .UNSPECIFIED., .F., .F., .U.)
   B_SPLINE_SURFACE_WITH_KNOTS ((4, 4), (2, 2), (0., 1.), (0., 1.), .UNSPECIFIED.)
   GEOMETRIC_REPRESENTATION_ITEM ()
   RATIONAL_B_SPLINE_SURFACE (((1., 1.), (0.804739024060376, 0.804739024060376), (0.804739024060376, 0.804739024060376), (1., 1.)))
   REPRESENTATION_ITEM ('')
   SURFACE ()
);
#3687 = ADVANCED_FACE ('', (#3677), #3686, .T.);
#3688 = ORIENTED_EDGE ('', *, *, #2143, .T.);
#3689 = ORIENTED_EDGE ('', *, *, #2211, .F.);
#3690 = ORIENTED_EDGE ('', *, *, #2326, .T.);
#3691 = ORIENTED_EDGE ('', *, *, #3668, .T.);
#3692 = EDGE_LOOP ('', (#3688, #3689, #3690, #3691));
#3693 = FACE_OUTER_BOUND ('', #3692, .T.);
#3694 = CARTESIAN_POINT ('', (148.128882192187, 27.756259822452, 4.52942497472077));
#3695 = CARTESIAN_POINT ('', (148.128882192187, 27.756259822452, 3.22942497472077));
#3696 = CARTESIAN_POINT ('', (128.606961515509, 22.6160176719888, 4.52942497472077));
#3697 = CARTESIAN_POINT ('', (128.606961515509, 22.6160176719888, 3.22942497472077));
#3698 = B_SPLINE_SURFACE_WITH_KNOTS ('', 1, 1, ((#3694, #3695), (#3696, #3697)), .UNSPECIFIED., .F., .F., .U., (2, 2), (2, 2), (0., 1.), (0., 1.), .UNSPECIFIED.);
#3699 = ADVANCED_FACE ('', (#3693), #3698, .T.);
#3700 = ORIENTED_EDGE ('', *, *, #3647, .T.);
#3701 = ORIENTED_EDGE ('', *, *, #3674, .T.);
#3702 = ORIENTED_EDGE ('', *, *, #2303, .T.);
#3703 = CARTESIAN_POINT ('', (126.748732760794, 25.7459546664419, 4.52942497472077));
#3704 = CARTESIAN_POINT ('', (126.748732760794, 25.7459546664419, 3.22942497472077));
#3705 = B_SPLINE_CURVE_WITH_KNOTS ('', 1, (#3703, #3704), .UNSPECIFIED., .F., .U., (2, 2), (0., 1.), .UNSPECIFIED.);
#3706 = EDGE_CURVE ('', #2281, #3643, #3705, .T.);
#3707 = ORIENTED_EDGE ('', *, *, #3706, .T.);
#3708 = EDGE_LOOP ('', (#3700, #3701, #3702, #3707));
#3709 = FACE_OUTER_BOUND ('', #3708, .T.);
#3710 = CARTESIAN_POINT ('', (127.385296143657, 23.328424712919, 4.52942497472077));
#3711 = CARTESIAN_POINT ('', (127.385296143657, 23.328424712919, 3.22675714052077));
#3712 = CARTESIAN_POINT ('', (126.748732760794, 25.7459546664419, 4.52942497472077));
#3713 = CARTESIAN_POINT ('', (126.748732760794, 25.7459546664419, 3.22675714052077));
#3714 = B_SPLINE_SURFACE_WITH_KNOTS ('', 1, 1, ((#3710, #3711), (#3712, #3713)), .UNSPECIFIED., .F., .F., .U., (2, 2), (2, 2), (0., 1.), (0., 1.), .UNSPECIFIED.);
#3715 = ADVANCED_FACE ('', (#3709), #3714, .T.);
#3716 = ORIENTED_EDGE ('', *, *, #3654, .T.);
#3717 = ORIENTED_EDGE ('', *, *, #3706, .F.);
#3718 = ORIENTED_EDGE ('', *, *, #2296, .F.);
#3719 = ORIENTED_EDGE ('', *, *, #3014, .T.);
#3720 = EDGE_LOOP ('', (#3716, #3717, #3718, #3719));
#3721 = FACE_OUTER_BOUND ('', #3720, .T.);
#3722 = CARTESIAN_POINT ('', (126.748732760794, 25.7459546664419, 4.65942497472077));
#3723 = CARTESIAN_POINT ('', (126.748732760794, 25.7459546664419, 3.09942497472077));
#3724 = CARTESIAN_POINT ('', (126.599572439148, 26.3124332845388, 4.65942497472077));
#3725 = CARTESIAN_POINT ('', (126.599572439148, 26.3124332845388, 3.09942497472077));
#3726 = CARTESIAN_POINT ('', (126.8946615367, 26.8184661400141, 4.65942497472077));
#3727 = CARTESIAN_POINT ('', (126.8946615367, 26.8184661400141, 3.09942497472077));
#3728 = CARTESIAN_POINT ('', (127.461140449689, 26.9676253417214, 4.65942497472077));
#3729 = CARTESIAN_POINT ('', (127.461140449689, 26.9676253417214, 3.09942497472077));
#3730 = (
   BOUNDED_SURFACE ()
   B_SPLINE_SURFACE (3, 1, ((#3722, #3723), (#3724, #3725), (#3726, #3727), (#3728, #3729)), .UNSPECIFIED., .F., .F., .U.)
   B_SPLINE_SURFACE_WITH_KNOTS ((4, 4), (2, 2), (0., 1.), (0., 1.), .UNSPECIFIED.)
   GEOMETRIC_REPRESENTATION_ITEM ()
   RATIONAL_B_SPLINE_SURFACE (((1., 1.), (0.804737388136713, 0.804737388136713), (0.804737388136713, 0.804737388136713), (1., 1.)))
   REPRESENTATION_ITEM ('')
   SURFACE ()
);
#3731 = ADVANCED_FACE ('', (#3721), #3730, .T.);
#3732 = CARTESIAN_POINT ('', (16.9216057256056, -2.03621407955043, -2.19019925136189));
#3733 = VERTEX_POINT ('', #3732);
#3734 = CARTESIAN_POINT ('', (16.9216057256056, -2.03621407955043, 4.52942497472077));
#3735 = CARTESIAN_POINT ('', (16.9216057256056, -2.03621407955043, -2.19019925136189));
#3736 = B_SPLINE_CURVE_WITH_KNOTS ('', 1, (#3734, #3735), .UNSPECIFIED., .F., .U., (2, 2), (0., 1.), .UNSPECIFIED.);
#3737 = EDGE_CURVE ('', #3082, #3733, #3736, .T.);
#3738 = ORIENTED_EDGE ('', *, *, #3737, .F.);
#3739 = ORIENTED_EDGE ('', *, *, #3088, .F.);
#3740 = ORIENTED_EDGE ('', *, *, #2988, .F.);
#3741 = CARTESIAN_POINT ('', (16.9216057256058, -2.03621407955042, -2.19019925136189));
#3742 = CARTESIAN_POINT ('', (17.1797847801472, -2.03621407955042, -2.19019925136189));
#3743 = CARTESIAN_POINT ('', (17.4358275023695, -2.00306971953458, -2.19019925136189));
#3744 = CARTESIAN_POINT ('', (17.6854965822902, -1.93732951315069, -2.19019925136189));
#3745 = (
   BOUNDED_CURVE ()
   B_SPLINE_CURVE (3, (#3741, #3742, #3743, #3744), .UNSPECIFIED., .F., .U.)
   B_SPLINE_CURVE_WITH_KNOTS ((4, 4), (0., 1.), .UNSPECIFIED.)
   CURVE ()
   GEOMETRIC_REPRESENTATION_ITEM ()
   RATIONAL_B_SPLINE_CURVE ((1., 0.994483589892434, 0.994483589892434, 1.))
   REPRESENTATION_ITEM ('')
);
#3746 = EDGE_CURVE ('', #3733, #2962, #3745, .T.);
#3747 = ORIENTED_EDGE ('', *, *, #3746, .F.);
#3748 = EDGE_LOOP ('', (#3738, #3739, #3740, #3747));
#3749 = FACE_OUTER_BOUND ('', #3748, .T.);
#3750 = CARTESIAN_POINT ('', (16.9216057256058, -2.03621407955042, 5.20138739732904));
#3751 = CARTESIAN_POINT ('', (16.9216057256058, -2.03621407955042, -2.86216167397015));
#3752 = CARTESIAN_POINT ('', (17.1797847801472, -2.03621407955042, 5.20138739732904));
#3753 = CARTESIAN_POINT ('', (17.1797847801472, -2.03621407955042, -2.86216167397015));
#3754 = CARTESIAN_POINT ('', (17.4358275023695, -2.00306971953458, 5.20138739732904));
#3755 = CARTESIAN_POINT ('', (17.4358275023695, -2.00306971953458, -2.86216167397015));
#3756 = CARTESIAN_POINT ('', (17.6854965822902, -1.93732951315069, 5.20138739732904));
#3757 = CARTESIAN_POINT ('', (17.6854965822902, -1.93732951315069, -2.86216167397015));
#3758 = (
   BOUNDED_SURFACE ()
   B_SPLINE_SURFACE (3, 1, ((#3750, #3751), (#3752, #3753), (#3754, #3755), (#3756, #3757)), .UNSPECIFIED., .F., .F., .U.)
   B_SPLINE_SURFACE_WITH_KNOTS ((4, 4), (2, 2), (0., 1.), (0., 1.), .UNSPECIFIED.)
   GEOMETRIC_REPRESENTATION_ITEM ()
   RATIONAL_B_SPLINE_SURFACE (((1., 1.), (0.994483589892434, 0.994483589892434), (0.994483589892434, 0.994483589892434), (1., 1.)))
   REPRESENTATION_ITEM ('')
   SURFACE ()
);
#3759 = ADVANCED_FACE ('', (#3749), #3758, .T.);
#3760 = CARTESIAN_POINT ('', (16.9216057256058, -2.03621407955043, -2.1901992513619));
#3761 = CARTESIAN_POINT ('', (16.9216057256058, -0.83621407955043, -3.3901992513619));
#3762 = B_SPLINE_CURVE_WITH_KNOTS ('', 1, (#3760, #3761), .UNSPECIFIED., .F., .U., (2, 2), (0., 1.), .UNSPECIFIED.);
#3763 = EDGE_CURVE ('', #3733, #1154, #3762, .T.);
#3764 = ORIENTED_EDGE ('', *, *, #3763, .F.);
#3765 = ORIENTED_EDGE ('', *, *, #3746, .T.);
#3766 = ORIENTED_EDGE ('', *, *, #2966, .F.);
#3767 = ORIENTED_EDGE ('', *, *, #1167, .T.);
#3768 = EDGE_LOOP ('', (#3764, #3765, #3766, #3767));
#3769 = FACE_OUTER_BOUND ('', #3768, .T.);
#3770 = CARTESIAN_POINT ('', (16.9216057256058, -0.836214079550426, -3.39019925136189));
#3771 = CARTESIAN_POINT ('', (17.0765131583306, -0.836214079550426, -3.39019925136189));
#3772 = CARTESIAN_POINT ('', (17.2301387916639, -0.816327463540926, -3.39019925136189));
#3773 = CARTESIAN_POINT ('', (17.3799402396163, -0.776883339710607, -3.39019925136189));
#3774 = CARTESIAN_POINT ('', (16.9216057256058, -2.15621407955043, -2.07019925136189));
#3775 = CARTESIAN_POINT ('', (17.1901119423288, -2.15621407955043, -2.07019925136189));
#3776 = CARTESIAN_POINT ('', (17.45639637344, -2.12174394513395, -2.07019925136189));
#3777 = CARTESIAN_POINT ('', (17.7160522165576, -2.05337413049471, -2.07019925136189));
#3778 = (
   BOUNDED_SURFACE ()
   B_SPLINE_SURFACE (1, 3, ((#3770, #3771, #3772, #3773), (#3774, #3775, #3776, #3777)), .UNSPECIFIED., .F., .F., .U.)
   B_SPLINE_SURFACE_WITH_KNOTS ((2, 2), (4, 4), (0., 1.), (0., 1.), .UNSPECIFIED.)
   GEOMETRIC_REPRESENTATION_ITEM ()
   RATIONAL_B_SPLINE_SURFACE (((1., 0.994483589892434, 0.994483589892434, 1.), (1., 0.994483589892434, 0.994483589892434, 1.)))
   REPRESENTATION_ITEM ('')
   SURFACE ()
);
#3779 = ADVANCED_FACE ('', (#3769), #3778, .T.);
#3780 = CARTESIAN_POINT ('', (1.00499999999882, -2.03621407955046, -2.19019925136189));
#3781 = VERTEX_POINT ('', #3780);
#3782 = CARTESIAN_POINT ('', (1.005, -0.836214079550467, -3.3901992513619));
#3783 = CARTESIAN_POINT ('', (1.005, -2.03621407955047, -2.1901992513619));
#3784 = B_SPLINE_CURVE_WITH_KNOTS ('', 1, (#3782, #3783), .UNSPECIFIED., .F., .U., (2, 2), (0., 1.), .UNSPECIFIED.);
#3785 = EDGE_CURVE ('', #1136, #3781, #3784, .T.);
#3786 = ORIENTED_EDGE ('', *, *, #3785, .T.);
#3787 = CARTESIAN_POINT ('', (16.9216057256056, -2.03621407955043, -2.19019925136189));
#3788 = CARTESIAN_POINT ('', (1.00499999999882, -2.03621407955046, -2.19019925136189));
#3789 = B_SPLINE_CURVE_WITH_KNOTS ('', 1, (#3787, #3788), .UNSPECIFIED., .F., .U., (2, 2), (0., 1.), .UNSPECIFIED.);
#3790 = EDGE_CURVE ('', #3733, #3781, #3789, .T.);
#3791 = ORIENTED_EDGE ('', *, *, #3790, .F.);
#3792 = ORIENTED_EDGE ('', *, *, #3763, .T.);
#3793 = ORIENTED_EDGE ('', *, *, #1158, .T.);
#3794 = EDGE_LOOP ('', (#3786, #3791, #3792, #3793));
#3795 = FACE_OUTER_BOUND ('', #3794, .T.);
#3796 = CARTESIAN_POINT ('', (1.005, -2.03621407955047, -2.1901992513619));
#3797 = CARTESIAN_POINT ('', (1.005, -0.836214079550467, -3.3901992513619));
#3798 = CARTESIAN_POINT ('', (16.9216057256058, -2.03621407955043, -2.1901992513619));
#3799 = CARTESIAN_POINT ('', (16.9216057256058, -0.83621407955043, -3.3901992513619));
#3800 = B_SPLINE_SURFACE_WITH_KNOTS ('', 1, 1, ((#3796, #3797), (#3798, #3799)), .UNSPECIFIED., .F., .F., .U., (2, 2), (2, 2), (0., 1.), (0., 1.), .UNSPECIFIED.);
#3801 = ADVANCED_FACE ('', (#3795), #3800, .T.);
#3802 = CARTESIAN_POINT ('', (1.00499999999882, -2.03621407955046, -2.19019925136189));
#3803 = CARTESIAN_POINT ('', (1.00499999999882, -2.03621407955046, 4.52942497472077));
#3804 = B_SPLINE_CURVE_WITH_KNOTS ('', 1, (#3802, #3803), .UNSPECIFIED., .F., .U., (2, 2), (0., 1.), .UNSPECIFIED.);
#3805 = EDGE_CURVE ('', #3781, #3091, #3804, .T.);
#3806 = ORIENTED_EDGE ('', *, *, #3805, .T.);
#3807 = ORIENTED_EDGE ('', *, *, #3095, .T.);
#3808 = ORIENTED_EDGE ('', *, *, #3737, .T.);
#3809 = ORIENTED_EDGE ('', *, *, #3790, .T.);
#3810 = EDGE_LOOP ('', (#3806, #3807, #3808, #3809));
#3811 = FACE_OUTER_BOUND ('', #3810, .T.);
#3812 = CARTESIAN_POINT ('', (1.00499999999882, -2.03621407955046, 4.52942497472077));
#3813 = CARTESIAN_POINT ('', (1.00499999999882, -2.03621407955046, -2.19019925136189));
#3814 = CARTESIAN_POINT ('', (16.9216057256056, -2.03621407955043, 4.52942497472077));
#3815 = CARTESIAN_POINT ('', (16.9216057256056, -2.03621407955043, -2.19019925136189));
#3816 = B_SPLINE_SURFACE_WITH_KNOTS ('', 1, 1, ((#3812, #3813), (#3814, #3815)), .UNSPECIFIED., .F., .F., .U., (2, 2), (2, 2), (0., 1.), (0., 1.), .UNSPECIFIED.);
#3817 = ADVANCED_FACE ('', (#3811), #3816, .T.);
#3818 = ORIENTED_EDGE ('', *, *, #1815, .F.);
#3819 = ORIENTED_EDGE ('', *, *, #3111, .F.);
#3820 = ORIENTED_EDGE ('', *, *, #3805, .F.);
#3821 = CARTESIAN_POINT ('', (-1.99500000000001, 0.963785920449537, -2.19019925136189));
#3822 = CARTESIAN_POINT ('', (-1.995, -0.793573392431174, -2.19019925136189));
#3823 = CARTESIAN_POINT ('', (-0.752359312880712, -2.03621407955045, -2.19019925136189));
#3824 = CARTESIAN_POINT ('', (1.005, -2.03621407955045, -2.19019925136189));
#3825 = (
   BOUNDED_CURVE ()
   B_SPLINE_CURVE (3, (#3821, #3822, #3823, #3824), .UNSPECIFIED., .F., .U.)
   B_SPLINE_CURVE_WITH_KNOTS ((4, 4), (0., 1.), .UNSPECIFIED.)
   CURVE ()
   GEOMETRIC_REPRESENTATION_ITEM ()
   RATIONAL_B_SPLINE_CURVE ((1., 0.804737854124366, 0.804737854124366, 1.))
   REPRESENTATION_ITEM ('')
);
#3826 = EDGE_CURVE ('', #1811, #3781, #3825, .T.);
#3827 = ORIENTED_EDGE ('', *, *, #3826, .F.);
#3828 = EDGE_LOOP ('', (#3818, #3819, #3820, #3827));
#3829 = FACE_OUTER_BOUND ('', #3828, .T.);
#3830 = CARTESIAN_POINT ('', (-1.99500000000001, 0.963785920449536, 5.20138739732904));
#3831 = CARTESIAN_POINT ('', (-1.99500000000001, 0.963785920449536, -2.86216167397015));
#3832 = CARTESIAN_POINT ('', (-1.995, -0.793573392431175, 5.20138739732904));
#3833 = CARTESIAN_POINT ('', (-1.995, -0.793573392431175, -2.86216167397015));
#3834 = CARTESIAN_POINT ('', (-0.752359312880711, -2.03621407955045, 5.20138739732904));
#3835 = CARTESIAN_POINT ('', (-0.752359312880711, -2.03621407955045, -2.86216167397015));
#3836 = CARTESIAN_POINT ('', (1.005, -2.03621407955045, 5.20138739732904));
#3837 = CARTESIAN_POINT ('', (1.005, -2.03621407955045, -2.86216167397015));
#3838 = (
   BOUNDED_SURFACE ()
   B_SPLINE_SURFACE (3, 1, ((#3830, #3831), (#3832, #3833), (#3834, #3835), (#3836, #3837)), .UNSPECIFIED., .F., .F., .U.)
   B_SPLINE_SURFACE_WITH_KNOTS ((4, 4), (2, 2), (0., 1.), (0., 1.), .UNSPECIFIED.)
   GEOMETRIC_REPRESENTATION_ITEM ()
   RATIONAL_B_SPLINE_SURFACE (((1., 1.), (0.804737854124366, 0.804737854124366), (0.804737854124366, 0.804737854124366), (1., 1.)))
   REPRESENTATION_ITEM ('')
   SURFACE ()
);
#3839 = ADVANCED_FACE ('', (#3829), #3838, .T.);
#3840 = CARTESIAN_POINT ('', (-0.795000000000014, 0.963785920449544, -3.39019925136189));
#3841 = CARTESIAN_POINT ('', (-1.995, 0.963785920449537, -2.1901992513619));
#3842 = B_SPLINE_CURVE_WITH_KNOTS ('', 1, (#3840, #3841), .UNSPECIFIED., .F., .U., (2, 2), (0., 1.), .UNSPECIFIED.);
#3843 = EDGE_CURVE ('', #1129, #1811, #3842, .T.);
#3844 = ORIENTED_EDGE ('', *, *, #3843, .T.);
#3845 = ORIENTED_EDGE ('', *, *, #3826, .T.);
#3846 = ORIENTED_EDGE ('', *, *, #3785, .F.);
#3847 = ORIENTED_EDGE ('', *, *, #1151, .F.);
#3848 = EDGE_LOOP ('', (#3844, #3845, #3846, #3847));
#3849 = FACE_OUTER_BOUND ('', #3848, .T.);
#3850 = CARTESIAN_POINT ('', (-0.795000000000014, 0.963785920449544, -3.39019925136189));
#3851 = CARTESIAN_POINT ('', (-0.795000000000008, -0.090629667278888, -3.39019925136189));
#3852 = CARTESIAN_POINT ('', (-0.049415587728433, -0.836214079550459, -3.39019925136189));
#3853 = CARTESIAN_POINT ('', (1.005, -0.836214079550459, -3.39019925136189));
#3854 = CARTESIAN_POINT ('', (-2.11500000000001, 0.963785920449536, -2.07019925136189));
#3855 = CARTESIAN_POINT ('', (-2.115, -0.863867764946403, -2.07019925136189));
#3856 = CARTESIAN_POINT ('', (-0.822653685395941, -2.15621407955045, -2.07019925136189));
#3857 = CARTESIAN_POINT ('', (1.005, -2.15621407955045, -2.07019925136189));
#3858 = (
   BOUNDED_SURFACE ()
   B_SPLINE_SURFACE (1, 3, ((#3850, #3851, #3852, #3853), (#3854, #3855, #3856, #3857)), .UNSPECIFIED., .F., .F., .U.)
   B_SPLINE_SURFACE_WITH_KNOTS ((2, 2), (4, 4), (0., 1.), (0., 1.), .UNSPECIFIED.)
   GEOMETRIC_REPRESENTATION_ITEM ()
   RATIONAL_B_SPLINE_SURFACE (((1., 0.804737854124366, 0.804737854124366, 1.), (1., 0.804737854124366, 0.804737854124366, 1.)))
   REPRESENTATION_ITEM ('')
   SURFACE ()
);
#3859 = ADVANCED_FACE ('', (#3849), #3858, .T.);
#3860 = ORIENTED_EDGE ('', *, *, #3843, .F.);
#3861 = ORIENTED_EDGE ('', *, *, #1133, .F.);
#3862 = ORIENTED_EDGE ('', *, *, #1221, .F.);
#3863 = ORIENTED_EDGE ('', *, *, #1820, .F.);
#3864 = EDGE_LOOP ('', (#3860, #3861, #3862, #3863));
#3865 = FACE_OUTER_BOUND ('', #3864, .T.);
#3866 = CARTESIAN_POINT ('', (-1.99499999999997, 136.999999999968, -2.19019925136188));
#3867 = CARTESIAN_POINT ('', (-0.794999999999962, 136.999999999968, -3.39019925136189));
#3868 = CARTESIAN_POINT ('', (-1.99499999999997, 0.963785920449537, -2.19019925136188));
#3869 = CARTESIAN_POINT ('', (-0.794999999999962, 0.963785920449537, -3.39019925136189));
#3870 = B_SPLINE_SURFACE_WITH_KNOTS ('', 1, 1, ((#3866, #3867), (#3868, #3869)), .UNSPECIFIED., .F., .F., .U., (2, 2), (2, 2), (0., 1.), (0., 1.), .UNSPECIFIED.);
#3871 = ADVANCED_FACE ('', (#3865), #3870, .T.);
#3872 = ORIENTED_EDGE ('', *, *, #3020, .T.);
#3873 = ORIENTED_EDGE ('', *, *, #2269, .F.);
#3874 = ORIENTED_EDGE ('', *, *, #2798, .F.);
#3875 = ORIENTED_EDGE ('', *, *, #2947, .T.);
#3876 = EDGE_LOOP ('', (#3872, #3873, #3874, #3875));
#3877 = FACE_OUTER_BOUND ('', #3876, .T.);
#3878 = CARTESIAN_POINT ('', (143.628890856683, 31.2247454018279, 5.20138739732904));
#3879 = CARTESIAN_POINT ('', (143.628890856683, 31.2247454018279, -2.86216167397015));
#3880 = CARTESIAN_POINT ('', (144.999654309041, 31.5856802532325, 5.20138739732904));
#3881 = CARTESIAN_POINT ('', (144.999654309041, 31.5856802532325, -2.86216167397015));
#3882 = CARTESIAN_POINT ('', (145.864999999998, 32.7083748886619, 5.20138739732904));
#3883 = CARTESIAN_POINT ('', (145.864999999998, 32.7083748886619, -2.86216167397015));
#3884 = CARTESIAN_POINT ('', (145.864999999998, 34.1258608354281, 5.20138739732904));
#3885 = CARTESIAN_POINT ('', (145.864999999998, 34.1258608354281, -2.86216167397015));
#3886 = (
   BOUNDED_SURFACE ()
   B_SPLINE_SURFACE (3, 1, ((#3878, #3879), (#3880, #3881), (#3882, #3883), (#3884, #3885)), .UNSPECIFIED., .F., .F., .U.)
   B_SPLINE_SURFACE_WITH_KNOTS ((4, 4), (2, 2), (0., 1.), (0., 1.), .UNSPECIFIED.)
   GEOMETRIC_REPRESENTATION_ITEM ()
   RATIONAL_B_SPLINE_SURFACE (((1., 1.), (0.861354857633997, 0.861354857633997), (0.861354857633997, 0.861354857633997), (1., 1.)))
   REPRESENTATION_ITEM ('')
   SURFACE ()
);
#3887 = ADVANCED_FACE ('', (#3877), #3886, .T.);
#3888 = CARTESIAN_POINT ('', (151.364999999998, 147.999999999968, -2.17077142648073));
#3889 = VERTEX_POINT ('', #3888);
#3890 = CARTESIAN_POINT ('', (-7.495, 147.999999999968, -2.17077142648073));
#3891 = VERTEX_POINT ('', #3890);
#3892 = CARTESIAN_POINT ('', (151.364999999998, 147.999999999968, -2.17077142648073));
#3893 = CARTESIAN_POINT ('', (-7.495, 147.999999999968, -2.17077142648073));
#3894 = B_SPLINE_CURVE_WITH_KNOTS ('', 1, (#3892, #3893), .UNSPECIFIED., .F., .U., (2, 2), (0., 1.), .UNSPECIFIED.);
#3895 = EDGE_CURVE ('', #3889, #3891, #3894, .T.);
#3896 = ORIENTED_EDGE ('', *, *, #3895, .T.);
#3897 = CARTESIAN_POINT ('', (-9.9950000000001, 145.499999999968, -2.17077142648074));
#3898 = VERTEX_POINT ('', #3897);
#3899 = CARTESIAN_POINT ('', (-7.495, 147.999999999968, -2.17077142648073));
#3900 = CARTESIAN_POINT ('', (-7.82652061229936, 147.999999999968, -2.17077142648073));
#3901 = CARTESIAN_POINT ('', (-8.14542347260369, 147.936566277061, -2.17077142648073));
#3902 = CARTESIAN_POINT ('', (-8.45170858091274, 147.809698831246, -2.17077142648073));
#3903 = CARTESIAN_POINT ('', (-8.75799368922179, 147.682831385432, -2.17077142648073));
#3904 = CARTESIAN_POINT ('', (-9.02834647990632, 147.502187425995, -2.17077142648073));
#3905 = CARTESIAN_POINT ('', (-9.26276695296637, 147.267766952934, -2.17077142648073));
#3906 = CARTESIAN_POINT ('', (-9.49718742602643, 147.033346479874, -2.17077142648073));
#3907 = CARTESIAN_POINT ('', (-9.67783138546372, 146.76299368919, -2.17077142648073));
#3908 = CARTESIAN_POINT ('', (-9.80469883127824, 146.456708580881, -2.17077142648073));
#3909 = CARTESIAN_POINT ('', (-9.93156627709276, 146.150423472572, -2.17077142648073));
#3910 = CARTESIAN_POINT ('', (-9.99500000000002, 145.831520612268, -2.17077142648073));
#3911 = CARTESIAN_POINT ('', (-9.99500000000002, 145.499999999968, -2.17077142648073));
#3912 = B_SPLINE_CURVE_WITH_KNOTS ('', 3, (#3899, #3900, #3901, #3902, #3903, #3904, #3905, #3906, #3907, #3908, #3909, #3910, #3911), .UNSPECIFIED., .F., .U., (4, 3, 3, 3, 4), (0., 0.25, 0.5, 0.75, 1.), .UNSPECIFIED.);
#3913 = EDGE_CURVE ('', #3891, #3898, #3912, .T.);
#3914 = ORIENTED_EDGE ('', *, *, #3913, .T.);
#3915 = CARTESIAN_POINT ('', (-9.99500000000003, -7.53621407955039, -2.17077142648074));
#3916 = VERTEX_POINT ('', #3915);
#3917 = CARTESIAN_POINT ('', (-9.99500000000003, 145.499999999968, -2.17077142648073));
#3918 = CARTESIAN_POINT ('', (-9.99500000000003, -7.53621407955038, -2.17077142648073));
#3919 = B_SPLINE_CURVE_WITH_KNOTS ('', 1, (#3917, #3918), .UNSPECIFIED., .F., .U., (2, 2), (0., 1.), .UNSPECIFIED.);
#3920 = EDGE_CURVE ('', #3898, #3916, #3919, .T.);
#3921 = ORIENTED_EDGE ('', *, *, #3920, .T.);
#3922 = CARTESIAN_POINT ('', (-7.49499999999993, -10.0362140795505, -2.17077142648074));
#3923 = VERTEX_POINT ('', #3922);
#3924 = CARTESIAN_POINT ('', (-9.99500000000002, -7.5362140795504, -2.17077142648073));
#3925 = CARTESIAN_POINT ('', (-9.99500000000002, -7.86773469184968, -2.17077142648073));
#3926 = CARTESIAN_POINT ('', (-9.93156627709267, -8.18663755215407, -2.17077142648073));
#3927 = CARTESIAN_POINT ('', (-9.80469883127815, -8.49292266046313, -2.17077142648073));
#3928 = CARTESIAN_POINT ('', (-9.67783138546362, -8.79920776877218, -2.17077142648073));
#3929 = CARTESIAN_POINT ('', (-9.49718742602634, -9.06956055945673, -2.17077142648073));
#3930 = CARTESIAN_POINT ('', (-9.2627669529663, -9.30398103251677, -2.17077142648073));
#3931 = CARTESIAN_POINT ('', (-9.02834647990626, -9.53840150557681, -2.17077142648073));
#3932 = CARTESIAN_POINT ('', (-8.75799368922175, -9.71904546501408, -2.17077142648073));
#3933 = CARTESIAN_POINT ('', (-8.45170858091267, -9.84591291082861, -2.17077142648073));
#3934 = CARTESIAN_POINT ('', (-8.14542347260358, -9.97278035664315, -2.17077142648073));
#3935 = CARTESIAN_POINT ('', (-7.82652061229934, -10.0362140795504, -2.17077142648073));
#3936 = CARTESIAN_POINT ('', (-7.49499999999993, -10.0362140795504, -2.17077142648073));
#3937 = B_SPLINE_CURVE_WITH_KNOTS ('', 3, (#3924, #3925, #3926, #3927, #3928, #3929, #3930, #3931, #3932, #3933, #3934, #3935, #3936), .UNSPECIFIED., .F., .U., (4, 3, 3, 3, 4), (0., 0.25, 0.5, 0.75, 1.), .UNSPECIFIED.);
#3938 = EDGE_CURVE ('', #3916, #3923, #3937, .T.);
#3939 = ORIENTED_EDGE ('', *, *, #3938, .T.);
#3940 = CARTESIAN_POINT ('', (18.021918430022, -10.0362140795505, -2.17077142648074));
#3941 = VERTEX_POINT ('', #3940);
#3942 = CARTESIAN_POINT ('', (18.021918430022, -10.0362140795504, -2.17077142648074));
#3943 = CARTESIAN_POINT ('', (-7.49499999999993, -10.0362140795504, -2.17077142648074));
#3944 = B_SPLINE_CURVE_WITH_KNOTS ('', 1, (#3942, #3943), .UNSPECIFIED., .F., .U., (2, 2), (0., 1.), .UNSPECIFIED.);
#3945 = EDGE_CURVE ('', #3941, #3923, #3944, .T.);
#3946 = ORIENTED_EDGE ('', *, *, #3945, .F.);
#3947 = CARTESIAN_POINT ('', (18.6584941439262, -9.95381027421732, -2.17077142648074));
#3948 = VERTEX_POINT ('', #3947);
#3949 = CARTESIAN_POINT ('', (18.6584941439262, -9.95381027421733, -2.17077142648074));
#3950 = CARTESIAN_POINT ('', (18.4504365773254, -10.0085937795373, -2.17077142648074));
#3951 = CARTESIAN_POINT ('', (18.23706764214, -10.0362140795505, -2.17077142648074));
#3952 = CARTESIAN_POINT ('', (18.021918430022, -10.0362140795505, -2.17077142648074));
#3953 = (
   BOUNDED_CURVE ()
   B_SPLINE_CURVE (3, (#3949, #3950, #3951, #3952), .UNSPECIFIED., .F., .U.)
   B_SPLINE_CURVE_WITH_KNOTS ((4, 4), (0., 1.), .UNSPECIFIED.)
   CURVE ()
   GEOMETRIC_REPRESENTATION_ITEM ()
   RATIONAL_B_SPLINE_CURVE ((0.956578302349546, 0.951301424133788, 0.951301424133788, 0.956578302349546))
   REPRESENTATION_ITEM ('')
);
#3954 = EDGE_CURVE ('', #3948, #3941, #3953, .T.);
#3955 = ORIENTED_EDGE ('', *, *, #3954, .F.);
#3956 = CARTESIAN_POINT ('', (152.001575713902, 25.1566715886389, -2.17077142648074));
#3957 = VERTEX_POINT ('', #3956);
#3958 = CARTESIAN_POINT ('', (152.001575713902, 25.156671588639, -2.17077142648074));
#3959 = CARTESIAN_POINT ('', (18.6584941439262, -9.95381027421724, -2.17077142648074));
#3960 = B_SPLINE_CURVE_WITH_KNOTS ('', 1, (#3958, #3959), .UNSPECIFIED., .F., .U., (2, 2), (0., 1.), .UNSPECIFIED.);
#3961 = EDGE_CURVE ('', #3957, #3948, #3960, .T.);
#3962 = ORIENTED_EDGE ('', *, *, #3961, .F.);
#3963 = CARTESIAN_POINT ('', (153.864999999998, 27.5742677833059, -2.17077142648073));
#3964 = VERTEX_POINT ('', #3963);
#3965 = CARTESIAN_POINT ('', (152.001575713902, 25.156671588639, -2.17077142648073));
#3966 = CARTESIAN_POINT ('', (152.268570585628, 25.2269738382258, -2.17077142648073));
#3967 = CARTESIAN_POINT ('', (152.517099179572, 25.3384466481858, -2.17077142648074));
#3968 = CARTESIAN_POINT ('', (152.747161495735, 25.4910900185189, -2.17077142648074));
#3969 = CARTESIAN_POINT ('', (152.977223811897, 25.643733388852, -2.17077142648074));
#3970 = CARTESIAN_POINT ('', (153.176530218694, 25.8293933079997, -2.17077142648073));
#3971 = CARTESIAN_POINT ('', (153.345080716125, 26.0480697759621, -2.17077142648073));
#3972 = CARTESIAN_POINT ('', (153.513631213557, 26.2667462439245, -2.17077142648073));
#3973 = CARTESIAN_POINT ('', (153.642422051893, 26.5067578464125, -2.17077142648074));
#3974 = CARTESIAN_POINT ('', (153.731453231135, 26.768104583426, -2.17077142648074));
#3975 = CARTESIAN_POINT ('', (153.820484410377, 27.0294513204395, -2.17077142648074));
#3976 = CARTESIAN_POINT ('', (153.864999999998, 27.2981723870661, -2.17077142648073));
#3977 = CARTESIAN_POINT ('', (153.864999999998, 27.5742677833059, -2.17077142648073));
#3978 = B_SPLINE_CURVE_WITH_KNOTS ('', 3, (#3965, #3966, #3967, #3968, #3969, #3970, #3971, #3972, #3973, #3974, #3975, #3976, #3977), .UNSPECIFIED., .F., .U., (4, 3, 3, 3, 4), (0., 0.25, 0.5, 0.75, 1.), .UNSPECIFIED.);
#3979 = EDGE_CURVE ('', #3957, #3964, #3978, .T.);
#3980 = ORIENTED_EDGE ('', *, *, #3979, .T.);
#3981 = CARTESIAN_POINT ('', (153.864999999998, 145.499999999968, -2.17077142648073));
#3982 = VERTEX_POINT ('', #3981);
#3983 = CARTESIAN_POINT ('', (153.864999999998, 27.5742677833059, -2.17077142648073));
#3984 = CARTESIAN_POINT ('', (153.864999999998, 145.499999999968, -2.17077142648073));
#3985 = B_SPLINE_CURVE_WITH_KNOTS ('', 1, (#3983, #3984), .UNSPECIFIED., .F., .U., (2, 2), (0., 1.), .UNSPECIFIED.);
#3986 = EDGE_CURVE ('', #3964, #3982, #3985, .T.);
#3987 = ORIENTED_EDGE ('', *, *, #3986, .T.);
#3988 = CARTESIAN_POINT ('', (153.864999999998, 145.499999999968, -2.17077142648073));
#3989 = CARTESIAN_POINT ('', (153.864999999998, 145.831520612268, -2.17077142648073));
#3990 = CARTESIAN_POINT ('', (153.801566277091, 146.150423472572, -2.17077142648073));
#3991 = CARTESIAN_POINT ('', (153.674698831276, 146.456708580881, -2.17077142648073));
#3992 = CARTESIAN_POINT ('', (153.547831385462, 146.76299368919, -2.17077142648073));
#3993 = CARTESIAN_POINT ('', (153.367187426024, 147.033346479874, -2.17077142648073));
#3994 = CARTESIAN_POINT ('', (153.132766952964, 147.267766952935, -2.17077142648073));
#3995 = CARTESIAN_POINT ('', (152.898346479904, 147.502187425995, -2.17077142648073));
#3996 = CARTESIAN_POINT ('', (152.62799368922, 147.682831385432, -2.17077142648073));
#3997 = CARTESIAN_POINT ('', (152.321708580911, 147.809698831246, -2.17077142648073));
#3998 = CARTESIAN_POINT ('', (152.015423472602, 147.936566277061, -2.17077142648073));
#3999 = CARTESIAN_POINT ('', (151.696520612297, 147.999999999968, -2.17077142648073));
#4000 = CARTESIAN_POINT ('', (151.364999999998, 147.999999999968, -2.17077142648073));
#4001 = B_SPLINE_CURVE_WITH_KNOTS ('', 3, (#3988, #3989, #3990, #3991, #3992, #3993, #3994, #3995, #3996, #3997, #3998, #3999, #4000), .UNSPECIFIED., .F., .U., (4, 3, 3, 3, 4), (0., 0.25, 0.5, 0.75, 1.), .UNSPECIFIED.);
#4002 = EDGE_CURVE ('', #3982, #3889, #4001, .T.);
#4003 = ORIENTED_EDGE ('', *, *, #4002, .T.);
#4004 = EDGE_LOOP ('', (#3896, #3914, #3921, #3939, #3946, #3955, #3962, #3980, #3987, #4003));
#4005 = FACE_OUTER_BOUND ('', #4004, .T.);
#4006 = ORIENTED_EDGE ('', *, *, #352, .T.);
#4007 = ORIENTED_EDGE ('', *, *, #309, .T.);
#4008 = ORIENTED_EDGE ('', *, *, #242, .T.);
#4009 = ORIENTED_EDGE ('', *, *, #199, .T.);
#4010 = ORIENTED_EDGE ('', *, *, #134, .T.);
#4011 = ORIENTED_EDGE ('', *, *, #2187, .T.);
#4012 = ORIENTED_EDGE ('', *, *, #2129, .F.);
#4013 = ORIENTED_EDGE ('', *, *, #2095, .T.);
#4014 = ORIENTED_EDGE ('', *, *, #2065, .T.);
#4015 = ORIENTED_EDGE ('', *, *, #2022, .T.);
#4016 = ORIENTED_EDGE ('', *, *, #1975, .F.);
#4017 = CARTESIAN_POINT ('', (-3.49499999999989, 144.499999999968, -2.17077142648074));
#4018 = VERTEX_POINT ('', #4017);
#4019 = CARTESIAN_POINT ('', (-6.49499999999994, 141.499999999968, -2.17077142648073));
#4020 = CARTESIAN_POINT ('', (-6.49499999999994, 141.897824734727, -2.17077142648073));
#4021 = CARTESIAN_POINT ('', (-6.41887953251122, 142.280508167093, -2.17077142648073));
#4022 = CARTESIAN_POINT ('', (-6.26663859753379, 142.648050297063, -2.17077142648073));
#4023 = CARTESIAN_POINT ('', (-6.11439766255636, 143.015592427034, -2.17077142648073));
#4024 = CARTESIAN_POINT ('', (-5.89762491123162, 143.340015775856, -2.17077142648073));
#4025 = CARTESIAN_POINT ('', (-5.61632034355957, 143.621320343528, -2.17077142648073));
#4026 = CARTESIAN_POINT ('', (-5.33501577588752, 143.9026249112, -2.17077142648073));
#4027 = CARTESIAN_POINT ('', (-5.01059242706605, 144.119397662525, -2.17077142648073));
#4028 = CARTESIAN_POINT ('', (-4.64305029709517, 144.271638597502, -2.17077142648073));
#4029 = CARTESIAN_POINT ('', (-4.27550816712428, 144.42387953248, -2.17077142648073));
#4030 = CARTESIAN_POINT ('', (-3.89282473475919, 144.499999999968, -2.17077142648073));
#4031 = CARTESIAN_POINT ('', (-3.49499999999989, 144.499999999968, -2.17077142648073));
#4032 = B_SPLINE_CURVE_WITH_KNOTS ('', 3, (#4019, #4020, #4021, #4022, #4023, #4024, #4025, #4026, #4027, #4028, #4029, #4030, #4031), .UNSPECIFIED., .F., .U., (4, 3, 3, 3, 4), (0., 0.25, 0.5, 0.75, 1.), .UNSPECIFIED.);
#4033 = EDGE_CURVE ('', #1969, #4018, #4032, .T.);
#4034 = ORIENTED_EDGE ('', *, *, #4033, .T.);
#4035 = CARTESIAN_POINT ('', (2.77170793699561, 144.499999999968, -2.17077142648074));
#4036 = VERTEX_POINT ('', #4035);
#4037 = CARTESIAN_POINT ('', (2.77170793699561, 144.499999999968, -2.17077142648074));
#4038 = CARTESIAN_POINT ('', (-3.49499999999989, 144.499999999968, -2.17077142648074));
#4039 = B_SPLINE_CURVE_WITH_KNOTS ('', 1, (#4037, #4038), .UNSPECIFIED., .F., .U., (2, 2), (0., 1.), .UNSPECIFIED.);
#4040 = EDGE_CURVE ('', #4036, #4018, #4039, .T.);
#4041 = ORIENTED_EDGE ('', *, *, #4040, .F.);
#4042 = CARTESIAN_POINT ('', (3.77170793699564, 143.499999999968, -2.17077142648073));
#4043 = VERTEX_POINT ('', #4042);
#4044 = CARTESIAN_POINT ('', (2.77170793699562, 144.499999999968, -2.17077142648073));
#4045 = CARTESIAN_POINT ('', (2.90431618191542, 144.499999999968, -2.17077142648073));
#4046 = CARTESIAN_POINT ('', (3.03187732603709, 144.474626510805, -2.17077142648074));
#4047 = CARTESIAN_POINT ('', (3.15439136936071, 144.423879532479, -2.17077142648074));
#4048 = CARTESIAN_POINT ('', (3.27690541268433, 144.373132554154, -2.17077142648074));
#4049 = CARTESIAN_POINT ('', (3.38504652895818, 144.300874970379, -2.17077142648073));
#4050 = CARTESIAN_POINT ('', (3.47881471818219, 144.207106781155, -2.17077142648073));
#4051 = CARTESIAN_POINT ('', (3.57258290740619, 144.113338591931, -2.17077142648073));
#4052 = CARTESIAN_POINT ('', (3.64484049118111, 144.005197475657, -2.17077142648073));
#4053 = CARTESIAN_POINT ('', (3.69558746950692, 143.882683432333, -2.17077142648073));
#4054 = CARTESIAN_POINT ('', (3.74633444783273, 143.76016938901, -2.17077142648073));
#4055 = CARTESIAN_POINT ('', (3.77170793699564, 143.632608244888, -2.17077142648073));
#4056 = CARTESIAN_POINT ('', (3.77170793699564, 143.499999999968, -2.17077142648073));
#4057 = B_SPLINE_CURVE_WITH_KNOTS ('', 3, (#4044, #4045, #4046, #4047, #4048, #4049, #4050, #4051, #4052, #4053, #4054, #4055, #4056), .UNSPECIFIED., .F., .U., (4, 3, 3, 3, 4), (0., 0.25, 0.5, 0.75, 1.), .UNSPECIFIED.);
#4058 = EDGE_CURVE ('', #4036, #4043, #4057, .T.);
#4059 = ORIENTED_EDGE ('', *, *, #4058, .T.);
#4060 = CARTESIAN_POINT ('', (3.77170793699557, 140.999999999968, -2.17077142648074));
#4061 = VERTEX_POINT ('', #4060);
#4062 = CARTESIAN_POINT ('', (3.77170793699557, 140.999999999968, -2.17077142648074));
#4063 = CARTESIAN_POINT ('', (3.77170793699564, 143.499999999968, -2.17077142648074));
#4064 = B_SPLINE_CURVE_WITH_KNOTS ('', 1, (#4062, #4063), .UNSPECIFIED., .F., .U., (2, 2), (0., 1.), .UNSPECIFIED.);
#4065 = EDGE_CURVE ('', #4061, #4043, #4064, .T.);
#4066 = ORIENTED_EDGE ('', *, *, #4065, .F.);
#4067 = CARTESIAN_POINT ('', (3.77170793699562, 140.999999999968, -2.17077142648073));
#4068 = CARTESIAN_POINT ('', (3.77170793699562, 140.867391755048, -2.17077142648073));
#4069 = CARTESIAN_POINT ('', (3.74633444783271, 140.739830610927, -2.17077142648073));
#4070 = CARTESIAN_POINT ('', (3.6955874695069, 140.617316567603, -2.17077142648073));
#4071 = CARTESIAN_POINT ('', (3.64484049118109, 140.494802524279, -2.17077142648073));
#4072 = CARTESIAN_POINT ('', (3.5725829074062, 140.386661408006, -2.17077142648074));
#4073 = CARTESIAN_POINT ('', (3.47881471818217, 140.292893218782, -2.17077142648074));
#4074 = CARTESIAN_POINT ('', (3.38504652895813, 140.199125029558, -2.17077142648074));
#4075 = CARTESIAN_POINT ('', (3.27690541268436, 140.126867445783, -2.17077142648073));
#4076 = CARTESIAN_POINT ('', (3.15439136936073, 140.076120467457, -2.17077142648073));
#4077 = CARTESIAN_POINT ('', (3.0318773260371, 140.025373489131, -2.17077142648073));
#4078 = CARTESIAN_POINT ('', (2.90431618191541, 139.999999999968, -2.17077142648073));
#4079 = CARTESIAN_POINT ('', (2.77170793699565, 139.999999999968, -2.17077142648073));
#4080 = B_SPLINE_CURVE_WITH_KNOTS ('', 3, (#4067, #4068, #4069, #4070, #4071, #4072, #4073, #4074, #4075, #4076, #4077, #4078, #4079), .UNSPECIFIED., .F., .U., (4, 3, 3, 3, 4), (0., 0.25, 0.5, 0.75, 1.), .UNSPECIFIED.);
#4081 = EDGE_CURVE ('', #4061, #473, #4080, .T.);
#4082 = ORIENTED_EDGE ('', *, *, #4081, .T.);
#4083 = ORIENTED_EDGE ('', *, *, #477, .F.);
#4084 = ORIENTED_EDGE ('', *, *, #391, .T.);
#4085 = EDGE_LOOP ('', (#4006, #4007, #4008, #4009, #4010, #4011, #4012, #4013, #4014, #4015, #4016, #4034, #4041, #4059, #4066, #4082, #4083, #4084));
#4086 = FACE_BOUND ('', #4085, .T.);
#4087 = CARTESIAN_POINT ('', (153.864999999998, 147.999999999968, -2.17077142648073));
#4088 = CARTESIAN_POINT ('', (153.864999999998, -10.0362140795504, -2.17077142648073));
#4089 = CARTESIAN_POINT ('', (-9.99500000000002, 147.999999999968, -2.17077142648073));
#4090 = CARTESIAN_POINT ('', (-9.99500000000002, -10.0362140795504, -2.17077142648073));
#4091 = B_SPLINE_SURFACE_WITH_KNOTS ('', 1, 1, ((#4087, #4088), (#4089, #4090)), .UNSPECIFIED., .F., .F., .U., (2, 2), (2, 2), (0., 1.), (0., 1.), .UNSPECIFIED.);
#4092 = ADVANCED_FACE ('', (#4005, #4086), #4091, .T.);
#4093 = ORIENTED_EDGE ('', *, *, #4033, .F.);
#4094 = ORIENTED_EDGE ('', *, *, #1996, .F.);
#4095 = ORIENTED_EDGE ('', *, *, #1404, .F.);
#4096 = CARTESIAN_POINT ('', (-3.49499999999989, 144.499999999968, -2.17077142648074));
#4097 = CARTESIAN_POINT ('', (-3.49499999999989, 144.499999999968, 4.52942497472077));
#4098 = B_SPLINE_CURVE_WITH_KNOTS ('', 1, (#4096, #4097), .UNSPECIFIED., .F., .U., (2, 2), (0., 1.), .UNSPECIFIED.);
#4099 = EDGE_CURVE ('', #4018, #1384, #4098, .T.);
#4100 = ORIENTED_EDGE ('', *, *, #4099, .F.);
#4101 = EDGE_LOOP ('', (#4093, #4094, #4095, #4100));
#4102 = FACE_OUTER_BOUND ('', #4101, .T.);
#4103 = CARTESIAN_POINT ('', (-6.49499999999994, 141.499999999968, 5.19944461484093));
#4104 = CARTESIAN_POINT ('', (-6.49499999999994, 141.499999999968, -2.84079106660089));
#4105 = CARTESIAN_POINT ('', (-6.49499999999994, 143.257359312849, 5.19944461484092));
#4106 = CARTESIAN_POINT ('', (-6.49499999999994, 143.257359312849, -2.84079106660089));
#4107 = CARTESIAN_POINT ('', (-5.25235931288063, 144.499999999968, 5.19944461484092));
#4108 = CARTESIAN_POINT ('', (-5.25235931288063, 144.499999999968, -2.84079106660089));
#4109 = CARTESIAN_POINT ('', (-3.49499999999989, 144.499999999968, 5.19944461484093));
#4110 = CARTESIAN_POINT ('', (-3.49499999999989, 144.499999999968, -2.84079106660089));
#4111 = (
   BOUNDED_SURFACE ()
   B_SPLINE_SURFACE (3, 1, ((#4103, #4104), (#4105, #4106), (#4107, #4108), (#4109, #4110)), .UNSPECIFIED., .F., .F., .U.)
   B_SPLINE_SURFACE_WITH_KNOTS ((4, 4), (2, 2), (0., 1.), (0., 1.), .UNSPECIFIED.)
   GEOMETRIC_REPRESENTATION_ITEM ()
   RATIONAL_B_SPLINE_SURFACE (((1., 1.), (0.804737854124362, 0.804737854124362), (0.804737854124362, 0.804737854124362), (1., 1.)))
   REPRESENTATION_ITEM ('')
   SURFACE ()
);
#4112 = ADVANCED_FACE ('', (#4102), #4111, .T.);
#4113 = ORIENTED_EDGE ('', *, *, #4040, .T.);
#4114 = ORIENTED_EDGE ('', *, *, #4099, .T.);
#4115 = ORIENTED_EDGE ('', *, *, #1388, .T.);
#4116 = CARTESIAN_POINT ('', (2.77170793699561, 144.499999999968, 4.52942497472077));
#4117 = CARTESIAN_POINT ('', (2.77170793699561, 144.499999999968, -2.17077142648074));
#4118 = B_SPLINE_CURVE_WITH_KNOTS ('', 1, (#4116, #4117), .UNSPECIFIED., .F., .U., (2, 2), (0., 1.), .UNSPECIFIED.);
#4119 = EDGE_CURVE ('', #1366, #4036, #4118, .T.);
#4120 = ORIENTED_EDGE ('', *, *, #4119, .T.);
#4121 = EDGE_LOOP ('', (#4113, #4114, #4115, #4120));
#4122 = FACE_OUTER_BOUND ('', #4121, .T.);
#4123 = CARTESIAN_POINT ('', (-3.49499999999989, 144.499999999968, 4.52942497472077));
#4124 = CARTESIAN_POINT ('', (-3.49499999999989, 144.499999999968, -2.17077142648073));
#4125 = CARTESIAN_POINT ('', (2.77170793699561, 144.499999999968, 4.52942497472077));
#4126 = CARTESIAN_POINT ('', (2.77170793699561, 144.499999999968, -2.17077142648073));
#4127 = B_SPLINE_SURFACE_WITH_KNOTS ('', 1, 1, ((#4123, #4124), (#4125, #4126)), .UNSPECIFIED., .F., .F., .U., (2, 2), (2, 2), (0., 1.), (0., 1.), .UNSPECIFIED.);
#4128 = ADVANCED_FACE ('', (#4122), #4127, .T.);
#4129 = ORIENTED_EDGE ('', *, *, #4058, .F.);
#4130 = ORIENTED_EDGE ('', *, *, #4119, .F.);
#4131 = ORIENTED_EDGE ('', *, *, #1381, .F.);
#4132 = CARTESIAN_POINT ('', (3.77170793699564, 143.499999999968, -2.17077142648074));
#4133 = CARTESIAN_POINT ('', (3.77170793699564, 143.499999999968, 4.52942497472077));
#4134 = B_SPLINE_CURVE_WITH_KNOTS ('', 1, (#4132, #4133), .UNSPECIFIED., .F., .U., (2, 2), (0., 1.), .UNSPECIFIED.);
#4135 = EDGE_CURVE ('', #4043, #1359, #4134, .T.);
#4136 = ORIENTED_EDGE ('', *, *, #4135, .F.);
#4137 = EDGE_LOOP ('', (#4129, #4130, #4131, #4136));
#4138 = FACE_OUTER_BOUND ('', #4137, .T.);
#4139 = CARTESIAN_POINT ('', (2.77170793699561, 144.499999999968, 5.19944461484093));
#4140 = CARTESIAN_POINT ('', (2.77170793699561, 144.499999999968, -2.84079106660089));
#4141 = CARTESIAN_POINT ('', (3.35749437462253, 144.499999999968, 5.19944461484093));
#4142 = CARTESIAN_POINT ('', (3.35749437462253, 144.499999999968, -2.84079106660089));
#4143 = CARTESIAN_POINT ('', (3.77170793699564, 144.085786437595, 5.19944461484093));
#4144 = CARTESIAN_POINT ('', (3.77170793699564, 144.085786437595, -2.84079106660089));
#4145 = CARTESIAN_POINT ('', (3.77170793699564, 143.499999999968, 5.19944461484093));
#4146 = CARTESIAN_POINT ('', (3.77170793699564, 143.499999999968, -2.84079106660089));
#4147 = (
   BOUNDED_SURFACE ()
   B_SPLINE_SURFACE (3, 1, ((#4139, #4140), (#4141, #4142), (#4143, #4144), (#4145, #4146)), .UNSPECIFIED., .F., .F., .U.)
   B_SPLINE_SURFACE_WITH_KNOTS ((4, 4), (2, 2), (0., 1.), (0., 1.), .UNSPECIFIED.)
   GEOMETRIC_REPRESENTATION_ITEM ()
   RATIONAL_B_SPLINE_SURFACE (((1., 1.), (0.804737854124357, 0.804737854124357), (0.804737854124357, 0.804737854124357), (1., 1.)))
   REPRESENTATION_ITEM ('')
   SURFACE ()
);
#4148 = ADVANCED_FACE ('', (#4138), #4147, .T.);
#4149 = ORIENTED_EDGE ('', *, *, #4065, .T.);
#4150 = ORIENTED_EDGE ('', *, *, #4135, .T.);
#4151 = ORIENTED_EDGE ('', *, *, #1363, .T.);
#4152 = CARTESIAN_POINT ('', (3.77170793699557, 140.999999999968, 4.52942497472077));
#4153 = CARTESIAN_POINT ('', (3.77170793699557, 140.999999999968, -2.17077142648074));
#4154 = B_SPLINE_CURVE_WITH_KNOTS ('', 1, (#4152, #4153), .UNSPECIFIED., .F., .U., (2, 2), (0., 1.), .UNSPECIFIED.);
#4155 = EDGE_CURVE ('', #1341, #4061, #4154, .T.);
#4156 = ORIENTED_EDGE ('', *, *, #4155, .T.);
#4157 = EDGE_LOOP ('', (#4149, #4150, #4151, #4156));
#4158 = FACE_OUTER_BOUND ('', #4157, .T.);
#4159 = CARTESIAN_POINT ('', (3.77170793699564, 143.499999999968, 4.52942497472077));
#4160 = CARTESIAN_POINT ('', (3.77170793699564, 143.499999999968, -2.17077142648073));
#4161 = CARTESIAN_POINT ('', (3.77170793699557, 140.999999999968, 4.52942497472077));
#4162 = CARTESIAN_POINT ('', (3.77170793699557, 140.999999999968, -2.17077142648073));
#4163 = B_SPLINE_SURFACE_WITH_KNOTS ('', 1, 1, ((#4159, #4160), (#4161, #4162)), .UNSPECIFIED., .F., .F., .U., (2, 2), (2, 2), (0., 1.), (0., 1.), .UNSPECIFIED.);
#4164 = ADVANCED_FACE ('', (#4158), #4163, .T.);
#4165 = ORIENTED_EDGE ('', *, *, #4081, .F.);
#4166 = ORIENTED_EDGE ('', *, *, #4155, .F.);
#4167 = ORIENTED_EDGE ('', *, *, #1356, .F.);
#4168 = ORIENTED_EDGE ('', *, *, #484, .T.);
#4169 = EDGE_LOOP ('', (#4165, #4166, #4167, #4168));
#4170 = FACE_OUTER_BOUND ('', #4169, .T.);
#4171 = CARTESIAN_POINT ('', (3.77170793699562, 140.999999999968, 5.19944461484093));
#4172 = CARTESIAN_POINT ('', (3.77170793699562, 140.999999999968, -2.84079106660089));
#4173 = CARTESIAN_POINT ('', (3.77170793699562, 140.414213562341, 5.19944461484093));
#4174 = CARTESIAN_POINT ('', (3.77170793699562, 140.414213562341, -2.84079106660088));
#4175 = CARTESIAN_POINT ('', (3.35749437462254, 139.999999999968, 5.19944461484093));
#4176 = CARTESIAN_POINT ('', (3.35749437462254, 139.999999999968, -2.84079106660088));
#4177 = CARTESIAN_POINT ('', (2.77170793699565, 139.999999999968, 5.19944461484093));
#4178 = CARTESIAN_POINT ('', (2.77170793699565, 139.999999999968, -2.84079106660089));
#4179 = (
   BOUNDED_SURFACE ()
   B_SPLINE_SURFACE (3, 1, ((#4171, #4172), (#4173, #4174), (#4175, #4176), (#4177, #4178)), .UNSPECIFIED., .F., .F., .U.)
   B_SPLINE_SURFACE_WITH_KNOTS ((4, 4), (2, 2), (0., 1.), (0., 1.), .UNSPECIFIED.)
   GEOMETRIC_REPRESENTATION_ITEM ()
   RATIONAL_B_SPLINE_SURFACE (((1., 1.), (0.804737854124373, 0.804737854124373), (0.804737854124373, 0.804737854124373), (1., 1.)))
   REPRESENTATION_ITEM ('')
   SURFACE ()
);
#4180 = ADVANCED_FACE ('', (#4170), #4179, .T.);
#4181 = CARTESIAN_POINT ('', (-10.495, 145.499999999968, -2.67077142648074));
#4182 = VERTEX_POINT ('', #4181);
#4183 = CARTESIAN_POINT ('', (-10.495, 145.499999999968, -2.67077142648064));
#4184 = CARTESIAN_POINT ('', (-10.495, 145.499999999968, -2.37787820766727));
#4185 = CARTESIAN_POINT ('', (-10.2878932188135, 145.499999999968, -2.17077142648078));
#4186 = CARTESIAN_POINT ('', (-9.9950000000001, 145.499999999968, -2.17077142648074));
#4187 = (
   BOUNDED_CURVE ()
   B_SPLINE_CURVE (3, (#4183, #4184, #4185, #4186), .UNSPECIFIED., .F., .U.)
   B_SPLINE_CURVE_WITH_KNOTS ((4, 4), (0., 1.), .UNSPECIFIED.)
   CURVE ()
   GEOMETRIC_REPRESENTATION_ITEM ()
   RATIONAL_B_SPLINE_CURVE ((0.956578302349546, 0.769794770334783, 0.769794770334786, 0.956578302349555))
   REPRESENTATION_ITEM ('')
);
#4188 = EDGE_CURVE ('', #4182, #3898, #4187, .T.);
#4189 = ORIENTED_EDGE ('', *, *, #4188, .T.);
#4190 = ORIENTED_EDGE ('', *, *, #3913, .F.);
#4191 = CARTESIAN_POINT ('', (-7.495, 148.499999999968, -2.67077142648074));
#4192 = VERTEX_POINT ('', #4191);
#4193 = CARTESIAN_POINT ('', (-7.49499999999998, 148.499999999968, -2.67077142648074));
#4194 = CARTESIAN_POINT ('', (-7.49499999999998, 148.499999999968, -2.37787820766728));
#4195 = CARTESIAN_POINT ('', (-7.49499999999998, 148.292893218782, -2.17077142648074));
#4196 = CARTESIAN_POINT ('', (-7.49499999999998, 147.999999999968, -2.17077142648074));
#4197 = (
   BOUNDED_CURVE ()
   B_SPLINE_CURVE (3, (#4193, #4194, #4195, #4196), .UNSPECIFIED., .F., .U.)
   B_SPLINE_CURVE_WITH_KNOTS ((4, 4), (0., 1.), .UNSPECIFIED.)
   CURVE ()
   GEOMETRIC_REPRESENTATION_ITEM ()
   RATIONAL_B_SPLINE_CURVE ((1., 0.804737854124365, 0.804737854124365, 1.))
   REPRESENTATION_ITEM ('')
);
#4198 = EDGE_CURVE ('', #4192, #3891, #4197, .T.);
#4199 = ORIENTED_EDGE ('', *, *, #4198, .F.);
#4200 = CARTESIAN_POINT ('', (-10.495, 145.499999999968, -2.67077142648074));
#4201 = CARTESIAN_POINT ('', (-10.495, 147.257359312849, -2.67077142648074));
#4202 = CARTESIAN_POINT ('', (-9.25235931288072, 148.499999999968, -2.67077142648074));
#4203 = CARTESIAN_POINT ('', (-7.495, 148.499999999968, -2.67077142648074));
#4204 = (
   BOUNDED_CURVE ()
   B_SPLINE_CURVE (3, (#4200, #4201, #4202, #4203), .UNSPECIFIED., .F., .U.)
   B_SPLINE_CURVE_WITH_KNOTS ((4, 4), (0., 1.), .UNSPECIFIED.)
   CURVE ()
   GEOMETRIC_REPRESENTATION_ITEM ()
   RATIONAL_B_SPLINE_CURVE ((1., 0.804737854124365, 0.804737854124365, 1.))
   REPRESENTATION_ITEM ('')
);
#4205 = EDGE_CURVE ('', #4182, #4192, #4204, .T.);
#4206 = ORIENTED_EDGE ('', *, *, #4205, .F.);
#4207 = EDGE_LOOP ('', (#4189, #4190, #4199, #4206));
#4208 = FACE_OUTER_BOUND ('', #4207, .T.);
#4209 = CARTESIAN_POINT ('', (-7.495, 147.950083291645, -2.17326934384172));
#4210 = CARTESIAN_POINT ('', (-8.93022556332044, 147.950083291645, -2.17326934384172));
#4211 = CARTESIAN_POINT ('', (-9.9450832916766, 146.935225563288, -2.17326934384172));
#4212 = CARTESIAN_POINT ('', (-9.9450832916766, 145.499999999968, -2.17326934384172));
#4213 = CARTESIAN_POINT ('', (-7.495, 148.290026882579, -2.13916121511781));
#4214 = CARTESIAN_POINT ('', (-9.12935990844775, 148.290026882579, -2.13916121511781));
#4215 = CARTESIAN_POINT ('', (-10.2850268826106, 147.134359908416, -2.13916121511781));
#4216 = CARTESIAN_POINT ('', (-10.2850268826106, 145.499999999968, -2.13916121511781));
#4217 = CARTESIAN_POINT ('', (-7.495, 148.531610211331, -2.38074454387017));
#4218 = CARTESIAN_POINT ('', (-9.27087614598766, 148.531610211331, -2.38074454387016));
#4219 = CARTESIAN_POINT ('', (-10.526610211363, 147.275876145956, -2.38074454387016));
#4220 = CARTESIAN_POINT ('', (-10.526610211363, 145.499999999968, -2.38074454387017));
#4221 = CARTESIAN_POINT ('', (-7.495, 148.497502082607, -2.72068813480415));
#4222 = CARTESIAN_POINT ('', (-9.25089606676835, 148.497502082607, -2.72068813480415));
#4223 = CARTESIAN_POINT ('', (-10.492502082639, 147.255896066736, -2.72068813480415));
#4224 = CARTESIAN_POINT ('', (-10.492502082639, 145.499999999968, -2.72068813480415));
#4225 = (
   BOUNDED_SURFACE ()
   B_SPLINE_SURFACE (3, 3, ((#4209, #4210, #4211, #4212), (#4213, #4214, #4215, #4216), (#4217, #4218, #4219, #4220), (#4221, #4222, #4223, #4224)), .UNSPECIFIED., .F., .F., .U.)
   B_SPLINE_SURFACE_WITH_KNOTS ((4, 4), (4, 4), (0., 1.), (0., 1.), .UNSPECIFIED.)
   GEOMETRIC_REPRESENTATION_ITEM ()
   RATIONAL_B_SPLINE_SURFACE (((1., 0.804737854124365, 0.804737854124365, 1.), (0.755320871117968, 0.607835296998819, 0.607835296998819, 0.755320871117968), (0.755320871117968, 0.607835296998819, 0.607835296998819, 0.755320871117968), (1., 0.804737854124365, 0.804737854124365, 1.)))
   REPRESENTATION_ITEM ('')
   SURFACE ()
);
#4226 = ADVANCED_FACE ('', (#4208), #4225, .T.);
#4227 = ORIENTED_EDGE ('', *, *, #4198, .T.);
#4228 = ORIENTED_EDGE ('', *, *, #3895, .F.);
#4229 = CARTESIAN_POINT ('', (151.364999999998, 148.499999999968, -2.67077142648074));
#4230 = VERTEX_POINT ('', #4229);
#4231 = CARTESIAN_POINT ('', (151.364999999998, 147.999999999968, -2.17077142648074));
#4232 = CARTESIAN_POINT ('', (151.364999999998, 148.292893218782, -2.17077142648074));
#4233 = CARTESIAN_POINT ('', (151.364999999998, 148.499999999968, -2.37787820766728));
#4234 = CARTESIAN_POINT ('', (151.364999999998, 148.499999999968, -2.67077142648074));
#4235 = (
   BOUNDED_CURVE ()
   B_SPLINE_CURVE (3, (#4231, #4232, #4233, #4234), .UNSPECIFIED., .F., .U.)
   B_SPLINE_CURVE_WITH_KNOTS ((4, 4), (0., 1.), .UNSPECIFIED.)
   CURVE ()
   GEOMETRIC_REPRESENTATION_ITEM ()
   RATIONAL_B_SPLINE_CURVE ((1., 0.804737854124365, 0.804737854124365, 1.))
   REPRESENTATION_ITEM ('')
);
#4236 = EDGE_CURVE ('', #3889, #4230, #4235, .T.);
#4237 = ORIENTED_EDGE ('', *, *, #4236, .T.);
#4238 = CARTESIAN_POINT ('', (-7.49499999999997, 148.499999999968, -2.67077142648074));
#4239 = CARTESIAN_POINT ('', (151.364999999998, 148.499999999968, -2.67077142648074));
#4240 = B_SPLINE_CURVE_WITH_KNOTS ('', 1, (#4238, #4239), .UNSPECIFIED., .F., .U., (2, 2), (0., 1.), .UNSPECIFIED.);
#4241 = EDGE_CURVE ('', #4192, #4230, #4240, .T.);
#4242 = ORIENTED_EDGE ('', *, *, #4241, .F.);
#4243 = EDGE_LOOP ('', (#4227, #4228, #4237, #4242));
#4244 = FACE_OUTER_BOUND ('', #4243, .T.);
#4245 = CARTESIAN_POINT ('', (151.364999999998, 147.999999999968, -2.17077142648074));
#4246 = CARTESIAN_POINT ('', (-7.49499999999998, 147.999999999968, -2.17077142648074));
#4247 = CARTESIAN_POINT ('', (151.364999999998, 148.292893218782, -2.17077142648074));
#4248 = CARTESIAN_POINT ('', (-7.49499999999998, 148.292893218782, -2.17077142648074));
#4249 = CARTESIAN_POINT ('', (151.364999999998, 148.499999999968, -2.37787820766728));
#4250 = CARTESIAN_POINT ('', (-7.49499999999998, 148.499999999968, -2.37787820766728));
#4251 = CARTESIAN_POINT ('', (151.364999999998, 148.499999999968, -2.67077142648074));
#4252 = CARTESIAN_POINT ('', (-7.49499999999998, 148.499999999968, -2.67077142648074));
#4253 = (
   BOUNDED_SURFACE ()
   B_SPLINE_SURFACE (3, 1, ((#4245, #4246), (#4247, #4248), (#4249, #4250), (#4251, #4252)), .UNSPECIFIED., .F., .F., .U.)
   B_SPLINE_SURFACE_WITH_KNOTS ((4, 4), (2, 2), (0., 1.), (0., 1.), .UNSPECIFIED.)
   GEOMETRIC_REPRESENTATION_ITEM ()
   RATIONAL_B_SPLINE_SURFACE (((1., 1.), (0.804737854124365, 0.804737854124365), (0.804737854124365, 0.804737854124365), (1., 1.)))
   REPRESENTATION_ITEM ('')
   SURFACE ()
);
#4254 = ADVANCED_FACE ('', (#4244), #4253, .T.);
#4255 = ORIENTED_EDGE ('', *, *, #4236, .F.);
#4256 = ORIENTED_EDGE ('', *, *, #4002, .F.);
#4257 = CARTESIAN_POINT ('', (154.364999999998, 145.499999999968, -2.67077142648074));
#4258 = VERTEX_POINT ('', #4257);
#4259 = CARTESIAN_POINT ('', (154.364999999998, 145.499999999968, -2.67077142648074));
#4260 = CARTESIAN_POINT ('', (154.364999999998, 145.499999999968, -2.37787820766728));
#4261 = CARTESIAN_POINT ('', (154.157893218811, 145.499999999968, -2.17077142648074));
#4262 = CARTESIAN_POINT ('', (153.864999999998, 145.499999999968, -2.17077142648074));
#4263 = (
   BOUNDED_CURVE ()
   B_SPLINE_CURVE (3, (#4259, #4260, #4261, #4262), .UNSPECIFIED., .F., .U.)
   B_SPLINE_CURVE_WITH_KNOTS ((4, 4), (0., 1.), .UNSPECIFIED.)
   CURVE ()
   GEOMETRIC_REPRESENTATION_ITEM ()
   RATIONAL_B_SPLINE_CURVE ((1., 0.804737854124365, 0.804737854124365, 1.))
   REPRESENTATION_ITEM ('')
);
#4264 = EDGE_CURVE ('', #4258, #3982, #4263, .T.);
#4265 = ORIENTED_EDGE ('', *, *, #4264, .F.);
#4266 = CARTESIAN_POINT ('', (151.364999999998, 148.499999999968, -2.67077142648074));
#4267 = CARTESIAN_POINT ('', (153.122359312879, 148.499999999968, -2.67077142648074));
#4268 = CARTESIAN_POINT ('', (154.364999999998, 147.257359312849, -2.67077142648074));
#4269 = CARTESIAN_POINT ('', (154.364999999998, 145.499999999968, -2.67077142648074));
#4270 = (
   BOUNDED_CURVE ()
   B_SPLINE_CURVE (3, (#4266, #4267, #4268, #4269), .UNSPECIFIED., .F., .U.)
   B_SPLINE_CURVE_WITH_KNOTS ((4, 4), (0., 1.), .UNSPECIFIED.)
   CURVE ()
   GEOMETRIC_REPRESENTATION_ITEM ()
   RATIONAL_B_SPLINE_CURVE ((1., 0.804737854124365, 0.804737854124365, 1.))
   REPRESENTATION_ITEM ('')
);
#4271 = EDGE_CURVE ('', #4230, #4258, #4270, .T.);
#4272 = ORIENTED_EDGE ('', *, *, #4271, .F.);
#4273 = EDGE_LOOP ('', (#4255, #4256, #4265, #4272));
#4274 = FACE_OUTER_BOUND ('', #4273, .T.);
#4275 = CARTESIAN_POINT ('', (153.815083291674, 145.499999999968, -2.17326934384172));
#4276 = CARTESIAN_POINT ('', (153.815083291674, 146.935225563289, -2.17326934384172));
#4277 = CARTESIAN_POINT ('', (152.800225563318, 147.950083291645, -2.17326934384172));
#4278 = CARTESIAN_POINT ('', (151.364999999998, 147.950083291645, -2.17326934384172));
#4279 = CARTESIAN_POINT ('', (154.155026882608, 145.499999999968, -2.13916121511781));
#4280 = CARTESIAN_POINT ('', (154.155026882608, 147.134359908416, -2.13916121511781));
#4281 = CARTESIAN_POINT ('', (152.999359908446, 148.290026882579, -2.13916121511781));
#4282 = CARTESIAN_POINT ('', (151.364999999998, 148.290026882579, -2.13916121511781));
#4283 = CARTESIAN_POINT ('', (154.396610211361, 145.499999999968, -2.38074454387016));
#4284 = CARTESIAN_POINT ('', (154.396610211361, 147.275876145956, -2.38074454387016));
#4285 = CARTESIAN_POINT ('', (153.140876145986, 148.531610211331, -2.38074454387016));
#4286 = CARTESIAN_POINT ('', (151.364999999998, 148.531610211331, -2.38074454387016));
#4287 = CARTESIAN_POINT ('', (154.362502082637, 145.499999999968, -2.72068813480415));
#4288 = CARTESIAN_POINT ('', (154.362502082637, 147.255896066737, -2.72068813480415));
#4289 = CARTESIAN_POINT ('', (153.120896066766, 148.497502082607, -2.72068813480415));
#4290 = CARTESIAN_POINT ('', (151.364999999998, 148.497502082607, -2.72068813480415));
#4291 = (
   BOUNDED_SURFACE ()
   B_SPLINE_SURFACE (3, 3, ((#4275, #4276, #4277, #4278), (#4279, #4280, #4281, #4282), (#4283, #4284, #4285, #4286), (#4287, #4288, #4289, #4290)), .UNSPECIFIED., .F., .F., .U.)
   B_SPLINE_SURFACE_WITH_KNOTS ((4, 4), (4, 4), (0., 1.), (0., 1.), .UNSPECIFIED.)
   GEOMETRIC_REPRESENTATION_ITEM ()
   RATIONAL_B_SPLINE_SURFACE (((1., 0.804737854124365, 0.804737854124365, 1.), (0.755320871117968, 0.607835296998819, 0.607835296998819, 0.755320871117968), (0.755320871117968, 0.607835296998819, 0.607835296998819, 0.755320871117968), (1., 0.804737854124365, 0.804737854124365, 1.)))
   REPRESENTATION_ITEM ('')
   SURFACE ()
);
#4292 = ADVANCED_FACE ('', (#4274), #4291, .T.);
#4293 = CARTESIAN_POINT ('', (154.364999999998, 27.5742677833059, -2.67077142648074));
#4294 = VERTEX_POINT ('', #4293);
#4295 = CARTESIAN_POINT ('', (153.864999999998, 27.5742677833059, -2.17077142648074));
#4296 = CARTESIAN_POINT ('', (154.157893218811, 27.5742677833059, -2.17077142648074));
#4297 = CARTESIAN_POINT ('', (154.364999999998, 27.5742677833059, -2.37787820766728));
#4298 = CARTESIAN_POINT ('', (154.364999999998, 27.5742677833059, -2.67077142648074));
#4299 = (
   BOUNDED_CURVE ()
   B_SPLINE_CURVE (3, (#4295, #4296, #4297, #4298), .UNSPECIFIED., .F., .U.)
   B_SPLINE_CURVE_WITH_KNOTS ((4, 4), (0., 1.), .UNSPECIFIED.)
   CURVE ()
   GEOMETRIC_REPRESENTATION_ITEM ()
   RATIONAL_B_SPLINE_CURVE ((1., 0.804737854124365, 0.804737854124365, 1.))
   REPRESENTATION_ITEM ('')
);
#4300 = EDGE_CURVE ('', #3964, #4294, #4299, .T.);
#4301 = ORIENTED_EDGE ('', *, *, #4300, .T.);
#4302 = CARTESIAN_POINT ('', (154.364999999998, 27.5742677833059, -2.67077142648074));
#4303 = CARTESIAN_POINT ('', (154.364999999998, 145.499999999968, -2.67077142648074));
#4304 = B_SPLINE_CURVE_WITH_KNOTS ('', 1, (#4302, #4303), .UNSPECIFIED., .F., .U., (2, 2), (0., 1.), .UNSPECIFIED.);
#4305 = EDGE_CURVE ('', #4294, #4258, #4304, .T.);
#4306 = ORIENTED_EDGE ('', *, *, #4305, .T.);
#4307 = ORIENTED_EDGE ('', *, *, #4264, .T.);
#4308 = ORIENTED_EDGE ('', *, *, #3986, .F.);
#4309 = EDGE_LOOP ('', (#4301, #4306, #4307, #4308));
#4310 = FACE_OUTER_BOUND ('', #4309, .T.);
#4311 = CARTESIAN_POINT ('', (153.864999999998, 27.5742677833059, -2.17077142648074));
#4312 = CARTESIAN_POINT ('', (153.864999999998, 145.499999999968, -2.17077142648074));
#4313 = CARTESIAN_POINT ('', (154.157893218811, 27.5742677833059, -2.17077142648074));
#4314 = CARTESIAN_POINT ('', (154.157893218811, 145.499999999968, -2.17077142648074));
#4315 = CARTESIAN_POINT ('', (154.364999999998, 27.5742677833059, -2.37787820766728));
#4316 = CARTESIAN_POINT ('', (154.364999999998, 145.499999999968, -2.37787820766728));
#4317 = CARTESIAN_POINT ('', (154.364999999998, 27.5742677833059, -2.67077142648074));
#4318 = CARTESIAN_POINT ('', (154.364999999998, 145.499999999968, -2.67077142648074));
#4319 = (
   BOUNDED_SURFACE ()
   B_SPLINE_SURFACE (3, 1, ((#4311, #4312), (#4313, #4314), (#4315, #4316), (#4317, #4318)), .UNSPECIFIED., .F., .F., .U.)
   B_SPLINE_SURFACE_WITH_KNOTS ((4, 4), (2, 2), (0., 1.), (0., 1.), .UNSPECIFIED.)
   GEOMETRIC_REPRESENTATION_ITEM ()
   RATIONAL_B_SPLINE_SURFACE (((1., 1.), (0.804737854124365, 0.804737854124365), (0.804737854124365, 0.804737854124365), (1., 1.)))
   REPRESENTATION_ITEM ('')
   SURFACE ()
);
#4320 = ADVANCED_FACE ('', (#4310), #4319, .T.);
#4321 = CARTESIAN_POINT ('', (154.364999999998, 27.5742677833059, -5.89019925136199));
#4322 = VERTEX_POINT ('', #4321);
#4323 = CARTESIAN_POINT ('', (154.364999999998, 27.5742677833059, -5.89019925136189));
#4324 = CARTESIAN_POINT ('', (154.364999999998, 27.5742677833059, -2.67077142648074));
#4325 = B_SPLINE_CURVE_WITH_KNOTS ('', 1, (#4323, #4324), .UNSPECIFIED., .F., .U., (2, 2), (0., 1.), .UNSPECIFIED.);
#4326 = EDGE_CURVE ('', #4322, #4294, #4325, .T.);
#4327 = ORIENTED_EDGE ('', *, *, #4326, .F.);
#4328 = CARTESIAN_POINT ('', (154.364999999998, 145.499999999968, -5.89019925136199));
#4329 = VERTEX_POINT ('', #4328);
#4330 = CARTESIAN_POINT ('', (154.364999999998, 27.5742677833059, -5.89019925136189));
#4331 = CARTESIAN_POINT ('', (154.364999999998, 145.499999999968, -5.89019925136189));
#4332 = B_SPLINE_CURVE_WITH_KNOTS ('', 1, (#4330, #4331), .UNSPECIFIED., .F., .U., (2, 2), (0., 1.), .UNSPECIFIED.);
#4333 = EDGE_CURVE ('', #4322, #4329, #4332, .T.);
#4334 = ORIENTED_EDGE ('', *, *, #4333, .T.);
#4335 = CARTESIAN_POINT ('', (154.364999999998, 145.499999999968, -2.67077142648074));
#4336 = CARTESIAN_POINT ('', (154.364999999998, 145.499999999968, -5.89019925136189));
#4337 = B_SPLINE_CURVE_WITH_KNOTS ('', 1, (#4335, #4336), .UNSPECIFIED., .F., .U., (2, 2), (0., 1.), .UNSPECIFIED.);
#4338 = EDGE_CURVE ('', #4258, #4329, #4337, .T.);
#4339 = ORIENTED_EDGE ('', *, *, #4338, .F.);
#4340 = ORIENTED_EDGE ('', *, *, #4305, .F.);
#4341 = EDGE_LOOP ('', (#4327, #4334, #4339, #4340));
#4342 = FACE_OUTER_BOUND ('', #4341, .T.);
#4343 = CARTESIAN_POINT ('', (154.364999999998, 145.499999999968, -2.67077142648074));
#4344 = CARTESIAN_POINT ('', (154.364999999998, 145.499999999968, -5.89019925136189));
#4345 = CARTESIAN_POINT ('', (154.364999999998, 27.5742677833059, -2.67077142648074));
#4346 = CARTESIAN_POINT ('', (154.364999999998, 27.5742677833059, -5.89019925136189));
#4347 = B_SPLINE_SURFACE_WITH_KNOTS ('', 1, 1, ((#4343, #4344), (#4345, #4346)), .UNSPECIFIED., .F., .F., .U., (2, 2), (2, 2), (0., 1.), (0., 1.), .UNSPECIFIED.);
#4348 = ADVANCED_FACE ('', (#4342), #4347, .T.);
#4349 = CARTESIAN_POINT ('', (153.864999999998, 27.5742677833059, -6.39019925136189));
#4350 = VERTEX_POINT ('', #4349);
#4351 = CARTESIAN_POINT ('', (153.864999999998, 27.5742677833059, -6.39019925136189));
#4352 = CARTESIAN_POINT ('', (154.157893218811, 27.5742677833059, -6.39019925136186));
#4353 = CARTESIAN_POINT ('', (154.364999999998, 27.5742677833059, -6.18309247017537));
#4354 = CARTESIAN_POINT ('', (154.364999999998, 27.5742677833059, -5.89019925136199));
#4355 = (
   BOUNDED_CURVE ()
   B_SPLINE_CURVE (3, (#4351, #4352, #4353, #4354), .UNSPECIFIED., .F., .U.)
   B_SPLINE_CURVE_WITH_KNOTS ((4, 4), (0., 1.), .UNSPECIFIED.)
   CURVE ()
   GEOMETRIC_REPRESENTATION_ITEM ()
   RATIONAL_B_SPLINE_CURVE ((0.956578302349578, 0.769794770334791, 0.769794770334781, 0.956578302349549))
   REPRESENTATION_ITEM ('')
);
#4356 = EDGE_CURVE ('', #4350, #4322, #4355, .T.);
#4357 = ORIENTED_EDGE ('', *, *, #4356, .F.);
#4358 = CARTESIAN_POINT ('', (153.864999999998, 145.499999999968, -6.39019925136189));
#4359 = VERTEX_POINT ('', #4358);
#4360 = CARTESIAN_POINT ('', (153.864999999998, 145.499999999968, -6.39019925136189));
#4361 = CARTESIAN_POINT ('', (153.864999999998, 27.5742677833059, -6.39019925136189));
#4362 = B_SPLINE_CURVE_WITH_KNOTS ('', 1, (#4360, #4361), .UNSPECIFIED., .F., .U., (2, 2), (0., 1.), .UNSPECIFIED.);
#4363 = EDGE_CURVE ('', #4359, #4350, #4362, .T.);
#4364 = ORIENTED_EDGE ('', *, *, #4363, .F.);
#4365 = CARTESIAN_POINT ('', (154.364999999998, 145.499999999968, -5.89019925136199));
#4366 = CARTESIAN_POINT ('', (154.364999999998, 145.499999999968, -6.18309247017533));
#4367 = CARTESIAN_POINT ('', (154.157893218811, 145.499999999968, -6.39019925136181));
#4368 = CARTESIAN_POINT ('', (153.864999999998, 145.499999999968, -6.39019925136189));
#4369 = (
   BOUNDED_CURVE ()
   B_SPLINE_CURVE (3, (#4365, #4366, #4367, #4368), .UNSPECIFIED., .F., .U.)
   B_SPLINE_CURVE_WITH_KNOTS ((4, 4), (0., 1.), .UNSPECIFIED.)
   CURVE ()
   GEOMETRIC_REPRESENTATION_ITEM ()
   RATIONAL_B_SPLINE_CURVE ((0.956578302349547, 0.769794770334798, 0.769794770334786, 0.956578302349509))
   REPRESENTATION_ITEM ('')
);
#4370 = EDGE_CURVE ('', #4329, #4359, #4369, .T.);
#4371 = ORIENTED_EDGE ('', *, *, #4370, .F.);
#4372 = ORIENTED_EDGE ('', *, *, #4333, .F.);
#4373 = EDGE_LOOP ('', (#4357, #4364, #4371, #4372));
#4374 = FACE_OUTER_BOUND ('', #4373, .T.);
#4375 = CARTESIAN_POINT ('', (153.864999999998, 145.499999999968, -6.39019925136189));
#4376 = CARTESIAN_POINT ('', (153.864999999998, 27.5742677833059, -6.39019925136189));
#4377 = CARTESIAN_POINT ('', (154.157893218811, 145.499999999968, -6.39019925136189));
#4378 = CARTESIAN_POINT ('', (154.157893218811, 27.5742677833059, -6.39019925136189));
#4379 = CARTESIAN_POINT ('', (154.364999999998, 145.499999999968, -6.18309247017534));
#4380 = CARTESIAN_POINT ('', (154.364999999998, 27.5742677833059, -6.18309247017534));
#4381 = CARTESIAN_POINT ('', (154.364999999998, 145.499999999968, -5.89019925136189));
#4382 = CARTESIAN_POINT ('', (154.364999999998, 27.5742677833059, -5.89019925136189));
#4383 = (
   BOUNDED_SURFACE ()
   B_SPLINE_SURFACE (3, 1, ((#4375, #4376), (#4377, #4378), (#4379, #4380), (#4381, #4382)), .UNSPECIFIED., .F., .F., .U.)
   B_SPLINE_SURFACE_WITH_KNOTS ((4, 4), (2, 2), (0., 1.), (0., 1.), .UNSPECIFIED.)
   GEOMETRIC_REPRESENTATION_ITEM ()
   RATIONAL_B_SPLINE_SURFACE (((1., 1.), (0.804737854124365, 0.804737854124365), (0.804737854124365, 0.804737854124365), (1., 1.)))
   REPRESENTATION_ITEM ('')
   SURFACE ()
);
#4384 = ADVANCED_FACE ('', (#4374), #4383, .T.);
#4385 = CARTESIAN_POINT ('', (-7.495, 147.999999999968, -6.39019925136189));
#4386 = VERTEX_POINT ('', #4385);
#4387 = CARTESIAN_POINT ('', (151.364999999998, 147.999999999968, -6.39019925136189));
#4388 = VERTEX_POINT ('', #4387);
#4389 = CARTESIAN_POINT ('', (-7.495, 147.999999999968, -6.39019925136189));
#4390 = CARTESIAN_POINT ('', (151.364999999998, 147.999999999968, -6.39019925136189));
#4391 = B_SPLINE_CURVE_WITH_KNOTS ('', 1, (#4389, #4390), .UNSPECIFIED., .F., .U., (2, 2), (0., 1.), .UNSPECIFIED.);
#4392 = EDGE_CURVE ('', #4386, #4388, #4391, .T.);
#4393 = ORIENTED_EDGE ('', *, *, #4392, .T.);
#4394 = CARTESIAN_POINT ('', (151.364999999998, 147.999999999968, -6.39019925136189));
#4395 = CARTESIAN_POINT ('', (151.696520612297, 147.999999999968, -6.39019925136189));
#4396 = CARTESIAN_POINT ('', (152.015423472602, 147.936566277061, -6.39019925136189));
#4397 = CARTESIAN_POINT ('', (152.321708580911, 147.809698831246, -6.39019925136189));
#4398 = CARTESIAN_POINT ('', (152.62799368922, 147.682831385432, -6.39019925136189));
#4399 = CARTESIAN_POINT ('', (152.898346479904, 147.502187425995, -6.39019925136189));
#4400 = CARTESIAN_POINT ('', (153.132766952964, 147.267766952934, -6.39019925136189));
#4401 = CARTESIAN_POINT ('', (153.367187426024, 147.033346479874, -6.39019925136189));
#4402 = CARTESIAN_POINT ('', (153.547831385462, 146.76299368919, -6.39019925136189));
#4403 = CARTESIAN_POINT ('', (153.674698831276, 146.456708580881, -6.39019925136189));
#4404 = CARTESIAN_POINT ('', (153.801566277091, 146.150423472572, -6.39019925136189));
#4405 = CARTESIAN_POINT ('', (153.864999999998, 145.831520612268, -6.39019925136189));
#4406 = CARTESIAN_POINT ('', (153.864999999998, 145.499999999968, -6.39019925136189));
#4407 = B_SPLINE_CURVE_WITH_KNOTS ('', 3, (#4394, #4395, #4396, #4397, #4398, #4399, #4400, #4401, #4402, #4403, #4404, #4405, #4406), .UNSPECIFIED., .F., .U., (4, 3, 3, 3, 4), (0., 0.25, 0.5, 0.75, 1.), .UNSPECIFIED.);
#4408 = EDGE_CURVE ('', #4388, #4359, #4407, .T.);
#4409 = ORIENTED_EDGE ('', *, *, #4408, .T.);
#4410 = ORIENTED_EDGE ('', *, *, #4363, .T.);
#4411 = CARTESIAN_POINT ('', (152.001575713902, 25.1566715886389, -6.39019925136189));
#4412 = VERTEX_POINT ('', #4411);
#4413 = CARTESIAN_POINT ('', (153.864999999998, 27.5742677833059, -6.39019925136189));
#4414 = CARTESIAN_POINT ('', (153.864999999998, 27.2981723870661, -6.39019925136189));
#4415 = CARTESIAN_POINT ('', (153.820484410377, 27.0294513204395, -6.39019925136189));
#4416 = CARTESIAN_POINT ('', (153.731453231135, 26.768104583426, -6.39019925136189));
#4417 = CARTESIAN_POINT ('', (153.642422051893, 26.5067578464125, -6.39019925136189));
#4418 = CARTESIAN_POINT ('', (153.513631213557, 26.2667462439245, -6.39019925136189));
#4419 = CARTESIAN_POINT ('', (153.345080716125, 26.0480697759621, -6.39019925136189));
#4420 = CARTESIAN_POINT ('', (153.176530218694, 25.8293933079997, -6.39019925136189));
#4421 = CARTESIAN_POINT ('', (152.977223811897, 25.643733388852, -6.39019925136189));
#4422 = CARTESIAN_POINT ('', (152.747161495735, 25.4910900185189, -6.39019925136189));
#4423 = CARTESIAN_POINT ('', (152.517099179572, 25.3384466481858, -6.39019925136189));
#4424 = CARTESIAN_POINT ('', (152.268570585628, 25.2269738382258, -6.39019925136189));
#4425 = CARTESIAN_POINT ('', (152.001575713902, 25.156671588639, -6.39019925136189));
#4426 = B_SPLINE_CURVE_WITH_KNOTS ('', 3, (#4413, #4414, #4415, #4416, #4417, #4418, #4419, #4420, #4421, #4422, #4423, #4424, #4425), .UNSPECIFIED., .F., .U., (4, 3, 3, 3, 4), (0., 0.25, 0.5, 0.75, 1.), .UNSPECIFIED.);
#4427 = EDGE_CURVE ('', #4350, #4412, #4426, .T.);
#4428 = ORIENTED_EDGE ('', *, *, #4427, .T.);
#4429 = CARTESIAN_POINT ('', (18.6584941439262, -9.95381027421733, -6.39019925136189));
#4430 = VERTEX_POINT ('', #4429);
#4431 = CARTESIAN_POINT ('', (152.001575713902, 25.1566715886391, -6.39019925136189));
#4432 = CARTESIAN_POINT ('', (107.553881857243, 13.4531776343536, -6.39019925136189));
#4433 = CARTESIAN_POINT ('', (63.1061880005847, 1.7496836800682, -6.39019925136189));
#4434 = CARTESIAN_POINT ('', (18.6584941439261, -9.95381027421723, -6.39019925136189));
#4435 = B_SPLINE_CURVE_WITH_KNOTS ('', 3, (#4431, #4432, #4433, #4434), .UNSPECIFIED., .F., .U., (4, 4), (0., 1.), .UNSPECIFIED.);
#4436 = EDGE_CURVE ('', #4412, #4430, #4435, .T.);
#4437 = ORIENTED_EDGE ('', *, *, #4436, .T.);
#4438 = CARTESIAN_POINT ('', (18.021918430022, -10.0362140795505, -6.39019925136189));
#4439 = VERTEX_POINT ('', #4438);
#4440 = CARTESIAN_POINT ('', (18.021918430022, -10.0362140795505, -6.39019925136189));
#4441 = CARTESIAN_POINT ('', (18.23706764214, -10.0362140795505, -6.39019925136189));
#4442 = CARTESIAN_POINT ('', (18.4504365773254, -10.0085937795373, -6.39019925136189));
#4443 = CARTESIAN_POINT ('', (18.6584941439262, -9.95381027421733, -6.39019925136189));
#4444 = (
   BOUNDED_CURVE ()
   B_SPLINE_CURVE (3, (#4440, #4441, #4442, #4443), .UNSPECIFIED., .F., .U.)
   B_SPLINE_CURVE_WITH_KNOTS ((4, 4), (0., 1.), .UNSPECIFIED.)
   CURVE ()
   GEOMETRIC_REPRESENTATION_ITEM ()
   RATIONAL_B_SPLINE_CURVE ((0.956578302349549, 0.951301424133792, 0.951301424133792, 0.956578302349549))
   REPRESENTATION_ITEM ('')
);
#4445 = EDGE_CURVE ('', #4439, #4430, #4444, .T.);
#4446 = ORIENTED_EDGE ('', *, *, #4445, .F.);
#4447 = CARTESIAN_POINT ('', (-7.49499999999993, -10.0362140795505, -6.39019925136189));
#4448 = VERTEX_POINT ('', #4447);
#4449 = CARTESIAN_POINT ('', (18.021918430022, -10.0362140795504, -6.39019925136189));
#4450 = CARTESIAN_POINT ('', (-7.49499999999993, -10.0362140795504, -6.39019925136189));
#4451 = B_SPLINE_CURVE_WITH_KNOTS ('', 1, (#4449, #4450), .UNSPECIFIED., .F., .U., (2, 2), (0., 1.), .UNSPECIFIED.);
#4452 = EDGE_CURVE ('', #4439, #4448, #4451, .T.);
#4453 = ORIENTED_EDGE ('', *, *, #4452, .T.);
#4454 = CARTESIAN_POINT ('', (-9.99500000000004, -7.5362140795504, -6.39019925136189));
#4455 = VERTEX_POINT ('', #4454);
#4456 = CARTESIAN_POINT ('', (-7.49499999999992, -10.0362140795504, -6.39019925136189));
#4457 = CARTESIAN_POINT ('', (-7.82652061229937, -10.0362140795504, -6.39019925136189));
#4458 = CARTESIAN_POINT ('', (-8.14542347260362, -9.97278035664313, -6.39019925136189));
#4459 = CARTESIAN_POINT ('', (-8.45170858091267, -9.84591291082861, -6.39019925136189));
#4460 = CARTESIAN_POINT ('', (-8.75799368922171, -9.71904546501409, -6.39019925136189));
#4461 = CARTESIAN_POINT ('', (-9.02834647990626, -9.53840150557681, -6.39019925136189));
#4462 = CARTESIAN_POINT ('', (-9.2627669529663, -9.30398103251677, -6.39019925136189));
#4463 = CARTESIAN_POINT ('', (-9.49718742602634, -9.06956055945672, -6.39019925136189));
#4464 = CARTESIAN_POINT ('', (-9.67783138546355, -8.79920776877235, -6.39019925136189));
#4465 = CARTESIAN_POINT ('', (-9.80469883127814, -8.49292266046313, -6.39019925136189));
#4466 = CARTESIAN_POINT ('', (-9.93156627709274, -8.1866375521539, -6.39019925136189));
#4467 = CARTESIAN_POINT ('', (-9.99500000000004, -7.86773469184966, -6.39019925136189));
#4468 = CARTESIAN_POINT ('', (-9.99500000000004, -7.5362140795504, -6.39019925136189));
#4469 = B_SPLINE_CURVE_WITH_KNOTS ('', 3, (#4456, #4457, #4458, #4459, #4460, #4461, #4462, #4463, #4464, #4465, #4466, #4467, #4468), .UNSPECIFIED., .F., .U., (4, 3, 3, 3, 4), (0., 0.25, 0.5, 0.75, 1.), .UNSPECIFIED.);
#4470 = EDGE_CURVE ('', #4448, #4455, #4469, .T.);
#4471 = ORIENTED_EDGE ('', *, *, #4470, .T.);
#4472 = CARTESIAN_POINT ('', (-9.99500000000011, 145.499999999968, -6.39019925136189));
#4473 = VERTEX_POINT ('', #4472);
#4474 = CARTESIAN_POINT ('', (-9.99500000000004, -7.53621407955043, -6.39019925136189));
#4475 = CARTESIAN_POINT ('', (-9.99500000000004, 145.499999999968, -6.39019925136189));
#4476 = B_SPLINE_CURVE_WITH_KNOTS ('', 1, (#4474, #4475), .UNSPECIFIED., .F., .U., (2, 2), (0., 1.), .UNSPECIFIED.);
#4477 = EDGE_CURVE ('', #4455, #4473, #4476, .T.);
#4478 = ORIENTED_EDGE ('', *, *, #4477, .T.);
#4479 = CARTESIAN_POINT ('', (-9.99500000000004, 145.499999999968, -6.39019925136189));
#4480 = CARTESIAN_POINT ('', (-9.99500000000004, 145.831520612267, -6.39019925136189));
#4481 = CARTESIAN_POINT ('', (-9.93156627709276, 146.150423472572, -6.39019925136189));
#4482 = CARTESIAN_POINT ('', (-9.80469883127823, 146.456708580881, -6.39019925136189));
#4483 = CARTESIAN_POINT ('', (-9.67783138546371, 146.76299368919, -6.39019925136189));
#4484 = CARTESIAN_POINT ('', (-9.49718742602641, 147.033346479874, -6.39019925136189));
#4485 = CARTESIAN_POINT ('', (-9.26276695296637, 147.267766952934, -6.39019925136189));
#4486 = CARTESIAN_POINT ('', (-9.02834647990633, 147.502187425994, -6.39019925136189));
#4487 = CARTESIAN_POINT ('', (-8.75799368922191, 147.682831385432, -6.39019925136189));
#4488 = CARTESIAN_POINT ('', (-8.45170858091274, 147.809698831246, -6.39019925136189));
#4489 = CARTESIAN_POINT ('', (-8.14542347260357, 147.936566277061, -6.39019925136189));
#4490 = CARTESIAN_POINT ('', (-7.82652061229932, 147.999999999968, -6.39019925136189));
#4491 = CARTESIAN_POINT ('', (-7.495, 147.999999999968, -6.39019925136189));
#4492 = B_SPLINE_CURVE_WITH_KNOTS ('', 3, (#4479, #4480, #4481, #4482, #4483, #4484, #4485, #4486, #4487, #4488, #4489, #4490, #4491), .UNSPECIFIED., .F., .U., (4, 3, 3, 3, 4), (0., 0.25, 0.5, 0.75, 1.), .UNSPECIFIED.);
#4493 = EDGE_CURVE ('', #4473, #4386, #4492, .T.);
#4494 = ORIENTED_EDGE ('', *, *, #4493, .T.);
#4495 = EDGE_LOOP ('', (#4393, #4409, #4410, #4428, #4437, #4446, #4453, #4471, #4478, #4494));
#4496 = FACE_OUTER_BOUND ('', #4495, .T.);
#4497 = CARTESIAN_POINT ('', (151.491147458016, 30.5629026452807, -6.39019925136189));
#4498 = VERTEX_POINT ('', #4497);
#4499 = CARTESIAN_POINT ('', (151.491147458016, 30.5629026452807, -6.39019925136189));
#4500 = CARTESIAN_POINT ('', (151.491147458016, 31.0933356249598, -6.39019925136189));
#4501 = CARTESIAN_POINT ('', (151.389653501364, 31.6035802014466, -6.39019925136189));
#4502 = CARTESIAN_POINT ('', (151.186665588061, 32.0936363747411, -6.39019925136189));
#4503 = CARTESIAN_POINT ('', (150.983677674758, 32.5836925480355, -6.39019925136189));
#4504 = CARTESIAN_POINT ('', (150.694647339658, 33.0162570131308, -6.39019925136189));
#4505 = CARTESIAN_POINT ('', (150.319574582762, 33.3913297700269, -6.39019925136189));
#4506 = CARTESIAN_POINT ('', (149.944501825866, 33.7664025269229, -6.39019925136189));
#4507 = CARTESIAN_POINT ('', (149.511937360771, 34.0554328620226, -6.39019925136189));
#4508 = CARTESIAN_POINT ('', (149.021881187476, 34.2584207753258, -6.39019925136189));
#4509 = CARTESIAN_POINT ('', (148.531825014182, 34.4614086886291, -6.39019925136189));
#4510 = CARTESIAN_POINT ('', (148.021580437695, 34.5629026452807, -6.39019925136189));
#4511 = CARTESIAN_POINT ('', (147.491147458016, 34.5629026452807, -6.39019925136189));
#4512 = CARTESIAN_POINT ('', (146.960714478337, 34.5629026452807, -6.39019925136189));
#4513 = CARTESIAN_POINT ('', (146.45046990185, 34.4614086886291, -6.39019925136189));
#4514 = CARTESIAN_POINT ('', (145.960413728556, 34.2584207753258, -6.39019925136189));
#4515 = CARTESIAN_POINT ('', (145.470357555261, 34.0554328620226, -6.39019925136189));
#4516 = CARTESIAN_POINT ('', (145.037793090166, 33.7664025269229, -6.39019925136189));
#4517 = CARTESIAN_POINT ('', (144.66272033327, 33.3913297700269, -6.39019925136189));
#4518 = CARTESIAN_POINT ('', (144.287647576374, 33.0162570131309, -6.39019925136189));
#4519 = CARTESIAN_POINT ('', (143.998617241274, 32.5836925480355, -6.39019925136189));
#4520 = CARTESIAN_POINT ('', (143.795629327971, 32.093636374741, -6.39019925136189));
#4521 = CARTESIAN_POINT ('', (143.592641414668, 31.6035802014466, -6.39019925136189));
#4522 = CARTESIAN_POINT ('', (143.491147458016, 31.0933356249598, -6.39019925136189));
#4523 = CARTESIAN_POINT ('', (143.491147458016, 30.5629026452807, -6.39019925136189));
#4524 = CARTESIAN_POINT ('', (143.491147458016, 30.0324696656016, -6.39019925136189));
#4525 = CARTESIAN_POINT ('', (143.592641414668, 29.5222250891148, -6.39019925136189));
#4526 = CARTESIAN_POINT ('', (143.795629327971, 29.0321689158203, -6.39019925136189));
#4527 = CARTESIAN_POINT ('', (143.998617241274, 28.5421127425258, -6.39019925136189));
#4528 = CARTESIAN_POINT ('', (144.287647576374, 28.1095482774306, -6.39019925136189));
#4529 = CARTESIAN_POINT ('', (144.66272033327, 27.7344755205345, -6.39019925136189));
#4530 = CARTESIAN_POINT ('', (145.037793090166, 27.3594027636384, -6.39019925136189));
#4531 = CARTESIAN_POINT ('', (145.470357555261, 27.0703724285388, -6.39019925136189));
#4532 = CARTESIAN_POINT ('', (145.960413728556, 26.8673845152355, -6.39019925136189));
#4533 = CARTESIAN_POINT ('', (146.45046990185, 26.6643966019323, -6.39019925136189));
#4534 = CARTESIAN_POINT ('', (146.960714478337, 26.5629026452807, -6.39019925136189));
#4535 = CARTESIAN_POINT ('', (147.491147458016, 26.5629026452807, -6.39019925136189));
#4536 = CARTESIAN_POINT ('', (148.021580437695, 26.5629026452807, -6.39019925136189));
#4537 = CARTESIAN_POINT ('', (148.531825014182, 26.6643966019323, -6.39019925136189));
#4538 = CARTESIAN_POINT ('', (149.021881187476, 26.8673845152355, -6.39019925136189));
#4539 = CARTESIAN_POINT ('', (149.511937360771, 27.0703724285388, -6.39019925136189));
#4540 = CARTESIAN_POINT ('', (149.944501825866, 27.3594027636384, -6.39019925136189));
#4541 = CARTESIAN_POINT ('', (150.319574582762, 27.7344755205345, -6.39019925136189));
#4542 = CARTESIAN_POINT ('', (150.694647339658, 28.1095482774306, -6.39019925136189));
#4543 = CARTESIAN_POINT ('', (150.983677674758, 28.5421127425259, -6.39019925136189));
#4544 = CARTESIAN_POINT ('', (151.186665588061, 29.0321689158203, -6.39019925136189));
#4545 = CARTESIAN_POINT ('', (151.389653501364, 29.5222250891148, -6.39019925136189));
#4546 = CARTESIAN_POINT ('', (151.491147458016, 30.0324696656016, -6.39019925136189));
#4547 = CARTESIAN_POINT ('', (151.491147458016, 30.5629026452807, -6.39019925136189));
#4548 = B_SPLINE_CURVE_WITH_KNOTS ('', 3, (#4499, #4500, #4501, #4502, #4503, #4504, #4505, #4506, #4507, #4508, #4509, #4510, #4511, #4512, #4513, #4514, #4515, #4516, #4517, #4518, #4519, #4520, #4521, #4522, #4523, #4524, #4525, #4526, #4527, #4528, #4529, #4530, #4531, #4532, #4533, #4534, #4535, #4536, #4537, #4538, #4539, #4540, #4541, #4542, #4543, #4544, #4545, #4546, #4547), .UNSPECIFIED., .T., .U., (4, 3, 3, 3, 3, 3, 3, 3, 3, 3, 3, 3, 3, 3, 3, 3, 4), (0., 0.0625, 0.125, 0.1875, 0.25, 0.3125, 0.375, 0.4375, 0.5, 0.5625, 0.625, 0.6875, 0.75, 0.8125, 0.875, 0.9375, 1.), .UNSPECIFIED.);
#4549 = EDGE_CURVE ('', #4498, #4498, #4548, .T.);
#4550 = ORIENTED_EDGE ('', *, *, #4549, .T.);
#4551 = EDGE_LOOP ('', (#4550));
#4552 = FACE_BOUND ('', #4551, .T.);
#4553 = CARTESIAN_POINT ('', (0.633679656438346, -3.42684552819995, -6.39019925136189));
#4554 = VERTEX_POINT ('', #4553);
#4555 = CARTESIAN_POINT ('', (0.63367965643835, -3.42684552819995, -6.39019925136189));
#4556 = CARTESIAN_POINT ('', (0.63367965643835, -2.89641254852085, -6.39019925136189));
#4557 = CARTESIAN_POINT ('', (0.532185699786732, -2.38616797203405, -6.39019925136189));
#4558 = CARTESIAN_POINT ('', (0.329197786483499, -1.89611179873959, -6.39019925136189));
#4559 = CARTESIAN_POINT ('', (0.126209873180267, -1.40605562544513, -6.39019925136189));
#4560 = CARTESIAN_POINT ('', (-0.162820461919403, -0.973491160349824, -6.39019925136189));
#4561 = CARTESIAN_POINT ('', (-0.537893218815475, -0.598418403453755, -6.39019925136189));
#4562 = CARTESIAN_POINT ('', (-0.912965975711546, -0.223345646557685, -6.39019925136189));
#4563 = CARTESIAN_POINT ('', (-1.34553044080682, 0.0656846885419666, -6.39019925136189));
#4564 = CARTESIAN_POINT ('', (-1.8355866141013, 0.268672601845201, -6.39019925136189));
#4565 = CARTESIAN_POINT ('', (-2.32564278739578, 0.471660515148436, -6.39019925136189));
#4566 = CARTESIAN_POINT ('', (-2.83588736388257, 0.573154471800052, -6.39019925136189));
#4567 = CARTESIAN_POINT ('', (-3.36632034356165, 0.573154471800052, -6.39019925136189));
#4568 = CARTESIAN_POINT ('', (-3.89675332324074, 0.573154471800052, -6.39019925136189));
#4569 = CARTESIAN_POINT ('', (-4.40699789972753, 0.471660515148435, -6.39019925136189));
#4570 = CARTESIAN_POINT ('', (-4.89705407302201, 0.2686726018452, -6.39019925136189));
#4571 = CARTESIAN_POINT ('', (-5.38711024631649, 0.0656846885419657, -6.39019925136189));
#4572 = CARTESIAN_POINT ('', (-5.81967471141175, -0.22334564655766, -6.39019925136189));
#4573 = CARTESIAN_POINT ('', (-6.19474746830783, -0.598418403453753, -6.39019925136189));
#4574 = CARTESIAN_POINT ('', (-6.56982022520392, -0.973491160349846, -6.39019925136189));
#4575 = CARTESIAN_POINT ('', (-6.85885056030358, -1.4060556254451, -6.39019925136189));
#4576 = CARTESIAN_POINT ('', (-7.06183847360681, -1.89611179873958, -6.39019925136189));
#4577 = CARTESIAN_POINT ('', (-7.26482638691004, -2.38616797203407, -6.39019925136189));
#4578 = CARTESIAN_POINT ('', (-7.36632034356166, -2.89641254852086, -6.39019925136189));
#4579 = CARTESIAN_POINT ('', (-7.36632034356166, -3.42684552819995, -6.39019925136189));
#4580 = CARTESIAN_POINT ('', (-7.36632034356166, -3.95727850787905, -6.39019925136189));
#4581 = CARTESIAN_POINT ('', (-7.26482638691004, -4.46752308436585, -6.39019925136189));
#4582 = CARTESIAN_POINT ('', (-7.06183847360681, -4.95757925766031, -6.39019925136189));
#4583 = CARTESIAN_POINT ('', (-6.85885056030358, -5.44763543095477, -6.39019925136189));
#4584 = CARTESIAN_POINT ('', (-6.56982022520391, -5.88019989605007, -6.39019925136189));
#4585 = CARTESIAN_POINT ('', (-6.19474746830783, -6.25527265294614, -6.39019925136189));
#4586 = CARTESIAN_POINT ('', (-5.81967471141176, -6.6303454098422, -6.39019925136189));
#4587 = CARTESIAN_POINT ('', (-5.38711024631649, -6.91937574494186, -6.39019925136189));
#4588 = CARTESIAN_POINT ('', (-4.89705407302201, -7.12236365824509, -6.39019925136189));
#4589 = CARTESIAN_POINT ('', (-4.40699789972753, -7.32535157154833, -6.39019925136189));
#4590 = CARTESIAN_POINT ('', (-3.89675332324074, -7.42684552819994, -6.39019925136189));
#4591 = CARTESIAN_POINT ('', (-3.36632034356166, -7.42684552819994, -6.39019925136189));
#4592 = CARTESIAN_POINT ('', (-2.83588736388257, -7.42684552819994, -6.39019925136189));
#4593 = CARTESIAN_POINT ('', (-2.32564278739581, -7.32535157154834, -6.39019925136189));
#4594 = CARTESIAN_POINT ('', (-1.8355866141013, -7.12236365824509, -6.39019925136189));
#4595 = CARTESIAN_POINT ('', (-1.3455304408068, -6.91937574494185, -6.39019925136189));
#4596 = CARTESIAN_POINT ('', (-0.912965975711526, -6.63034540984221, -6.39019925136189));
#4597 = CARTESIAN_POINT ('', (-0.537893218815455, -6.25527265294614, -6.39019925136189));
#4598 = CARTESIAN_POINT ('', (-0.162820461919384, -5.88019989605007, -6.39019925136189));
#4599 = CARTESIAN_POINT ('', (0.126209873180267, -5.44763543095479, -6.39019925136189));
#4600 = CARTESIAN_POINT ('', (0.329197786483499, -4.95757925766031, -6.39019925136189));
#4601 = CARTESIAN_POINT ('', (0.532185699786732, -4.46752308436582, -6.39019925136189));
#4602 = CARTESIAN_POINT ('', (0.63367965643835, -3.95727850787904, -6.39019925136189));
#4603 = CARTESIAN_POINT ('', (0.63367965643835, -3.42684552819995, -6.39019925136189));
#4604 = B_SPLINE_CURVE_WITH_KNOTS ('', 3, (#4555, #4556, #4557, #4558, #4559, #4560, #4561, #4562, #4563, #4564, #4565, #4566, #4567, #4568, #4569, #4570, #4571, #4572, #4573, #4574, #4575, #4576, #4577, #4578, #4579, #4580, #4581, #4582, #4583, #4584, #4585, #4586, #4587, #4588, #4589, #4590, #4591, #4592, #4593, #4594, #4595, #4596, #4597, #4598, #4599, #4600, #4601, #4602, #4603), .UNSPECIFIED., .T., .U., (4, 3, 3, 3, 3, 3, 3, 3, 3, 3, 3, 3, 3, 3, 3, 3, 4), (0., 0.0625, 0.125, 0.1875, 0.25, 0.3125, 0.375, 0.4375, 0.5, 0.5625, 0.625, 0.6875, 0.75, 0.8125, 0.875, 0.9375, 1.), .UNSPECIFIED.);
#4605 = EDGE_CURVE ('', #4554, #4554, #4604, .T.);
#4606 = ORIENTED_EDGE ('', *, *, #4605, .T.);
#4607 = EDGE_LOOP ('', (#4606));
#4608 = FACE_BOUND ('', #4607, .T.);
#4609 = CARTESIAN_POINT ('', (0.633679656438346, 141.371320343528, -6.39019925136189));
#4610 = VERTEX_POINT ('', #4609);
#4611 = CARTESIAN_POINT ('', (0.633679656438349, 141.371320343528, -6.39019925136189));
#4612 = CARTESIAN_POINT ('', (0.633679656438349, 141.901753323207, -6.39019925136189));
#4613 = CARTESIAN_POINT ('', (0.532185699786732, 142.411997899694, -6.39019925136189));
#4614 = CARTESIAN_POINT ('', (0.329197786483499, 142.902054072988, -6.39019925136189));
#4615 = CARTESIAN_POINT ('', (0.126209873180267, 143.392110246283, -6.39019925136189));
#4616 = CARTESIAN_POINT ('', (-0.162820461919403, 143.824674711378, -6.39019925136189));
#4617 = CARTESIAN_POINT ('', (-0.537893218815475, 144.199747468274, -6.39019925136189));
#4618 = CARTESIAN_POINT ('', (-0.912965975711546, 144.57482022517, -6.39019925136189));
#4619 = CARTESIAN_POINT ('', (-1.34553044080685, 144.86385056027, -6.39019925136189));
#4620 = CARTESIAN_POINT ('', (-1.8355866141013, 145.066838473573, -6.39019925136189));
#4621 = CARTESIAN_POINT ('', (-2.32564278739576, 145.269826386876, -6.39019925136189));
#4622 = CARTESIAN_POINT ('', (-2.83588736388254, 145.371320343528, -6.39019925136189));
#4623 = CARTESIAN_POINT ('', (-3.36632034356165, 145.371320343528, -6.39019925136189));
#4624 = CARTESIAN_POINT ('', (-3.89675332324077, 145.371320343528, -6.39019925136189));
#4625 = CARTESIAN_POINT ('', (-4.40699789972753, 145.269826386876, -6.39019925136189));
#4626 = CARTESIAN_POINT ('', (-4.89705407302201, 145.066838473573, -6.39019925136189));
#4627 = CARTESIAN_POINT ('', (-5.38711024631649, 144.86385056027, -6.39019925136189));
#4628 = CARTESIAN_POINT ('', (-5.81967471141175, 144.57482022517, -6.39019925136189));
#4629 = CARTESIAN_POINT ('', (-6.19474746830783, 144.199747468274, -6.39019925136189));
#4630 = CARTESIAN_POINT ('', (-6.56982022520392, 143.824674711378, -6.39019925136189));
#4631 = CARTESIAN_POINT ('', (-6.85885056030358, 143.392110246283, -6.39019925136189));
#4632 = CARTESIAN_POINT ('', (-7.06183847360681, 142.902054072988, -6.39019925136189));
#4633 = CARTESIAN_POINT ('', (-7.26482638691004, 142.411997899694, -6.39019925136189));
#4634 = CARTESIAN_POINT ('', (-7.36632034356166, 141.901753323207, -6.39019925136189));
#4635 = CARTESIAN_POINT ('', (-7.36632034356166, 141.371320343528, -6.39019925136189));
#4636 = CARTESIAN_POINT ('', (-7.36632034356166, 140.840887363849, -6.39019925136189));
#4637 = CARTESIAN_POINT ('', (-7.26482638691003, 140.330642787362, -6.39019925136189));
#4638 = CARTESIAN_POINT ('', (-7.06183847360681, 139.840586614067, -6.39019925136189));
#4639 = CARTESIAN_POINT ('', (-6.85885056030359, 139.350530440773, -6.39019925136189));
#4640 = CARTESIAN_POINT ('', (-6.56982022520391, 138.917965975678, -6.39019925136189));
#4641 = CARTESIAN_POINT ('', (-6.19474746830783, 138.542893218782, -6.39019925136189));
#4642 = CARTESIAN_POINT ('', (-5.81967471141176, 138.167820461885, -6.39019925136189));
#4643 = CARTESIAN_POINT ('', (-5.38711024631646, 137.878790126786, -6.39019925136189));
#4644 = CARTESIAN_POINT ('', (-4.89705407302201, 137.675802213483, -6.39019925136189));
#4645 = CARTESIAN_POINT ('', (-4.40699789972755, 137.472814300179, -6.39019925136189));
#4646 = CARTESIAN_POINT ('', (-3.89675332324077, 137.371320343528, -6.39019925136189));
#4647 = CARTESIAN_POINT ('', (-3.36632034356166, 137.371320343528, -6.39019925136189));
#4648 = CARTESIAN_POINT ('', (-2.83588736388254, 137.371320343528, -6.39019925136189));
#4649 = CARTESIAN_POINT ('', (-2.32564278739579, 137.472814300179, -6.39019925136189));
#4650 = CARTESIAN_POINT ('', (-1.8355866141013, 137.675802213483, -6.39019925136189));
#4651 = CARTESIAN_POINT ('', (-1.34553044080681, 137.878790126786, -6.39019925136189));
#4652 = CARTESIAN_POINT ('', (-0.912965975711516, 138.167820461886, -6.39019925136189));
#4653 = CARTESIAN_POINT ('', (-0.537893218815457, 138.542893218782, -6.39019925136189));
#4654 = CARTESIAN_POINT ('', (-0.162820461919398, 138.917965975678, -6.39019925136189));
#4655 = CARTESIAN_POINT ('', (0.126209873180268, 139.350530440773, -6.39019925136189));
#4656 = CARTESIAN_POINT ('', (0.3291977864835, 139.840586614067, -6.39019925136189));
#4657 = CARTESIAN_POINT ('', (0.532185699786733, 140.330642787362, -6.39019925136189));
#4658 = CARTESIAN_POINT ('', (0.633679656438349, 140.840887363849, -6.39019925136189));
#4659 = CARTESIAN_POINT ('', (0.633679656438349, 141.371320343528, -6.39019925136189));
#4660 = B_SPLINE_CURVE_WITH_KNOTS ('', 3, (#4611, #4612, #4613, #4614, #4615, #4616, #4617, #4618, #4619, #4620, #4621, #4622, #4623, #4624, #4625, #4626, #4627, #4628, #4629, #4630, #4631, #4632, #4633, #4634, #4635, #4636, #4637, #4638, #4639, #4640, #4641, #4642, #4643, #4644, #4645, #4646, #4647, #4648, #4649, #4650, #4651, #4652, #4653, #4654, #4655, #4656, #4657, #4658, #4659), .UNSPECIFIED., .T., .U., (4, 3, 3, 3, 3, 3, 3, 3, 3, 3, 3, 3, 3, 3, 3, 3, 4), (0., 0.0625, 0.125, 0.1875, 0.25, 0.3125, 0.375, 0.4375, 0.5, 0.5625, 0.625, 0.6875, 0.75, 0.8125, 0.875, 0.9375, 1.), .UNSPECIFIED.);
#4661 = EDGE_CURVE ('', #4610, #4610, #4660, .T.);
#4662 = ORIENTED_EDGE ('', *, *, #4661, .T.);
#4663 = EDGE_LOOP ('', (#4662));
#4664 = FACE_BOUND ('', #4663, .T.);
#4665 = CARTESIAN_POINT ('', (151.236320343558, 141.371320343528, -6.39019925136189));
#4666 = VERTEX_POINT ('', #4665);
#4667 = CARTESIAN_POINT ('', (151.236320343558, 141.371320343528, -6.39019925136189));
#4668 = CARTESIAN_POINT ('', (151.236320343558, 141.901753323207, -6.39019925136189));
#4669 = CARTESIAN_POINT ('', (151.134826386906, 142.411997899694, -6.39019925136189));
#4670 = CARTESIAN_POINT ('', (150.931838473603, 142.902054072988, -6.39019925136189));
#4671 = CARTESIAN_POINT ('', (150.728850560299, 143.392110246283, -6.39019925136189));
#4672 = CARTESIAN_POINT ('', (150.4398202252, 143.824674711378, -6.39019925136189));
#4673 = CARTESIAN_POINT ('', (150.064747468304, 144.199747468274, -6.39019925136189));
#4674 = CARTESIAN_POINT ('', (149.689674711408, 144.57482022517, -6.39019925136189));
#4675 = CARTESIAN_POINT ('', (149.257110246312, 144.86385056027, -6.39019925136189));
#4676 = CARTESIAN_POINT ('', (148.767054073018, 145.066838473573, -6.39019925136189));
#4677 = CARTESIAN_POINT ('', (148.276997899724, 145.269826386876, -6.39019925136189));
#4678 = CARTESIAN_POINT ('', (147.766753323237, 145.371320343528, -6.39019925136189));
#4679 = CARTESIAN_POINT ('', (147.236320343558, 145.371320343528, -6.39019925136189));
#4680 = CARTESIAN_POINT ('', (146.705887363878, 145.371320343528, -6.39019925136189));
#4681 = CARTESIAN_POINT ('', (146.195642787392, 145.269826386876, -6.39019925136189));
#4682 = CARTESIAN_POINT ('', (145.705586614097, 145.066838473573, -6.39019925136189));
#4683 = CARTESIAN_POINT ('', (145.215530440803, 144.86385056027, -6.39019925136189));
#4684 = CARTESIAN_POINT ('', (144.782965975707, 144.57482022517, -6.39019925136189));
#4685 = CARTESIAN_POINT ('', (144.407893218811, 144.199747468274, -6.39019925136189));
#4686 = CARTESIAN_POINT ('', (144.032820461915, 143.824674711378, -6.39019925136189));
#4687 = CARTESIAN_POINT ('', (143.743790126816, 143.392110246283, -6.39019925136189));
#4688 = CARTESIAN_POINT ('', (143.540802213512, 142.902054072988, -6.39019925136189));
#4689 = CARTESIAN_POINT ('', (143.337814300209, 142.411997899694, -6.39019925136189));
#4690 = CARTESIAN_POINT ('', (143.236320343558, 141.901753323207, -6.39019925136189));
#4691 = CARTESIAN_POINT ('', (143.236320343558, 141.371320343528, -6.39019925136189));
#4692 = CARTESIAN_POINT ('', (143.236320343558, 140.840887363849, -6.39019925136189));
#4693 = CARTESIAN_POINT ('', (143.337814300209, 140.330642787362, -6.39019925136189));
#4694 = CARTESIAN_POINT ('', (143.540802213512, 139.840586614067, -6.39019925136189));
#4695 = CARTESIAN_POINT ('', (143.743790126816, 139.350530440773, -6.39019925136189));
#4696 = CARTESIAN_POINT ('', (144.032820461915, 138.917965975678, -6.39019925136189));
#4697 = CARTESIAN_POINT ('', (144.407893218811, 138.542893218782, -6.39019925136189));
#4698 = CARTESIAN_POINT ('', (144.782965975707, 138.167820461886, -6.39019925136189));
#4699 = CARTESIAN_POINT ('', (145.215530440803, 137.878790126786, -6.39019925136189));
#4700 = CARTESIAN_POINT ('', (145.705586614097, 137.675802213483, -6.39019925136189));
#4701 = CARTESIAN_POINT ('', (146.195642787392, 137.472814300179, -6.39019925136189));
#4702 = CARTESIAN_POINT ('', (146.705887363878, 137.371320343528, -6.39019925136189));
#4703 = CARTESIAN_POINT ('', (147.236320343558, 137.371320343528, -6.39019925136189));
#4704 = CARTESIAN_POINT ('', (147.766753323237, 137.371320343528, -6.39019925136189));
#4705 = CARTESIAN_POINT ('', (148.276997899723, 137.472814300179, -6.39019925136189));
#4706 = CARTESIAN_POINT ('', (148.767054073018, 137.675802213483, -6.39019925136189));
#4707 = CARTESIAN_POINT ('', (149.257110246312, 137.878790126786, -6.39019925136189));
#4708 = CARTESIAN_POINT ('', (149.689674711408, 138.167820461885, -6.39019925136189));
#4709 = CARTESIAN_POINT ('', (150.064747468304, 138.542893218782, -6.39019925136189));
#4710 = CARTESIAN_POINT ('', (150.4398202252, 138.917965975678, -6.39019925136189));
#4711 = CARTESIAN_POINT ('', (150.7288505603, 139.350530440773, -6.39019925136189));
#4712 = CARTESIAN_POINT ('', (150.931838473603, 139.840586614067, -6.39019925136189));
#4713 = CARTESIAN_POINT ('', (151.134826386906, 140.330642787362, -6.39019925136189));
#4714 = CARTESIAN_POINT ('', (151.236320343558, 140.840887363849, -6.39019925136189));
#4715 = CARTESIAN_POINT ('', (151.236320343558, 141.371320343528, -6.39019925136189));
#4716 = B_SPLINE_CURVE_WITH_KNOTS ('', 3, (#4667, #4668, #4669, #4670, #4671, #4672, #4673, #4674, #4675, #4676, #4677, #4678, #4679, #4680, #4681, #4682, #4683, #4684, #4685, #4686, #4687, #4688, #4689, #4690, #4691, #4692, #4693, #4694, #4695, #4696, #4697, #4698, #4699, #4700, #4701, #4702, #4703, #4704, #4705, #4706, #4707, #4708, #4709, #4710, #4711, #4712, #4713, #4714, #4715), .UNSPECIFIED., .T., .U., (4, 3, 3, 3, 3, 3, 3, 3, 3, 3, 3, 3, 3, 3, 3, 3, 4), (0., 0.0625, 0.125, 0.1875, 0.25, 0.3125, 0.375, 0.4375, 0.5, 0.5625, 0.625, 0.6875, 0.75, 0.8125, 0.875, 0.9375, 1.), .UNSPECIFIED.);
#4717 = EDGE_CURVE ('', #4666, #4666, #4716, .T.);
#4718 = ORIENTED_EDGE ('', *, *, #4717, .T.);
#4719 = EDGE_LOOP ('', (#4718));
#4720 = FACE_BOUND ('', #4719, .T.);
#4721 = CARTESIAN_POINT ('', (-9.99500000000004, 147.999999999968, -6.39019925136189));
#4722 = CARTESIAN_POINT ('', (-9.99500000000004, -10.0362140795504, -6.39019925136189));
#4723 = CARTESIAN_POINT ('', (153.864999999998, 147.999999999968, -6.39019925136189));
#4724 = CARTESIAN_POINT ('', (153.864999999998, -10.0362140795504, -6.39019925136189));
#4725 = B_SPLINE_SURFACE_WITH_KNOTS ('', 1, 1, ((#4721, #4722), (#4723, #4724)), .UNSPECIFIED., .F., .F., .U., (2, 2), (2, 2), (0., 1.), (0., 1.), .UNSPECIFIED.);
#4726 = ADVANCED_FACE ('', (#4496, #4552, #4608, #4664, #4720), #4725, .T.);
#4727 = CARTESIAN_POINT ('', (151.236320343558, 141.371320343528, -4.89019925136189));
#4728 = VERTEX_POINT ('', #4727);
#4729 = CARTESIAN_POINT ('', (151.236320343558, 141.371320343528, -4.89019925136189));
#4730 = CARTESIAN_POINT ('', (151.236320343558, 141.371320343528, -6.39019925136189));
#4731 = B_SPLINE_CURVE_WITH_KNOTS ('', 1, (#4729, #4730), .UNSPECIFIED., .F., .U., (2, 2), (0., 1.), .UNSPECIFIED.);
#4732 = EDGE_CURVE ('', #4728, #4666, #4731, .T.);
#4733 = ORIENTED_EDGE ('', *, *, #4732, .T.);
#4734 = ORIENTED_EDGE ('', *, *, #4717, .F.);
#4735 = ORIENTED_EDGE ('', *, *, #4732, .F.);
#4736 = CARTESIAN_POINT ('', (151.236320343558, 141.371320343528, -4.89019925136189));
#4737 = CARTESIAN_POINT ('', (151.236320343558, 140.840887363849, -4.89019925136189));
#4738 = CARTESIAN_POINT ('', (151.134826386906, 140.330642787362, -4.89019925136189));
#4739 = CARTESIAN_POINT ('', (150.931838473603, 139.840586614067, -4.89019925136189));
#4740 = CARTESIAN_POINT ('', (150.7288505603, 139.350530440773, -4.89019925136189));
#4741 = CARTESIAN_POINT ('', (150.4398202252, 138.917965975678, -4.89019925136189));
#4742 = CARTESIAN_POINT ('', (150.064747468304, 138.542893218782, -4.89019925136189));
#4743 = CARTESIAN_POINT ('', (149.689674711408, 138.167820461885, -4.89019925136189));
#4744 = CARTESIAN_POINT ('', (149.257110246312, 137.878790126786, -4.89019925136189));
#4745 = CARTESIAN_POINT ('', (148.767054073018, 137.675802213483, -4.89019925136189));
#4746 = CARTESIAN_POINT ('', (148.276997899723, 137.472814300179, -4.89019925136189));
#4747 = CARTESIAN_POINT ('', (147.766753323237, 137.371320343528, -4.89019925136189));
#4748 = CARTESIAN_POINT ('', (147.236320343558, 137.371320343528, -4.89019925136189));
#4749 = CARTESIAN_POINT ('', (146.705887363879, 137.371320343528, -4.89019925136189));
#4750 = CARTESIAN_POINT ('', (146.195642787392, 137.472814300179, -4.89019925136189));
#4751 = CARTESIAN_POINT ('', (145.705586614097, 137.675802213483, -4.89019925136189));
#4752 = CARTESIAN_POINT ('', (145.215530440803, 137.878790126786, -4.89019925136189));
#4753 = CARTESIAN_POINT ('', (144.782965975707, 138.167820461885, -4.89019925136189));
#4754 = CARTESIAN_POINT ('', (144.407893218811, 138.542893218782, -4.89019925136189));
#4755 = CARTESIAN_POINT ('', (144.032820461915, 138.917965975678, -4.89019925136189));
#4756 = CARTESIAN_POINT ('', (143.743790126816, 139.350530440773, -4.89019925136189));
#4757 = CARTESIAN_POINT ('', (143.540802213512, 139.840586614067, -4.89019925136189));
#4758 = CARTESIAN_POINT ('', (143.337814300209, 140.330642787362, -4.89019925136189));
#4759 = CARTESIAN_POINT ('', (143.236320343558, 140.840887363849, -4.89019925136189));
#4760 = CARTESIAN_POINT ('', (143.236320343558, 141.371320343528, -4.89019925136189));
#4761 = CARTESIAN_POINT ('', (143.236320343558, 141.901753323207, -4.89019925136189));
#4762 = CARTESIAN_POINT ('', (143.337814300209, 142.411997899694, -4.89019925136189));
#4763 = CARTESIAN_POINT ('', (143.540802213512, 142.902054072988, -4.89019925136189));
#4764 = CARTESIAN_POINT ('', (143.743790126816, 143.392110246283, -4.89019925136189));
#4765 = CARTESIAN_POINT ('', (144.032820461915, 143.824674711378, -4.89019925136189));
#4766 = CARTESIAN_POINT ('', (144.407893218811, 144.199747468274, -4.89019925136189));
#4767 = CARTESIAN_POINT ('', (144.782965975707, 144.57482022517, -4.89019925136189));
#4768 = CARTESIAN_POINT ('', (145.215530440803, 144.86385056027, -4.89019925136189));
#4769 = CARTESIAN_POINT ('', (145.705586614097, 145.066838473573, -4.89019925136189));
#4770 = CARTESIAN_POINT ('', (146.195642787392, 145.269826386876, -4.89019925136189));
#4771 = CARTESIAN_POINT ('', (146.705887363878, 145.371320343528, -4.89019925136189));
#4772 = CARTESIAN_POINT ('', (147.236320343558, 145.371320343528, -4.89019925136189));
#4773 = CARTESIAN_POINT ('', (147.766753323237, 145.371320343528, -4.89019925136189));
#4774 = CARTESIAN_POINT ('', (148.276997899724, 145.269826386876, -4.89019925136189));
#4775 = CARTESIAN_POINT ('', (148.767054073018, 145.066838473573, -4.89019925136189));
#4776 = CARTESIAN_POINT ('', (149.257110246312, 144.86385056027, -4.89019925136189));
#4777 = CARTESIAN_POINT ('', (149.689674711408, 144.57482022517, -4.89019925136189));
#4778 = CARTESIAN_POINT ('', (150.064747468304, 144.199747468274, -4.89019925136189));
#4779 = CARTESIAN_POINT ('', (150.4398202252, 143.824674711378, -4.89019925136189));
#4780 = CARTESIAN_POINT ('', (150.7288505603, 143.392110246283, -4.89019925136189));
#4781 = CARTESIAN_POINT ('', (150.931838473603, 142.902054072988, -4.89019925136189));
#4782 = CARTESIAN_POINT ('', (151.134826386906, 142.411997899694, -4.89019925136189));
#4783 = CARTESIAN_POINT ('', (151.236320343558, 141.901753323207, -4.89019925136189));
#4784 = CARTESIAN_POINT ('', (151.236320343558, 141.371320343528, -4.89019925136189));
#4785 = B_SPLINE_CURVE_WITH_KNOTS ('', 3, (#4736, #4737, #4738, #4739, #4740, #4741, #4742, #4743, #4744, #4745, #4746, #4747, #4748, #4749, #4750, #4751, #4752, #4753, #4754, #4755, #4756, #4757, #4758, #4759, #4760, #4761, #4762, #4763, #4764, #4765, #4766, #4767, #4768, #4769, #4770, #4771, #4772, #4773, #4774, #4775, #4776, #4777, #4778, #4779, #4780, #4781, #4782, #4783, #4784), .UNSPECIFIED., .T., .U., (4, 3, 3, 3, 3, 3, 3, 3, 3, 3, 3, 3, 3, 3, 3, 3, 4), (0., 0.0625, 0.125, 0.1875, 0.25, 0.3125, 0.375, 0.4375, 0.5, 0.5625, 0.625, 0.6875, 0.75, 0.8125, 0.875, 0.9375, 1.), .UNSPECIFIED.);
#4786 = EDGE_CURVE ('', #4728, #4728, #4785, .T.);
#4787 = ORIENTED_EDGE ('', *, *, #4786, .F.);
#4788 = EDGE_LOOP ('', (#4733, #4734, #4735, #4787));
#4789 = FACE_OUTER_BOUND ('', #4788, .T.);
#4790 = CARTESIAN_POINT ('', (151.236320343558, 141.371320343528, -4.74019925136189));
#4791 = CARTESIAN_POINT ('', (151.236320343558, 141.371320343528, -6.54019925136189));
#4792 = CARTESIAN_POINT ('', (151.236320343558, 149.371320343528, -4.74019925136189));
#4793 = CARTESIAN_POINT ('', (151.236320343558, 149.371320343528, -6.54019925136189));
#4794 = CARTESIAN_POINT ('', (143.236320343558, 149.371320343528, -4.74019925136189));
#4795 = CARTESIAN_POINT ('', (143.236320343558, 149.371320343528, -6.54019925136189));
#4796 = CARTESIAN_POINT ('', (143.236320343558, 141.371320343528, -4.74019925136189));
#4797 = CARTESIAN_POINT ('', (143.236320343558, 141.371320343528, -6.54019925136189));
#4798 = CARTESIAN_POINT ('', (143.236320343558, 133.371320343528, -4.74019925136189));
#4799 = CARTESIAN_POINT ('', (143.236320343558, 133.371320343528, -6.54019925136189));
#4800 = CARTESIAN_POINT ('', (151.236320343558, 133.371320343528, -4.74019925136189));
#4801 = CARTESIAN_POINT ('', (151.236320343558, 133.371320343528, -6.54019925136189));
#4802 = CARTESIAN_POINT ('', (151.236320343558, 141.371320343528, -4.74019925136189));
#4803 = CARTESIAN_POINT ('', (151.236320343558, 141.371320343528, -6.54019925136189));
#4804 = (
   BOUNDED_SURFACE ()
   B_SPLINE_SURFACE (3, 1, ((#4790, #4791), (#4792, #4793), (#4794, #4795), (#4796, #4797), (#4798, #4799), (#4800, #4801), (#4802, #4803)), .UNSPECIFIED., .T., .F., .U.)
   B_SPLINE_SURFACE_WITH_KNOTS ((4, 3, 4), (2, 2), (0., 0.5, 1.), (0., 1.), .UNSPECIFIED.)
   GEOMETRIC_REPRESENTATION_ITEM ()
   RATIONAL_B_SPLINE_SURFACE (((1., 1.), (0.333333333333333, 0.333333333333333), (0.333333333333333, 0.333333333333333), (1., 1.), (0.333333333333333, 0.333333333333333), (0.333333333333333, 0.333333333333333), (1., 1.)))
   REPRESENTATION_ITEM ('')
   SURFACE ()
);
#4805 = ADVANCED_FACE ('', (#4789), #4804, .T.);
#4806 = ORIENTED_EDGE ('', *, *, #4786, .T.);
#4807 = EDGE_LOOP ('', (#4806));
#4808 = FACE_OUTER_BOUND ('', #4807, .T.);
#4809 = CARTESIAN_POINT ('', (143.188320343558, 145.419320343528, -4.89019925136189));
#4810 = CARTESIAN_POINT ('', (143.188320343558, 137.323320343528, -4.89019925136189));
#4811 = CARTESIAN_POINT ('', (151.284320343558, 145.419320343528, -4.89019925136189));
#4812 = CARTESIAN_POINT ('', (151.284320343558, 137.323320343528, -4.89019925136189));
#4813 = B_SPLINE_SURFACE_WITH_KNOTS ('', 1, 1, ((#4809, #4810), (#4811, #4812)), .UNSPECIFIED., .F., .F., .U., (2, 2), (2, 2), (0., 1.), (0., 1.), .UNSPECIFIED.);
#4814 = ADVANCED_FACE ('', (#4808), #4813, .T.);
#4815 = CARTESIAN_POINT ('', (0.633679656438346, 141.371320343528, -4.89019925136189));
#4816 = VERTEX_POINT ('', #4815);
#4817 = CARTESIAN_POINT ('', (0.633679656438346, 141.371320343528, -4.89019925136189));
#4818 = CARTESIAN_POINT ('', (0.633679656438346, 141.371320343528, -6.39019925136189));
#4819 = B_SPLINE_CURVE_WITH_KNOTS ('', 1, (#4817, #4818), .UNSPECIFIED., .F., .U., (2, 2), (0., 1.), .UNSPECIFIED.);
#4820 = EDGE_CURVE ('', #4816, #4610, #4819, .T.);
#4821 = ORIENTED_EDGE ('', *, *, #4820, .T.);
#4822 = ORIENTED_EDGE ('', *, *, #4661, .F.);
#4823 = ORIENTED_EDGE ('', *, *, #4820, .F.);
#4824 = CARTESIAN_POINT ('', (0.633679656438347, 141.371320343528, -4.89019925136189));
#4825 = CARTESIAN_POINT ('', (0.633679656438347, 140.840887363849, -4.89019925136189));
#4826 = CARTESIAN_POINT ('', (0.532185699786726, 140.330642787362, -4.89019925136189));
#4827 = CARTESIAN_POINT ('', (0.329197786483493, 139.840586614067, -4.89019925136189));
#4828 = CARTESIAN_POINT ('', (0.126209873180261, 139.350530440773, -4.89019925136189));
#4829 = CARTESIAN_POINT ('', (-0.16282046191937, 138.917965975678, -4.89019925136189));
#4830 = CARTESIAN_POINT ('', (-0.537893218815463, 138.542893218782, -4.89019925136189));
#4831 = CARTESIAN_POINT ('', (-0.912965975711557, 138.167820461886, -4.89019925136189));
#4832 = CARTESIAN_POINT ('', (-1.34553044080686, 137.878790126786, -4.89019925136189));
#4833 = CARTESIAN_POINT ('', (-1.83558661410129, 137.675802213483, -4.89019925136189));
#4834 = CARTESIAN_POINT ('', (-2.32564278739573, 137.472814300179, -4.89019925136189));
#4835 = CARTESIAN_POINT ('', (-2.83588736388252, 137.371320343528, -4.89019925136189));
#4836 = CARTESIAN_POINT ('', (-3.36632034356165, 137.371320343528, -4.89019925136189));
#4837 = CARTESIAN_POINT ('', (-3.89675332324079, 137.371320343528, -4.89019925136189));
#4838 = CARTESIAN_POINT ('', (-4.40699789972755, 137.472814300179, -4.89019925136189));
#4839 = CARTESIAN_POINT ('', (-4.89705407302201, 137.675802213483, -4.89019925136189));
#4840 = CARTESIAN_POINT ('', (-5.38711024631647, 137.878790126786, -4.89019925136189));
#4841 = CARTESIAN_POINT ('', (-5.81967471141177, 138.167820461886, -4.89019925136189));
#4842 = CARTESIAN_POINT ('', (-6.19474746830784, 138.542893218782, -4.89019925136189));
#4843 = CARTESIAN_POINT ('', (-6.56982022520392, 138.917965975678, -4.89019925136189));
#4844 = CARTESIAN_POINT ('', (-6.85885056030357, 139.350530440773, -4.89019925136189));
#4845 = CARTESIAN_POINT ('', (-7.0618384736068, 139.840586614067, -4.89019925136189));
#4846 = CARTESIAN_POINT ('', (-7.26482638691004, 140.330642787362, -4.89019925136189));
#4847 = CARTESIAN_POINT ('', (-7.36632034356165, 140.840887363849, -4.89019925136189));
#4848 = CARTESIAN_POINT ('', (-7.36632034356165, 141.371320343528, -4.89019925136189));
#4849 = CARTESIAN_POINT ('', (-7.36632034356165, 141.901753323207, -4.89019925136189));
#4850 = CARTESIAN_POINT ('', (-7.26482638691004, 142.411997899694, -4.89019925136189));
#4851 = CARTESIAN_POINT ('', (-7.0618384736068, 142.902054072988, -4.89019925136189));
#4852 = CARTESIAN_POINT ('', (-6.85885056030356, 143.392110246283, -4.89019925136189));
#4853 = CARTESIAN_POINT ('', (-6.5698202252039, 143.824674711378, -4.89019925136189));
#4854 = CARTESIAN_POINT ('', (-6.19474746830784, 144.199747468274, -4.89019925136189));
#4855 = CARTESIAN_POINT ('', (-5.81967471141179, 144.57482022517, -4.89019925136189));
#4856 = CARTESIAN_POINT ('', (-5.38711024631651, 144.86385056027, -4.89019925136189));
#4857 = CARTESIAN_POINT ('', (-4.89705407302202, 145.066838473573, -4.89019925136189));
#4858 = CARTESIAN_POINT ('', (-4.40699789972752, 145.269826386876, -4.89019925136189));
#4859 = CARTESIAN_POINT ('', (-3.89675332324074, 145.371320343528, -4.89019925136189));
#4860 = CARTESIAN_POINT ('', (-3.36632034356165, 145.371320343528, -4.89019925136189));
#4861 = CARTESIAN_POINT ('', (-2.83588736388257, 145.371320343528, -4.89019925136189));
#4862 = CARTESIAN_POINT ('', (-2.32564278739579, 145.269826386876, -4.89019925136189));
#4863 = CARTESIAN_POINT ('', (-1.83558661410129, 145.066838473573, -4.89019925136189));
#4864 = CARTESIAN_POINT ('', (-1.3455304408068, 144.86385056027, -4.89019925136189));
#4865 = CARTESIAN_POINT ('', (-0.912965975711532, 144.57482022517, -4.89019925136189));
#4866 = CARTESIAN_POINT ('', (-0.537893218815466, 144.199747468274, -4.89019925136189));
#4867 = CARTESIAN_POINT ('', (-0.1628204619194, 143.824674711378, -4.89019925136189));
#4868 = CARTESIAN_POINT ('', (0.126209873180256, 143.392110246283, -4.89019925136189));
#4869 = CARTESIAN_POINT ('', (0.329197786483493, 142.902054072988, -4.89019925136189));
#4870 = CARTESIAN_POINT ('', (0.532185699786729, 142.411997899694, -4.89019925136189));
#4871 = CARTESIAN_POINT ('', (0.633679656438347, 141.901753323207, -4.89019925136189));
#4872 = CARTESIAN_POINT ('', (0.633679656438347, 141.371320343528, -4.89019925136189));
#4873 = B_SPLINE_CURVE_WITH_KNOTS ('', 3, (#4824, #4825, #4826, #4827, #4828, #4829, #4830, #4831, #4832, #4833, #4834, #4835, #4836, #4837, #4838, #4839, #4840, #4841, #4842, #4843, #4844, #4845, #4846, #4847, #4848, #4849, #4850, #4851, #4852, #4853, #4854, #4855, #4856, #4857, #4858, #4859, #4860, #4861, #4862, #4863, #4864, #4865, #4866, #4867, #4868, #4869, #4870, #4871, #4872), .UNSPECIFIED., .T., .U., (4, 3, 3, 3, 3, 3, 3, 3, 3, 3, 3, 3, 3, 3, 3, 3, 4), (0., 0.0625, 0.125, 0.1875, 0.25, 0.3125, 0.375, 0.4375, 0.5, 0.5625, 0.625, 0.6875, 0.75, 0.8125, 0.875, 0.9375, 1.), .UNSPECIFIED.);
#4874 = EDGE_CURVE ('', #4816, #4816, #4873, .T.);
#4875 = ORIENTED_EDGE ('', *, *, #4874, .F.);
#4876 = EDGE_LOOP ('', (#4821, #4822, #4823, #4875));
#4877 = FACE_OUTER_BOUND ('', #4876, .T.);
#4878 = CARTESIAN_POINT ('', (0.633679656438346, 141.371320343528, -4.74019925136189));
#4879 = CARTESIAN_POINT ('', (0.633679656438346, 141.371320343528, -6.54019925136189));
#4880 = CARTESIAN_POINT ('', (0.633679656438345, 149.371320343528, -4.74019925136189));
#4881 = CARTESIAN_POINT ('', (0.633679656438345, 149.371320343528, -6.54019925136189));
#4882 = CARTESIAN_POINT ('', (-7.36632034356165, 149.371320343528, -4.74019925136189));
#4883 = CARTESIAN_POINT ('', (-7.36632034356165, 149.371320343528, -6.54019925136189));
#4884 = CARTESIAN_POINT ('', (-7.36632034356165, 141.371320343528, -4.74019925136189));
#4885 = CARTESIAN_POINT ('', (-7.36632034356165, 141.371320343528, -6.54019925136189));
#4886 = CARTESIAN_POINT ('', (-7.36632034356165, 133.371320343528, -4.74019925136189));
#4887 = CARTESIAN_POINT ('', (-7.36632034356165, 133.371320343528, -6.54019925136189));
#4888 = CARTESIAN_POINT ('', (0.633679656438347, 133.371320343528, -4.74019925136189));
#4889 = CARTESIAN_POINT ('', (0.633679656438347, 133.371320343528, -6.54019925136189));
#4890 = CARTESIAN_POINT ('', (0.633679656438346, 141.371320343528, -4.74019925136189));
#4891 = CARTESIAN_POINT ('', (0.633679656438346, 141.371320343528, -6.54019925136189));
#4892 = (
   BOUNDED_SURFACE ()
   B_SPLINE_SURFACE (3, 1, ((#4878, #4879), (#4880, #4881), (#4882, #4883), (#4884, #4885), (#4886, #4887), (#4888, #4889), (#4890, #4891)), .UNSPECIFIED., .T., .F., .U.)
   B_SPLINE_SURFACE_WITH_KNOTS ((4, 3, 4), (2, 2), (0., 0.5, 1.), (0., 1.), .UNSPECIFIED.)
   GEOMETRIC_REPRESENTATION_ITEM ()
   RATIONAL_B_SPLINE_SURFACE (((1., 1.), (0.333333333333333, 0.333333333333333), (0.333333333333333, 0.333333333333333), (1., 1.), (0.333333333333333, 0.333333333333333), (0.333333333333333, 0.333333333333333), (1., 1.)))
   REPRESENTATION_ITEM ('')
   SURFACE ()
);
#4893 = ADVANCED_FACE ('', (#4877), #4892, .T.);
#4894 = ORIENTED_EDGE ('', *, *, #4874, .T.);
#4895 = EDGE_LOOP ('', (#4894));
#4896 = FACE_OUTER_BOUND ('', #4895, .T.);
#4897 = CARTESIAN_POINT ('', (-7.41432034356164, 145.419320343528, -4.89019925136189));
#4898 = CARTESIAN_POINT ('', (-7.41432034356164, 137.323320343528, -4.89019925136189));
#4899 = CARTESIAN_POINT ('', (0.681679656438332, 145.419320343528, -4.89019925136189));
#4900 = CARTESIAN_POINT ('', (0.681679656438332, 137.323320343528, -4.89019925136189));
#4901 = B_SPLINE_SURFACE_WITH_KNOTS ('', 1, 1, ((#4897, #4898), (#4899, #4900)), .UNSPECIFIED., .F., .F., .U., (2, 2), (2, 2), (0., 1.), (0., 1.), .UNSPECIFIED.);
#4902 = ADVANCED_FACE ('', (#4896), #4901, .T.);
#4903 = CARTESIAN_POINT ('', (0.633679656438346, -3.42684552819995, -4.89019925136189));
#4904 = VERTEX_POINT ('', #4903);
#4905 = CARTESIAN_POINT ('', (0.633679656438346, -3.42684552819995, -4.89019925136189));
#4906 = CARTESIAN_POINT ('', (0.633679656438346, -3.42684552819995, -6.39019925136189));
#4907 = B_SPLINE_CURVE_WITH_KNOTS ('', 1, (#4905, #4906), .UNSPECIFIED., .F., .U., (2, 2), (0., 1.), .UNSPECIFIED.);
#4908 = EDGE_CURVE ('', #4904, #4554, #4907, .T.);
#4909 = ORIENTED_EDGE ('', *, *, #4908, .T.);
#4910 = ORIENTED_EDGE ('', *, *, #4605, .F.);
#4911 = ORIENTED_EDGE ('', *, *, #4908, .F.);
#4912 = CARTESIAN_POINT ('', (0.633679656438347, -3.42684552819995, -4.89019925136189));
#4913 = CARTESIAN_POINT ('', (0.633679656438347, -3.95727850787904, -4.89019925136189));
#4914 = CARTESIAN_POINT ('', (0.532185699786728, -4.46752308436582, -4.89019925136189));
#4915 = CARTESIAN_POINT ('', (0.329197786483493, -4.95757925766031, -4.89019925136189));
#4916 = CARTESIAN_POINT ('', (0.126209873180259, -5.44763543095479, -4.89019925136189));
#4917 = CARTESIAN_POINT ('', (-0.162820461919395, -5.88019989605007, -4.89019925136189));
#4918 = CARTESIAN_POINT ('', (-0.537893218815463, -6.25527265294614, -4.89019925136189));
#4919 = CARTESIAN_POINT ('', (-0.912965975711532, -6.63034540984221, -4.89019925136189));
#4920 = CARTESIAN_POINT ('', (-1.34553044080681, -6.91937574494186, -4.89019925136189));
#4921 = CARTESIAN_POINT ('', (-1.83558661410129, -7.12236365824509, -4.89019925136189));
#4922 = CARTESIAN_POINT ('', (-2.32564278739578, -7.32535157154833, -4.89019925136189));
#4923 = CARTESIAN_POINT ('', (-2.83588736388257, -7.42684552819995, -4.89019925136189));
#4924 = CARTESIAN_POINT ('', (-3.36632034356165, -7.42684552819995, -4.89019925136189));
#4925 = CARTESIAN_POINT ('', (-3.89675332324074, -7.42684552819995, -4.89019925136189));
#4926 = CARTESIAN_POINT ('', (-4.40699789972753, -7.32535157154833, -4.89019925136189));
#4927 = CARTESIAN_POINT ('', (-4.89705407302201, -7.12236365824509, -4.89019925136189));
#4928 = CARTESIAN_POINT ('', (-5.3871102463165, -6.91937574494186, -4.89019925136189));
#4929 = CARTESIAN_POINT ('', (-5.81967471141177, -6.63034540984221, -4.89019925136189));
#4930 = CARTESIAN_POINT ('', (-6.19474746830784, -6.25527265294614, -4.89019925136189));
#4931 = CARTESIAN_POINT ('', (-6.56982022520392, -5.88019989605007, -4.89019925136189));
#4932 = CARTESIAN_POINT ('', (-6.85885056030357, -5.44763543095479, -4.89019925136189));
#4933 = CARTESIAN_POINT ('', (-7.0618384736068, -4.95757925766031, -4.89019925136189));
#4934 = CARTESIAN_POINT ('', (-7.26482638691004, -4.46752308436583, -4.89019925136189));
#4935 = CARTESIAN_POINT ('', (-7.36632034356165, -3.95727850787904, -4.89019925136189));
#4936 = CARTESIAN_POINT ('', (-7.36632034356165, -3.42684552819995, -4.89019925136189));
#4937 = CARTESIAN_POINT ('', (-7.36632034356165, -2.89641254852086, -4.89019925136189));
#4938 = CARTESIAN_POINT ('', (-7.26482638691004, -2.38616797203407, -4.89019925136189));
#4939 = CARTESIAN_POINT ('', (-7.0618384736068, -1.89611179873959, -4.89019925136189));
#4940 = CARTESIAN_POINT ('', (-6.85885056030357, -1.4060556254451, -4.89019925136189));
#4941 = CARTESIAN_POINT ('', (-6.56982022520391, -0.973491160349827, -4.89019925136189));
#4942 = CARTESIAN_POINT ('', (-6.19474746830785, -0.598418403453758, -4.89019925136189));
#4943 = CARTESIAN_POINT ('', (-5.81967471141178, -0.223345646557689, -4.89019925136189));
#4944 = CARTESIAN_POINT ('', (-5.3871102463165, 0.0656846885419626, -4.89019925136189));
#4945 = CARTESIAN_POINT ('', (-4.89705407302201, 0.268672601845198, -4.89019925136189));
#4946 = CARTESIAN_POINT ('', (-4.40699789972753, 0.471660515148434, -4.89019925136189));
#4947 = CARTESIAN_POINT ('', (-3.89675332324074, 0.573154471800052, -4.89019925136189));
#4948 = CARTESIAN_POINT ('', (-3.36632034356165, 0.573154471800052, -4.89019925136189));
#4949 = CARTESIAN_POINT ('', (-2.83588736388257, 0.573154471800052, -4.89019925136189));
#4950 = CARTESIAN_POINT ('', (-2.32564278739578, 0.471660515148433, -4.89019925136189));
#4951 = CARTESIAN_POINT ('', (-1.83558661410129, 0.268672601845198, -4.89019925136189));
#4952 = CARTESIAN_POINT ('', (-1.34553044080681, 0.0656846885419633, -4.89019925136189));
#4953 = CARTESIAN_POINT ('', (-0.912965975711536, -0.223345646557686, -4.89019925136189));
#4954 = CARTESIAN_POINT ('', (-0.537893218815466, -0.598418403453755, -4.89019925136189));
#4955 = CARTESIAN_POINT ('', (-0.162820461919396, -0.973491160349825, -4.89019925136189));
#4956 = CARTESIAN_POINT ('', (0.126209873180256, -1.4060556254451, -4.89019925136189));
#4957 = CARTESIAN_POINT ('', (0.329197786483493, -1.89611179873959, -4.89019925136189));
#4958 = CARTESIAN_POINT ('', (0.532185699786729, -2.38616797203407, -4.89019925136189));
#4959 = CARTESIAN_POINT ('', (0.633679656438347, -2.89641254852086, -4.89019925136189));
#4960 = CARTESIAN_POINT ('', (0.633679656438347, -3.42684552819995, -4.89019925136189));
#4961 = B_SPLINE_CURVE_WITH_KNOTS ('', 3, (#4912, #4913, #4914, #4915, #4916, #4917, #4918, #4919, #4920, #4921, #4922, #4923, #4924, #4925, #4926, #4927, #4928, #4929, #4930, #4931, #4932, #4933, #4934, #4935, #4936, #4937, #4938, #4939, #4940, #4941, #4942, #4943, #4944, #4945, #4946, #4947, #4948, #4949, #4950, #4951, #4952, #4953, #4954, #4955, #4956, #4957, #4958, #4959, #4960), .UNSPECIFIED., .T., .U., (4, 3, 3, 3, 3, 3, 3, 3, 3, 3, 3, 3, 3, 3, 3, 3, 4), (0., 0.0625, 0.125, 0.1875, 0.25, 0.3125, 0.375, 0.4375, 0.5, 0.5625, 0.625, 0.6875, 0.75, 0.8125, 0.875, 0.9375, 1.), .UNSPECIFIED.);
#4962 = EDGE_CURVE ('', #4904, #4904, #4961, .T.);
#4963 = ORIENTED_EDGE ('', *, *, #4962, .F.);
#4964 = EDGE_LOOP ('', (#4909, #4910, #4911, #4963));
#4965 = FACE_OUTER_BOUND ('', #4964, .T.);
#4966 = CARTESIAN_POINT ('', (0.633679656438346, -3.42684552819995, -4.74019925136189));
#4967 = CARTESIAN_POINT ('', (0.633679656438346, -3.42684552819995, -6.54019925136189));
#4968 = CARTESIAN_POINT ('', (0.633679656438345, 4.57315447180005, -4.74019925136189));
#4969 = CARTESIAN_POINT ('', (0.633679656438345, 4.57315447180005, -6.54019925136189));
#4970 = CARTESIAN_POINT ('', (-7.36632034356165, 4.57315447180005, -4.74019925136189));
#4971 = CARTESIAN_POINT ('', (-7.36632034356165, 4.57315447180005, -6.54019925136189));
#4972 = CARTESIAN_POINT ('', (-7.36632034356165, -3.42684552819995, -4.74019925136189));
#4973 = CARTESIAN_POINT ('', (-7.36632034356165, -3.42684552819995, -6.54019925136189));
#4974 = CARTESIAN_POINT ('', (-7.36632034356165, -11.4268455281999, -4.74019925136189));
#4975 = CARTESIAN_POINT ('', (-7.36632034356165, -11.4268455281999, -6.54019925136189));
#4976 = CARTESIAN_POINT ('', (0.633679656438347, -11.4268455281999, -4.74019925136189));
#4977 = CARTESIAN_POINT ('', (0.633679656438347, -11.4268455281999, -6.54019925136189));
#4978 = CARTESIAN_POINT ('', (0.633679656438346, -3.42684552819995, -4.74019925136189));
#4979 = CARTESIAN_POINT ('', (0.633679656438346, -3.42684552819995, -6.54019925136189));
#4980 = (
   BOUNDED_SURFACE ()
   B_SPLINE_SURFACE (3, 1, ((#4966, #4967), (#4968, #4969), (#4970, #4971), (#4972, #4973), (#4974, #4975), (#4976, #4977), (#4978, #4979)), .UNSPECIFIED., .T., .F., .U.)
   B_SPLINE_SURFACE_WITH_KNOTS ((4, 3, 4), (2, 2), (0., 0.5, 1.), (0., 1.), .UNSPECIFIED.)
   GEOMETRIC_REPRESENTATION_ITEM ()
   RATIONAL_B_SPLINE_SURFACE (((1., 1.), (0.333333333333333, 0.333333333333333), (0.333333333333333, 0.333333333333333), (1., 1.), (0.333333333333333, 0.333333333333333), (0.333333333333333, 0.333333333333333), (1., 1.)))
   REPRESENTATION_ITEM ('')
   SURFACE ()
);
#4981 = ADVANCED_FACE ('', (#4965), #4980, .T.);
#4982 = ORIENTED_EDGE ('', *, *, #4962, .T.);
#4983 = EDGE_LOOP ('', (#4982));
#4984 = FACE_OUTER_BOUND ('', #4983, .T.);
#4985 = CARTESIAN_POINT ('', (-7.41432034356164, 0.621154471800052, -4.89019925136189));
#4986 = CARTESIAN_POINT ('', (-7.41432034356164, -7.47484552819995, -4.89019925136189));
#4987 = CARTESIAN_POINT ('', (0.681679656438332, 0.621154471800052, -4.89019925136189));
#4988 = CARTESIAN_POINT ('', (0.681679656438332, -7.47484552819995, -4.89019925136189));
#4989 = B_SPLINE_SURFACE_WITH_KNOTS ('', 1, 1, ((#4985, #4986), (#4987, #4988)), .UNSPECIFIED., .F., .F., .U., (2, 2), (2, 2), (0., 1.), (0., 1.), .UNSPECIFIED.);
#4990 = ADVANCED_FACE ('', (#4984), #4989, .T.);
#4991 = CARTESIAN_POINT ('', (151.491147458016, 30.5629026452807, -4.89019925136189));
#4992 = VERTEX_POINT ('', #4991);
#4993 = CARTESIAN_POINT ('', (151.491147458016, 30.5629026452807, -4.89019925136189));
#4994 = CARTESIAN_POINT ('', (151.491147458016, 30.5629026452807, -6.39019925136189));
#4995 = B_SPLINE_CURVE_WITH_KNOTS ('', 1, (#4993, #4994), .UNSPECIFIED., .F., .U., (2, 2), (0., 1.), .UNSPECIFIED.);
#4996 = EDGE_CURVE ('', #4992, #4498, #4995, .T.);
#4997 = ORIENTED_EDGE ('', *, *, #4996, .T.);
#4998 = ORIENTED_EDGE ('', *, *, #4549, .F.);
#4999 = ORIENTED_EDGE ('', *, *, #4996, .F.);
#5000 = CARTESIAN_POINT ('', (151.491147458016, 30.5629026452807, -4.89019925136189));
#5001 = CARTESIAN_POINT ('', (151.491147458016, 30.0324696656016, -4.89019925136189));
#5002 = CARTESIAN_POINT ('', (151.389653501364, 29.5222250891148, -4.89019925136189));
#5003 = CARTESIAN_POINT ('', (151.186665588061, 29.0321689158203, -4.89019925136189));
#5004 = CARTESIAN_POINT ('', (150.983677674758, 28.5421127425259, -4.89019925136189));
#5005 = CARTESIAN_POINT ('', (150.694647339658, 28.1095482774306, -4.89019925136189));
#5006 = CARTESIAN_POINT ('', (150.319574582762, 27.7344755205345, -4.89019925136189));
#5007 = CARTESIAN_POINT ('', (149.944501825866, 27.3594027636384, -4.89019925136189));
#5008 = CARTESIAN_POINT ('', (149.511937360771, 27.0703724285388, -4.89019925136189));
#5009 = CARTESIAN_POINT ('', (149.021881187476, 26.8673845152355, -4.89019925136189));
#5010 = CARTESIAN_POINT ('', (148.531825014182, 26.6643966019323, -4.89019925136189));
#5011 = CARTESIAN_POINT ('', (148.021580437695, 26.5629026452807, -4.89019925136189));
#5012 = CARTESIAN_POINT ('', (147.491147458016, 26.5629026452807, -4.89019925136189));
#5013 = CARTESIAN_POINT ('', (146.960714478337, 26.5629026452807, -4.89019925136189));
#5014 = CARTESIAN_POINT ('', (146.45046990185, 26.6643966019323, -4.89019925136189));
#5015 = CARTESIAN_POINT ('', (145.960413728556, 26.8673845152355, -4.89019925136189));
#5016 = CARTESIAN_POINT ('', (145.470357555261, 27.0703724285388, -4.89019925136189));
#5017 = CARTESIAN_POINT ('', (145.037793090166, 27.3594027636384, -4.89019925136189));
#5018 = CARTESIAN_POINT ('', (144.66272033327, 27.7344755205345, -4.89019925136189));
#5019 = CARTESIAN_POINT ('', (144.287647576374, 28.1095482774306, -4.89019925136189));
#5020 = CARTESIAN_POINT ('', (143.998617241274, 28.5421127425259, -4.89019925136189));
#5021 = CARTESIAN_POINT ('', (143.795629327971, 29.0321689158203, -4.89019925136189));
#5022 = CARTESIAN_POINT ('', (143.592641414668, 29.5222250891148, -4.89019925136189));
#5023 = CARTESIAN_POINT ('', (143.491147458016, 30.0324696656016, -4.89019925136189));
#5024 = CARTESIAN_POINT ('', (143.491147458016, 30.5629026452807, -4.89019925136189));
#5025 = CARTESIAN_POINT ('', (143.491147458016, 31.0933356249598, -4.89019925136189));
#5026 = CARTESIAN_POINT ('', (143.592641414668, 31.6035802014466, -4.89019925136189));
#5027 = CARTESIAN_POINT ('', (143.795629327971, 32.093636374741, -4.89019925136189));
#5028 = CARTESIAN_POINT ('', (143.998617241274, 32.5836925480355, -4.89019925136189));
#5029 = CARTESIAN_POINT ('', (144.287647576374, 33.0162570131308, -4.89019925136189));
#5030 = CARTESIAN_POINT ('', (144.66272033327, 33.3913297700269, -4.89019925136189));
#5031 = CARTESIAN_POINT ('', (145.037793090166, 33.7664025269229, -4.89019925136189));
#5032 = CARTESIAN_POINT ('', (145.470357555261, 34.0554328620226, -4.89019925136189));
#5033 = CARTESIAN_POINT ('', (145.960413728556, 34.2584207753258, -4.89019925136189));
#5034 = CARTESIAN_POINT ('', (146.45046990185, 34.4614086886291, -4.89019925136189));
#5035 = CARTESIAN_POINT ('', (146.960714478337, 34.5629026452807, -4.89019925136189));
#5036 = CARTESIAN_POINT ('', (147.491147458016, 34.5629026452807, -4.89019925136189));
#5037 = CARTESIAN_POINT ('', (148.021580437695, 34.5629026452807, -4.89019925136189));
#5038 = CARTESIAN_POINT ('', (148.531825014182, 34.4614086886291, -4.89019925136189));
#5039 = CARTESIAN_POINT ('', (149.021881187476, 34.2584207753258, -4.89019925136189));
#5040 = CARTESIAN_POINT ('', (149.511937360771, 34.0554328620226, -4.89019925136189));
#5041 = CARTESIAN_POINT ('', (149.944501825866, 33.7664025269229, -4.89019925136189));
#5042 = CARTESIAN_POINT ('', (150.319574582762, 33.3913297700269, -4.89019925136189));
#5043 = CARTESIAN_POINT ('', (150.694647339658, 33.0162570131308, -4.89019925136189));
#5044 = CARTESIAN_POINT ('', (150.983677674758, 32.5836925480355, -4.89019925136189));
#5045 = CARTESIAN_POINT ('', (151.186665588061, 32.093636374741, -4.89019925136189));
#5046 = CARTESIAN_POINT ('', (151.389653501364, 31.6035802014466, -4.89019925136189));
#5047 = CARTESIAN_POINT ('', (151.491147458016, 31.0933356249598, -4.89019925136189));
#5048 = CARTESIAN_POINT ('', (151.491147458016, 30.5629026452807, -4.89019925136189));
#5049 = B_SPLINE_CURVE_WITH_KNOTS ('', 3, (#5000, #5001, #5002, #5003, #5004, #5005, #5006, #5007, #5008, #5009, #5010, #5011, #5012, #5013, #5014, #5015, #5016, #5017, #5018, #5019, #5020, #5021, #5022, #5023, #5024, #5025, #5026, #5027, #5028, #5029, #5030, #5031, #5032, #5033, #5034, #5035, #5036, #5037, #5038, #5039, #5040, #5041, #5042, #5043, #5044, #5045, #5046, #5047, #5048), .UNSPECIFIED., .T., .U., (4, 3, 3, 3, 3, 3, 3, 3, 3, 3, 3, 3, 3, 3, 3, 3, 4), (0., 0.0625, 0.125, 0.1875, 0.25, 0.3125, 0.375, 0.4375, 0.5, 0.5625, 0.625, 0.6875, 0.75, 0.8125, 0.875, 0.9375, 1.), .UNSPECIFIED.);
#5050 = EDGE_CURVE ('', #4992, #4992, #5049, .T.);
#5051 = ORIENTED_EDGE ('', *, *, #5050, .F.);
#5052 = EDGE_LOOP ('', (#4997, #4998, #4999, #5051));
#5053 = FACE_OUTER_BOUND ('', #5052, .T.);
#5054 = CARTESIAN_POINT ('', (151.491147458016, 30.5629026452807, -4.74019925136189));
#5055 = CARTESIAN_POINT ('', (151.491147458016, 30.5629026452807, -6.54019925136189));
#5056 = CARTESIAN_POINT ('', (151.491147458016, 38.5629026452807, -4.74019925136189));
#5057 = CARTESIAN_POINT ('', (151.491147458016, 38.5629026452807, -6.54019925136189));
#5058 = CARTESIAN_POINT ('', (143.491147458016, 38.5629026452807, -4.74019925136189));
#5059 = CARTESIAN_POINT ('', (143.491147458016, 38.5629026452807, -6.54019925136189));
#5060 = CARTESIAN_POINT ('', (143.491147458016, 30.5629026452807, -4.74019925136189));
#5061 = CARTESIAN_POINT ('', (143.491147458016, 30.5629026452807, -6.54019925136189));
#5062 = CARTESIAN_POINT ('', (143.491147458016, 22.5629026452807, -4.74019925136189));
#5063 = CARTESIAN_POINT ('', (143.491147458016, 22.5629026452807, -6.54019925136189));
#5064 = CARTESIAN_POINT ('', (151.491147458016, 22.5629026452807, -4.74019925136189));
#5065 = CARTESIAN_POINT ('', (151.491147458016, 22.5629026452807, -6.54019925136189));
#5066 = CARTESIAN_POINT ('', (151.491147458016, 30.5629026452807, -4.74019925136189));
#5067 = CARTESIAN_POINT ('', (151.491147458016, 30.5629026452807, -6.54019925136189));
#5068 = (
   BOUNDED_SURFACE ()
   B_SPLINE_SURFACE (3, 1, ((#5054, #5055), (#5056, #5057), (#5058, #5059), (#5060, #5061), (#5062, #5063), (#5064, #5065), (#5066, #5067)), .UNSPECIFIED., .T., .F., .U.)
   B_SPLINE_SURFACE_WITH_KNOTS ((4, 3, 4), (2, 2), (0., 0.5, 1.), (0., 1.), .UNSPECIFIED.)
   GEOMETRIC_REPRESENTATION_ITEM ()
   RATIONAL_B_SPLINE_SURFACE (((1., 1.), (0.333333333333333, 0.333333333333333), (0.333333333333333, 0.333333333333333), (1., 1.), (0.333333333333333, 0.333333333333333), (0.333333333333333, 0.333333333333333), (1., 1.)))
   REPRESENTATION_ITEM ('')
   SURFACE ()
);
#5069 = ADVANCED_FACE ('', (#5053), #5068, .T.);
#5070 = ORIENTED_EDGE ('', *, *, #5050, .T.);
#5071 = EDGE_LOOP ('', (#5070));
#5072 = FACE_OUTER_BOUND ('', #5071, .T.);
#5073 = CARTESIAN_POINT ('', (143.443147458016, 34.6109026452807, -4.89019925136189));
#5074 = CARTESIAN_POINT ('', (143.443147458016, 26.5149026452807, -4.89019925136189));
#5075 = CARTESIAN_POINT ('', (151.539147458016, 34.6109026452807, -4.89019925136189));
#5076 = CARTESIAN_POINT ('', (151.539147458016, 26.5149026452807, -4.89019925136189));
#5077 = B_SPLINE_SURFACE_WITH_KNOTS ('', 1, 1, ((#5073, #5074), (#5075, #5076)), .UNSPECIFIED., .F., .F., .U., (2, 2), (2, 2), (0., 1.), (0., 1.), .UNSPECIFIED.);
#5078 = ADVANCED_FACE ('', (#5072), #5077, .T.);
#5079 = CARTESIAN_POINT ('', (151.364999999998, 148.499999999968, -5.89019925136199));
#5080 = VERTEX_POINT ('', #5079);
#5081 = CARTESIAN_POINT ('', (151.364999999998, 147.999999999968, -6.39019925136189));
#5082 = CARTESIAN_POINT ('', (151.364999999998, 148.292893218782, -6.39019925136182));
#5083 = CARTESIAN_POINT ('', (151.364999999998, 148.499999999968, -6.18309247017534));
#5084 = CARTESIAN_POINT ('', (151.364999999998, 148.499999999968, -5.89019925136199));
#5085 = (
   BOUNDED_CURVE ()
   B_SPLINE_CURVE (3, (#5081, #5082, #5083, #5084), .UNSPECIFIED., .F., .U.)
   B_SPLINE_CURVE_WITH_KNOTS ((4, 4), (0., 1.), .UNSPECIFIED.)
   CURVE ()
   GEOMETRIC_REPRESENTATION_ITEM ()
   RATIONAL_B_SPLINE_CURVE ((0.956578302349524, 0.769794770334786, 0.769794770334793, 0.956578302349547))
   REPRESENTATION_ITEM ('')
);
#5086 = EDGE_CURVE ('', #4388, #5080, #5085, .T.);
#5087 = ORIENTED_EDGE ('', *, *, #5086, .T.);
#5088 = CARTESIAN_POINT ('', (151.364999999998, 148.499999999968, -5.89019925136199));
#5089 = CARTESIAN_POINT ('', (153.122359312879, 148.499999999968, -5.89019925136199));
#5090 = CARTESIAN_POINT ('', (154.364999999998, 147.257359312849, -5.89019925136199));
#5091 = CARTESIAN_POINT ('', (154.364999999998, 145.499999999968, -5.89019925136199));
#5092 = (
   BOUNDED_CURVE ()
   B_SPLINE_CURVE (3, (#5088, #5089, #5090, #5091), .UNSPECIFIED., .F., .U.)
   B_SPLINE_CURVE_WITH_KNOTS ((4, 4), (0., 1.), .UNSPECIFIED.)
   CURVE ()
   GEOMETRIC_REPRESENTATION_ITEM ()
   RATIONAL_B_SPLINE_CURVE ((0.956578302349545, 0.769794770334701, 0.769794770334701, 0.956578302349545))
   REPRESENTATION_ITEM ('')
);
#5093 = EDGE_CURVE ('', #5080, #4329, #5092, .T.);
#5094 = ORIENTED_EDGE ('', *, *, #5093, .T.);
#5095 = ORIENTED_EDGE ('', *, *, #4370, .T.);
#5096 = ORIENTED_EDGE ('', *, *, #4408, .F.);
#5097 = EDGE_LOOP ('', (#5087, #5094, #5095, #5096));
#5098 = FACE_OUTER_BOUND ('', #5097, .T.);
#5099 = CARTESIAN_POINT ('', (154.362502082637, 145.499999999968, -5.84028254303848));
#5100 = CARTESIAN_POINT ('', (154.362502082637, 147.255896066737, -5.84028254303848));
#5101 = CARTESIAN_POINT ('', (153.120896066766, 148.497502082607, -5.84028254303848));
#5102 = CARTESIAN_POINT ('', (151.364999999998, 148.497502082607, -5.84028254303848));
#5103 = CARTESIAN_POINT ('', (154.396610211361, 145.499999999968, -6.18022613397246));
#5104 = CARTESIAN_POINT ('', (154.396610211361, 147.275876145956, -6.18022613397246));
#5105 = CARTESIAN_POINT ('', (153.140876145986, 148.531610211331, -6.18022613397246));
#5106 = CARTESIAN_POINT ('', (151.364999999998, 148.531610211331, -6.18022613397246));
#5107 = CARTESIAN_POINT ('', (154.155026882608, 145.499999999968, -6.42180946272482));
#5108 = CARTESIAN_POINT ('', (154.155026882609, 147.134359908416, -6.42180946272482));
#5109 = CARTESIAN_POINT ('', (152.999359908446, 148.290026882579, -6.42180946272482));
#5110 = CARTESIAN_POINT ('', (151.364999999998, 148.290026882579, -6.42180946272482));
#5111 = CARTESIAN_POINT ('', (153.815083291674, 145.499999999968, -6.38770133400091));
#5112 = CARTESIAN_POINT ('', (153.815083291674, 146.935225563289, -6.38770133400091));
#5113 = CARTESIAN_POINT ('', (152.800225563318, 147.950083291645, -6.38770133400091));
#5114 = CARTESIAN_POINT ('', (151.364999999998, 147.950083291645, -6.38770133400091));
#5115 = (
   BOUNDED_SURFACE ()
   B_SPLINE_SURFACE (3, 3, ((#5099, #5100, #5101, #5102), (#5103, #5104, #5105, #5106), (#5107, #5108, #5109, #5110), (#5111, #5112, #5113, #5114)), .UNSPECIFIED., .F., .F., .U.)
   B_SPLINE_SURFACE_WITH_KNOTS ((4, 4), (4, 4), (0., 1.), (0., 1.), .UNSPECIFIED.)
   GEOMETRIC_REPRESENTATION_ITEM ()
   RATIONAL_B_SPLINE_SURFACE (((1., 0.804737854124365, 0.804737854124365, 1.), (0.755320871117968, 0.607835296998819, 0.607835296998819, 0.755320871117968), (0.755320871117968, 0.607835296998819, 0.607835296998819, 0.755320871117968), (1., 0.804737854124365, 0.804737854124365, 1.)))
   REPRESENTATION_ITEM ('')
   SURFACE ()
);
#5116 = ADVANCED_FACE ('', (#5098), #5115, .T.);
#5117 = ORIENTED_EDGE ('', *, *, #4338, .T.);
#5118 = ORIENTED_EDGE ('', *, *, #5093, .F.);
#5119 = CARTESIAN_POINT ('', (151.364999999998, 148.499999999968, -2.67077142648074));
#5120 = CARTESIAN_POINT ('', (151.364999999998, 148.499999999968, -5.89019925136189));
#5121 = B_SPLINE_CURVE_WITH_KNOTS ('', 1, (#5119, #5120), .UNSPECIFIED., .F., .U., (2, 2), (0., 1.), .UNSPECIFIED.);
#5122 = EDGE_CURVE ('', #4230, #5080, #5121, .T.);
#5123 = ORIENTED_EDGE ('', *, *, #5122, .F.);
#5124 = ORIENTED_EDGE ('', *, *, #4271, .T.);
#5125 = EDGE_LOOP ('', (#5117, #5118, #5123, #5124));
#5126 = FACE_OUTER_BOUND ('', #5125, .T.);
#5127 = CARTESIAN_POINT ('', (151.364999999998, 148.499999999968, -2.34882864399262));
#5128 = CARTESIAN_POINT ('', (151.364999999998, 148.499999999968, -6.21214203385001));
#5129 = CARTESIAN_POINT ('', (153.122359312879, 148.499999999968, -2.34882864399262));
#5130 = CARTESIAN_POINT ('', (153.122359312879, 148.499999999968, -6.21214203385));
#5131 = CARTESIAN_POINT ('', (154.364999999998, 147.257359312849, -2.34882864399262));
#5132 = CARTESIAN_POINT ('', (154.364999999998, 147.257359312849, -6.21214203385));
#5133 = CARTESIAN_POINT ('', (154.364999999998, 145.499999999968, -2.34882864399262));
#5134 = CARTESIAN_POINT ('', (154.364999999998, 145.499999999968, -6.21214203385001));
#5135 = (
   BOUNDED_SURFACE ()
   B_SPLINE_SURFACE (3, 1, ((#5127, #5128), (#5129, #5130), (#5131, #5132), (#5133, #5134)), .UNSPECIFIED., .F., .F., .U.)
   B_SPLINE_SURFACE_WITH_KNOTS ((4, 4), (2, 2), (0., 1.), (0., 1.), .UNSPECIFIED.)
   GEOMETRIC_REPRESENTATION_ITEM ()
   RATIONAL_B_SPLINE_SURFACE (((1., 1.), (0.804737854124365, 0.804737854124365), (0.804737854124365, 0.804737854124365), (1., 1.)))
   REPRESENTATION_ITEM ('')
   SURFACE ()
);
#5136 = ADVANCED_FACE ('', (#5126), #5135, .T.);
#5137 = ORIENTED_EDGE ('', *, *, #5122, .T.);
#5138 = CARTESIAN_POINT ('', (-7.495, 148.499999999968, -5.89019925136199));
#5139 = VERTEX_POINT ('', #5138);
#5140 = CARTESIAN_POINT ('', (151.364999999998, 148.499999999968, -5.89019925136189));
#5141 = CARTESIAN_POINT ('', (-7.49499999999998, 148.499999999968, -5.89019925136189));
#5142 = B_SPLINE_CURVE_WITH_KNOTS ('', 1, (#5140, #5141), .UNSPECIFIED., .F., .U., (2, 2), (0., 1.), .UNSPECIFIED.);
#5143 = EDGE_CURVE ('', #5080, #5139, #5142, .T.);
#5144 = ORIENTED_EDGE ('', *, *, #5143, .T.);
#5145 = CARTESIAN_POINT ('', (-7.495, 148.499999999968, -2.67077142648074));
#5146 = CARTESIAN_POINT ('', (-7.495, 148.499999999968, -5.89019925136189));
#5147 = B_SPLINE_CURVE_WITH_KNOTS ('', 1, (#5145, #5146), .UNSPECIFIED., .F., .U., (2, 2), (0., 1.), .UNSPECIFIED.);
#5148 = EDGE_CURVE ('', #4192, #5139, #5147, .T.);
#5149 = ORIENTED_EDGE ('', *, *, #5148, .F.);
#5150 = ORIENTED_EDGE ('', *, *, #4241, .T.);
#5151 = EDGE_LOOP ('', (#5137, #5144, #5149, #5150));
#5152 = FACE_OUTER_BOUND ('', #5151, .T.);
#5153 = CARTESIAN_POINT ('', (-7.49499999999997, 148.499999999968, -5.89019925136189));
#5154 = CARTESIAN_POINT ('', (151.364999999998, 148.499999999968, -5.89019925136189));
#5155 = CARTESIAN_POINT ('', (-7.49499999999997, 148.499999999968, -2.67077142648074));
#5156 = CARTESIAN_POINT ('', (151.364999999998, 148.499999999968, -2.67077142648074));
#5157 = B_SPLINE_SURFACE_WITH_KNOTS ('', 1, 1, ((#5153, #5154), (#5155, #5156)), .UNSPECIFIED., .F., .F., .U., (2, 2), (2, 2), (0., 1.), (0., 1.), .UNSPECIFIED.);
#5158 = ADVANCED_FACE ('', (#5152), #5157, .T.);
#5159 = CARTESIAN_POINT ('', (-7.495, 148.499999999968, -5.89019925136199));
#5160 = CARTESIAN_POINT ('', (-7.495, 148.499999999968, -6.1830924701753));
#5161 = CARTESIAN_POINT ('', (-7.495, 148.292893218782, -6.39019925136178));
#5162 = CARTESIAN_POINT ('', (-7.495, 147.999999999968, -6.39019925136189));
#5163 = (
   BOUNDED_CURVE ()
   B_SPLINE_CURVE (3, (#5159, #5160, #5161, #5162), .UNSPECIFIED., .F., .U.)
   B_SPLINE_CURVE_WITH_KNOTS ((4, 4), (0., 1.), .UNSPECIFIED.)
   CURVE ()
   GEOMETRIC_REPRESENTATION_ITEM ()
   RATIONAL_B_SPLINE_CURVE ((0.956578302349548, 0.769794770334814, 0.769794770334785, 0.956578302349463))
   REPRESENTATION_ITEM ('')
);
#5164 = EDGE_CURVE ('', #5139, #4386, #5163, .T.);
#5165 = ORIENTED_EDGE ('', *, *, #5164, .F.);
#5166 = ORIENTED_EDGE ('', *, *, #5143, .F.);
#5167 = ORIENTED_EDGE ('', *, *, #5086, .F.);
#5168 = ORIENTED_EDGE ('', *, *, #4392, .F.);
#5169 = EDGE_LOOP ('', (#5165, #5166, #5167, #5168));
#5170 = FACE_OUTER_BOUND ('', #5169, .T.);
#5171 = CARTESIAN_POINT ('', (-7.495, 147.999999999968, -6.39019925136189));
#5172 = CARTESIAN_POINT ('', (151.364999999998, 147.999999999968, -6.39019925136189));
#5173 = CARTESIAN_POINT ('', (-7.495, 148.292893218782, -6.39019925136189));
#5174 = CARTESIAN_POINT ('', (151.364999999998, 148.292893218782, -6.39019925136189));
#5175 = CARTESIAN_POINT ('', (-7.495, 148.499999999968, -6.18309247017534));
#5176 = CARTESIAN_POINT ('', (151.364999999998, 148.499999999968, -6.18309247017534));
#5177 = CARTESIAN_POINT ('', (-7.495, 148.499999999968, -5.89019925136189));
#5178 = CARTESIAN_POINT ('', (151.364999999998, 148.499999999968, -5.89019925136189));
#5179 = (
   BOUNDED_SURFACE ()
   B_SPLINE_SURFACE (3, 1, ((#5171, #5172), (#5173, #5174), (#5175, #5176), (#5177, #5178)), .UNSPECIFIED., .F., .F., .U.)
   B_SPLINE_SURFACE_WITH_KNOTS ((4, 4), (2, 2), (0., 1.), (0., 1.), .UNSPECIFIED.)
   GEOMETRIC_REPRESENTATION_ITEM ()
   RATIONAL_B_SPLINE_SURFACE (((1., 1.), (0.804737854124365, 0.804737854124365), (0.804737854124365, 0.804737854124365), (1., 1.)))
   REPRESENTATION_ITEM ('')
   SURFACE ()
);
#5180 = ADVANCED_FACE ('', (#5170), #5179, .T.);
#5181 = CARTESIAN_POINT ('', (-10.495, 145.499999999968, -5.89019925136199));
#5182 = VERTEX_POINT ('', #5181);
#5183 = CARTESIAN_POINT ('', (-9.99500000000011, 145.499999999968, -6.39019925136189));
#5184 = CARTESIAN_POINT ('', (-10.2878932188135, 145.499999999968, -6.39019925136184));
#5185 = CARTESIAN_POINT ('', (-10.495, 145.499999999968, -6.18309247017535));
#5186 = CARTESIAN_POINT ('', (-10.495, 145.499999999968, -5.89019925136199));
#5187 = (
   BOUNDED_CURVE ()
   B_SPLINE_CURVE (3, (#5183, #5184, #5185, #5186), .UNSPECIFIED., .F., .U.)
   B_SPLINE_CURVE_WITH_KNOTS ((4, 4), (0., 1.), .UNSPECIFIED.)
   CURVE ()
   GEOMETRIC_REPRESENTATION_ITEM ()
   RATIONAL_B_SPLINE_CURVE ((0.956578302349546, 0.769794770334786, 0.769794770334786, 0.956578302349548))
   REPRESENTATION_ITEM ('')
);
#5188 = EDGE_CURVE ('', #4473, #5182, #5187, .T.);
#5189 = ORIENTED_EDGE ('', *, *, #5188, .T.);
#5190 = CARTESIAN_POINT ('', (-10.495, 145.499999999968, -5.89019925136199));
#5191 = CARTESIAN_POINT ('', (-10.495, 147.257359312849, -5.89019925136199));
#5192 = CARTESIAN_POINT ('', (-9.25235931288073, 148.499999999968, -5.89019925136199));
#5193 = CARTESIAN_POINT ('', (-7.495, 148.499999999968, -5.89019925136199));
#5194 = (
   BOUNDED_CURVE ()
   B_SPLINE_CURVE (3, (#5190, #5191, #5192, #5193), .UNSPECIFIED., .F., .U.)
   B_SPLINE_CURVE_WITH_KNOTS ((4, 4), (0., 1.), .UNSPECIFIED.)
   CURVE ()
   GEOMETRIC_REPRESENTATION_ITEM ()
   RATIONAL_B_SPLINE_CURVE ((0.956578302349545, 0.769794770334701, 0.769794770334701, 0.956578302349545))
   REPRESENTATION_ITEM ('')
);
#5195 = EDGE_CURVE ('', #5182, #5139, #5194, .T.);
#5196 = ORIENTED_EDGE ('', *, *, #5195, .T.);
#5197 = ORIENTED_EDGE ('', *, *, #5164, .T.);
#5198 = ORIENTED_EDGE ('', *, *, #4493, .F.);
#5199 = EDGE_LOOP ('', (#5189, #5196, #5197, #5198));
#5200 = FACE_OUTER_BOUND ('', #5199, .T.);
#5201 = CARTESIAN_POINT ('', (-7.495, 148.497502082607, -5.84028254303848));
#5202 = CARTESIAN_POINT ('', (-9.25089606676835, 148.497502082607, -5.84028254303848));
#5203 = CARTESIAN_POINT ('', (-10.492502082639, 147.255896066736, -5.84028254303848));
#5204 = CARTESIAN_POINT ('', (-10.492502082639, 145.499999999968, -5.84028254303848));
#5205 = CARTESIAN_POINT ('', (-7.495, 148.531610211331, -6.18022613397246));
#5206 = CARTESIAN_POINT ('', (-9.27087614598765, 148.531610211331, -6.18022613397246));
#5207 = CARTESIAN_POINT ('', (-10.526610211363, 147.275876145956, -6.18022613397246));
#5208 = CARTESIAN_POINT ('', (-10.526610211363, 145.499999999968, -6.18022613397246));
#5209 = CARTESIAN_POINT ('', (-7.495, 148.290026882579, -6.42180946272482));
#5210 = CARTESIAN_POINT ('', (-9.12935990844774, 148.290026882579, -6.42180946272482));
#5211 = CARTESIAN_POINT ('', (-10.2850268826106, 147.134359908416, -6.42180946272482));
#5212 = CARTESIAN_POINT ('', (-10.2850268826106, 145.499999999968, -6.42180946272482));
#5213 = CARTESIAN_POINT ('', (-7.495, 147.950083291645, -6.38770133400091));
#5214 = CARTESIAN_POINT ('', (-8.93022556332044, 147.950083291645, -6.38770133400091));
#5215 = CARTESIAN_POINT ('', (-9.9450832916766, 146.935225563288, -6.38770133400091));
#5216 = CARTESIAN_POINT ('', (-9.9450832916766, 145.499999999968, -6.38770133400091));
#5217 = (
   BOUNDED_SURFACE ()
   B_SPLINE_SURFACE (3, 3, ((#5201, #5202, #5203, #5204), (#5205, #5206, #5207, #5208), (#5209, #5210, #5211, #5212), (#5213, #5214, #5215, #5216)), .UNSPECIFIED., .F., .F., .U.)
   B_SPLINE_SURFACE_WITH_KNOTS ((4, 4), (4, 4), (0., 1.), (0., 1.), .UNSPECIFIED.)
   GEOMETRIC_REPRESENTATION_ITEM ()
   RATIONAL_B_SPLINE_SURFACE (((1., 0.804737854124365, 0.804737854124365, 1.), (0.755320871117968, 0.60783529699882, 0.60783529699882, 0.755320871117968), (0.755320871117968, 0.60783529699882, 0.60783529699882, 0.755320871117968), (1., 0.804737854124365, 0.804737854124365, 1.)))
   REPRESENTATION_ITEM ('')
   SURFACE ()
);
#5218 = ADVANCED_FACE ('', (#5200), #5217, .T.);
#5219 = ORIENTED_EDGE ('', *, *, #5148, .T.);
#5220 = ORIENTED_EDGE ('', *, *, #5195, .F.);
#5221 = CARTESIAN_POINT ('', (-10.495, 145.499999999968, -5.89019925136189));
#5222 = CARTESIAN_POINT ('', (-10.495, 145.499999999968, -2.67077142648074));
#5223 = B_SPLINE_CURVE_WITH_KNOTS ('', 1, (#5221, #5222), .UNSPECIFIED., .F., .U., (2, 2), (0., 1.), .UNSPECIFIED.);
#5224 = EDGE_CURVE ('', #5182, #4182, #5223, .T.);
#5225 = ORIENTED_EDGE ('', *, *, #5224, .T.);
#5226 = ORIENTED_EDGE ('', *, *, #4205, .T.);
#5227 = EDGE_LOOP ('', (#5219, #5220, #5225, #5226));
#5228 = FACE_OUTER_BOUND ('', #5227, .T.);
#5229 = CARTESIAN_POINT ('', (-10.495, 145.499999999968, -2.34882864399262));
#5230 = CARTESIAN_POINT ('', (-10.495, 145.499999999968, -6.21214203385001));
#5231 = CARTESIAN_POINT ('', (-10.495, 147.257359312849, -2.34882864399262));
#5232 = CARTESIAN_POINT ('', (-10.495, 147.257359312849, -6.21214203385));
#5233 = CARTESIAN_POINT ('', (-9.25235931288072, 148.499999999968, -2.34882864399262));
#5234 = CARTESIAN_POINT ('', (-9.25235931288072, 148.499999999968, -6.21214203385));
#5235 = CARTESIAN_POINT ('', (-7.495, 148.499999999968, -2.34882864399262));
#5236 = CARTESIAN_POINT ('', (-7.495, 148.499999999968, -6.21214203385001));
#5237 = (
   BOUNDED_SURFACE ()
   B_SPLINE_SURFACE (3, 1, ((#5229, #5230), (#5231, #5232), (#5233, #5234), (#5235, #5236)), .UNSPECIFIED., .F., .F., .U.)
   B_SPLINE_SURFACE_WITH_KNOTS ((4, 4), (2, 2), (0., 1.), (0., 1.), .UNSPECIFIED.)
   GEOMETRIC_REPRESENTATION_ITEM ()
   RATIONAL_B_SPLINE_SURFACE (((1., 1.), (0.804737854124365, 0.804737854124365), (0.804737854124365, 0.804737854124365), (1., 1.)))
   REPRESENTATION_ITEM ('')
   SURFACE ()
);
#5238 = ADVANCED_FACE ('', (#5228), #5237, .T.);
#5239 = ORIENTED_EDGE ('', *, *, #5224, .F.);
#5240 = CARTESIAN_POINT ('', (-10.4949999999999, -7.53621407955039, -5.89019925136199));
#5241 = VERTEX_POINT ('', #5240);
#5242 = CARTESIAN_POINT ('', (-10.495, 145.499999999968, -5.89019925136189));
#5243 = CARTESIAN_POINT ('', (-10.4949999999999, -7.53621407955038, -5.89019925136189));
#5244 = B_SPLINE_CURVE_WITH_KNOTS ('', 1, (#5242, #5243), .UNSPECIFIED., .F., .U., (2, 2), (0., 1.), .UNSPECIFIED.);
#5245 = EDGE_CURVE ('', #5182, #5241, #5244, .T.);
#5246 = ORIENTED_EDGE ('', *, *, #5245, .T.);
#5247 = CARTESIAN_POINT ('', (-10.4949999999999, -7.53621407955039, -2.67077142648074));
#5248 = VERTEX_POINT ('', #5247);
#5249 = CARTESIAN_POINT ('', (-10.4949999999999, -7.53621407955039, -2.67077142648074));
#5250 = CARTESIAN_POINT ('', (-10.4949999999999, -7.53621407955039, -5.89019925136189));
#5251 = B_SPLINE_CURVE_WITH_KNOTS ('', 1, (#5249, #5250), .UNSPECIFIED., .F., .U., (2, 2), (0., 1.), .UNSPECIFIED.);
#5252 = EDGE_CURVE ('', #5248, #5241, #5251, .T.);
#5253 = ORIENTED_EDGE ('', *, *, #5252, .F.);
#5254 = CARTESIAN_POINT ('', (-10.495, 145.499999999968, -2.67077142648074));
#5255 = CARTESIAN_POINT ('', (-10.4949999999999, -7.53621407955039, -2.67077142648074));
#5256 = B_SPLINE_CURVE_WITH_KNOTS ('', 1, (#5254, #5255), .UNSPECIFIED., .F., .U., (2, 2), (0., 1.), .UNSPECIFIED.);
#5257 = EDGE_CURVE ('', #4182, #5248, #5256, .T.);
#5258 = ORIENTED_EDGE ('', *, *, #5257, .F.);
#5259 = EDGE_LOOP ('', (#5239, #5246, #5253, #5258));
#5260 = FACE_OUTER_BOUND ('', #5259, .T.);
#5261 = CARTESIAN_POINT ('', (-10.4949999999999, -7.53621407955039, -2.67077142648074));
#5262 = CARTESIAN_POINT ('', (-10.4949999999999, -7.53621407955039, -5.89019925136189));
#5263 = CARTESIAN_POINT ('', (-10.495, 145.499999999968, -2.67077142648074));
#5264 = CARTESIAN_POINT ('', (-10.495, 145.499999999968, -5.89019925136189));
#5265 = B_SPLINE_SURFACE_WITH_KNOTS ('', 1, 1, ((#5261, #5262), (#5263, #5264)), .UNSPECIFIED., .F., .F., .U., (2, 2), (2, 2), (0., 1.), (0., 1.), .UNSPECIFIED.);
#5266 = ADVANCED_FACE ('', (#5260), #5265, .T.);
#5267 = CARTESIAN_POINT ('', (-10.4949999999999, -7.53621407955039, -5.89019925136199));
#5268 = CARTESIAN_POINT ('', (-10.4949999999999, -7.53621407955039, -6.18309247017536));
#5269 = CARTESIAN_POINT ('', (-10.2878932188134, -7.53621407955039, -6.39019925136185));
#5270 = CARTESIAN_POINT ('', (-9.99500000000001, -7.53621407955039, -6.39019925136189));
#5271 = (
   BOUNDED_CURVE ()
   B_SPLINE_CURVE (3, (#5267, #5268, #5269, #5270), .UNSPECIFIED., .F., .U.)
   B_SPLINE_CURVE_WITH_KNOTS ((4, 4), (0., 1.), .UNSPECIFIED.)
   CURVE ()
   GEOMETRIC_REPRESENTATION_ITEM ()
   RATIONAL_B_SPLINE_CURVE ((0.956578302349548, 0.769794770334783, 0.769794770334789, 0.956578302349566))
   REPRESENTATION_ITEM ('')
);
#5272 = EDGE_CURVE ('', #5241, #4455, #5271, .T.);
#5273 = ORIENTED_EDGE ('', *, *, #5272, .F.);
#5274 = ORIENTED_EDGE ('', *, *, #5245, .F.);
#5275 = ORIENTED_EDGE ('', *, *, #5188, .F.);
#5276 = ORIENTED_EDGE ('', *, *, #4477, .F.);
#5277 = EDGE_LOOP ('', (#5273, #5274, #5275, #5276));
#5278 = FACE_OUTER_BOUND ('', #5277, .T.);
#5279 = CARTESIAN_POINT ('', (-9.99499999999991, -7.53621407955039, -6.39019925136189));
#5280 = CARTESIAN_POINT ('', (-9.99499999999998, 145.499999999968, -6.39019925136189));
#5281 = CARTESIAN_POINT ('', (-10.2878932188134, -7.53621407955039, -6.39019925136189));
#5282 = CARTESIAN_POINT ('', (-10.2878932188134, 145.499999999968, -6.39019925136189));
#5283 = CARTESIAN_POINT ('', (-10.4949999999999, -7.53621407955039, -6.18309247017534));
#5284 = CARTESIAN_POINT ('', (-10.495, 145.499999999968, -6.18309247017534));
#5285 = CARTESIAN_POINT ('', (-10.4949999999999, -7.53621407955039, -5.89019925136189));
#5286 = CARTESIAN_POINT ('', (-10.495, 145.499999999968, -5.89019925136189));
#5287 = (
   BOUNDED_SURFACE ()
   B_SPLINE_SURFACE (3, 1, ((#5279, #5280), (#5281, #5282), (#5283, #5284), (#5285, #5286)), .UNSPECIFIED., .F., .F., .U.)
   B_SPLINE_SURFACE_WITH_KNOTS ((4, 4), (2, 2), (0., 1.), (0., 1.), .UNSPECIFIED.)
   GEOMETRIC_REPRESENTATION_ITEM ()
   RATIONAL_B_SPLINE_SURFACE (((1., 1.), (0.804737854124365, 0.804737854124365), (0.804737854124365, 0.804737854124365), (1., 1.)))
   REPRESENTATION_ITEM ('')
   SURFACE ()
);
#5288 = ADVANCED_FACE ('', (#5278), #5287, .T.);
#5289 = CARTESIAN_POINT ('', (-7.49499999999993, -10.5362140795504, -5.89019925136199));
#5290 = VERTEX_POINT ('', #5289);
#5291 = CARTESIAN_POINT ('', (-7.49499999999993, -10.0362140795505, -6.39019925136189));
#5292 = CARTESIAN_POINT ('', (-7.49499999999993, -10.3291072983639, -6.39019925136184));
#5293 = CARTESIAN_POINT ('', (-7.49499999999994, -10.5362140795503, -6.18309247017535));
#5294 = CARTESIAN_POINT ('', (-7.49499999999993, -10.5362140795504, -5.89019925136199));
#5295 = (
   BOUNDED_CURVE ()
   B_SPLINE_CURVE (3, (#5291, #5292, #5293, #5294), .UNSPECIFIED., .F., .U.)
   B_SPLINE_CURVE_WITH_KNOTS ((4, 4), (0., 1.), .UNSPECIFIED.)
   CURVE ()
   GEOMETRIC_REPRESENTATION_ITEM ()
   RATIONAL_B_SPLINE_CURVE ((0.956578302349547, 0.769794770334789, 0.769794770334789, 0.956578302349548))
   REPRESENTATION_ITEM ('')
);
#5296 = EDGE_CURVE ('', #4448, #5290, #5295, .T.);
#5297 = ORIENTED_EDGE ('', *, *, #5296, .T.);
#5298 = CARTESIAN_POINT ('', (-7.49499999999993, -10.5362140795504, -5.89019925136199));
#5299 = CARTESIAN_POINT ('', (-9.25235931288065, -10.5362140795504, -5.89019925136199));
#5300 = CARTESIAN_POINT ('', (-10.4949999999999, -9.29357339243111, -5.89019925136199));
#5301 = CARTESIAN_POINT ('', (-10.4949999999999, -7.53621407955039, -5.89019925136199));
#5302 = (
   BOUNDED_CURVE ()
   B_SPLINE_CURVE (3, (#5298, #5299, #5300, #5301), .UNSPECIFIED., .F., .U.)
   B_SPLINE_CURVE_WITH_KNOTS ((4, 4), (0., 1.), .UNSPECIFIED.)
   CURVE ()
   GEOMETRIC_REPRESENTATION_ITEM ()
   RATIONAL_B_SPLINE_CURVE ((0.956578302349548, 0.769794770334703, 0.769794770334703, 0.956578302349548))
   REPRESENTATION_ITEM ('')
);
#5303 = EDGE_CURVE ('', #5290, #5241, #5302, .T.);
#5304 = ORIENTED_EDGE ('', *, *, #5303, .T.);
#5305 = ORIENTED_EDGE ('', *, *, #5272, .T.);
#5306 = ORIENTED_EDGE ('', *, *, #4470, .F.);
#5307 = EDGE_LOOP ('', (#5297, #5304, #5305, #5306));
#5308 = FACE_OUTER_BOUND ('', #5307, .T.);
#5309 = CARTESIAN_POINT ('', (-10.4925020826389, -7.53621407955039, -5.84028254303848));
#5310 = CARTESIAN_POINT ('', (-10.4925020826389, -9.29211014631873, -5.84028254303848));
#5311 = CARTESIAN_POINT ('', (-9.25089606676827, -10.5337161621894, -5.84028254303848));
#5312 = CARTESIAN_POINT ('', (-7.49499999999993, -10.5337161621894, -5.84028254303848));
#5313 = CARTESIAN_POINT ('', (-10.5266102113629, -7.53621407955039, -6.18022613397246));
#5314 = CARTESIAN_POINT ('', (-10.5266102113629, -9.31209022553803, -6.18022613397246));
#5315 = CARTESIAN_POINT ('', (-9.27087614598757, -10.5678242909133, -6.18022613397246));
#5316 = CARTESIAN_POINT ('', (-7.49499999999993, -10.5678242909133, -6.18022613397246));
#5317 = CARTESIAN_POINT ('', (-10.2850268826105, -7.53621407955039, -6.42180946272482));
#5318 = CARTESIAN_POINT ('', (-10.2850268826105, -9.17057398799814, -6.42180946272482));
#5319 = CARTESIAN_POINT ('', (-9.12935990844768, -10.326240962161, -6.42180946272482));
#5320 = CARTESIAN_POINT ('', (-7.49499999999993, -10.326240962161, -6.42180946272482));
#5321 = CARTESIAN_POINT ('', (-9.94508329167652, -7.53621407955039, -6.38770133400091));
#5322 = CARTESIAN_POINT ('', (-9.94508329167652, -8.97143964287082, -6.38770133400091));
#5323 = CARTESIAN_POINT ('', (-8.93022556332036, -9.98629737122698, -6.38770133400091));
#5324 = CARTESIAN_POINT ('', (-7.49499999999993, -9.98629737122698, -6.38770133400091));
#5325 = (
   BOUNDED_SURFACE ()
   B_SPLINE_SURFACE (3, 3, ((#5309, #5310, #5311, #5312), (#5313, #5314, #5315, #5316), (#5317, #5318, #5319, #5320), (#5321, #5322, #5323, #5324)), .UNSPECIFIED., .F., .F., .U.)
   B_SPLINE_SURFACE_WITH_KNOTS ((4, 4), (4, 4), (0., 1.), (0., 1.), .UNSPECIFIED.)
   GEOMETRIC_REPRESENTATION_ITEM ()
   RATIONAL_B_SPLINE_SURFACE (((1., 0.804737854124365, 0.804737854124365, 1.), (0.755320871117972, 0.607835296998823, 0.607835296998823, 0.755320871117972), (0.755320871117972, 0.607835296998823, 0.607835296998823, 0.755320871117972), (1., 0.804737854124365, 0.804737854124365, 1.)))
   REPRESENTATION_ITEM ('')
   SURFACE ()
);
#5326 = ADVANCED_FACE ('', (#5308), #5325, .T.);
#5327 = ORIENTED_EDGE ('', *, *, #5252, .T.);
#5328 = ORIENTED_EDGE ('', *, *, #5303, .F.);
#5329 = CARTESIAN_POINT ('', (-7.49499999999993, -10.5362140795504, -2.67077142648074));
#5330 = VERTEX_POINT ('', #5329);
#5331 = CARTESIAN_POINT ('', (-7.49499999999993, -10.5362140795504, -5.89019925136189));
#5332 = CARTESIAN_POINT ('', (-7.49499999999993, -10.5362140795504, -2.67077142648074));
#5333 = B_SPLINE_CURVE_WITH_KNOTS ('', 1, (#5331, #5332), .UNSPECIFIED., .F., .U., (2, 2), (0., 1.), .UNSPECIFIED.);
#5334 = EDGE_CURVE ('', #5290, #5330, #5333, .T.);
#5335 = ORIENTED_EDGE ('', *, *, #5334, .T.);
#5336 = CARTESIAN_POINT ('', (-7.49499999999993, -10.5362140795504, -2.67077142648074));
#5337 = CARTESIAN_POINT ('', (-9.25235931288065, -10.5362140795504, -2.67077142648074));
#5338 = CARTESIAN_POINT ('', (-10.4949999999999, -9.29357339243111, -2.67077142648074));
#5339 = CARTESIAN_POINT ('', (-10.4949999999999, -7.53621407955039, -2.67077142648074));
#5340 = (
   BOUNDED_CURVE ()
   B_SPLINE_CURVE (3, (#5336, #5337, #5338, #5339), .UNSPECIFIED., .F., .U.)
   B_SPLINE_CURVE_WITH_KNOTS ((4, 4), (0., 1.), .UNSPECIFIED.)
   CURVE ()
   GEOMETRIC_REPRESENTATION_ITEM ()
   RATIONAL_B_SPLINE_CURVE ((1., 0.804737854124365, 0.804737854124365, 1.))
   REPRESENTATION_ITEM ('')
);
#5341 = EDGE_CURVE ('', #5330, #5248, #5340, .T.);
#5342 = ORIENTED_EDGE ('', *, *, #5341, .T.);
#5343 = EDGE_LOOP ('', (#5327, #5328, #5335, #5342));
#5344 = FACE_OUTER_BOUND ('', #5343, .T.);
#5345 = CARTESIAN_POINT ('', (-7.49499999999993, -10.5362140795504, -2.34882864399262));
#5346 = CARTESIAN_POINT ('', (-7.49499999999993, -10.5362140795504, -6.21214203385001));
#5347 = CARTESIAN_POINT ('', (-9.25235931288065, -10.5362140795504, -2.34882864399262));
#5348 = CARTESIAN_POINT ('', (-9.25235931288065, -10.5362140795504, -6.21214203385));
#5349 = CARTESIAN_POINT ('', (-10.4949999999999, -9.29357339243111, -2.34882864399262));
#5350 = CARTESIAN_POINT ('', (-10.4949999999999, -9.29357339243111, -6.21214203385));
#5351 = CARTESIAN_POINT ('', (-10.4949999999999, -7.53621407955039, -2.34882864399262));
#5352 = CARTESIAN_POINT ('', (-10.4949999999999, -7.53621407955039, -6.21214203385001));
#5353 = (
   BOUNDED_SURFACE ()
   B_SPLINE_SURFACE (3, 1, ((#5345, #5346), (#5347, #5348), (#5349, #5350), (#5351, #5352)), .UNSPECIFIED., .F., .F., .U.)
   B_SPLINE_SURFACE_WITH_KNOTS ((4, 4), (2, 2), (0., 1.), (0., 1.), .UNSPECIFIED.)
   GEOMETRIC_REPRESENTATION_ITEM ()
   RATIONAL_B_SPLINE_SURFACE (((1., 1.), (0.804737854124365, 0.804737854124365), (0.804737854124365, 0.804737854124365), (1., 1.)))
   REPRESENTATION_ITEM ('')
   SURFACE ()
);
#5354 = ADVANCED_FACE ('', (#5344), #5353, .T.);
#5355 = ORIENTED_EDGE ('', *, *, #5334, .F.);
#5356 = CARTESIAN_POINT ('', (18.021918430022, -10.5362140795504, -5.89019925136199));
#5357 = VERTEX_POINT ('', #5356);
#5358 = CARTESIAN_POINT ('', (-7.49499999999993, -10.5362140795504, -5.89019925136189));
#5359 = CARTESIAN_POINT ('', (18.021918430022, -10.5362140795504, -5.89019925136189));
#5360 = B_SPLINE_CURVE_WITH_KNOTS ('', 1, (#5358, #5359), .UNSPECIFIED., .F., .U., (2, 2), (0., 1.), .UNSPECIFIED.);
#5361 = EDGE_CURVE ('', #5290, #5357, #5360, .T.);
#5362 = ORIENTED_EDGE ('', *, *, #5361, .T.);
#5363 = CARTESIAN_POINT ('', (18.021918430022, -10.5362140795504, -2.67077142648074));
#5364 = VERTEX_POINT ('', #5363);
#5365 = CARTESIAN_POINT ('', (18.021918430022, -10.5362140795504, -5.89019925136189));
#5366 = CARTESIAN_POINT ('', (18.021918430022, -10.5362140795504, -2.67077142648074));
#5367 = B_SPLINE_CURVE_WITH_KNOTS ('', 1, (#5365, #5366), .UNSPECIFIED., .F., .U., (2, 2), (0., 1.), .UNSPECIFIED.);
#5368 = EDGE_CURVE ('', #5357, #5364, #5367, .T.);
#5369 = ORIENTED_EDGE ('', *, *, #5368, .T.);
#5370 = CARTESIAN_POINT ('', (18.021918430022, -10.5362140795504, -2.67077142648074));
#5371 = CARTESIAN_POINT ('', (-7.49499999999993, -10.5362140795504, -2.67077142648074));
#5372 = B_SPLINE_CURVE_WITH_KNOTS ('', 1, (#5370, #5371), .UNSPECIFIED., .F., .U., (2, 2), (0., 1.), .UNSPECIFIED.);
#5373 = EDGE_CURVE ('', #5364, #5330, #5372, .T.);
#5374 = ORIENTED_EDGE ('', *, *, #5373, .T.);
#5375 = EDGE_LOOP ('', (#5355, #5362, #5369, #5374));
#5376 = FACE_OUTER_BOUND ('', #5375, .T.);
#5377 = CARTESIAN_POINT ('', (18.021918430022, -10.5362140795504, -2.67077142648074));
#5378 = CARTESIAN_POINT ('', (18.021918430022, -10.5362140795504, -5.89019925136189));
#5379 = CARTESIAN_POINT ('', (-7.49499999999993, -10.5362140795504, -2.67077142648074));
#5380 = CARTESIAN_POINT ('', (-7.49499999999993, -10.5362140795504, -5.89019925136189));
#5381 = B_SPLINE_SURFACE_WITH_KNOTS ('', 1, 1, ((#5377, #5378), (#5379, #5380)), .UNSPECIFIED., .F., .F., .U., (2, 2), (2, 2), (0., 1.), (0., 1.), .UNSPECIFIED.);
#5382 = ADVANCED_FACE ('', (#5376), #5381, .T.);
#5383 = CARTESIAN_POINT ('', (18.021918430022, -10.5362140795504, -5.89019925136199));
#5384 = CARTESIAN_POINT ('', (18.021918430022, -10.5362140795503, -6.18309247017535));
#5385 = CARTESIAN_POINT ('', (18.021918430022, -10.3291072983638, -6.39019925136183));
#5386 = CARTESIAN_POINT ('', (18.021918430022, -10.0362140795505, -6.39019925136189));
#5387 = (
   BOUNDED_CURVE ()
   B_SPLINE_CURVE (3, (#5383, #5384, #5385, #5386), .UNSPECIFIED., .F., .U.)
   B_SPLINE_CURVE_WITH_KNOTS ((4, 4), (0., 1.), .UNSPECIFIED.)
   CURVE ()
   GEOMETRIC_REPRESENTATION_ITEM ()
   RATIONAL_B_SPLINE_CURVE ((0.95657830234955, 0.769794770334792, 0.76979477033479, 0.956578302349542))
   REPRESENTATION_ITEM ('')
);
#5388 = EDGE_CURVE ('', #5357, #4439, #5387, .T.);
#5389 = ORIENTED_EDGE ('', *, *, #5388, .F.);
#5390 = ORIENTED_EDGE ('', *, *, #5361, .F.);
#5391 = ORIENTED_EDGE ('', *, *, #5296, .F.);
#5392 = ORIENTED_EDGE ('', *, *, #4452, .F.);
#5393 = EDGE_LOOP ('', (#5389, #5390, #5391, #5392));
#5394 = FACE_OUTER_BOUND ('', #5393, .T.);
#5395 = CARTESIAN_POINT ('', (20.5736102730242, -10.0362140795504, -6.39019925136189));
#5396 = CARTESIAN_POINT ('', (-10.0466918430021, -10.0362140795504, -6.39019925136189));
#5397 = CARTESIAN_POINT ('', (20.5736102730242, -10.3291072983638, -6.39019925136189));
#5398 = CARTESIAN_POINT ('', (-10.0466918430021, -10.3291072983638, -6.39019925136189));
#5399 = CARTESIAN_POINT ('', (20.5736102730242, -10.5362140795504, -6.18309247017534));
#5400 = CARTESIAN_POINT ('', (-10.0466918430021, -10.5362140795504, -6.18309247017534));
#5401 = CARTESIAN_POINT ('', (20.5736102730242, -10.5362140795504, -5.89019925136189));
#5402 = CARTESIAN_POINT ('', (-10.0466918430021, -10.5362140795504, -5.89019925136189));
#5403 = (
   BOUNDED_SURFACE ()
   B_SPLINE_SURFACE (3, 1, ((#5395, #5396), (#5397, #5398), (#5399, #5400), (#5401, #5402)), .UNSPECIFIED., .F., .F., .U.)
   B_SPLINE_SURFACE_WITH_KNOTS ((4, 4), (2, 2), (0., 1.), (0., 1.), .UNSPECIFIED.)
   GEOMETRIC_REPRESENTATION_ITEM ()
   RATIONAL_B_SPLINE_SURFACE (((1., 1.), (0.804737854124365, 0.804737854124365), (0.804737854124365, 0.804737854124365), (1., 1.)))
   REPRESENTATION_ITEM ('')
   SURFACE ()
);
#5404 = ADVANCED_FACE ('', (#5394), #5403, .T.);
#5405 = ORIENTED_EDGE ('', *, *, #5388, .T.);
#5406 = ORIENTED_EDGE ('', *, *, #4445, .T.);
#5407 = CARTESIAN_POINT ('', (18.7858092867069, -10.4373295131506, -5.89019925136199));
#5408 = VERTEX_POINT ('', #5407);
#5409 = CARTESIAN_POINT ('', (18.6584941439262, -9.95381027421733, -6.39019925136189));
#5410 = CARTESIAN_POINT ('', (18.7330736278717, -10.2370492867161, -6.39019925136183));
#5411 = CARTESIAN_POINT ('', (18.7858092867069, -10.4373295131506, -6.18309247017535));
#5412 = CARTESIAN_POINT ('', (18.7858092867069, -10.4373295131506, -5.89019925136199));
#5413 = (
   BOUNDED_CURVE ()
   B_SPLINE_CURVE (3, (#5409, #5410, #5411, #5412), .UNSPECIFIED., .F., .U.)
   B_SPLINE_CURVE_WITH_KNOTS ((4, 4), (0., 1.), .UNSPECIFIED.)
   CURVE ()
   GEOMETRIC_REPRESENTATION_ITEM ()
   RATIONAL_B_SPLINE_CURVE ((0.956578302349547, 0.76979477033479, 0.769794770334791, 0.95657830234955))
   REPRESENTATION_ITEM ('')
);
#5414 = EDGE_CURVE ('', #4430, #5408, #5413, .T.);
#5415 = ORIENTED_EDGE ('', *, *, #5414, .T.);
#5416 = CARTESIAN_POINT ('', (18.7858092867069, -10.4373295131506, -5.89019925136199));
#5417 = CARTESIAN_POINT ('', (18.536140206786, -10.5030697195345, -5.89019925136199));
#5418 = CARTESIAN_POINT ('', (18.2800974845635, -10.5362140795504, -5.89019925136199));
#5419 = CARTESIAN_POINT ('', (18.021918430022, -10.5362140795504, -5.89019925136199));
#5420 = (
   BOUNDED_CURVE ()
   B_SPLINE_CURVE (3, (#5416, #5417, #5418, #5419), .UNSPECIFIED., .F., .U.)
   B_SPLINE_CURVE_WITH_KNOTS ((4, 4), (0., 1.), .UNSPECIFIED.)
   CURVE ()
   GEOMETRIC_REPRESENTATION_ITEM ()
   RATIONAL_B_SPLINE_CURVE ((0.956578302349548, 0.951301424133791, 0.951301424133791, 0.956578302349548))
   REPRESENTATION_ITEM ('')
);
#5421 = EDGE_CURVE ('', #5408, #5357, #5420, .T.);
#5422 = ORIENTED_EDGE ('', *, *, #5421, .T.);
#5423 = EDGE_LOOP ('', (#5405, #5406, #5415, #5422));
#5424 = FACE_OUTER_BOUND ('', #5423, .T.);
#5425 = CARTESIAN_POINT ('', (18.021918430022, -10.5337161621894, -5.84028254303848));
#5426 = CARTESIAN_POINT ('', (18.2798825145827, -10.5337161621894, -5.84028254303848));
#5427 = CARTESIAN_POINT ('', (18.5357120456182, -10.5005993994643, -5.84028254303848));
#5428 = CARTESIAN_POINT ('', (18.785173241296, -10.434913930948, -5.84028254303848));
#5429 = CARTESIAN_POINT ('', (18.021918430022, -10.5678242909133, -6.18022613397246));
#5430 = CARTESIAN_POINT ('', (18.2828178493914, -10.5678242909133, -6.18022613397246));
#5431 = CARTESIAN_POINT ('', (18.5415584264697, -10.5343306974889, -6.18022613397246));
#5432 = CARTESIAN_POINT ('', (18.7938582038529, -10.4678978038321, -6.18022613397246));
#5433 = CARTESIAN_POINT ('', (18.021918430022, -10.326240962161, -6.42180946272482));
#5434 = CARTESIAN_POINT ('', (18.2620272642546, -10.326240962161, -6.42180946272482));
#5435 = CARTESIAN_POINT ('', (18.5001492902871, -10.2954164103439, -6.42180946272482));
#5436 = CARTESIAN_POINT ('', (18.7323437718658, -10.2342774293174, -6.42180946272482));
#5437 = CARTESIAN_POINT ('', (18.021918430022, -9.98629737122697, -6.38770133400091));
#5438 = CARTESIAN_POINT ('', (18.232771825953, -9.98629737122697, -6.38770133400091));
#5439 = CARTESIAN_POINT ('', (18.4418804911773, -9.95922855699758, -6.38770133400091));
#5440 = CARTESIAN_POINT ('', (18.6457838382315, -9.90553889658005, -6.38770133400091));
#5441 = (
   BOUNDED_SURFACE ()
   B_SPLINE_SURFACE (3, 3, ((#5425, #5426, #5427, #5428), (#5429, #5430, #5431, #5432), (#5433, #5434, #5435, #5436), (#5437, #5438, #5439, #5440)), .UNSPECIFIED., .F., .F., .U.)
   B_SPLINE_SURFACE_WITH_KNOTS ((4, 4), (4, 4), (0., 1.), (0., 1.), .UNSPECIFIED.)
   GEOMETRIC_REPRESENTATION_ITEM ()
   RATIONAL_B_SPLINE_SURFACE (((1., 0.994483589892436, 0.994483589892436, 1.), (0.755320871117973, 0.751154211430084, 0.751154211430084, 0.755320871117973), (0.755320871117973, 0.751154211430084, 0.751154211430084, 0.755320871117973), (1., 0.994483589892436, 0.994483589892436, 1.)))
   REPRESENTATION_ITEM ('')
   SURFACE ()
);
#5442 = ADVANCED_FACE ('', (#5424), #5441, .T.);
#5443 = ORIENTED_EDGE ('', *, *, #5414, .F.);
#5444 = ORIENTED_EDGE ('', *, *, #4436, .F.);
#5445 = CARTESIAN_POINT ('', (152.128890856683, 24.6731523497057, -5.89019925136199));
#5446 = VERTEX_POINT ('', #5445);
#5447 = CARTESIAN_POINT ('', (152.128890856683, 24.6731523497057, -5.89019925136199));
#5448 = CARTESIAN_POINT ('', (152.128890856683, 24.6731523497057, -6.18309247017536));
#5449 = CARTESIAN_POINT ('', (152.076155197847, 24.8734325761402, -6.39019925136184));
#5450 = CARTESIAN_POINT ('', (152.001575713902, 25.1566715886389, -6.39019925136189));
#5451 = (
   BOUNDED_CURVE ()
   B_SPLINE_CURVE (3, (#5447, #5448, #5449, #5450), .UNSPECIFIED., .F., .U.)
   B_SPLINE_CURVE_WITH_KNOTS ((4, 4), (0., 1.), .UNSPECIFIED.)
   CURVE ()
   GEOMETRIC_REPRESENTATION_ITEM ()
   RATIONAL_B_SPLINE_CURVE ((0.956578302349549, 0.769794770334788, 0.769794770334791, 0.956578302349558))
   REPRESENTATION_ITEM ('')
);
#5452 = EDGE_CURVE ('', #5446, #4412, #5451, .T.);
#5453 = ORIENTED_EDGE ('', *, *, #5452, .F.);
#5454 = CARTESIAN_POINT ('', (18.7858092867069, -10.4373295131506, -5.89019925136189));
#5455 = CARTESIAN_POINT ('', (152.128890856683, 24.6731523497057, -5.89019925136189));
#5456 = B_SPLINE_CURVE_WITH_KNOTS ('', 1, (#5454, #5455), .UNSPECIFIED., .F., .U., (2, 2), (0., 1.), .UNSPECIFIED.);
#5457 = EDGE_CURVE ('', #5408, #5446, #5456, .T.);
#5458 = ORIENTED_EDGE ('', *, *, #5457, .F.);
#5459 = EDGE_LOOP ('', (#5443, #5444, #5453, #5458));
#5460 = FACE_OUTER_BOUND ('', #5459, .T.);
#5461 = CARTESIAN_POINT ('', (152.001575713902, 25.156671588639, -6.39019925136189));
#5462 = CARTESIAN_POINT ('', (18.6584941439261, -9.95381027421722, -6.39019925136189));
#5463 = CARTESIAN_POINT ('', (152.076155197847, 24.8734325761402, -6.39019925136189));
#5464 = CARTESIAN_POINT ('', (18.7330736278717, -10.2370492867161, -6.39019925136189));
#5465 = CARTESIAN_POINT ('', (152.128890856683, 24.6731523497057, -6.18309247017535));
#5466 = CARTESIAN_POINT ('', (18.7858092867069, -10.4373295131506, -6.18309247017535));
#5467 = CARTESIAN_POINT ('', (152.128890856683, 24.6731523497057, -5.89019925136189));
#5468 = CARTESIAN_POINT ('', (18.7858092867069, -10.4373295131506, -5.89019925136189));
#5469 = (
   BOUNDED_SURFACE ()
   B_SPLINE_SURFACE (3, 1, ((#5461, #5462), (#5463, #5464), (#5465, #5466), (#5467, #5468)), .UNSPECIFIED., .F., .F., .U.)
   B_SPLINE_SURFACE_WITH_KNOTS ((4, 4), (2, 2), (0., 1.), (0., 1.), .UNSPECIFIED.)
   GEOMETRIC_REPRESENTATION_ITEM ()
   RATIONAL_B_SPLINE_SURFACE (((1., 1.), (0.804737854124363, 0.804737854124363), (0.804737854124363, 0.804737854124363), (1., 1.)))
   REPRESENTATION_ITEM ('')
   SURFACE ()
);
#5470 = ADVANCED_FACE ('', (#5460), #5469, .T.);
#5471 = ORIENTED_EDGE ('', *, *, #5452, .T.);
#5472 = ORIENTED_EDGE ('', *, *, #4427, .F.);
#5473 = ORIENTED_EDGE ('', *, *, #4356, .T.);
#5474 = CARTESIAN_POINT ('', (154.364999999998, 27.5742677833059, -5.89019925136199));
#5475 = CARTESIAN_POINT ('', (154.364999999998, 26.1567818365397, -5.89019925136199));
#5476 = CARTESIAN_POINT ('', (153.499654309041, 25.0340872011103, -5.89019925136199));
#5477 = CARTESIAN_POINT ('', (152.128890856683, 24.6731523497057, -5.89019925136199));
#5478 = (
   BOUNDED_CURVE ()
   B_SPLINE_CURVE (3, (#5474, #5475, #5476, #5477), .UNSPECIFIED., .F., .U.)
   B_SPLINE_CURVE_WITH_KNOTS ((4, 4), (0., 1.), .UNSPECIFIED.)
   CURVE ()
   GEOMETRIC_REPRESENTATION_ITEM ()
   RATIONAL_B_SPLINE_CURVE ((0.956578302349548, 0.823953367436066, 0.823953367436066, 0.956578302349548))
   REPRESENTATION_ITEM ('')
);
#5479 = EDGE_CURVE ('', #4322, #5446, #5478, .T.);
#5480 = ORIENTED_EDGE ('', *, *, #5479, .T.);
#5481 = EDGE_LOOP ('', (#5471, #5472, #5473, #5480));
#5482 = FACE_OUTER_BOUND ('', #5481, .T.);
#5483 = CARTESIAN_POINT ('', (152.128254811272, 24.6755679319083, -5.84028254303848));
#5484 = CARTESIAN_POINT ('', (153.497876912355, 25.0362022548357, -5.84028254303848));
#5485 = CARTESIAN_POINT ('', (154.362502082637, 26.1579620907915, -5.84028254303848));
#5486 = CARTESIAN_POINT ('', (154.362502082637, 27.5742677833059, -5.84028254303848));
#5487 = CARTESIAN_POINT ('', (152.136939773829, 24.6425840590242, -6.18022613397246));
#5488 = CARTESIAN_POINT ('', (153.522146600339, 25.0073219860759, -6.18022613397246));
#5489 = CARTESIAN_POINT ('', (154.396610211361, 26.1418461597459, -6.18022613397246));
#5490 = CARTESIAN_POINT ('', (154.396610211361, 27.5742677833059, -6.18022613397246));
#5491 = CARTESIAN_POINT ('', (152.075425341842, 24.8762044335389, -6.42180946272482));
#5492 = CARTESIAN_POINT ('', (153.350247635768, 25.2118770796355, -6.42180946272482));
#5493 = CARTESIAN_POINT ('', (154.155026882608, 26.2559931509057, -6.42180946272482));
#5494 = CARTESIAN_POINT ('', (154.155026882608, 27.5742677833059, -6.42180946272482));
#5495 = CARTESIAN_POINT ('', (151.988865408207, 25.2049429662762, -6.38770133400091));
#5496 = CARTESIAN_POINT ('', (153.108360285362, 25.499716449213, -6.38770133400091));
#5497 = CARTESIAN_POINT ('', (153.815083291675, 26.4166149051865, -6.38770133400091));
#5498 = CARTESIAN_POINT ('', (153.815083291675, 27.5742677833059, -6.38770133400091));
#5499 = (
   BOUNDED_SURFACE ()
   B_SPLINE_SURFACE (3, 3, ((#5483, #5484, #5485, #5486), (#5487, #5488, #5489, #5490), (#5491, #5492, #5493, #5494), (#5495, #5496, #5497, #5498)), .UNSPECIFIED., .F., .F., .U.)
   B_SPLINE_SURFACE_WITH_KNOTS ((4, 4), (4, 4), (0., 1.), (0., 1.), .UNSPECIFIED.)
   GEOMETRIC_REPRESENTATION_ITEM ()
   RATIONAL_B_SPLINE_SURFACE (((1., 0.861354857633997, 0.861354857633997, 1.), (0.755320871117974, 0.650599301409809, 0.650599301409809, 0.755320871117974), (0.755320871117974, 0.650599301409809, 0.650599301409809, 0.755320871117974), (1., 0.861354857633997, 0.861354857633997, 1.)))
   REPRESENTATION_ITEM ('')
   SURFACE ()
);
#5500 = ADVANCED_FACE ('', (#5482), #5499, .T.);
#5501 = CARTESIAN_POINT ('', (152.128890856683, 24.6731523497057, -2.67077142648074));
#5502 = VERTEX_POINT ('', #5501);
#5503 = CARTESIAN_POINT ('', (152.128890856683, 24.6731523497057, -2.67077142648074));
#5504 = CARTESIAN_POINT ('', (152.128890856683, 24.6731523497057, -5.89019925136189));
#5505 = B_SPLINE_CURVE_WITH_KNOTS ('', 1, (#5503, #5504), .UNSPECIFIED., .F., .U., (2, 2), (0., 1.), .UNSPECIFIED.);
#5506 = EDGE_CURVE ('', #5502, #5446, #5505, .T.);
#5507 = ORIENTED_EDGE ('', *, *, #5506, .T.);
#5508 = ORIENTED_EDGE ('', *, *, #5479, .F.);
#5509 = ORIENTED_EDGE ('', *, *, #4326, .T.);
#5510 = CARTESIAN_POINT ('', (154.364999999998, 27.5742677833059, -2.67077142648074));
#5511 = CARTESIAN_POINT ('', (154.364999999998, 26.1567818365397, -2.67077142648074));
#5512 = CARTESIAN_POINT ('', (153.499654309041, 25.0340872011103, -2.67077142648074));
#5513 = CARTESIAN_POINT ('', (152.128890856683, 24.6731523497057, -2.67077142648074));
#5514 = (
   BOUNDED_CURVE ()
   B_SPLINE_CURVE (3, (#5510, #5511, #5512, #5513), .UNSPECIFIED., .F., .U.)
   B_SPLINE_CURVE_WITH_KNOTS ((4, 4), (0., 1.), .UNSPECIFIED.)
   CURVE ()
   GEOMETRIC_REPRESENTATION_ITEM ()
   RATIONAL_B_SPLINE_CURVE ((1., 0.861354857633997, 0.861354857633997, 1.))
   REPRESENTATION_ITEM ('')
);
#5515 = EDGE_CURVE ('', #4294, #5502, #5514, .T.);
#5516 = ORIENTED_EDGE ('', *, *, #5515, .T.);
#5517 = EDGE_LOOP ('', (#5507, #5508, #5509, #5516));
#5518 = FACE_OUTER_BOUND ('', #5517, .T.);
#5519 = CARTESIAN_POINT ('', (154.364999999998, 27.5742677833059, -2.34882864399262));
#5520 = CARTESIAN_POINT ('', (154.364999999998, 27.5742677833059, -6.21214203385001));
#5521 = CARTESIAN_POINT ('', (154.364999999998, 26.1567818365397, -2.34882864399262));
#5522 = CARTESIAN_POINT ('', (154.364999999998, 26.1567818365397, -6.21214203385));
#5523 = CARTESIAN_POINT ('', (153.499654309041, 25.0340872011103, -2.34882864399262));
#5524 = CARTESIAN_POINT ('', (153.499654309041, 25.0340872011103, -6.21214203385));
#5525 = CARTESIAN_POINT ('', (152.128890856683, 24.6731523497057, -2.34882864399262));
#5526 = CARTESIAN_POINT ('', (152.128890856683, 24.6731523497057, -6.21214203385001));
#5527 = (
   BOUNDED_SURFACE ()
   B_SPLINE_SURFACE (3, 1, ((#5519, #5520), (#5521, #5522), (#5523, #5524), (#5525, #5526)), .UNSPECIFIED., .F., .F., .U.)
   B_SPLINE_SURFACE_WITH_KNOTS ((4, 4), (2, 2), (0., 1.), (0., 1.), .UNSPECIFIED.)
   GEOMETRIC_REPRESENTATION_ITEM ()
   RATIONAL_B_SPLINE_SURFACE (((1., 1.), (0.861354857633997, 0.861354857633997), (0.861354857633997, 0.861354857633997), (1., 1.)))
   REPRESENTATION_ITEM ('')
   SURFACE ()
);
#5528 = ADVANCED_FACE ('', (#5518), #5527, .T.);
#5529 = CARTESIAN_POINT ('', (152.001575713902, 25.1566715886389, -2.17077142648074));
#5530 = CARTESIAN_POINT ('', (152.076155197847, 24.8734325761402, -2.17077142648079));
#5531 = CARTESIAN_POINT ('', (152.128890856683, 24.6731523497057, -2.37787820766728));
#5532 = CARTESIAN_POINT ('', (152.128890856683, 24.6731523497057, -2.67077142648064));
#5533 = (
   BOUNDED_CURVE ()
   B_SPLINE_CURVE (3, (#5529, #5530, #5531, #5532), .UNSPECIFIED., .F., .U.)
   B_SPLINE_CURVE_WITH_KNOTS ((4, 4), (0., 1.), .UNSPECIFIED.)
   CURVE ()
   GEOMETRIC_REPRESENTATION_ITEM ()
   RATIONAL_B_SPLINE_CURVE ((0.956578302349543, 0.769794770334785, 0.769794770334787, 0.956578302349547))
   REPRESENTATION_ITEM ('')
);
#5534 = EDGE_CURVE ('', #3957, #5502, #5533, .T.);
#5535 = ORIENTED_EDGE ('', *, *, #5534, .T.);
#5536 = ORIENTED_EDGE ('', *, *, #5515, .F.);
#5537 = ORIENTED_EDGE ('', *, *, #4300, .F.);
#5538 = ORIENTED_EDGE ('', *, *, #3979, .F.);
#5539 = EDGE_LOOP ('', (#5535, #5536, #5537, #5538));
#5540 = FACE_OUTER_BOUND ('', #5539, .T.);
#5541 = CARTESIAN_POINT ('', (151.988865408207, 25.2049429662762, -2.17326934384172));
#5542 = CARTESIAN_POINT ('', (153.108360285362, 25.499716449213, -2.17326934384172));
#5543 = CARTESIAN_POINT ('', (153.815083291675, 26.4166149051865, -2.17326934384172));
#5544 = CARTESIAN_POINT ('', (153.815083291675, 27.5742677833059, -2.17326934384172));
#5545 = CARTESIAN_POINT ('', (152.075425341842, 24.8762044335389, -2.13916121511781));
#5546 = CARTESIAN_POINT ('', (153.350247635768, 25.2118770796355, -2.13916121511781));
#5547 = CARTESIAN_POINT ('', (154.155026882608, 26.2559931509057, -2.13916121511781));
#5548 = CARTESIAN_POINT ('', (154.155026882608, 27.5742677833059, -2.13916121511781));
#5549 = CARTESIAN_POINT ('', (152.136939773829, 24.6425840590242, -2.38074454387016));
#5550 = CARTESIAN_POINT ('', (153.52214660034, 25.0073219860759, -2.38074454387016));
#5551 = CARTESIAN_POINT ('', (154.396610211361, 26.1418461597459, -2.38074454387016));
#5552 = CARTESIAN_POINT ('', (154.396610211361, 27.5742677833059, -2.38074454387016));
#5553 = CARTESIAN_POINT ('', (152.128254811272, 24.6755679319083, -2.72068813480415));
#5554 = CARTESIAN_POINT ('', (153.497876912355, 25.0362022548357, -2.72068813480415));
#5555 = CARTESIAN_POINT ('', (154.362502082637, 26.1579620907915, -2.72068813480415));
#5556 = CARTESIAN_POINT ('', (154.362502082637, 27.5742677833059, -2.72068813480415));
#5557 = (
   BOUNDED_SURFACE ()
   B_SPLINE_SURFACE (3, 3, ((#5541, #5542, #5543, #5544), (#5545, #5546, #5547, #5548), (#5549, #5550, #5551, #5552), (#5553, #5554, #5555, #5556)), .UNSPECIFIED., .F., .F., .U.)
   B_SPLINE_SURFACE_WITH_KNOTS ((4, 4), (4, 4), (0., 1.), (0., 1.), .UNSPECIFIED.)
   GEOMETRIC_REPRESENTATION_ITEM ()
   RATIONAL_B_SPLINE_SURFACE (((1., 0.861354857633997, 0.861354857633997, 1.), (0.755320871117968, 0.650599301409803, 0.650599301409803, 0.755320871117968), (0.755320871117968, 0.650599301409803, 0.650599301409803, 0.755320871117968), (1., 0.861354857633997, 0.861354857633997, 1.)))
   REPRESENTATION_ITEM ('')
   SURFACE ()
);
#5558 = ADVANCED_FACE ('', (#5540), #5557, .T.);
#5559 = CARTESIAN_POINT ('', (18.7858092867069, -10.4373295131506, -2.67077142648074));
#5560 = VERTEX_POINT ('', #5559);
#5561 = CARTESIAN_POINT ('', (18.7858092867069, -10.4373295131506, -2.67077142648064));
#5562 = CARTESIAN_POINT ('', (18.7858092867069, -10.4373295131506, -2.37787820766728));
#5563 = CARTESIAN_POINT ('', (18.7330736278717, -10.2370492867161, -2.17077142648079));
#5564 = CARTESIAN_POINT ('', (18.6584941439262, -9.95381027421732, -2.17077142648074));
#5565 = (
   BOUNDED_CURVE ()
   B_SPLINE_CURVE (3, (#5561, #5562, #5563, #5564), .UNSPECIFIED., .F., .U.)
   B_SPLINE_CURVE_WITH_KNOTS ((4, 4), (0., 1.), .UNSPECIFIED.)
   CURVE ()
   GEOMETRIC_REPRESENTATION_ITEM ()
   RATIONAL_B_SPLINE_CURVE ((0.956578302349548, 0.769794770334789, 0.769794770334789, 0.956578302349549))
   REPRESENTATION_ITEM ('')
);
#5566 = EDGE_CURVE ('', #5560, #3948, #5565, .T.);
#5567 = ORIENTED_EDGE ('', *, *, #5566, .F.);
#5568 = CARTESIAN_POINT ('', (18.7858092867069, -10.4373295131506, -2.67077142648074));
#5569 = CARTESIAN_POINT ('', (152.128890856683, 24.6731523497057, -2.67077142648074));
#5570 = B_SPLINE_CURVE_WITH_KNOTS ('', 1, (#5568, #5569), .UNSPECIFIED., .F., .U., (2, 2), (0., 1.), .UNSPECIFIED.);
#5571 = EDGE_CURVE ('', #5560, #5502, #5570, .T.);
#5572 = ORIENTED_EDGE ('', *, *, #5571, .T.);
#5573 = ORIENTED_EDGE ('', *, *, #5534, .F.);
#5574 = ORIENTED_EDGE ('', *, *, #3961, .T.);
#5575 = EDGE_LOOP ('', (#5567, #5572, #5573, #5574));
#5576 = FACE_OUTER_BOUND ('', #5575, .T.);
#5577 = CARTESIAN_POINT ('', (18.6584941439262, -9.95381027421724, -2.17077142648074));
#5578 = CARTESIAN_POINT ('', (152.001575713902, 25.156671588639, -2.17077142648074));
#5579 = CARTESIAN_POINT ('', (18.7330736278717, -10.2370492867161, -2.17077142648074));
#5580 = CARTESIAN_POINT ('', (152.076155197847, 24.8734325761402, -2.17077142648074));
#5581 = CARTESIAN_POINT ('', (18.7858092867069, -10.4373295131506, -2.37787820766729));
#5582 = CARTESIAN_POINT ('', (152.128890856683, 24.6731523497057, -2.37787820766729));
#5583 = CARTESIAN_POINT ('', (18.7858092867069, -10.4373295131506, -2.67077142648074));
#5584 = CARTESIAN_POINT ('', (152.128890856683, 24.6731523497057, -2.67077142648074));
#5585 = (
   BOUNDED_SURFACE ()
   B_SPLINE_SURFACE (3, 1, ((#5577, #5578), (#5579, #5580), (#5581, #5582), (#5583, #5584)), .UNSPECIFIED., .F., .F., .U.)
   B_SPLINE_SURFACE_WITH_KNOTS ((4, 4), (2, 2), (0., 1.), (0., 1.), .UNSPECIFIED.)
   GEOMETRIC_REPRESENTATION_ITEM ()
   RATIONAL_B_SPLINE_SURFACE (((1., 1.), (0.804737854124367, 0.804737854124367), (0.804737854124367, 0.804737854124367), (1., 1.)))
   REPRESENTATION_ITEM ('')
   SURFACE ()
);
#5586 = ADVANCED_FACE ('', (#5576), #5585, .T.);
#5587 = CARTESIAN_POINT ('', (18.7858092867069, -10.4373295131506, -5.89019925136189));
#5588 = CARTESIAN_POINT ('', (18.7858092867069, -10.4373295131506, -2.67077142648074));
#5589 = B_SPLINE_CURVE_WITH_KNOTS ('', 1, (#5587, #5588), .UNSPECIFIED., .F., .U., (2, 2), (0., 1.), .UNSPECIFIED.);
#5590 = EDGE_CURVE ('', #5408, #5560, #5589, .T.);
#5591 = ORIENTED_EDGE ('', *, *, #5590, .F.);
#5592 = ORIENTED_EDGE ('', *, *, #5457, .T.);
#5593 = ORIENTED_EDGE ('', *, *, #5506, .F.);
#5594 = ORIENTED_EDGE ('', *, *, #5571, .F.);
#5595 = EDGE_LOOP ('', (#5591, #5592, #5593, #5594));
#5596 = FACE_OUTER_BOUND ('', #5595, .T.);
#5597 = CARTESIAN_POINT ('', (152.128890856683, 24.6731523497057, -2.67077142648074));
#5598 = CARTESIAN_POINT ('', (152.128890856683, 24.6731523497057, -5.89019925136189));
#5599 = CARTESIAN_POINT ('', (18.7858092867069, -10.4373295131506, -2.67077142648074));
#5600 = CARTESIAN_POINT ('', (18.7858092867069, -10.4373295131506, -5.89019925136189));
#5601 = B_SPLINE_SURFACE_WITH_KNOTS ('', 1, 1, ((#5597, #5598), (#5599, #5600)), .UNSPECIFIED., .F., .F., .U., (2, 2), (2, 2), (0., 1.), (0., 1.), .UNSPECIFIED.);
#5602 = ADVANCED_FACE ('', (#5596), #5601, .T.);
#5603 = ORIENTED_EDGE ('', *, *, #5368, .F.);
#5604 = ORIENTED_EDGE ('', *, *, #5421, .F.);
#5605 = ORIENTED_EDGE ('', *, *, #5590, .T.);
#5606 = CARTESIAN_POINT ('', (18.7858092867069, -10.4373295131506, -2.67077142648074));
#5607 = CARTESIAN_POINT ('', (18.536140206786, -10.5030697195345, -2.67077142648074));
#5608 = CARTESIAN_POINT ('', (18.2800974845635, -10.5362140795504, -2.67077142648074));
#5609 = CARTESIAN_POINT ('', (18.021918430022, -10.5362140795504, -2.67077142648074));
#5610 = (
   BOUNDED_CURVE ()
   B_SPLINE_CURVE (3, (#5606, #5607, #5608, #5609), .UNSPECIFIED., .F., .U.)
   B_SPLINE_CURVE_WITH_KNOTS ((4, 4), (0., 1.), .UNSPECIFIED.)
   CURVE ()
   GEOMETRIC_REPRESENTATION_ITEM ()
   RATIONAL_B_SPLINE_CURVE ((1., 0.994483589892436, 0.994483589892436, 1.))
   REPRESENTATION_ITEM ('')
);
#5611 = EDGE_CURVE ('', #5560, #5364, #5610, .T.);
#5612 = ORIENTED_EDGE ('', *, *, #5611, .T.);
#5613 = EDGE_LOOP ('', (#5603, #5604, #5605, #5612));
#5614 = FACE_OUTER_BOUND ('', #5613, .T.);
#5615 = CARTESIAN_POINT ('', (18.7858092867069, -10.4373295131506, -2.34882864399262));
#5616 = CARTESIAN_POINT ('', (18.7858092867069, -10.4373295131506, -6.21214203385001));
#5617 = CARTESIAN_POINT ('', (18.536140206786, -10.5030697195345, -2.34882864399262));
#5618 = CARTESIAN_POINT ('', (18.536140206786, -10.5030697195345, -6.21214203385));
#5619 = CARTESIAN_POINT ('', (18.2800974845635, -10.5362140795504, -2.34882864399262));
#5620 = CARTESIAN_POINT ('', (18.2800974845635, -10.5362140795504, -6.21214203385));
#5621 = CARTESIAN_POINT ('', (18.021918430022, -10.5362140795504, -2.34882864399262));
#5622 = CARTESIAN_POINT ('', (18.021918430022, -10.5362140795504, -6.21214203385001));
#5623 = (
   BOUNDED_SURFACE ()
   B_SPLINE_SURFACE (3, 1, ((#5615, #5616), (#5617, #5618), (#5619, #5620), (#5621, #5622)), .UNSPECIFIED., .F., .F., .U.)
   B_SPLINE_SURFACE_WITH_KNOTS ((4, 4), (2, 2), (0., 1.), (0., 1.), .UNSPECIFIED.)
   GEOMETRIC_REPRESENTATION_ITEM ()
   RATIONAL_B_SPLINE_SURFACE (((1., 1.), (0.994483589892436, 0.994483589892436), (0.994483589892436, 0.994483589892436), (1., 1.)))
   REPRESENTATION_ITEM ('')
   SURFACE ()
);
#5624 = ADVANCED_FACE ('', (#5614), #5623, .T.);
#5625 = CARTESIAN_POINT ('', (18.021918430022, -10.0362140795505, -2.17077142648074));
#5626 = CARTESIAN_POINT ('', (18.021918430022, -10.3291072983638, -2.1707714264808));
#5627 = CARTESIAN_POINT ('', (18.021918430022, -10.5362140795503, -2.37787820766728));
#5628 = CARTESIAN_POINT ('', (18.021918430022, -10.5362140795504, -2.67077142648064));
#5629 = (
   BOUNDED_CURVE ()
   B_SPLINE_CURVE (3, (#5625, #5626, #5627, #5628), .UNSPECIFIED., .F., .U.)
   B_SPLINE_CURVE_WITH_KNOTS ((4, 4), (0., 1.), .UNSPECIFIED.)
   CURVE ()
   GEOMETRIC_REPRESENTATION_ITEM ()
   RATIONAL_B_SPLINE_CURVE ((0.956578302349537, 0.76979477033479, 0.769794770334793, 0.956578302349547))
   REPRESENTATION_ITEM ('')
);
#5630 = EDGE_CURVE ('', #3941, #5364, #5629, .T.);
#5631 = ORIENTED_EDGE ('', *, *, #5630, .T.);
#5632 = ORIENTED_EDGE ('', *, *, #5611, .F.);
#5633 = ORIENTED_EDGE ('', *, *, #5566, .T.);
#5634 = ORIENTED_EDGE ('', *, *, #3954, .T.);
#5635 = EDGE_LOOP ('', (#5631, #5632, #5633, #5634));
#5636 = FACE_OUTER_BOUND ('', #5635, .T.);
#5637 = CARTESIAN_POINT ('', (18.021918430022, -9.98629737122697, -2.17326934384172));
#5638 = CARTESIAN_POINT ('', (18.232771825953, -9.98629737122697, -2.17326934384172));
#5639 = CARTESIAN_POINT ('', (18.4418804911773, -9.95922855699758, -2.17326934384172));
#5640 = CARTESIAN_POINT ('', (18.6457838382315, -9.90553889658004, -2.17326934384172));
#5641 = CARTESIAN_POINT ('', (18.021918430022, -10.326240962161, -2.13916121511781));
#5642 = CARTESIAN_POINT ('', (18.2620272642546, -10.326240962161, -2.13916121511781));
#5643 = CARTESIAN_POINT ('', (18.5001492902871, -10.2954164103439, -2.13916121511781));
#5644 = CARTESIAN_POINT ('', (18.7323437718658, -10.2342774293174, -2.13916121511781));
#5645 = CARTESIAN_POINT ('', (18.021918430022, -10.5678242909133, -2.38074454387017));
#5646 = CARTESIAN_POINT ('', (18.2828178493914, -10.5678242909133, -2.38074454387017));
#5647 = CARTESIAN_POINT ('', (18.5415584264696, -10.5343306974889, -2.38074454387017));
#5648 = CARTESIAN_POINT ('', (18.7938582038529, -10.4678978038321, -2.38074454387017));
#5649 = CARTESIAN_POINT ('', (18.021918430022, -10.5337161621894, -2.72068813480415));
#5650 = CARTESIAN_POINT ('', (18.2798825145827, -10.5337161621894, -2.72068813480415));
#5651 = CARTESIAN_POINT ('', (18.5357120456181, -10.5005993994643, -2.72068813480415));
#5652 = CARTESIAN_POINT ('', (18.785173241296, -10.434913930948, -2.72068813480415));
#5653 = (
   BOUNDED_SURFACE ()
   B_SPLINE_SURFACE (3, 3, ((#5637, #5638, #5639, #5640), (#5641, #5642, #5643, #5644), (#5645, #5646, #5647, #5648), (#5649, #5650, #5651, #5652)), .UNSPECIFIED., .F., .F., .U.)
   B_SPLINE_SURFACE_WITH_KNOTS ((4, 4), (4, 4), (0., 1.), (0., 1.), .UNSPECIFIED.)
   GEOMETRIC_REPRESENTATION_ITEM ()
   RATIONAL_B_SPLINE_SURFACE (((1., 0.994483589892436, 0.994483589892436, 1.), (0.755320871117972, 0.751154211430083, 0.751154211430083, 0.755320871117972), (0.755320871117972, 0.751154211430083, 0.751154211430083, 0.755320871117972), (1., 0.994483589892436, 0.994483589892436, 1.)))
   REPRESENTATION_ITEM ('')
   SURFACE ()
);
#5654 = ADVANCED_FACE ('', (#5636), #5653, .T.);
#5655 = ORIENTED_EDGE ('', *, *, #5630, .F.);
#5656 = ORIENTED_EDGE ('', *, *, #3945, .T.);
#5657 = CARTESIAN_POINT ('', (-7.49499999999993, -10.5362140795504, -2.67077142648064));
#5658 = CARTESIAN_POINT ('', (-7.49499999999993, -10.5362140795503, -2.37787820766728));
#5659 = CARTESIAN_POINT ('', (-7.49499999999993, -10.3291072983639, -2.17077142648079));
#5660 = CARTESIAN_POINT ('', (-7.49499999999993, -10.0362140795505, -2.17077142648074));
#5661 = (
   BOUNDED_CURVE ()
   B_SPLINE_CURVE (3, (#5657, #5658, #5659, #5660), .UNSPECIFIED., .F., .U.)
   B_SPLINE_CURVE_WITH_KNOTS ((4, 4), (0., 1.), .UNSPECIFIED.)
   CURVE ()
   GEOMETRIC_REPRESENTATION_ITEM ()
   RATIONAL_B_SPLINE_CURVE ((0.956578302349548, 0.769794770334788, 0.769794770334789, 0.956578302349549))
   REPRESENTATION_ITEM ('')
);
#5662 = EDGE_CURVE ('', #5330, #3923, #5661, .T.);
#5663 = ORIENTED_EDGE ('', *, *, #5662, .F.);
#5664 = ORIENTED_EDGE ('', *, *, #5373, .F.);
#5665 = EDGE_LOOP ('', (#5655, #5656, #5663, #5664));
#5666 = FACE_OUTER_BOUND ('', #5665, .T.);
#5667 = CARTESIAN_POINT ('', (-10.0466918430021, -10.0362140795504, -2.17077142648074));
#5668 = CARTESIAN_POINT ('', (20.5736102730242, -10.0362140795504, -2.17077142648074));
#5669 = CARTESIAN_POINT ('', (-10.0466918430021, -10.3291072983638, -2.17077142648074));
#5670 = CARTESIAN_POINT ('', (20.5736102730242, -10.3291072983638, -2.17077142648074));
#5671 = CARTESIAN_POINT ('', (-10.0466918430021, -10.5362140795504, -2.37787820766729));
#5672 = CARTESIAN_POINT ('', (20.5736102730242, -10.5362140795504, -2.37787820766729));
#5673 = CARTESIAN_POINT ('', (-10.0466918430021, -10.5362140795504, -2.67077142648074));
#5674 = CARTESIAN_POINT ('', (20.5736102730242, -10.5362140795504, -2.67077142648074));
#5675 = (
   BOUNDED_SURFACE ()
   B_SPLINE_SURFACE (3, 1, ((#5667, #5668), (#5669, #5670), (#5671, #5672), (#5673, #5674)), .UNSPECIFIED., .F., .F., .U.)
   B_SPLINE_SURFACE_WITH_KNOTS ((4, 4), (2, 2), (0., 1.), (0., 1.), .UNSPECIFIED.)
   GEOMETRIC_REPRESENTATION_ITEM ()
   RATIONAL_B_SPLINE_SURFACE (((1., 1.), (0.804737854124369, 0.804737854124369), (0.804737854124369, 0.804737854124369), (1., 1.)))
   REPRESENTATION_ITEM ('')
   SURFACE ()
);
#5676 = ADVANCED_FACE ('', (#5666), #5675, .T.);
#5677 = ORIENTED_EDGE ('', *, *, #5662, .T.);
#5678 = ORIENTED_EDGE ('', *, *, #3938, .F.);
#5679 = CARTESIAN_POINT ('', (-9.99500000000003, -7.5362140795504, -2.17077142648074));
#5680 = CARTESIAN_POINT ('', (-10.2878932188134, -7.5362140795504, -2.17077142648079));
#5681 = CARTESIAN_POINT ('', (-10.4949999999999, -7.5362140795504, -2.37787820766728));
#5682 = CARTESIAN_POINT ('', (-10.4949999999999, -7.53621407955039, -2.67077142648064));
#5683 = (
   BOUNDED_CURVE ()
   B_SPLINE_CURVE (3, (#5679, #5680, #5681, #5682), .UNSPECIFIED., .F., .U.)
   B_SPLINE_CURVE_WITH_KNOTS ((4, 4), (0., 1.), .UNSPECIFIED.)
   CURVE ()
   GEOMETRIC_REPRESENTATION_ITEM ()
   RATIONAL_B_SPLINE_CURVE ((0.956578302349548, 0.769794770334789, 0.769794770334789, 0.956578302349547))
   REPRESENTATION_ITEM ('')
);
#5684 = EDGE_CURVE ('', #3916, #5248, #5683, .T.);
#5685 = ORIENTED_EDGE ('', *, *, #5684, .T.);
#5686 = ORIENTED_EDGE ('', *, *, #5341, .F.);
#5687 = EDGE_LOOP ('', (#5677, #5678, #5685, #5686));
#5688 = FACE_OUTER_BOUND ('', #5687, .T.);
#5689 = CARTESIAN_POINT ('', (-9.94508329167652, -7.53621407955039, -2.17326934384172));
#5690 = CARTESIAN_POINT ('', (-9.94508329167652, -8.97143964287082, -2.17326934384172));
#5691 = CARTESIAN_POINT ('', (-8.93022556332036, -9.98629737122698, -2.17326934384172));
#5692 = CARTESIAN_POINT ('', (-7.49499999999993, -9.98629737122698, -2.17326934384172));
#5693 = CARTESIAN_POINT ('', (-10.2850268826105, -7.53621407955039, -2.13916121511781));
#5694 = CARTESIAN_POINT ('', (-10.2850268826105, -9.17057398799814, -2.13916121511781));
#5695 = CARTESIAN_POINT ('', (-9.12935990844768, -10.326240962161, -2.13916121511781));
#5696 = CARTESIAN_POINT ('', (-7.49499999999993, -10.326240962161, -2.13916121511781));
#5697 = CARTESIAN_POINT ('', (-10.5266102113629, -7.53621407955039, -2.38074454387017));
#5698 = CARTESIAN_POINT ('', (-10.5266102113629, -9.31209022553803, -2.38074454387017));
#5699 = CARTESIAN_POINT ('', (-9.27087614598757, -10.5678242909133, -2.38074454387017));
#5700 = CARTESIAN_POINT ('', (-7.49499999999993, -10.5678242909133, -2.38074454387017));
#5701 = CARTESIAN_POINT ('', (-10.4925020826389, -7.53621407955039, -2.72068813480415));
#5702 = CARTESIAN_POINT ('', (-10.4925020826389, -9.29211014631873, -2.72068813480415));
#5703 = CARTESIAN_POINT ('', (-9.25089606676827, -10.5337161621894, -2.72068813480415));
#5704 = CARTESIAN_POINT ('', (-7.49499999999993, -10.5337161621894, -2.72068813480415));
#5705 = (
   BOUNDED_SURFACE ()
   B_SPLINE_SURFACE (3, 3, ((#5689, #5690, #5691, #5692), (#5693, #5694, #5695, #5696), (#5697, #5698, #5699, #5700), (#5701, #5702, #5703, #5704)), .UNSPECIFIED., .F., .F., .U.)
   B_SPLINE_SURFACE_WITH_KNOTS ((4, 4), (4, 4), (0., 1.), (0., 1.), .UNSPECIFIED.)
   GEOMETRIC_REPRESENTATION_ITEM ()
   RATIONAL_B_SPLINE_SURFACE (((1., 0.804737854124365, 0.804737854124365, 1.), (0.755320871117972, 0.607835296998822, 0.607835296998822, 0.755320871117972), (0.755320871117972, 0.607835296998822, 0.607835296998822, 0.755320871117972), (1., 0.804737854124365, 0.804737854124365, 1.)))
   REPRESENTATION_ITEM ('')
   SURFACE ()
);
#5706 = ADVANCED_FACE ('', (#5688), #5705, .T.);
#5707 = ORIENTED_EDGE ('', *, *, #5684, .F.);
#5708 = ORIENTED_EDGE ('', *, *, #3920, .F.);
#5709 = ORIENTED_EDGE ('', *, *, #4188, .F.);
#5710 = ORIENTED_EDGE ('', *, *, #5257, .T.);
#5711 = EDGE_LOOP ('', (#5707, #5708, #5709, #5710));
#5712 = FACE_OUTER_BOUND ('', #5711, .T.);
#5713 = CARTESIAN_POINT ('', (-9.995, 145.499999999968, -2.17077142648074));
#5714 = CARTESIAN_POINT ('', (-9.99499999999993, -7.53621407955039, -2.17077142648074));
#5715 = CARTESIAN_POINT ('', (-10.2878932188135, 145.499999999968, -2.17077142648074));
#5716 = CARTESIAN_POINT ('', (-10.2878932188134, -7.5362140795504, -2.17077142648074));
#5717 = CARTESIAN_POINT ('', (-10.495, 145.499999999968, -2.37787820766729));
#5718 = CARTESIAN_POINT ('', (-10.4949999999999, -7.5362140795504, -2.37787820766729));
#5719 = CARTESIAN_POINT ('', (-10.495, 145.499999999968, -2.67077142648074));
#5720 = CARTESIAN_POINT ('', (-10.4949999999999, -7.53621407955039, -2.67077142648074));
#5721 = (
   BOUNDED_SURFACE ()
   B_SPLINE_SURFACE (3, 1, ((#5713, #5714), (#5715, #5716), (#5717, #5718), (#5719, #5720)), .UNSPECIFIED., .F., .F., .U.)
   B_SPLINE_SURFACE_WITH_KNOTS ((4, 4), (2, 2), (0., 1.), (0., 1.), .UNSPECIFIED.)
   GEOMETRIC_REPRESENTATION_ITEM ()
   RATIONAL_B_SPLINE_SURFACE (((1., 1.), (0.804737854124367, 0.804737854124367), (0.804737854124367, 0.804737854124367), (1., 1.)))
   REPRESENTATION_ITEM ('')
   SURFACE ()
);
#5722 = ADVANCED_FACE ('', (#5712), #5721, .T.);
#5723 = CARTESIAN_POINT ('', (119.754999999999, 143.49999999997, 3.22675714052078));
#5724 = VERTEX_POINT ('', #5723);
#5725 = CARTESIAN_POINT ('', (120.754999999999, 144.49999999997, 3.22942497472077));
#5726 = CARTESIAN_POINT ('', (120.169213562372, 144.49999999997, 3.22942497472077));
#5727 = CARTESIAN_POINT ('', (119.754999999999, 144.085786437597, 3.22942497472077));
#5728 = CARTESIAN_POINT ('', (119.754999999999, 143.49999999997, 3.22942497472077));
#5729 = (
   BOUNDED_CURVE ()
   B_SPLINE_CURVE (3, (#5725, #5726, #5727, #5728), .UNSPECIFIED., .F., .U.)
   B_SPLINE_CURVE_WITH_KNOTS ((4, 4), (0., 1.), .UNSPECIFIED.)
   CURVE ()
   GEOMETRIC_REPRESENTATION_ITEM ()
   RATIONAL_B_SPLINE_CURVE ((1., 0.80473785412434, 0.80473785412434, 1.))
   REPRESENTATION_ITEM ('')
);
#5730 = EDGE_CURVE ('', #266, #5724, #5729, .T.);
#5731 = ORIENTED_EDGE ('', *, *, #5730, .T.);
#5732 = CARTESIAN_POINT ('', (119.754999999999, 143.49999999997, 4.52942497472077));
#5733 = CARTESIAN_POINT ('', (119.754999999999, 143.49999999997, 3.22942497472077));
#5734 = B_SPLINE_CURVE_WITH_KNOTS ('', 1, (#5732, #5733), .UNSPECIFIED., .F., .U., (2, 2), (0., 1.), .UNSPECIFIED.);
#5735 = EDGE_CURVE ('', #562, #5724, #5734, .T.);
#5736 = ORIENTED_EDGE ('', *, *, #5735, .F.);
#5737 = ORIENTED_EDGE ('', *, *, #577, .F.);
#5738 = ORIENTED_EDGE ('', *, *, #277, .F.);
#5739 = EDGE_LOOP ('', (#5731, #5736, #5737, #5738));
#5740 = FACE_OUTER_BOUND ('', #5739, .T.);
#5741 = CARTESIAN_POINT ('', (119.754999999999, 143.49999999997, 4.65942497472077));
#5742 = CARTESIAN_POINT ('', (119.754999999999, 143.49999999997, 3.09942497472077));
#5743 = CARTESIAN_POINT ('', (119.754999999999, 144.085786437597, 4.65942497472077));
#5744 = CARTESIAN_POINT ('', (119.754999999999, 144.085786437597, 3.09942497472077));
#5745 = CARTESIAN_POINT ('', (120.169213562372, 144.49999999997, 4.65942497472077));
#5746 = CARTESIAN_POINT ('', (120.169213562372, 144.49999999997, 3.09942497472077));
#5747 = CARTESIAN_POINT ('', (120.754999999999, 144.49999999997, 4.65942497472077));
#5748 = CARTESIAN_POINT ('', (120.754999999999, 144.49999999997, 3.09942497472077));
#5749 = (
   BOUNDED_SURFACE ()
   B_SPLINE_SURFACE (3, 1, ((#5741, #5742), (#5743, #5744), (#5745, #5746), (#5747, #5748)), .UNSPECIFIED., .F., .F., .U.)
   B_SPLINE_SURFACE_WITH_KNOTS ((4, 4), (2, 2), (0., 1.), (0., 1.), .UNSPECIFIED.)
   GEOMETRIC_REPRESENTATION_ITEM ()
   RATIONAL_B_SPLINE_SURFACE (((1., 1.), (0.80473785412434, 0.80473785412434), (0.80473785412434, 0.80473785412434), (1., 1.)))
   REPRESENTATION_ITEM ('')
   SURFACE ()
);
#5750 = ADVANCED_FACE ('', (#5740), #5749, .T.);
#5751 = CARTESIAN_POINT ('', (119.754999999999, 140.999999999968, 3.22675714052078));
#5752 = VERTEX_POINT ('', #5751);
#5753 = CARTESIAN_POINT ('', (119.754999999999, 140.999999999968, 3.22675714052078));
#5754 = CARTESIAN_POINT ('', (119.754999999999, 143.49999999997, 3.22675714052078));
#5755 = B_SPLINE_CURVE_WITH_KNOTS ('', 1, (#5753, #5754), .UNSPECIFIED., .F., .U., (2, 2), (0., 1.), .UNSPECIFIED.);
#5756 = EDGE_CURVE ('', #5752, #5724, #5755, .T.);
#5757 = ORIENTED_EDGE ('', *, *, #5756, .F.);
#5758 = CARTESIAN_POINT ('', (119.754999999999, 140.999999999968, 3.22942497472077));
#5759 = CARTESIAN_POINT ('', (119.754999999999, 140.999999999968, 4.52942497472077));
#5760 = B_SPLINE_CURVE_WITH_KNOTS ('', 1, (#5758, #5759), .UNSPECIFIED., .F., .U., (2, 2), (0., 1.), .UNSPECIFIED.);
#5761 = EDGE_CURVE ('', #5752, #514, #5760, .T.);
#5762 = ORIENTED_EDGE ('', *, *, #5761, .T.);
#5763 = ORIENTED_EDGE ('', *, *, #582, .T.);
#5764 = ORIENTED_EDGE ('', *, *, #5735, .T.);
#5765 = EDGE_LOOP ('', (#5757, #5762, #5763, #5764));
#5766 = FACE_OUTER_BOUND ('', #5765, .T.);
#5767 = CARTESIAN_POINT ('', (119.754999999999, 143.49999999997, 4.52942497472077));
#5768 = CARTESIAN_POINT ('', (119.754999999999, 140.999999999968, 4.52942497472077));
#5769 = CARTESIAN_POINT ('', (119.754999999999, 143.49999999997, 3.22675714052078));
#5770 = CARTESIAN_POINT ('', (119.754999999999, 140.999999999968, 3.22675714052078));
#5771 = B_SPLINE_SURFACE_WITH_KNOTS ('', 1, 1, ((#5767, #5768), (#5769, #5770)), .UNSPECIFIED., .F., .F., .U., (2, 2), (2, 2), (0., 1.), (0., 1.), .UNSPECIFIED.);
#5772 = ADVANCED_FACE ('', (#5766), #5771, .T.);
#5773 = CARTESIAN_POINT ('', (119.754999999999, 140.999999999968, 3.22942497472077));
#5774 = CARTESIAN_POINT ('', (119.754999999999, 140.414213562341, 3.22942497472077));
#5775 = CARTESIAN_POINT ('', (120.169213562372, 139.999999999968, 3.22942497472077));
#5776 = CARTESIAN_POINT ('', (120.754999999999, 139.999999999968, 3.22942497472077));
#5777 = (
   BOUNDED_CURVE ()
   B_SPLINE_CURVE (3, (#5773, #5774, #5775, #5776), .UNSPECIFIED., .F., .U.)
   B_SPLINE_CURVE_WITH_KNOTS ((4, 4), (0., 1.), .UNSPECIFIED.)
   CURVE ()
   GEOMETRIC_REPRESENTATION_ITEM ()
   RATIONAL_B_SPLINE_CURVE ((1., 0.804737854124361, 0.804737854124361, 1.))
   REPRESENTATION_ITEM ('')
);
#5778 = EDGE_CURVE ('', #5752, #446, #5777, .T.);
#5779 = ORIENTED_EDGE ('', *, *, #5778, .T.);
#5780 = ORIENTED_EDGE ('', *, *, #450, .F.);
#5781 = ORIENTED_EDGE ('', *, *, #529, .F.);
#5782 = ORIENTED_EDGE ('', *, *, #5761, .F.);
#5783 = EDGE_LOOP ('', (#5779, #5780, #5781, #5782));
#5784 = FACE_OUTER_BOUND ('', #5783, .T.);
#5785 = CARTESIAN_POINT ('', (120.754999999999, 139.999999999968, 4.65942497472077));
#5786 = CARTESIAN_POINT ('', (120.754999999999, 139.999999999968, 3.09942497472077));
#5787 = CARTESIAN_POINT ('', (120.169213562372, 139.999999999968, 4.65942497472077));
#5788 = CARTESIAN_POINT ('', (120.169213562372, 139.999999999968, 3.09942497472077));
#5789 = CARTESIAN_POINT ('', (119.754999999999, 140.414213562341, 4.65942497472077));
#5790 = CARTESIAN_POINT ('', (119.754999999999, 140.414213562341, 3.09942497472077));
#5791 = CARTESIAN_POINT ('', (119.754999999999, 140.999999999968, 4.65942497472077));
#5792 = CARTESIAN_POINT ('', (119.754999999999, 140.999999999968, 3.09942497472077));
#5793 = (
   BOUNDED_SURFACE ()
   B_SPLINE_SURFACE (3, 1, ((#5785, #5786), (#5787, #5788), (#5789, #5790), (#5791, #5792)), .UNSPECIFIED., .F., .F., .U.)
   B_SPLINE_SURFACE_WITH_KNOTS ((4, 4), (2, 2), (0., 1.), (0., 1.), .UNSPECIFIED.)
   GEOMETRIC_REPRESENTATION_ITEM ()
   RATIONAL_B_SPLINE_SURFACE (((1., 1.), (0.804737854124361, 0.804737854124361), (0.804737854124361, 0.804737854124361), (1., 1.)))
   REPRESENTATION_ITEM ('')
   SURFACE ()
);
#5794 = ADVANCED_FACE ('', (#5784), #5793, .T.);
#5795 = ORIENTED_EDGE ('', *, *, #457, .F.);
#5796 = ORIENTED_EDGE ('', *, *, #5778, .F.);
#5797 = ORIENTED_EDGE ('', *, *, #5756, .T.);
#5798 = ORIENTED_EDGE ('', *, *, #5730, .F.);
#5799 = ORIENTED_EDGE ('', *, *, #270, .F.);
#5800 = CARTESIAN_POINT ('', (48.7549999999979, 143.499999999971, 3.22675714052078));
#5801 = VERTEX_POINT ('', #5800);
#5802 = CARTESIAN_POINT ('', (48.7549999999979, 143.499999999971, 3.22942497472077));
#5803 = CARTESIAN_POINT ('', (48.7549999999979, 144.085786437597, 3.22942497472077));
#5804 = CARTESIAN_POINT ('', (48.3407864376248, 144.49999999997, 3.22942497472077));
#5805 = CARTESIAN_POINT ('', (47.7549999999979, 144.499999999971, 3.22942497472077));
#5806 = (
   BOUNDED_CURVE ()
   B_SPLINE_CURVE (3, (#5802, #5803, #5804, #5805), .UNSPECIFIED., .F., .U.)
   B_SPLINE_CURVE_WITH_KNOTS ((4, 4), (0., 1.), .UNSPECIFIED.)
   CURVE ()
   GEOMETRIC_REPRESENTATION_ITEM ()
   RATIONAL_B_SPLINE_CURVE ((1., 0.804737854124369, 0.804737854124369, 1.))
   REPRESENTATION_ITEM ('')
);
#5807 = EDGE_CURVE ('', #5801, #259, #5806, .T.);
#5808 = ORIENTED_EDGE ('', *, *, #5807, .F.);
#5809 = CARTESIAN_POINT ('', (48.7549999999979, 140.999999999968, 3.22675714052078));
#5810 = VERTEX_POINT ('', #5809);
#5811 = CARTESIAN_POINT ('', (48.7549999999979, 140.999999999968, 3.22675714052078));
#5812 = CARTESIAN_POINT ('', (48.7549999999979, 143.499999999971, 3.22675714052078));
#5813 = B_SPLINE_CURVE_WITH_KNOTS ('', 1, (#5811, #5812), .UNSPECIFIED., .F., .U., (2, 2), (0., 1.), .UNSPECIFIED.);
#5814 = EDGE_CURVE ('', #5810, #5801, #5813, .T.);
#5815 = ORIENTED_EDGE ('', *, *, #5814, .F.);
#5816 = CARTESIAN_POINT ('', (47.7549999999979, 139.999999999968, 3.22942497472077));
#5817 = CARTESIAN_POINT ('', (48.3407864376248, 139.999999999968, 3.22942497472077));
#5818 = CARTESIAN_POINT ('', (48.7549999999979, 140.414213562341, 3.22942497472077));
#5819 = CARTESIAN_POINT ('', (48.7549999999979, 140.999999999968, 3.22942497472077));
#5820 = (
   BOUNDED_CURVE ()
   B_SPLINE_CURVE (3, (#5816, #5817, #5818, #5819), .UNSPECIFIED., .F., .U.)
   B_SPLINE_CURVE_WITH_KNOTS ((4, 4), (0., 1.), .UNSPECIFIED.)
   CURVE ()
   GEOMETRIC_REPRESENTATION_ITEM ()
   RATIONAL_B_SPLINE_CURVE ((1., 0.804737854124365, 0.804737854124365, 1.))
   REPRESENTATION_ITEM ('')
);
#5821 = EDGE_CURVE ('', #453, #5810, #5820, .T.);
#5822 = ORIENTED_EDGE ('', *, *, #5821, .F.);
#5823 = EDGE_LOOP ('', (#5795, #5796, #5797, #5798, #5799, #5808, #5815, #5822));
#5824 = FACE_OUTER_BOUND ('', #5823, .T.);
#5825 = CARTESIAN_POINT ('', (121.192999999999, 144.499999999971, 3.22675714052078));
#5826 = CARTESIAN_POINT ('', (121.192999999999, 139.999999999968, 3.22675714052078));
#5827 = CARTESIAN_POINT ('', (47.3169999999979, 144.499999999971, 3.22675714052078));
#5828 = CARTESIAN_POINT ('', (47.3169999999979, 139.999999999968, 3.22675714052078));
#5829 = B_SPLINE_SURFACE_WITH_KNOTS ('', 1, 1, ((#5825, #5826), (#5827, #5828)), .UNSPECIFIED., .F., .F., .U., (2, 2), (2, 2), (0., 1.), (0., 1.), .UNSPECIFIED.);
#5830 = ADVANCED_FACE ('', (#5824), #5829, .T.);
#5831 = ORIENTED_EDGE ('', *, *, #5807, .T.);
#5832 = ORIENTED_EDGE ('', *, *, #263, .F.);
#5833 = CARTESIAN_POINT ('', (48.7549999999979, 143.499999999971, 4.52942497472077));
#5834 = VERTEX_POINT ('', #5833);
#5835 = CARTESIAN_POINT ('', (48.7549999999979, 143.499999999971, 4.52942497472077));
#5836 = CARTESIAN_POINT ('', (48.7549999999979, 143.63260824489, 4.52942497472077));
#5837 = CARTESIAN_POINT ('', (48.729626510835, 143.760169389012, 4.52942497472077));
#5838 = CARTESIAN_POINT ('', (48.6788795325092, 143.882683432336, 4.52942497472077));
#5839 = CARTESIAN_POINT ('', (48.6281325541834, 144.005197475659, 4.52942497472077));
#5840 = CARTESIAN_POINT ('', (48.5558749704085, 144.113338591933, 4.52942497472077));
#5841 = CARTESIAN_POINT ('', (48.4621067811845, 144.207106781157, 4.52942497472077));
#5842 = CARTESIAN_POINT ('', (48.3683385919605, 144.300874970381, 4.52942497472077));
#5843 = CARTESIAN_POINT ('', (48.2601974756867, 144.373132554156, 4.52942497472077));
#5844 = CARTESIAN_POINT ('', (48.137683432363, 144.423879532482, 4.52942497472077));
#5845 = CARTESIAN_POINT ('', (48.0151693890394, 144.474626510808, 4.52942497472077));
#5846 = CARTESIAN_POINT ('', (47.8876082449177, 144.499999999971, 4.52942497472077));
#5847 = CARTESIAN_POINT ('', (47.7549999999979, 144.499999999971, 4.52942497472077));
#5848 = B_SPLINE_CURVE_WITH_KNOTS ('', 3, (#5835, #5836, #5837, #5838, #5839, #5840, #5841, #5842, #5843, #5844, #5845, #5846, #5847), .UNSPECIFIED., .F., .U., (4, 3, 3, 3, 4), (0., 0.25, 0.5, 0.75, 1.), .UNSPECIFIED.);
#5849 = EDGE_CURVE ('', #5834, #252, #5848, .T.);
#5850 = ORIENTED_EDGE ('', *, *, #5849, .F.);
#5851 = CARTESIAN_POINT ('', (48.7549999999979, 143.499999999971, 3.22942497472077));
#5852 = CARTESIAN_POINT ('', (48.7549999999979, 143.499999999971, 4.52942497472077));
#5853 = B_SPLINE_CURVE_WITH_KNOTS ('', 1, (#5851, #5852), .UNSPECIFIED., .F., .U., (2, 2), (0., 1.), .UNSPECIFIED.);
#5854 = EDGE_CURVE ('', #5801, #5834, #5853, .T.);
#5855 = ORIENTED_EDGE ('', *, *, #5854, .F.);
#5856 = EDGE_LOOP ('', (#5831, #5832, #5850, #5855));
#5857 = FACE_OUTER_BOUND ('', #5856, .T.);
#5858 = CARTESIAN_POINT ('', (47.7549999999979, 144.499999999971, 4.65942497472077));
#5859 = CARTESIAN_POINT ('', (47.7549999999979, 144.499999999971, 3.09942497472077));
#5860 = CARTESIAN_POINT ('', (48.3407864376248, 144.49999999997, 4.65942497472077));
#5861 = CARTESIAN_POINT ('', (48.3407864376248, 144.49999999997, 3.09942497472077));
#5862 = CARTESIAN_POINT ('', (48.7549999999979, 144.085786437597, 4.65942497472077));
#5863 = CARTESIAN_POINT ('', (48.7549999999979, 144.085786437597, 3.09942497472077));
#5864 = CARTESIAN_POINT ('', (48.7549999999979, 143.499999999971, 4.65942497472077));
#5865 = CARTESIAN_POINT ('', (48.7549999999979, 143.499999999971, 3.09942497472077));
#5866 = (
   BOUNDED_SURFACE ()
   B_SPLINE_SURFACE (3, 1, ((#5858, #5859), (#5860, #5861), (#5862, #5863), (#5864, #5865)), .UNSPECIFIED., .F., .F., .U.)
   B_SPLINE_SURFACE_WITH_KNOTS ((4, 4), (2, 2), (0., 1.), (0., 1.), .UNSPECIFIED.)
   GEOMETRIC_REPRESENTATION_ITEM ()
   RATIONAL_B_SPLINE_SURFACE (((1., 1.), (0.804737854124369, 0.804737854124369), (0.804737854124369, 0.804737854124369), (1., 1.)))
   REPRESENTATION_ITEM ('')
   SURFACE ()
);
#5867 = ADVANCED_FACE ('', (#5857), #5866, .T.);
#5868 = ORIENTED_EDGE ('', *, *, #256, .F.);
#5869 = ORIENTED_EDGE ('', *, *, #332, .T.);
#5870 = ORIENTED_EDGE ('', *, *, #364, .F.);
#5871 = ORIENTED_EDGE ('', *, *, #414, .T.);
#5872 = ORIENTED_EDGE ('', *, *, #469, .F.);
#5873 = CARTESIAN_POINT ('', (48.7549999999979, 140.999999999968, 4.52942497472077));
#5874 = VERTEX_POINT ('', #5873);
#5875 = CARTESIAN_POINT ('', (47.7549999999979, 139.999999999968, 4.52942497472077));
#5876 = CARTESIAN_POINT ('', (47.8876082449177, 139.999999999968, 4.52942497472077));
#5877 = CARTESIAN_POINT ('', (48.0151693890394, 140.025373489131, 4.52942497472077));
#5878 = CARTESIAN_POINT ('', (48.137683432363, 140.076120467457, 4.52942497472077));
#5879 = CARTESIAN_POINT ('', (48.2601974756866, 140.126867445783, 4.52942497472077));
#5880 = CARTESIAN_POINT ('', (48.3683385919604, 140.199125029558, 4.52942497472077));
#5881 = CARTESIAN_POINT ('', (48.4621067811845, 140.292893218782, 4.52942497472077));
#5882 = CARTESIAN_POINT ('', (48.5558749704085, 140.386661408006, 4.52942497472077));
#5883 = CARTESIAN_POINT ('', (48.6281325541834, 140.494802524279, 4.52942497472077));
#5884 = CARTESIAN_POINT ('', (48.6788795325092, 140.617316567603, 4.52942497472077));
#5885 = CARTESIAN_POINT ('', (48.729626510835, 140.739830610927, 4.52942497472077));
#5886 = CARTESIAN_POINT ('', (48.7549999999979, 140.867391755048, 4.52942497472077));
#5887 = CARTESIAN_POINT ('', (48.7549999999979, 140.999999999968, 4.52942497472077));
#5888 = B_SPLINE_CURVE_WITH_KNOTS ('', 3, (#5875, #5876, #5877, #5878, #5879, #5880, #5881, #5882, #5883, #5884, #5885, #5886, #5887), .UNSPECIFIED., .F., .U., (4, 3, 3, 3, 4), (0., 0.25, 0.5, 0.75, 1.), .UNSPECIFIED.);
#5889 = EDGE_CURVE ('', #460, #5874, #5888, .T.);
#5890 = ORIENTED_EDGE ('', *, *, #5889, .T.);
#5891 = CARTESIAN_POINT ('', (48.7549999999979, 143.499999999971, 4.52942497472077));
#5892 = CARTESIAN_POINT ('', (48.7549999999979, 140.999999999968, 4.52942497472077));
#5893 = B_SPLINE_CURVE_WITH_KNOTS ('', 1, (#5891, #5892), .UNSPECIFIED., .F., .U., (2, 2), (0., 1.), .UNSPECIFIED.);
#5894 = EDGE_CURVE ('', #5834, #5874, #5893, .T.);
#5895 = ORIENTED_EDGE ('', *, *, #5894, .F.);
#5896 = ORIENTED_EDGE ('', *, *, #5849, .T.);
#5897 = EDGE_LOOP ('', (#5868, #5869, #5870, #5871, #5872, #5890, #5895, #5896));
#5898 = FACE_OUTER_BOUND ('', #5897, .T.);
#5899 = CARTESIAN_POINT ('', (47.5633539684968, 142.249999999969, 4.52942497472077));
#5900 = VERTEX_POINT ('', #5899);
#5901 = CARTESIAN_POINT ('', (47.5633539684968, 142.249999999969, 4.52942497472077));
#5902 = CARTESIAN_POINT ('', (47.5633539684968, 142.110761342804, 4.52942497472077));
#5903 = CARTESIAN_POINT ('', (47.5367118048758, 141.976822141476, 4.52942497472077));
#5904 = CARTESIAN_POINT ('', (47.4834274776337, 141.848182395986, 4.52942497472077));
#5905 = CARTESIAN_POINT ('', (47.4301431503916, 141.719542650496, 4.52942497472077));
#5906 = CARTESIAN_POINT ('', (47.3542726874279, 141.605994478409, 4.52942497472077));
#5907 = CARTESIAN_POINT ('', (47.2558160887427, 141.507537879723, 4.52942497472077));
#5908 = CARTESIAN_POINT ('', (47.1573594900575, 141.409081281038, 4.52942497472077));
#5909 = CARTESIAN_POINT ('', (47.0438113179699, 141.333210818075, 4.52942497472077));
#5910 = CARTESIAN_POINT ('', (46.9151715724801, 141.279926490832, 4.52942497472077));
#5911 = CARTESIAN_POINT ('', (46.7865318269904, 141.22664216359, 4.52942497472077));
#5912 = CARTESIAN_POINT ('', (46.6525926256626, 141.199999999969, 4.52942497472077));
#5913 = CARTESIAN_POINT ('', (46.5133539684968, 141.199999999969, 4.52942497472077));
#5914 = CARTESIAN_POINT ('', (46.374115311331, 141.199999999969, 4.52942497472077));
#5915 = CARTESIAN_POINT ('', (46.2401761100033, 141.22664216359, 4.52942497472077));
#5916 = CARTESIAN_POINT ('', (46.1115363645135, 141.279926490832, 4.52942497472077));
#5917 = CARTESIAN_POINT ('', (45.9828966190237, 141.333210818075, 4.52942497472077));
#5918 = CARTESIAN_POINT ('', (45.8693484469361, 141.409081281038, 4.52942497472077));
#5919 = CARTESIAN_POINT ('', (45.7708918482509, 141.507537879723, 4.52942497472077));
#5920 = CARTESIAN_POINT ('', (45.6724352495657, 141.605994478409, 4.52942497472077));
#5921 = CARTESIAN_POINT ('', (45.596564786602, 141.719542650496, 4.52942497472077));
#5922 = CARTESIAN_POINT ('', (45.5432804593599, 141.848182395986, 4.52942497472077));
#5923 = CARTESIAN_POINT ('', (45.4899961321178, 141.976822141476, 4.52942497472077));
#5924 = CARTESIAN_POINT ('', (45.4633539684968, 142.110761342804, 4.52942497472077));
#5925 = CARTESIAN_POINT ('', (45.4633539684968, 142.249999999969, 4.52942497472077));
#5926 = CARTESIAN_POINT ('', (45.4633539684968, 142.389238657135, 4.52942497472077));
#5927 = CARTESIAN_POINT ('', (45.4899961321178, 142.523177858463, 4.52942497472077));
#5928 = CARTESIAN_POINT ('', (45.5432804593599, 142.651817603953, 4.52942497472077));
#5929 = CARTESIAN_POINT ('', (45.596564786602, 142.780457349443, 4.52942497472077));
#5930 = CARTESIAN_POINT ('', (45.6724352495657, 142.89400552153, 4.52942497472077));
#5931 = CARTESIAN_POINT ('', (45.7708918482509, 142.992462120215, 4.52942497472077));
#5932 = CARTESIAN_POINT ('', (45.8693484469361, 143.0909187189, 4.52942497472077));
#5933 = CARTESIAN_POINT ('', (45.9828966190237, 143.166789181864, 4.52942497472077));
#5934 = CARTESIAN_POINT ('', (46.1115363645134, 143.220073509106, 4.52942497472077));
#5935 = CARTESIAN_POINT ('', (46.2401761100032, 143.273357836348, 4.52942497472077));
#5936 = CARTESIAN_POINT ('', (46.374115311331, 143.299999999969, 4.52942497472077));
#5937 = CARTESIAN_POINT ('', (46.5133539684968, 143.299999999969, 4.52942497472077));
#5938 = CARTESIAN_POINT ('', (46.6525926256626, 143.299999999969, 4.52942497472077));
#5939 = CARTESIAN_POINT ('', (46.7865318269903, 143.273357836348, 4.52942497472077));
#5940 = CARTESIAN_POINT ('', (46.9151715724801, 143.220073509106, 4.52942497472077));
#5941 = CARTESIAN_POINT ('', (47.0438113179699, 143.166789181864, 4.52942497472077));
#5942 = CARTESIAN_POINT ('', (47.1573594900575, 143.0909187189, 4.52942497472077));
#5943 = CARTESIAN_POINT ('', (47.2558160887427, 142.992462120215, 4.52942497472077));
#5944 = CARTESIAN_POINT ('', (47.3542726874279, 142.89400552153, 4.52942497472077));
#5945 = CARTESIAN_POINT ('', (47.4301431503916, 142.780457349442, 4.52942497472077));
#5946 = CARTESIAN_POINT ('', (47.4834274776337, 142.651817603953, 4.52942497472077));
#5947 = CARTESIAN_POINT ('', (47.5367118048758, 142.523177858463, 4.52942497472077));
#5948 = CARTESIAN_POINT ('', (47.5633539684968, 142.389238657135, 4.52942497472077));
#5949 = CARTESIAN_POINT ('', (47.5633539684968, 142.249999999969, 4.52942497472077));
#5950 = B_SPLINE_CURVE_WITH_KNOTS ('', 3, (#5901, #5902, #5903, #5904, #5905, #5906, #5907, #5908, #5909, #5910, #5911, #5912, #5913, #5914, #5915, #5916, #5917, #5918, #5919, #5920, #5921, #5922, #5923, #5924, #5925, #5926, #5927, #5928, #5929, #5930, #5931, #5932, #5933, #5934, #5935, #5936, #5937, #5938, #5939, #5940, #5941, #5942, #5943, #5944, #5945, #5946, #5947, #5948, #5949), .UNSPECIFIED., .T., .U., (4, 3, 3, 3, 3, 3, 3, 3, 3, 3, 3, 3, 3, 3, 3, 3, 4), (0., 0.0625, 0.125, 0.1875, 0.25, 0.3125, 0.375, 0.4375, 0.5, 0.5625, 0.625, 0.6875, 0.75, 0.8125, 0.875, 0.9375, 1.), .UNSPECIFIED.);
#5951 = EDGE_CURVE ('', #5900, #5900, #5950, .T.);
#5952 = ORIENTED_EDGE ('', *, *, #5951, .T.);
#5953 = EDGE_LOOP ('', (#5952));
#5954 = FACE_BOUND ('', #5953, .T.);
#5955 = CARTESIAN_POINT ('', (48.7549999999979, 144.499999999971, 4.52942497472077));
#5956 = CARTESIAN_POINT ('', (48.7549999999979, 139.999999999968, 4.52942497472077));
#5957 = CARTESIAN_POINT ('', (44.2717079369957, 144.499999999971, 4.52942497472077));
#5958 = CARTESIAN_POINT ('', (44.2717079369957, 139.999999999968, 4.52942497472077));
#5959 = B_SPLINE_SURFACE_WITH_KNOTS ('', 1, 1, ((#5955, #5956), (#5957, #5958)), .UNSPECIFIED., .F., .F., .U., (2, 2), (2, 2), (0., 1.), (0., 1.), .UNSPECIFIED.);
#5960 = ADVANCED_FACE ('', (#5898, #5954), #5959, .T.);
#5961 = CARTESIAN_POINT ('', (47.5633539684968, 142.249999999969, 1.52942497472077));
#5962 = VERTEX_POINT ('', #5961);
#5963 = CARTESIAN_POINT ('', (47.5633539684968, 142.249999999969, 4.52942497472077));
#5964 = CARTESIAN_POINT ('', (47.5633539684968, 142.249999999969, 1.52942497472077));
#5965 = B_SPLINE_CURVE_WITH_KNOTS ('', 1, (#5963, #5964), .UNSPECIFIED., .F., .U., (2, 2), (0., 1.), .UNSPECIFIED.);
#5966 = EDGE_CURVE ('', #5900, #5962, #5965, .T.);
#5967 = ORIENTED_EDGE ('', *, *, #5966, .T.);
#5968 = CARTESIAN_POINT ('', (47.5633539684968, 142.249999999969, 1.52942497472078));
#5969 = CARTESIAN_POINT ('', (47.5633539684968, 142.389238657135, 1.52942497472078));
#5970 = CARTESIAN_POINT ('', (47.5367118048758, 142.523177858463, 1.52942497472077));
#5971 = CARTESIAN_POINT ('', (47.4834274776337, 142.651817603953, 1.52942497472077));
#5972 = CARTESIAN_POINT ('', (47.4301431503915, 142.780457349443, 1.52942497472077));
#5973 = CARTESIAN_POINT ('', (47.3542726874279, 142.89400552153, 1.52942497472077));
#5974 = CARTESIAN_POINT ('', (47.2558160887427, 142.992462120215, 1.52942497472077));
#5975 = CARTESIAN_POINT ('', (47.1573594900575, 143.0909187189, 1.52942497472077));
#5976 = CARTESIAN_POINT ('', (47.0438113179699, 143.166789181864, 1.52942497472077));
#5977 = CARTESIAN_POINT ('', (46.9151715724801, 143.220073509106, 1.52942497472077));
#5978 = CARTESIAN_POINT ('', (46.7865318269903, 143.273357836348, 1.52942497472077));
#5979 = CARTESIAN_POINT ('', (46.6525926256626, 143.299999999969, 1.52942497472078));
#5980 = CARTESIAN_POINT ('', (46.5133539684968, 143.299999999969, 1.52942497472078));
#5981 = CARTESIAN_POINT ('', (46.374115311331, 143.299999999969, 1.52942497472078));
#5982 = CARTESIAN_POINT ('', (46.2401761100033, 143.273357836348, 1.52942497472077));
#5983 = CARTESIAN_POINT ('', (46.1115363645135, 143.220073509106, 1.52942497472077));
#5984 = CARTESIAN_POINT ('', (45.9828966190237, 143.166789181864, 1.52942497472077));
#5985 = CARTESIAN_POINT ('', (45.8693484469361, 143.0909187189, 1.52942497472077));
#5986 = CARTESIAN_POINT ('', (45.7708918482509, 142.992462120215, 1.52942497472077));
#5987 = CARTESIAN_POINT ('', (45.6724352495657, 142.89400552153, 1.52942497472077));
#5988 = CARTESIAN_POINT ('', (45.596564786602, 142.780457349442, 1.52942497472077));
#5989 = CARTESIAN_POINT ('', (45.5432804593599, 142.651817603953, 1.52942497472077));
#5990 = CARTESIAN_POINT ('', (45.4899961321178, 142.523177858463, 1.52942497472077));
#5991 = CARTESIAN_POINT ('', (45.4633539684968, 142.389238657135, 1.52942497472077));
#5992 = CARTESIAN_POINT ('', (45.4633539684968, 142.249999999969, 1.52942497472077));
#5993 = CARTESIAN_POINT ('', (45.4633539684968, 142.110761342804, 1.52942497472077));
#5994 = CARTESIAN_POINT ('', (45.4899961321178, 141.976822141476, 1.52942497472077));
#5995 = CARTESIAN_POINT ('', (45.5432804593599, 141.848182395986, 1.52942497472077));
#5996 = CARTESIAN_POINT ('', (45.596564786602, 141.719542650496, 1.52942497472077));
#5997 = CARTESIAN_POINT ('', (45.6724352495657, 141.605994478409, 1.52942497472077));
#5998 = CARTESIAN_POINT ('', (45.7708918482509, 141.507537879723, 1.52942497472077));
#5999 = CARTESIAN_POINT ('', (45.8693484469361, 141.409081281038, 1.52942497472077));
#6000 = CARTESIAN_POINT ('', (45.9828966190237, 141.333210818075, 1.52942497472077));
#6001 = CARTESIAN_POINT ('', (46.1115363645134, 141.279926490833, 1.52942497472077));
#6002 = CARTESIAN_POINT ('', (46.2401761100032, 141.22664216359, 1.52942497472077));
#6003 = CARTESIAN_POINT ('', (46.374115311331, 141.199999999969, 1.52942497472077));
#6004 = CARTESIAN_POINT ('', (46.5133539684968, 141.199999999969, 1.52942497472077));
#6005 = CARTESIAN_POINT ('', (46.6525926256626, 141.199999999969, 1.52942497472077));
#6006 = CARTESIAN_POINT ('', (46.7865318269903, 141.22664216359, 1.52942497472077));
#6007 = CARTESIAN_POINT ('', (46.9151715724801, 141.279926490832, 1.52942497472077));
#6008 = CARTESIAN_POINT ('', (47.0438113179699, 141.333210818075, 1.52942497472077));
#6009 = CARTESIAN_POINT ('', (47.1573594900575, 141.409081281038, 1.52942497472077));
#6010 = CARTESIAN_POINT ('', (47.2558160887427, 141.507537879723, 1.52942497472077));
#6011 = CARTESIAN_POINT ('', (47.3542726874279, 141.605994478409, 1.52942497472077));
#6012 = CARTESIAN_POINT ('', (47.4301431503916, 141.719542650496, 1.52942497472077));
#6013 = CARTESIAN_POINT ('', (47.4834274776337, 141.848182395986, 1.52942497472077));
#6014 = CARTESIAN_POINT ('', (47.5367118048758, 141.976822141476, 1.52942497472077));
#6015 = CARTESIAN_POINT ('', (47.5633539684968, 142.110761342804, 1.52942497472078));
#6016 = CARTESIAN_POINT ('', (47.5633539684968, 142.249999999969, 1.52942497472078));
#6017 = B_SPLINE_CURVE_WITH_KNOTS ('', 3, (#5968, #5969, #5970, #5971, #5972, #5973, #5974, #5975, #5976, #5977, #5978, #5979, #5980, #5981, #5982, #5983, #5984, #5985, #5986, #5987, #5988, #5989, #5990, #5991, #5992, #5993, #5994, #5995, #5996, #5997, #5998, #5999, #6000, #6001, #6002, #6003, #6004, #6005, #6006, #6007, #6008, #6009, #6010, #6011, #6012, #6013, #6014, #6015, #6016), .UNSPECIFIED., .T., .U., (4, 3, 3, 3, 3, 3, 3, 3, 3, 3, 3, 3, 3, 3, 3, 3, 4), (0., 0.0625, 0.125, 0.1875, 0.25, 0.3125, 0.375, 0.4375, 0.5, 0.5625, 0.625, 0.6875, 0.75, 0.8125, 0.875, 0.9375, 1.), .UNSPECIFIED.);
#6018 = EDGE_CURVE ('', #5962, #5962, #6017, .T.);
#6019 = ORIENTED_EDGE ('', *, *, #6018, .F.);
#6020 = ORIENTED_EDGE ('', *, *, #5966, .F.);
#6021 = ORIENTED_EDGE ('', *, *, #5951, .F.);
#6022 = EDGE_LOOP ('', (#5967, #6019, #6020, #6021));
#6023 = FACE_OUTER_BOUND ('', #6022, .T.);
#6024 = CARTESIAN_POINT ('', (47.5633539684968, 142.249999999969, 4.82942497472077));
#6025 = CARTESIAN_POINT ('', (47.5633539684968, 142.249999999969, 1.22942497472077));
#6026 = CARTESIAN_POINT ('', (47.5633539684968, 144.349999999969, 4.82942497472077));
#6027 = CARTESIAN_POINT ('', (47.5633539684968, 144.349999999969, 1.22942497472078));
#6028 = CARTESIAN_POINT ('', (45.4633539684968, 144.349999999969, 4.82942497472077));
#6029 = CARTESIAN_POINT ('', (45.4633539684968, 144.349999999969, 1.22942497472078));
#6030 = CARTESIAN_POINT ('', (45.4633539684968, 142.249999999969, 4.82942497472077));
#6031 = CARTESIAN_POINT ('', (45.4633539684968, 142.249999999969, 1.22942497472077));
#6032 = CARTESIAN_POINT ('', (45.4633539684968, 140.149999999969, 4.82942497472077));
#6033 = CARTESIAN_POINT ('', (45.4633539684968, 140.149999999969, 1.22942497472078));
#6034 = CARTESIAN_POINT ('', (47.5633539684968, 140.149999999969, 4.82942497472077));
#6035 = CARTESIAN_POINT ('', (47.5633539684968, 140.149999999969, 1.22942497472078));
#6036 = CARTESIAN_POINT ('', (47.5633539684968, 142.249999999969, 4.82942497472077));
#6037 = CARTESIAN_POINT ('', (47.5633539684968, 142.249999999969, 1.22942497472077));
#6038 = (
   BOUNDED_SURFACE ()
   B_SPLINE_SURFACE (3, 1, ((#6024, #6025), (#6026, #6027), (#6028, #6029), (#6030, #6031), (#6032, #6033), (#6034, #6035), (#6036, #6037)), .UNSPECIFIED., .T., .F., .U.)
   B_SPLINE_SURFACE_WITH_KNOTS ((4, 3, 4), (2, 2), (0., 0.5, 1.), (0., 1.), .UNSPECIFIED.)
   GEOMETRIC_REPRESENTATION_ITEM ()
   RATIONAL_B_SPLINE_SURFACE (((1., 1.), (0.333333333333333, 0.333333333333333), (0.333333333333333, 0.333333333333333), (1., 1.), (0.333333333333333, 0.333333333333333), (0.333333333333333, 0.333333333333333), (1., 1.)))
   REPRESENTATION_ITEM ('')
   SURFACE ()
);
#6039 = ADVANCED_FACE ('', (#6023), #6038, .T.);
#6040 = ORIENTED_EDGE ('', *, *, #6018, .T.);
#6041 = EDGE_LOOP ('', (#6040));
#6042 = FACE_OUTER_BOUND ('', #6041, .T.);
#6043 = CARTESIAN_POINT ('', (47.5759539684968, 143.312599999969, 1.52942497472077));
#6044 = CARTESIAN_POINT ('', (47.5759539684968, 141.187399999969, 1.52942497472077));
#6045 = CARTESIAN_POINT ('', (45.4507539684968, 143.312599999969, 1.52942497472077));
#6046 = CARTESIAN_POINT ('', (45.4507539684968, 141.187399999969, 1.52942497472077));
#6047 = B_SPLINE_SURFACE_WITH_KNOTS ('', 1, 1, ((#6043, #6044), (#6045, #6046)), .UNSPECIFIED., .F., .F., .U., (2, 2), (2, 2), (0., 1.), (0., 1.), .UNSPECIFIED.);
#6048 = ADVANCED_FACE ('', (#6042), #6047, .T.);
#6049 = ORIENTED_EDGE ('', *, *, #5821, .T.);
#6050 = CARTESIAN_POINT ('', (48.7549999999979, 140.999999999968, 4.52942497472077));
#6051 = CARTESIAN_POINT ('', (48.7549999999979, 140.999999999968, 3.22942497472077));
#6052 = B_SPLINE_CURVE_WITH_KNOTS ('', 1, (#6050, #6051), .UNSPECIFIED., .F., .U., (2, 2), (0., 1.), .UNSPECIFIED.);
#6053 = EDGE_CURVE ('', #5874, #5810, #6052, .T.);
#6054 = ORIENTED_EDGE ('', *, *, #6053, .F.);
#6055 = ORIENTED_EDGE ('', *, *, #5889, .F.);
#6056 = ORIENTED_EDGE ('', *, *, #464, .F.);
#6057 = EDGE_LOOP ('', (#6049, #6054, #6055, #6056));
#6058 = FACE_OUTER_BOUND ('', #6057, .T.);
#6059 = CARTESIAN_POINT ('', (48.7549999999979, 140.999999999968, 4.65942497472077));
#6060 = CARTESIAN_POINT ('', (48.7549999999979, 140.999999999968, 3.09942497472077));
#6061 = CARTESIAN_POINT ('', (48.7549999999979, 140.414213562341, 4.65942497472077));
#6062 = CARTESIAN_POINT ('', (48.7549999999979, 140.414213562341, 3.09942497472077));
#6063 = CARTESIAN_POINT ('', (48.3407864376248, 139.999999999968, 4.65942497472077));
#6064 = CARTESIAN_POINT ('', (48.3407864376248, 139.999999999968, 3.09942497472077));
#6065 = CARTESIAN_POINT ('', (47.7549999999979, 139.999999999968, 4.65942497472077));
#6066 = CARTESIAN_POINT ('', (47.7549999999979, 139.999999999968, 3.09942497472077));
#6067 = (
   BOUNDED_SURFACE ()
   B_SPLINE_SURFACE (3, 1, ((#6059, #6060), (#6061, #6062), (#6063, #6064), (#6065, #6066)), .UNSPECIFIED., .F., .F., .U.)
   B_SPLINE_SURFACE_WITH_KNOTS ((4, 4), (2, 2), (0., 1.), (0., 1.), .UNSPECIFIED.)
   GEOMETRIC_REPRESENTATION_ITEM ()
   RATIONAL_B_SPLINE_SURFACE (((1., 1.), (0.804737854124365, 0.804737854124365), (0.804737854124365, 0.804737854124365), (1., 1.)))
   REPRESENTATION_ITEM ('')
   SURFACE ()
);
#6068 = ADVANCED_FACE ('', (#6058), #6067, .T.);
#6069 = ORIENTED_EDGE ('', *, *, #5814, .T.);
#6070 = ORIENTED_EDGE ('', *, *, #5854, .T.);
#6071 = ORIENTED_EDGE ('', *, *, #5894, .T.);
#6072 = ORIENTED_EDGE ('', *, *, #6053, .T.);
#6073 = EDGE_LOOP ('', (#6069, #6070, #6071, #6072));
#6074 = FACE_OUTER_BOUND ('', #6073, .T.);
#6075 = CARTESIAN_POINT ('', (48.7549999999979, 143.499999999971, 3.22675714052078));
#6076 = CARTESIAN_POINT ('', (48.7549999999979, 140.999999999968, 3.22675714052078));
#6077 = CARTESIAN_POINT ('', (48.7549999999979, 143.499999999971, 4.52942497472077));
#6078 = CARTESIAN_POINT ('', (48.7549999999979, 140.999999999968, 4.52942497472077));
#6079 = B_SPLINE_SURFACE_WITH_KNOTS ('', 1, 1, ((#6075, #6076), (#6077, #6078)), .UNSPECIFIED., .F., .F., .U., (2, 2), (2, 2), (0., 1.), (0., 1.), .UNSPECIFIED.);
#6080 = ADVANCED_FACE ('', (#6074), #6079, .T.);
#6081 = CLOSED_SHELL ('', (#53, #81, #126, #182, #236, #292, #346, #374, #428, #512, #759, #838, #847, #926, #935, #1014, #1023, #1051, #1094, #1199, #1215, #1243, #1280, #1525, #1604, #1613, #1692, #1701, #1735, #1757, #1785, #1829, #1871, #1908, #1930, #1967, #2005, #2059, #2087, #2123, #2172, #2225, #2528, #2607, #2616, #2695, #2704, #2783, #2792, #2828, #2856, #2878, #2900, #2916, #2932, #2960, #2982, #3030, #3291, #3370, #3379, #3458, #3467, #3546, #3555, #3583, #3605, #3627, #3663, #3687, #3699, #3715, #3731, #3759, #3779, #3801, #3817, #3839, #3859, #3871, #3887, #4092, #4112, #4128, #4148, #4164, #4180, #4226, #4254, #4292, #4320, #4348, #4384, #4726, #4805, #4814, #4893, #4902, #4981, #4990, #5069, #5078, #5116, #5136, #5158, #5180, #5218, #5238, #5266, #5288, #5326, #5354, #5382, #5404, #5442, #5470, #5500, #5528, #5558, #5586, #5602, #5624, #5654, #5676, #5706, #5722, #5750, #5772, #5794, #5830, #5867, #5960, #6039, #6048, #6068, #6080));
#6082 = MANIFOLD_SOLID_BREP ('', #6081);
#6083 = (
   LENGTH_UNIT ()
   NAMED_UNIT (*)
   SI_UNIT (.MILLI., .METRE.)
);
#6084 = (
   NAMED_UNIT (*)
   SI_UNIT ($, .STERADIAN.)
   SOLID_ANGLE_UNIT ()
);
#6085 = (
   NAMED_UNIT (*)
   PLANE_ANGLE_UNIT ()
   SI_UNIT ($, .RADIAN.)
);
#6086 = UNCERTAINTY_MEASURE_WITH_UNIT (LENGTH_MEASURE(1.E-6), #6083, 'DISTANCE_ACCURACY_VALUE', '');
#6087 = (
   GEOMETRIC_REPRESENTATION_CONTEXT (3)
   GLOBAL_UNCERTAINTY_ASSIGNED_CONTEXT ((#6086))
   GLOBAL_UNIT_ASSIGNED_CONTEXT ((#6083, #6084, #6085))
   REPRESENTATION_CONTEXT ('', '3D')
);
#6088 = SHAPE_REPRESENTATION ('', (), #6087);
#6089 = APPLICATION_CONTEXT ('configuration controlled 3D designs of mechanical parts and assemblies');
#6090 = APPLICATION_PROTOCOL_DEFINITION ('International Standard', 'config_control_design', 1997, #6089);
#6091 = MECHANICAL_CONTEXT ('', #6089, 'mechanical');
#6092 = PRODUCT ('', '', '', (#6091));
#6093 = PERSON_AND_ORGANIZATION_ROLE ('design_owner');
#6094 = PERSON ('#6094', '', $, $, $, $);
#6095 = ORGANIZATION ($, '', '');
#6096 = PERSON_AND_ORGANIZATION (#6094, #6095);
#6097 = CC_DESIGN_PERSON_AND_ORGANIZATION_ASSIGNMENT (#6096, #6093, (#6092));
#6098 = PRODUCT_RELATED_PRODUCT_CATEGORY ('detail', $, (#6092));
#6099 = PRODUCT_DEFINITION_FORMATION_WITH_SPECIFIED_SOURCE ('', '', #6092, .NOT_KNOWN.);
#6100 = APPROVAL_STATUS ('approved');
#6101 = APPROVAL (#6100, '');
#6102 = CALENDAR_DATE (2026, 5, 5);
#6103 = COORDINATED_UNIVERSAL_TIME_OFFSET (0, $, .AHEAD.);
#6104 = LOCAL_TIME (18, 17, 31., #6103);
#6105 = DATE_AND_TIME (#6102, #6104);
#6106 = APPROVAL_DATE_TIME (#6105, #6101);
#6107 = APPROVAL_ROLE ('');
#6108 = PERSON ('#6108', '', $, $, $, $);
#6109 = ORGANIZATION ($, '', '');
#6110 = PERSON_AND_ORGANIZATION (#6108, #6109);
#6111 = APPROVAL_PERSON_ORGANIZATION (#6110, #6101, #6107);
#6112 = CC_DESIGN_APPROVAL (#6101, (#6099));
#6113 = PERSON_AND_ORGANIZATION_ROLE ('creator');
#6114 = PERSON ('#6114', '', $, $, $, $);
#6115 = ORGANIZATION ($, '', '');
#6116 = PERSON_AND_ORGANIZATION (#6114, #6115);
#6117 = CC_DESIGN_PERSON_AND_ORGANIZATION_ASSIGNMENT (#6116, #6113, (#6099));
#6118 = PERSON_AND_ORGANIZATION_ROLE ('part_supplier');
#6119 = PERSON ('#6119', '', $, $, $, $);
#6120 = ORGANIZATION ($, '', '');
#6121 = PERSON_AND_ORGANIZATION (#6119, #6120);
#6122 = CC_DESIGN_PERSON_AND_ORGANIZATION_ASSIGNMENT (#6121, #6118, (#6099));
#6123 = SECURITY_CLASSIFICATION_LEVEL ('unclassified');
#6124 = SECURITY_CLASSIFICATION ('', '', #6123);
#6125 = APPROVAL_STATUS ('approved');
#6126 = APPROVAL (#6125, '');
#6127 = CALENDAR_DATE (2026, 5, 5);
#6128 = COORDINATED_UNIVERSAL_TIME_OFFSET (0, $, .AHEAD.);
#6129 = LOCAL_TIME (18, 17, 31., #6128);
#6130 = DATE_AND_TIME (#6127, #6129);
#6131 = APPROVAL_DATE_TIME (#6130, #6126);
#6132 = APPROVAL_ROLE ('');
#6133 = PERSON ('#6133', '', $, $, $, $);
#6134 = ORGANIZATION ($, '', '');
#6135 = PERSON_AND_ORGANIZATION (#6133, #6134);
#6136 = APPROVAL_PERSON_ORGANIZATION (#6135, #6126, #6132);
#6137 = CC_DESIGN_APPROVAL (#6126, (#6124));
#6138 = DATE_TIME_ROLE ('classification_date');
#6139 = CALENDAR_DATE (2026, 5, 5);
#6140 = COORDINATED_UNIVERSAL_TIME_OFFSET (0, $, .AHEAD.);
#6141 = LOCAL_TIME (18, 17, 31., #6140);
#6142 = DATE_AND_TIME (#6139, #6141);
#6143 = CC_DESIGN_DATE_AND_TIME_ASSIGNMENT (#6142, #6138, (#6124));
#6144 = PERSON_AND_ORGANIZATION_ROLE ('classification_officer');
#6145 = PERSON ('#6145', '', $, $, $, $);
#6146 = ORGANIZATION ($, '', '');
#6147 = PERSON_AND_ORGANIZATION (#6145, #6146);
#6148 = CC_DESIGN_PERSON_AND_ORGANIZATION_ASSIGNMENT (#6147, #6144, (#6124));
#6149 = CC_DESIGN_SECURITY_CLASSIFICATION (#6124, (#6099));
#6150 = DESIGN_CONTEXT ('', #6089, 'design');
#6151 = APPROVAL_STATUS ('approved');
#6152 = APPROVAL (#6151, '');
#6153 = CALENDAR_DATE (2026, 5, 5);
#6154 = COORDINATED_UNIVERSAL_TIME_OFFSET (0, $, .AHEAD.);
#6155 = LOCAL_TIME (18, 17, 31., #6154);
#6156 = DATE_AND_TIME (#6153, #6155);
#6157 = APPROVAL_DATE_TIME (#6156, #6152);
#6158 = APPROVAL_ROLE ('');
#6159 = PERSON ('#6159', '', $, $, $, $);
#6160 = ORGANIZATION ($, '', '');
#6161 = PERSON_AND_ORGANIZATION (#6159, #6160);
#6162 = APPROVAL_PERSON_ORGANIZATION (#6161, #6152, #6158);
#6163 = CC_DESIGN_APPROVAL (#6152, (*));
#6164 = DATE_TIME_ROLE ('creation_date');
#6165 = CALENDAR_DATE (2026, 5, 5);
#6166 = COORDINATED_UNIVERSAL_TIME_OFFSET (0, $, .AHEAD.);
#6167 = LOCAL_TIME (18, 17, 31., #6166);
#6168 = DATE_AND_TIME (#6165, #6167);
#6169 = CC_DESIGN_DATE_AND_TIME_ASSIGNMENT (#6168, #6164, (*));
#6170 = PERSON_AND_ORGANIZATION_ROLE ('creator');
#6171 = PERSON ('#6171', '', $, $, $, $);
#6172 = ORGANIZATION ($, '', '');
#6173 = PERSON_AND_ORGANIZATION (#6171, #6172);
#6174 = CC_DESIGN_PERSON_AND_ORGANIZATION_ASSIGNMENT (#6173, #6170, (*));
#6175 = PRODUCT_DEFINITION ('', '', #6099, #6150);
#6176 = PRODUCT_DEFINITION_SHAPE ('', '', #6175);
#6177 = SHAPE_DEFINITION_REPRESENTATION (#6176, #6088);
#6178 = SHAPE_REPRESENTATION_RELATIONSHIP ('', '', #6088, #6179);
#6179 = ADVANCED_BREP_SHAPE_REPRESENTATION ('', (#6082), #6087);
ENDSEC;
END-ISO-10303-21;
