solid STL file created by Vectorworks 2026 Update 4 (Build 854846)
 facet normal 0.00000000000000 0.00000000000000 1.00000000000000
  outer loop
   vertex 97.35664603150113 142.24999999996936 1.52942497472077
   vertex 98.34332328332636 142.60912115046131 1.52942497472077
   vertex 98.16099269677606 142.92492699014022 1.52942497472077
  endloop
 endfacet
 facet normal 0.00000000000000 0.00000000000000 1.00000000000000
  outer loop
   vertex 98.16099269677606 142.92492699014022 1.52942497472077
   vertex 97.88164603150113 143.15932667394301 1.52942497472077
   vertex 97.35664603150113 142.24999999996936 1.52942497472077
  endloop
 endfacet
 facet normal 0.00000000000000 0.00000000000000 1.00000000000000
  outer loop
   vertex 97.88164603150113 143.15932667394301 1.52942497472077
   vertex 97.53897661805141 143.28404814063217 1.52942497472077
   vertex 97.35664603150113 142.24999999996936 1.52942497472077
  endloop
 endfacet
 facet normal 0.00000000000000 0.00000000000000 1.00000000000000
  outer loop
   vertex 97.53897661805141 143.28404814063217 1.52942497472077
   vertex 97.17431544495085 143.28404814063217 1.52942497472077
   vertex 97.35664603150113 142.24999999996936 1.52942497472077
  endloop
 endfacet
 facet normal 0.00000000000000 0.00000000000000 1.00000000000000
  outer loop
   vertex 97.17431544495085 143.28404814063217 1.52942497472077
   vertex 96.83164603150112 143.15932667394301 1.52942497472077
   vertex 97.35664603150113 142.24999999996936 1.52942497472077
  endloop
 endfacet
 facet normal 0.00000000000000 0.00000000000000 1.00000000000000
  outer loop
   vertex 96.83164603150112 143.15932667394301 1.52942497472077
   vertex 96.55229936622619 142.92492699014022 1.52942497472077
   vertex 97.35664603150113 142.24999999996936 1.52942497472077
  endloop
 endfacet
 facet normal 0.00000000000000 0.00000000000000 1.00000000000000
  outer loop
   vertex 96.55229936622619 142.92492699014022 1.52942497472077
   vertex 96.36996877967592 142.60912115046131 1.52942497472077
   vertex 97.35664603150113 142.24999999996936 1.52942497472077
  endloop
 endfacet
 facet normal 0.00000000000000 0.00000000000000 1.00000000000000
  outer loop
   vertex 96.36996877967592 142.60912115046131 1.52942497472077
   vertex 96.30664603150112 142.24999999996936 1.52942497472077
   vertex 97.35664603150113 142.24999999996936 1.52942497472077
  endloop
 endfacet
 facet normal -0.00000000000000 0.00000000000000 1.00000000000000
  outer loop
   vertex 96.30664603150112 142.24999999996936 1.52942497472077
   vertex 96.36996877967592 141.89087884947739 1.52942497472077
   vertex 97.35664603150113 142.24999999996936 1.52942497472077
  endloop
 endfacet
 facet normal -0.00000000000000 0.00000000000000 1.00000000000000
  outer loop
   vertex 96.36996877967592 141.89087884947739 1.52942497472077
   vertex 96.55229936622619 141.57507300979847 1.52942497472077
   vertex 97.35664603150113 142.24999999996936 1.52942497472077
  endloop
 endfacet
 facet normal -0.00000000000000 0.00000000000000 1.00000000000000
  outer loop
   vertex 96.55229936622619 141.57507300979847 1.52942497472077
   vertex 96.83164603150112 141.34067332599568 1.52942497472077
   vertex 97.35664603150113 142.24999999996936 1.52942497472077
  endloop
 endfacet
 facet normal -0.00000000000000 0.00000000000000 1.00000000000000
  outer loop
   vertex 96.83164603150112 141.34067332599568 1.52942497472077
   vertex 97.17431544495085 141.21595185930653 1.52942497472077
   vertex 97.35664603150113 142.24999999996936 1.52942497472077
  endloop
 endfacet
 facet normal 0.00000000000000 0.00000000000000 1.00000000000000
  outer loop
   vertex 97.17431544495085 141.21595185930653 1.52942497472077
   vertex 97.53897661805141 141.21595185930653 1.52942497472077
   vertex 97.35664603150113 142.24999999996936 1.52942497472077
  endloop
 endfacet
 facet normal 0.00000000000000 -0.00000000000000 1.00000000000000
  outer loop
   vertex 97.53897661805141 141.21595185930653 1.52942497472077
   vertex 97.88164603150113 141.34067332599568 1.52942497472077
   vertex 97.35664603150113 142.24999999996936 1.52942497472077
  endloop
 endfacet
 facet normal 0.00000000000000 -0.00000000000000 1.00000000000000
  outer loop
   vertex 97.88164603150113 141.34067332599568 1.52942497472077
   vertex 98.16099269677606 141.57507300979847 1.52942497472077
   vertex 97.35664603150113 142.24999999996936 1.52942497472077
  endloop
 endfacet
 facet normal 0.00000000000000 -0.00000000000000 1.00000000000000
  outer loop
   vertex 98.16099269677606 141.57507300979847 1.52942497472077
   vertex 98.34332328332636 141.89087884947739 1.52942497472077
   vertex 97.35664603150113 142.24999999996936 1.52942497472077
  endloop
 endfacet
 facet normal 0.00000000000000 0.00000000000000 1.00000000000000
  outer loop
   vertex 98.34332328332636 141.89087884947739 1.52942497472077
   vertex 98.40664603150114 142.24999999996936 1.52942497472077
   vertex 97.35664603150113 142.24999999996936 1.52942497472077
  endloop
 endfacet
 facet normal 0.00000000000000 -0.00000000000000 1.00000000000000
  outer loop
   vertex 98.40664603150114 142.24999999996936 1.52942497472077
   vertex 98.34332328332636 142.60912115046131 1.52942497472077
   vertex 97.35664603150113 142.24999999996936 1.52942497472077
  endloop
 endfacet
 facet normal 0.98480775301221 0.17364817766693 -0.00000000000000
  outer loop
   vertex 96.36996877967592 141.89087884947739 1.52942497472077
   vertex 96.30664603150112 142.24999999996936 1.52942497472077
   vertex 96.30664603150112 142.24999999996936 4.52942497472077
  endloop
 endfacet
 facet normal 0.86602540378444 0.50000000000000 0.00000000000000
  outer loop
   vertex 96.55229936622619 141.57507300979847 1.52942497472077
   vertex 96.36996877967592 141.89087884947739 1.52942497472077
   vertex 96.36996877967592 141.89087884947739 4.52942497472077
  endloop
 endfacet
 facet normal 0.64278760968653 0.76604444311898 -0.00000000000000
  outer loop
   vertex 96.83164603150112 141.34067332599568 1.52942497472077
   vertex 96.55229936622619 141.57507300979847 1.52942497472077
   vertex 96.55229936622619 141.57507300979847 4.52942497472077
  endloop
 endfacet
 facet normal 0.34202014332565 0.93969262078591 0.00000000000000
  outer loop
   vertex 97.17431544495085 141.21595185930653 1.52942497472077
   vertex 96.83164603150112 141.34067332599568 1.52942497472077
   vertex 96.83164603150112 141.34067332599568 4.52942497472077
  endloop
 endfacet
 facet normal 0.00000000000000 1.00000000000000 0.00000000000000
  outer loop
   vertex 97.53897661805141 141.21595185930653 1.52942497472077
   vertex 97.17431544495085 141.21595185930653 1.52942497472077
   vertex 97.17431544495085 141.21595185930653 4.52942497472077
  endloop
 endfacet
 facet normal -0.34202014332565 0.93969262078591 -0.00000000000000
  outer loop
   vertex 97.88164603150113 141.34067332599568 1.52942497472077
   vertex 97.53897661805141 141.21595185930653 1.52942497472077
   vertex 97.53897661805141 141.21595185930653 4.52942497472077
  endloop
 endfacet
 facet normal -0.64278760968653 0.76604444311898 0.00000000000000
  outer loop
   vertex 98.16099269677606 141.57507300979847 1.52942497472077
   vertex 97.88164603150113 141.34067332599568 1.52942497472077
   vertex 97.88164603150113 141.34067332599568 4.52942497472077
  endloop
 endfacet
 facet normal -0.86602540378442 0.50000000000003 -0.00000000000000
  outer loop
   vertex 98.34332328332636 141.89087884947739 1.52942497472077
   vertex 98.16099269677606 141.57507300979847 1.52942497472077
   vertex 98.16099269677606 141.57507300979847 4.52942497472077
  endloop
 endfacet
 facet normal -0.98480775301222 0.17364817766689 0.00000000000000
  outer loop
   vertex 98.40664603150114 142.24999999996936 1.52942497472077
   vertex 98.34332328332636 141.89087884947739 1.52942497472077
   vertex 98.34332328332636 141.89087884947739 4.52942497472077
  endloop
 endfacet
 facet normal -0.98480775301221 -0.17364817766690 0.00000000000000
  outer loop
   vertex 98.34332328332636 142.60912115046131 1.52942497472077
   vertex 98.40664603150114 142.24999999996936 1.52942497472077
   vertex 98.40664603150114 142.24999999996936 4.52942497472077
  endloop
 endfacet
 facet normal -0.86602540378442 -0.50000000000003 0.00000000000000
  outer loop
   vertex 98.16099269677606 142.92492699014022 1.52942497472077
   vertex 98.34332328332636 142.60912115046131 1.52942497472077
   vertex 98.34332328332636 142.60912115046131 4.52942497472077
  endloop
 endfacet
 facet normal -0.64278760968653 -0.76604444311898 -0.00000000000000
  outer loop
   vertex 97.88164603150113 143.15932667394301 1.52942497472077
   vertex 98.16099269677606 142.92492699014022 1.52942497472077
   vertex 98.16099269677606 142.92492699014022 4.52942497472077
  endloop
 endfacet
 facet normal -0.34202014332565 -0.93969262078591 0.00000000000000
  outer loop
   vertex 97.53897661805141 143.28404814063217 1.52942497472077
   vertex 97.88164603150113 143.15932667394301 1.52942497472077
   vertex 97.88164603150113 143.15932667394301 4.52942497472077
  endloop
 endfacet
 facet normal 0.00000000000000 -1.00000000000000 0.00000000000000
  outer loop
   vertex 97.17431544495085 143.28404814063217 1.52942497472077
   vertex 97.53897661805141 143.28404814063217 1.52942497472077
   vertex 97.53897661805141 143.28404814063217 4.52942497472077
  endloop
 endfacet
 facet normal 0.34202014332565 -0.93969262078591 -0.00000000000000
  outer loop
   vertex 96.83164603150112 143.15932667394301 1.52942497472077
   vertex 97.17431544495085 143.28404814063217 1.52942497472077
   vertex 97.17431544495085 143.28404814063217 4.52942497472077
  endloop
 endfacet
 facet normal 0.64278760968653 -0.76604444311898 0.00000000000000
  outer loop
   vertex 96.55229936622619 142.92492699014022 1.52942497472077
   vertex 96.83164603150112 143.15932667394301 1.52942497472077
   vertex 96.83164603150112 143.15932667394301 4.52942497472077
  endloop
 endfacet
 facet normal 0.86602540378444 -0.50000000000000 -0.00000000000000
  outer loop
   vertex 96.36996877967592 142.60912115046131 1.52942497472077
   vertex 96.55229936622619 142.92492699014022 1.52942497472077
   vertex 96.55229936622619 142.92492699014022 4.52942497472077
  endloop
 endfacet
 facet normal 0.98480775301221 -0.17364817766694 0.00000000000000
  outer loop
   vertex 96.30664603150112 142.24999999996936 1.52942497472077
   vertex 96.36996877967592 142.60912115046131 1.52942497472077
   vertex 96.36996877967592 142.60912115046131 4.52942497472077
  endloop
 endfacet
 facet normal 0.98480775301221 -0.17364817766694 0.00000000000000
  outer loop
   vertex 96.36996877967592 142.60912115046131 4.52942497472077
   vertex 96.30664603150112 142.24999999996936 4.52942497472077
   vertex 96.30664603150112 142.24999999996936 1.52942497472077
  endloop
 endfacet
 facet normal 0.86602540378444 -0.50000000000000 -0.00000000000000
  outer loop
   vertex 96.55229936622619 142.92492699014022 4.52942497472077
   vertex 96.36996877967592 142.60912115046131 4.52942497472077
   vertex 96.36996877967592 142.60912115046131 1.52942497472077
  endloop
 endfacet
 facet normal 0.64278760968653 -0.76604444311898 0.00000000000000
  outer loop
   vertex 96.83164603150112 143.15932667394301 4.52942497472077
   vertex 96.55229936622619 142.92492699014022 4.52942497472077
   vertex 96.55229936622619 142.92492699014022 1.52942497472077
  endloop
 endfacet
 facet normal 0.34202014332565 -0.93969262078591 -0.00000000000000
  outer loop
   vertex 97.17431544495085 143.28404814063217 4.52942497472077
   vertex 96.83164603150112 143.15932667394301 4.52942497472077
   vertex 96.83164603150112 143.15932667394301 1.52942497472077
  endloop
 endfacet
 facet normal -0.00000000000000 -1.00000000000000 0.00000000000000
  outer loop
   vertex 97.53897661805141 143.28404814063217 4.52942497472077
   vertex 97.17431544495085 143.28404814063217 4.52942497472077
   vertex 97.17431544495085 143.28404814063217 1.52942497472077
  endloop
 endfacet
 facet normal -0.34202014332565 -0.93969262078591 0.00000000000000
  outer loop
   vertex 97.88164603150113 143.15932667394301 4.52942497472077
   vertex 97.53897661805141 143.28404814063217 4.52942497472077
   vertex 97.53897661805141 143.28404814063217 1.52942497472077
  endloop
 endfacet
 facet normal -0.64278760968653 -0.76604444311898 -0.00000000000000
  outer loop
   vertex 98.16099269677606 142.92492699014022 4.52942497472077
   vertex 97.88164603150113 143.15932667394301 4.52942497472077
   vertex 97.88164603150113 143.15932667394301 1.52942497472077
  endloop
 endfacet
 facet normal -0.86602540378442 -0.50000000000003 0.00000000000000
  outer loop
   vertex 98.34332328332636 142.60912115046131 4.52942497472077
   vertex 98.16099269677606 142.92492699014022 4.52942497472077
   vertex 98.16099269677606 142.92492699014022 1.52942497472077
  endloop
 endfacet
 facet normal -0.98480775301221 -0.17364817766690 0.00000000000000
  outer loop
   vertex 98.40664603150114 142.24999999996936 4.52942497472077
   vertex 98.34332328332636 142.60912115046131 4.52942497472077
   vertex 98.34332328332636 142.60912115046131 1.52942497472077
  endloop
 endfacet
 facet normal -0.98480775301222 0.17364817766689 0.00000000000000
  outer loop
   vertex 98.34332328332636 141.89087884947739 4.52942497472077
   vertex 98.40664603150114 142.24999999996936 4.52942497472077
   vertex 98.40664603150114 142.24999999996936 1.52942497472077
  endloop
 endfacet
 facet normal -0.86602540378442 0.50000000000003 -0.00000000000000
  outer loop
   vertex 98.16099269677606 141.57507300979847 4.52942497472077
   vertex 98.34332328332636 141.89087884947739 4.52942497472077
   vertex 98.34332328332636 141.89087884947739 1.52942497472077
  endloop
 endfacet
 facet normal -0.64278760968653 0.76604444311898 0.00000000000000
  outer loop
   vertex 97.88164603150113 141.34067332599568 4.52942497472077
   vertex 98.16099269677606 141.57507300979847 4.52942497472077
   vertex 98.16099269677606 141.57507300979847 1.52942497472077
  endloop
 endfacet
 facet normal -0.34202014332565 0.93969262078591 -0.00000000000000
  outer loop
   vertex 97.53897661805141 141.21595185930653 4.52942497472077
   vertex 97.88164603150113 141.34067332599568 4.52942497472077
   vertex 97.88164603150113 141.34067332599568 1.52942497472077
  endloop
 endfacet
 facet normal -0.00000000000000 1.00000000000000 0.00000000000000
  outer loop
   vertex 97.17431544495085 141.21595185930653 4.52942497472077
   vertex 97.53897661805141 141.21595185930653 4.52942497472077
   vertex 97.53897661805141 141.21595185930653 1.52942497472077
  endloop
 endfacet
 facet normal 0.34202014332565 0.93969262078591 0.00000000000000
  outer loop
   vertex 96.83164603150112 141.34067332599568 4.52942497472077
   vertex 97.17431544495085 141.21595185930653 4.52942497472077
   vertex 97.17431544495085 141.21595185930653 1.52942497472077
  endloop
 endfacet
 facet normal 0.64278760968653 0.76604444311898 -0.00000000000000
  outer loop
   vertex 96.55229936622619 141.57507300979847 4.52942497472077
   vertex 96.83164603150112 141.34067332599568 4.52942497472077
   vertex 96.83164603150112 141.34067332599568 1.52942497472077
  endloop
 endfacet
 facet normal 0.86602540378444 0.50000000000000 0.00000000000000
  outer loop
   vertex 96.36996877967592 141.89087884947739 4.52942497472077
   vertex 96.55229936622619 141.57507300979847 4.52942497472077
   vertex 96.55229936622619 141.57507300979847 1.52942497472077
  endloop
 endfacet
 facet normal 0.98480775301221 0.17364817766693 -0.00000000000000
  outer loop
   vertex 96.30664603150112 142.24999999996936 4.52942497472077
   vertex 96.36996877967592 141.89087884947739 4.52942497472077
   vertex 96.36996877967592 141.89087884947739 1.52942497472077
  endloop
 endfacet
 facet normal 0.00000000000000 0.00000000000000 1.00000000000000
  outer loop
   vertex 98.16099269677606 142.92492699014022 4.52942497472077
   vertex 98.90730905737719 144.45105651626562 4.52942497472077
   vertex 98.59829206300228 144.49999999997050 4.52942497472077
  endloop
 endfacet
 facet normal 0.00000000000000 0.00000000000000 1.00000000000000
  outer loop
   vertex 98.16099269677606 142.92492699014022 4.52942497472077
   vertex 99.40730905737722 144.08778525226293 4.52942497472077
   vertex 99.18607731529471 144.30901699434540 4.52942497472077
  endloop
 endfacet
 facet normal 0.00000000000000 0.00000000000000 1.00000000000000
  outer loop
   vertex 99.18607731529471 144.30901699434540 4.52942497472077
   vertex 98.90730905737719 144.45105651626562 4.52942497472077
   vertex 98.16099269677606 142.92492699014022 4.52942497472077
  endloop
 endfacet
 facet normal 0.00000000000000 0.00000000000000 1.00000000000000
  outer loop
   vertex 96.55229936622619 142.92492699014022 4.52942497472077
   vertex 95.85112695003463 144.46455741842834 4.52942497472077
   vertex 95.53999474795673 144.31814971739553 4.52942497472077
  endloop
 endfacet
 facet normal 0.00000000000000 -0.00000000000000 1.00000000000000
  outer loop
   vertex 96.55229936622619 142.92492699014022 4.52942497472077
   vertex 96.83164603150112 143.15932667394301 4.52942497472077
   vertex 96.11499999999999 144.49999999997050 4.52942497472077
  endloop
 endfacet
 facet normal -0.00000000000000 0.00000000000000 1.00000000000000
  outer loop
   vertex 98.16099269677606 142.92492699014022 4.52942497472077
   vertex 98.34332328332636 142.60912115046131 4.52942497472077
   vertex 99.59829206300228 143.49999999997053 4.52942497472077
  endloop
 endfacet
 facet normal 0.00000000000000 0.00000000000000 1.00000000000000
  outer loop
   vertex 98.59829206300228 144.49999999997050 4.52942497472077
   vertex 97.53897661805141 143.28404814063217 4.52942497472077
   vertex 97.88164603150113 143.15932667394301 4.52942497472077
  endloop
 endfacet
 facet normal 0.00000000000000 0.00000000000000 1.00000000000000
  outer loop
   vertex 96.11499999999999 144.49999999997050 4.52942497472077
   vertex 97.17431544495085 143.28404814063217 4.52942497472077
   vertex 97.53897661805141 143.28404814063217 4.52942497472077
  endloop
 endfacet
 facet normal 0.00000000000000 0.00000000000000 1.00000000000000
  outer loop
   vertex 96.11499999999999 144.49999999997050 4.52942497472077
   vertex 95.85112695003463 144.46455741842834 4.52942497472077
   vertex 96.55229936622619 142.92492699014022 4.52942497472077
  endloop
 endfacet
 facet normal 0.00000000000000 0.00000000000000 1.00000000000000
  outer loop
   vertex 96.55229936622619 142.92492699014022 4.52942497472077
   vertex 95.15044258154222 143.76387304993591 4.52942497472077
   vertex 95.11500000000001 143.49999999997053 4.52942497472077
  endloop
 endfacet
 facet normal 0.00000000000000 0.00000000000000 1.00000000000000
  outer loop
   vertex 95.11500000000001 143.49999999997053 4.52942497472077
   vertex 95.11500000000001 140.99999999996817 4.52942497472077
   vertex 96.30664603150112 142.24999999996936 4.52942497472077
  endloop
 endfacet
 facet normal 0.00000000000000 0.00000000000000 1.00000000000000
  outer loop
   vertex 96.55229936622619 141.57507300979847 4.52942497472077
   vertex 95.85112695003465 140.03544258151038 4.52942497472077
   vertex 96.11499999999999 139.99999999996820 4.52942497472077
  endloop
 endfacet
 facet normal 0.00000000000000 0.00000000000000 1.00000000000000
  outer loop
   vertex 96.55229936622619 141.57507300979847 4.52942497472077
   vertex 95.29685028257501 140.42499474792490 4.52942497472077
   vertex 95.53999474795674 140.18185028254317 4.52942497472077
  endloop
 endfacet
 facet normal 0.00000000000000 0.00000000000000 1.00000000000000
  outer loop
   vertex 98.16099269677606 141.57507300979847 4.52942497472077
   vertex 97.88164603150113 141.34067332599568 4.52942497472077
   vertex 98.59829206300228 139.99999999996820 4.52942497472077
  endloop
 endfacet
 facet normal 0.00000000000000 0.00000000000000 1.00000000000000
  outer loop
   vertex 99.59829206300228 143.49999999997053 4.52942497472077
   vertex 99.54934857929742 143.80901699434543 4.52942497472077
   vertex 98.16099269677606 142.92492699014022 4.52942497472077
  endloop
 endfacet
 facet normal 0.00000000000000 -0.00000000000000 1.00000000000000
  outer loop
   vertex 97.53897661805141 143.28404814063217 4.52942497472077
   vertex 98.59829206300228 144.49999999997050 4.52942497472077
   vertex 96.11499999999999 144.49999999997050 4.52942497472077
  endloop
 endfacet
 facet normal 0.00000000000000 0.00000000000000 1.00000000000000
  outer loop
   vertex 95.53999474795673 144.31814971739553 4.52942497472077
   vertex 95.29685028257498 144.07500525201382 4.52942497472077
   vertex 96.55229936622619 142.92492699014022 4.52942497472077
  endloop
 endfacet
 facet normal 0.00000000000000 0.00000000000000 1.00000000000000
  outer loop
   vertex 96.55229936622619 142.92492699014022 4.52942497472077
   vertex 95.29685028257498 144.07500525201382 4.52942497472077
   vertex 95.15044258154222 143.76387304993591 4.52942497472077
  endloop
 endfacet
 facet normal 0.00000000000000 0.00000000000000 1.00000000000000
  outer loop
   vertex 95.11500000000001 140.99999999996817 4.52942497472077
   vertex 96.36996877967592 141.89087884947739 4.52942497472077
   vertex 96.30664603150112 142.24999999996936 4.52942497472077
  endloop
 endfacet
 facet normal 0.00000000000000 0.00000000000000 1.00000000000000
  outer loop
   vertex 96.55229936622619 141.57507300979847 4.52942497472077
   vertex 96.36996877967592 141.89087884947739 4.52942497472077
   vertex 95.11500000000001 140.99999999996817 4.52942497472077
  endloop
 endfacet
 facet normal -0.00000000000000 0.00000000000000 1.00000000000000
  outer loop
   vertex 95.53999474795674 140.18185028254317 4.52942497472077
   vertex 95.85112695003465 140.03544258151038 4.52942497472077
   vertex 96.55229936622619 141.57507300979847 4.52942497472077
  endloop
 endfacet
 facet normal 0.00000000000000 -0.00000000000000 1.00000000000000
  outer loop
   vertex 98.59829206300228 139.99999999996820 4.52942497472077
   vertex 98.90730905737720 140.04894348367301 4.52942497472077
   vertex 98.16099269677606 141.57507300979847 4.52942497472077
  endloop
 endfacet
 facet normal 0.00000000000000 0.00000000000000 1.00000000000000
  outer loop
   vertex 99.54934857929742 143.80901699434543 4.52942497472077
   vertex 99.40730905737722 144.08778525226293 4.52942497472077
   vertex 98.16099269677606 142.92492699014022 4.52942497472077
  endloop
 endfacet
 facet normal 0.00000000000000 -0.00000000000000 1.00000000000000
  outer loop
   vertex 96.83164603150112 143.15932667394301 4.52942497472077
   vertex 97.17431544495085 143.28404814063217 4.52942497472077
   vertex 96.11499999999999 144.49999999997050 4.52942497472077
  endloop
 endfacet
 facet normal 0.00000000000000 -0.00000000000000 1.00000000000000
  outer loop
   vertex 96.30664603150112 142.24999999996936 4.52942497472077
   vertex 96.36996877967592 142.60912115046131 4.52942497472077
   vertex 95.11500000000001 143.49999999997053 4.52942497472077
  endloop
 endfacet
 facet normal -0.00000000000000 0.00000000000000 1.00000000000000
  outer loop
   vertex 95.11500000000001 140.99999999996817 4.52942497472077
   vertex 95.15044258154222 140.73612695000281 4.52942497472077
   vertex 96.55229936622619 141.57507300979847 4.52942497472077
  endloop
 endfacet
 facet normal 0.00000000000000 0.00000000000000 1.00000000000000
  outer loop
   vertex 96.11499999999999 139.99999999996820 4.52942497472077
   vertex 97.17431544495085 141.21595185930653 4.52942497472077
   vertex 96.83164603150112 141.34067332599568 4.52942497472077
  endloop
 endfacet
 facet normal 0.00000000000000 0.00000000000000 1.00000000000000
  outer loop
   vertex 96.11499999999999 139.99999999996820 4.52942497472077
   vertex 98.59829206300228 139.99999999996820 4.52942497472077
   vertex 97.53897661805141 141.21595185930653 4.52942497472077
  endloop
 endfacet
 facet normal 0.00000000000000 -0.00000000000000 1.00000000000000
  outer loop
   vertex 98.90730905737720 140.04894348367301 4.52942497472077
   vertex 99.18607731529475 140.19098300559324 4.52942497472077
   vertex 98.16099269677606 141.57507300979847 4.52942497472077
  endloop
 endfacet
 facet normal 0.00000000000000 0.00000000000000 1.00000000000000
  outer loop
   vertex 98.59829206300228 144.49999999997050 4.52942497472077
   vertex 97.88164603150113 143.15932667394301 4.52942497472077
   vertex 98.16099269677606 142.92492699014022 4.52942497472077
  endloop
 endfacet
 facet normal -0.00000000000000 0.00000000000000 1.00000000000000
  outer loop
   vertex 95.15044258154222 140.73612695000281 4.52942497472077
   vertex 95.29685028257501 140.42499474792490 4.52942497472077
   vertex 96.55229936622619 141.57507300979847 4.52942497472077
  endloop
 endfacet
 facet normal 0.00000000000000 0.00000000000000 1.00000000000000
  outer loop
   vertex 97.53897661805141 141.21595185930653 4.52942497472077
   vertex 97.17431544495085 141.21595185930653 4.52942497472077
   vertex 96.11499999999999 139.99999999996820 4.52942497472077
  endloop
 endfacet
 facet normal 0.00000000000000 -0.00000000000000 1.00000000000000
  outer loop
   vertex 99.18607731529475 140.19098300559324 4.52942497472077
   vertex 99.40730905737722 140.41221474767570 4.52942497472077
   vertex 98.16099269677606 141.57507300979847 4.52942497472077
  endloop
 endfacet
 facet normal 0.00000000000000 0.00000000000000 1.00000000000000
  outer loop
   vertex 98.16099269677606 141.57507300979847 4.52942497472077
   vertex 99.54934857929743 140.69098300559321 4.52942497472077
   vertex 99.59829206300228 140.99999999996817 4.52942497472077
  endloop
 endfacet
 facet normal 0.00000000000000 0.00000000000000 1.00000000000000
  outer loop
   vertex 95.11500000000001 143.49999999997053 4.52942497472077
   vertex 96.36996877967592 142.60912115046131 4.52942497472077
   vertex 96.55229936622619 142.92492699014022 4.52942497472077
  endloop
 endfacet
 facet normal 0.00000000000000 0.00000000000000 1.00000000000000
  outer loop
   vertex 97.88164603150113 141.34067332599568 4.52942497472077
   vertex 97.53897661805141 141.21595185930653 4.52942497472077
   vertex 98.59829206300228 139.99999999996820 4.52942497472077
  endloop
 endfacet
 facet normal 0.00000000000000 0.00000000000000 1.00000000000000
  outer loop
   vertex 98.16099269677606 141.57507300979847 4.52942497472077
   vertex 99.40730905737722 140.41221474767570 4.52942497472077
   vertex 99.54934857929743 140.69098300559321 4.52942497472077
  endloop
 endfacet
 facet normal 0.00000000000000 -0.00000000000000 1.00000000000000
  outer loop
   vertex 99.59829206300228 140.99999999996817 4.52942497472077
   vertex 99.59829206300228 143.49999999997053 4.52942497472077
   vertex 98.40664603150114 142.24999999996936 4.52942497472077
  endloop
 endfacet
 facet normal 0.00000000000000 0.00000000000000 1.00000000000000
  outer loop
   vertex 96.11499999999999 139.99999999996820 4.52942497472077
   vertex 96.83164603150112 141.34067332599568 4.52942497472077
   vertex 96.55229936622619 141.57507300979847 4.52942497472077
  endloop
 endfacet
 facet normal 0.00000000000000 0.00000000000000 1.00000000000000
  outer loop
   vertex 98.40664603150114 142.24999999996936 4.52942497472077
   vertex 98.34332328332636 141.89087884947739 4.52942497472077
   vertex 99.59829206300228 140.99999999996817 4.52942497472077
  endloop
 endfacet
 facet normal 0.00000000000000 0.00000000000000 1.00000000000000
  outer loop
   vertex 99.59829206300228 140.99999999996817 4.52942497472077
   vertex 98.34332328332636 141.89087884947739 4.52942497472077
   vertex 98.16099269677606 141.57507300979847 4.52942497472077
  endloop
 endfacet
 facet normal -0.00000000000000 0.00000000000000 1.00000000000000
  outer loop
   vertex 98.34332328332636 142.60912115046131 4.52942497472077
   vertex 98.40664603150114 142.24999999996936 4.52942497472077
   vertex 99.59829206300228 143.49999999997053 4.52942497472077
  endloop
 endfacet
 facet normal 0.98768834059514 -0.15643446504023 0.00000000000000
  outer loop
   vertex 99.59829206300228 140.99999999996817 -2.17077142648073
   vertex 99.59829206300228 140.99999999996817 4.52942497472077
   vertex 99.54934857929743 140.69098300559321 4.52942497472077
  endloop
 endfacet
 facet normal 0.89100652418835 -0.45399049973958 0.00000000000000
  outer loop
   vertex 99.54934857929743 140.69098300559321 -2.17077142648073
   vertex 99.54934857929743 140.69098300559321 4.52942497472077
   vertex 99.40730905737722 140.41221474767570 4.52942497472077
  endloop
 endfacet
 facet normal 0.70710678118655 -0.70710678118655 0.00000000000000
  outer loop
   vertex 99.40730905737722 140.41221474767570 -2.17077142648073
   vertex 99.40730905737722 140.41221474767570 4.52942497472077
   vertex 99.18607731529475 140.19098300559324 4.52942497472077
  endloop
 endfacet
 facet normal 0.45399049973957 -0.89100652418836 0.00000000000000
  outer loop
   vertex 99.18607731529475 140.19098300559324 -2.17077142648073
   vertex 99.18607731529475 140.19098300559324 4.52942497472077
   vertex 98.90730905737720 140.04894348367301 4.52942497472077
  endloop
 endfacet
 facet normal 0.15643446504015 -0.98768834059515 0.00000000000000
  outer loop
   vertex 98.90730905737720 140.04894348367301 -2.17077142648073
   vertex 98.90730905737720 140.04894348367301 4.52942497472077
   vertex 98.59829206300228 139.99999999996820 4.52942497472077
  endloop
 endfacet
 facet normal 0.15643446504015 -0.98768834059515 0.00000000000000
  outer loop
   vertex 98.59829206300228 139.99999999996820 4.52942497472077
   vertex 98.59829206300228 139.99999999996820 -2.17077142648073
   vertex 98.90730905737720 140.04894348367301 -2.17077142648073
  endloop
 endfacet
 facet normal 0.45399049973957 -0.89100652418836 0.00000000000000
  outer loop
   vertex 98.90730905737720 140.04894348367301 4.52942497472077
   vertex 98.90730905737720 140.04894348367301 -2.17077142648073
   vertex 99.18607731529475 140.19098300559324 -2.17077142648073
  endloop
 endfacet
 facet normal 0.70710678118655 -0.70710678118655 0.00000000000000
  outer loop
   vertex 99.18607731529475 140.19098300559324 4.52942497472077
   vertex 99.18607731529475 140.19098300559324 -2.17077142648073
   vertex 99.40730905737722 140.41221474767570 -2.17077142648073
  endloop
 endfacet
 facet normal 0.89100652418835 -0.45399049973958 0.00000000000000
  outer loop
   vertex 99.40730905737722 140.41221474767570 4.52942497472077
   vertex 99.40730905737722 140.41221474767570 -2.17077142648073
   vertex 99.54934857929743 140.69098300559321 -2.17077142648073
  endloop
 endfacet
 facet normal 0.98768834059514 -0.15643446504023 0.00000000000000
  outer loop
   vertex 99.54934857929743 140.69098300559321 4.52942497472077
   vertex 99.54934857929743 140.69098300559321 -2.17077142648073
   vertex 99.59829206300228 140.99999999996817 -2.17077142648073
  endloop
 endfacet
 facet normal 1.00000000000000 0.00000000000000 0.00000000000000
  outer loop
   vertex 99.59829206300228 140.99999999996817 4.52942497472077
   vertex 99.59829206300228 140.99999999996817 -2.17077142648073
   vertex 99.59829206300228 143.49999999997044 -2.17077142648073
  endloop
 endfacet
 facet normal 1.00000000000000 0.00000000000000 -0.00000000000000
  outer loop
   vertex 99.59829206300228 143.49999999997044 -2.17077142648073
   vertex 99.59829206300228 143.49999999997053 4.52942497472077
   vertex 99.59829206300228 140.99999999996817 4.52942497472077
  endloop
 endfacet
 facet normal 0.15643446504034 0.98768834059512 -0.00000000000000
  outer loop
   vertex 98.59829206300225 144.49999999997050 -2.17077142648073
   vertex 98.59829206300228 144.49999999997050 4.52942497472077
   vertex 98.90730905737719 144.45105651626562 4.52942497472077
  endloop
 endfacet
 facet normal 0.45399049973960 0.89100652418834 -0.00000000000000
  outer loop
   vertex 98.90730905737719 144.45105651626562 -2.17077142648073
   vertex 98.90730905737719 144.45105651626562 4.52942497472077
   vertex 99.18607731529471 144.30901699434540 4.52942497472077
  endloop
 endfacet
 facet normal 0.70710678118648 0.70710678118662 -0.00000000000000
  outer loop
   vertex 99.18607731529471 144.30901699434540 -2.17077142648073
   vertex 99.18607731529471 144.30901699434540 4.52942497472077
   vertex 99.40730905737722 144.08778525226293 4.52942497472077
  endloop
 endfacet
 facet normal 0.89100652418837 0.45399049973955 -0.00000000000000
  outer loop
   vertex 99.40730905737722 144.08778525226293 -2.17077142648073
   vertex 99.40730905737722 144.08778525226293 4.52942497472077
   vertex 99.54934857929742 143.80901699434543 4.52942497472077
  endloop
 endfacet
 facet normal 0.98768834059513 0.15643446504030 -0.00000000000000
  outer loop
   vertex 99.54934857929742 143.80901699434543 -2.17077142648073
   vertex 99.54934857929742 143.80901699434543 4.52942497472077
   vertex 99.59829206300228 143.49999999997053 4.52942497472077
  endloop
 endfacet
 facet normal 0.98768834059513 0.15643446504026 -0.00000000000000
  outer loop
   vertex 99.59829206300228 143.49999999997053 4.52942497472077
   vertex 99.59829206300228 143.49999999997044 -2.17077142648073
   vertex 99.54934857929742 143.80901699434543 -2.17077142648073
  endloop
 endfacet
 facet normal 0.89100652418837 0.45399049973955 0.00000000000000
  outer loop
   vertex 99.54934857929742 143.80901699434543 4.52942497472077
   vertex 99.54934857929742 143.80901699434543 -2.17077142648073
   vertex 99.40730905737722 144.08778525226293 -2.17077142648073
  endloop
 endfacet
 facet normal 0.70710678118648 0.70710678118662 0.00000000000000
  outer loop
   vertex 99.40730905737722 144.08778525226293 4.52942497472077
   vertex 99.40730905737722 144.08778525226293 -2.17077142648073
   vertex 99.18607731529471 144.30901699434540 -2.17077142648073
  endloop
 endfacet
 facet normal 0.45399049973960 0.89100652418834 0.00000000000000
  outer loop
   vertex 99.18607731529471 144.30901699434540 4.52942497472077
   vertex 99.18607731529471 144.30901699434540 -2.17077142648073
   vertex 98.90730905737719 144.45105651626562 -2.17077142648073
  endloop
 endfacet
 facet normal 0.15643446504032 0.98768834059512 0.00000000000000
  outer loop
   vertex 98.90730905737719 144.45105651626562 4.52942497472077
   vertex 98.90730905737719 144.45105651626562 -2.17077142648073
   vertex 98.59829206300225 144.49999999997050 -2.17077142648073
  endloop
 endfacet
 facet normal -0.90203892863105 0.43163986313240 0.00357767930385
  outer loop
   vertex 95.29685028257498 144.07500525201382 4.52942497472077
   vertex 95.27975243558258 144.05007151268165 3.22675714052078
   vertex 95.15784205563519 143.79530378173411 3.22675714052078
  endloop
 endfacet
 facet normal -0.90481513009647 0.42577368132375 0.00513348230054
  outer loop
   vertex 95.15784205563519 143.79530378173411 3.22675714052078
   vertex 95.15044258154222 143.76387304993591 4.52942497472077
   vertex 95.29685028257498 144.07500525201382 4.52942497472077
  endloop
 endfacet
 facet normal -0.74585071017757 0.66610656479810 -0.00296014535026
  outer loop
   vertex 95.29685028257498 144.07500525201382 4.52942497472077
   vertex 95.29972637235690 144.07243666521950 3.22675714052078
   vertex 95.27975243558258 144.05007151268165 3.22675714052078
  endloop
 endfacet
 facet normal -0.70707912743862 0.70707912743875 0.00884392905316
  outer loop
   vertex 95.29685028257498 144.07500525201382 4.52942497472077
   vertex 95.53999474795673 144.31814971739553 4.52942497472077
   vertex 95.48130528978874 144.27575362931645 3.22675714052078
  endloop
 endfacet
 facet normal -0.52462044244080 0.85132650489519 -0.00407104853260
  outer loop
   vertex 95.53999474795673 144.31814971739553 4.52942497472077
   vertex 95.54277697377584 144.31363486743774 3.22675714052078
   vertex 95.48130528978874 144.27575362931645 3.22675714052078
  endloop
 endfacet
 facet normal -0.42573542199582 0.90473382488560 0.01435467052608
  outer loop
   vertex 95.53999474795673 144.31814971739553 4.52942497472077
   vertex 95.85112695003463 144.46455741842834 4.52942497472077
   vertex 95.72463736904099 144.42570430316874 3.22675714052078
  endloop
 endfacet
 facet normal -0.18692041585850 0.98231180181961 -0.01114819004093
  outer loop
   vertex 95.85112695003463 144.46455741842834 4.52942497472077
   vertex 95.85384877361383 144.45029646597402 3.22719867223648
   vertex 95.72463736904099 144.42570430316874 3.22675714052078
  endloop
 endfacet
 facet normal -0.99109974736597 0.13312133852659 0.00000000000000
  outer loop
   vertex 95.11500000000001 143.49999999997053 3.22809105762077
   vertex 95.11500000000001 143.49999999997053 4.52942497472077
   vertex 95.15044258154222 143.76387304993591 4.52942497472077
  endloop
 endfacet
 facet normal -0.13312133852639 0.99109974736600 0.00000004174733
  outer loop
   vertex 95.85112695003463 144.46455741842834 4.52942497472077
   vertex 96.11499999999999 144.49999999997050 4.52942497472077
   vertex 96.11499959189275 144.49999999996993 3.22809105762021
  endloop
 endfacet
 facet normal -0.18692041585848 0.98231180181962 -0.01114819004093
  outer loop
   vertex 96.11499959189275 144.49999999996993 3.22809105762021
   vertex 95.85384877361383 144.45029646597402 3.22719867223648
   vertex 95.85112695003463 144.46455741842834 4.52942497472077
  endloop
 endfacet
 facet normal -0.98963854581938 0.14356494696087 -0.00215745976361
  outer loop
   vertex 95.15044258154222 143.76387304993591 4.52942497472077
   vertex 95.15322199667315 143.76345841709812 3.22690098925915
   vertex 95.11500000000001 143.49999999997053 3.22809105762077
  endloop
 endfacet
 facet normal -0.52462044244076 0.85132650489522 -0.00407104853260
  outer loop
   vertex 95.72463736904099 144.42570430316874 3.22675714052078
   vertex 95.54277697377584 144.31363486743774 3.22675714052078
   vertex 95.53999474795673 144.31814971739553 4.52942497472077
  endloop
 endfacet
 facet normal -0.74585071017755 0.66610656479812 -0.00296014535026
  outer loop
   vertex 95.48130528978874 144.27575362931645 3.22675714052078
   vertex 95.29972637235690 144.07243666521950 3.22675714052078
   vertex 95.29685028257498 144.07500525201382 4.52942497472077
  endloop
 endfacet
 facet normal -0.98963854581935 0.14356494696106 -0.00215745976361
  outer loop
   vertex 95.15784205563519 143.79530378173411 3.22675714052078
   vertex 95.15322199667315 143.76345841709812 3.22690098925915
   vertex 95.15044258154222 143.76387304993591 4.52942497472077
  endloop
 endfacet
 facet normal -1.00000000000000 -0.00000000000001 -0.00000000000000
  outer loop
   vertex 95.11500000000001 143.49999999997053 4.52942497472077
   vertex 95.11500000000001 143.49999999997053 3.22809105762077
   vertex 95.11500000000004 140.99999999996817 3.22809105762077
  endloop
 endfacet
 facet normal -1.00000000000000 0.00000000000000 -0.00000000000002
  outer loop
   vertex 95.11500000000004 140.99999999996817 3.22809105762077
   vertex 95.11500000000001 140.99999999996817 4.52942497472077
   vertex 95.11500000000001 143.49999999997053 4.52942497472077
  endloop
 endfacet
 facet normal -0.43163986313234 -0.90203892863107 0.00357767930385
  outer loop
   vertex 95.53999474795674 140.18185028254317 4.52942497472077
   vertex 95.56492848728900 140.16475243555072 3.22675714052078
   vertex 95.81969621823659 140.04284205560333 3.22675714052078
  endloop
 endfacet
 facet normal -0.42577368132382 -0.90481513009644 0.00513348230051
  outer loop
   vertex 95.81969621823659 140.04284205560333 3.22675714052078
   vertex 95.85112695003465 140.03544258151038 4.52942497472077
   vertex 95.53999474795674 140.18185028254317 4.52942497472077
  endloop
 endfacet
 facet normal -0.66610656479800 -0.74585071017765 -0.00296014535027
  outer loop
   vertex 95.53999474795674 140.18185028254317 4.52942497472077
   vertex 95.54256333475107 140.18472637232512 3.22675714052078
   vertex 95.56492848728900 140.16475243555072 3.22675714052078
  endloop
 endfacet
 facet normal -0.70707912743868 -0.70707912743868 0.00884392905322
  outer loop
   vertex 95.53999474795674 140.18185028254317 4.52942497472077
   vertex 95.29685028257501 140.42499474792490 4.52942497472077
   vertex 95.33924637065408 140.36630528975681 3.22675714052078
  endloop
 endfacet
 facet normal -0.85132650489500 -0.52462044244111 -0.00407104853254
  outer loop
   vertex 95.29685028257501 140.42499474792490 4.52942497472077
   vertex 95.30136513253274 140.42777697374396 3.22675714052078
   vertex 95.33924637065408 140.36630528975681 3.22675714052078
  endloop
 endfacet
 facet normal -0.90473382488564 -0.42573542199574 0.01435467052618
  outer loop
   vertex 95.29685028257501 140.42499474792490 4.52942497472077
   vertex 95.15044258154222 140.73612695000281 4.52942497472077
   vertex 95.18929569680185 140.60963736900879 3.22675714052078
  endloop
 endfacet
 facet normal -0.98231183750474 -0.18692022716823 -0.01114820942713
  outer loop
   vertex 95.15044258154222 140.73612695000281 4.52942497472077
   vertex 95.16470355932996 140.73884877555963 3.22719867178182
   vertex 95.18929569680185 140.60963736900879 3.22675714052078
  endloop
 endfacet
 facet normal -0.13312133852651 -0.99109974736598 0.00000000000000
  outer loop
   vertex 96.11499999999998 139.99999999996820 3.22809105762076
   vertex 96.11499999999999 139.99999999996820 4.52942497472077
   vertex 95.85112695003465 140.03544258151038 4.52942497472077
  endloop
 endfacet
 facet normal -0.99103834381546 -0.13311309099869 -0.01113131134601
  outer loop
   vertex 95.16470355932996 140.73884877555963 3.22719867178182
   vertex 95.15044258154222 140.73612695000281 4.52942497472077
   vertex 95.11500000000001 140.99999999996817 4.52942497472077
  endloop
 endfacet
 facet normal -0.98236588863723 -0.18696860924226 -0.00000000000002
  outer loop
   vertex 95.11500000000001 140.99999999996817 4.52942497472077
   vertex 95.11500000000004 140.99999999996817 3.22809105762077
   vertex 95.16470355932996 140.73884877555963 3.22719867178182
  endloop
 endfacet
 facet normal -0.14356494696088 -0.98963854581938 -0.00215745976363
  outer loop
   vertex 95.85112695003465 140.03544258151038 4.52942497472077
   vertex 95.85154158287241 140.03822199664134 3.22690098925915
   vertex 96.11499999999998 139.99999999996820 3.22809105762076
  endloop
 endfacet
 facet normal -0.85132650489505 -0.52462044244103 -0.00407104853254
  outer loop
   vertex 95.18929569680185 140.60963736900879 3.22675714052078
   vertex 95.30136513253274 140.42777697374396 3.22675714052078
   vertex 95.29685028257501 140.42499474792490 4.52942497472077
  endloop
 endfacet
 facet normal -0.66610656479777 -0.74585071017786 -0.00296014535027
  outer loop
   vertex 95.33924637065408 140.36630528975681 3.22675714052078
   vertex 95.54256333475107 140.18472637232512 3.22675714052078
   vertex 95.53999474795674 140.18185028254317 4.52942497472077
  endloop
 endfacet
 facet normal -0.14356494696045 -0.98963854581944 -0.00215745976363
  outer loop
   vertex 95.81969621823659 140.04284205560333 3.22675714052078
   vertex 95.85154158287241 140.03822199664134 3.22690098925915
   vertex 95.85112695003465 140.03544258151038 4.52942497472077
  endloop
 endfacet
 facet normal -0.00000000000000 0.00451705522862 0.99998979805399
  outer loop
   vertex 24.11499999999877 143.49999999997044 3.22809105762077
   vertex 95.11500000000001 143.49999999997053 3.22809105762077
   vertex 95.15322199667315 143.76345841709812 3.22690098925915
  endloop
 endfacet
 facet normal 0.00000000000000 0.00000000000000 1.00000000000000
  outer loop
   vertex 24.11499999999877 140.99999999996817 3.22809105762077
   vertex 95.11500000000004 140.99999999996817 3.22809105762077
   vertex 95.11500000000001 143.49999999997053 3.22809105762077
  endloop
 endfacet
 facet normal 0.00000000000000 -0.00451705522862 0.99998979805399
  outer loop
   vertex 95.11500000000004 140.99999999996817 3.22809105762077
   vertex 24.11499999999877 140.99999999996817 3.22809105762077
   vertex 24.07677800332563 140.73654158284057 3.22690098925915
  endloop
 endfacet
 facet normal 0.00000000000000 0.00000000000000 1.00000000000000
  outer loop
   vertex 95.11500000000001 143.49999999997053 3.22809105762077
   vertex 24.11499999999877 143.49999999997044 3.22809105762077
   vertex 24.11499999999877 140.99999999996817 3.22809105762077
  endloop
 endfacet
 facet normal 0.00000000000000 0.00000000000000 1.00000000000000
  outer loop
   vertex 24.04070430319705 143.89036263092930 3.22675714052078
   vertex 95.27975243558258 144.05007151268165 3.22675714052078
   vertex 95.29972637235690 144.07243666521950 3.22675714052078
  endloop
 endfacet
 facet normal -0.00000000000000 0.00451705522863 0.99998979805399
  outer loop
   vertex 95.15322199667315 143.76345841709812 3.22690098925915
   vertex 95.15784205563519 143.79530378173411 3.22675714052078
   vertex 24.11499999999877 143.49999999997044 3.22809105762077
  endloop
 endfacet
 facet normal 0.00000456863905 0.00341797250197 0.99999415870449
  outer loop
   vertex 95.15784205563519 143.79530378173411 3.22675714052078
   vertex 24.04070430319705 143.89036263092930 3.22675714052078
   vertex 24.06529644066882 143.76115122437903 3.22719867178182
  endloop
 endfacet
 facet normal 0.00000000000000 0.00000000000000 1.00000000000000
  outer loop
   vertex 95.18929569680185 140.60963736900879 3.22675714052078
   vertex 23.95024756441622 140.44992848725713 3.22675714052078
   vertex 23.93027362764185 140.42756333471920 3.22675714052078
  endloop
 endfacet
 facet normal 0.00000000000000 0.00000000000000 1.00000000000000
  outer loop
   vertex 24.04070430319705 143.89036263092930 3.22675714052078
   vertex 95.48130528978874 144.27575362931645 3.22675714052078
   vertex 95.54277697377584 144.31363486743774 3.22675714052078
  endloop
 endfacet
 facet normal -0.00000000000000 0.00000000000000 1.00000000000000
  outer loop
   vertex 24.04070430319705 143.89036263092930 3.22675714052078
   vertex 95.15784205563519 143.79530378173411 3.22675714052078
   vertex 95.27975243558258 144.05007151268165 3.22675714052078
  endloop
 endfacet
 facet normal 0.00000456863905 0.00341797250197 0.99999415870449
  outer loop
   vertex 24.06529644066882 143.76115122437903 3.22719867178182
   vertex 24.11499999999877 143.49999999997044 3.22809105762077
   vertex 95.15784205563519 143.79530378173411 3.22675714052078
  endloop
 endfacet
 facet normal -0.00000456863905 -0.00341797250197 0.99999415870449
  outer loop
   vertex 24.07215794436361 140.70469621820467 3.22675714052078
   vertex 95.18929569680185 140.60963736900879 3.22675714052078
   vertex 95.16470355932996 140.73884877555963 3.22719867178182
  endloop
 endfacet
 facet normal 0.00000000000000 0.00000000000000 1.00000000000000
  outer loop
   vertex 95.18929569680185 140.60963736900879 3.22675714052078
   vertex 23.74869471021013 140.22424637062221 3.22675714052078
   vertex 23.68722302622297 140.18636513250090 3.22675714052078
  endloop
 endfacet
 facet normal 0.00000000000000 0.00000000000000 1.00000000000000
  outer loop
   vertex 95.18929569680185 140.60963736900879 3.22675714052078
   vertex 24.07215794436361 140.70469621820467 3.22675714052078
   vertex 23.95024756441622 140.44992848725713 3.22675714052078
  endloop
 endfacet
 facet normal 0.00000000000000 -0.00000000000000 1.00000000000000
  outer loop
   vertex 95.29972637235690 144.07243666521950 3.22675714052078
   vertex 95.48130528978874 144.27575362931645 3.22675714052078
   vertex 24.04070430319705 143.89036263092930 3.22675714052078
  endloop
 endfacet
 facet normal -0.00000456863905 -0.00341797250197 0.99999415870449
  outer loop
   vertex 95.16470355932996 140.73884877555963 3.22719867178182
   vertex 95.11500000000004 140.99999999996817 3.22809105762077
   vertex 24.07215794436361 140.70469621820467 3.22675714052078
  endloop
 endfacet
 facet normal -0.00001836481093 -0.00002056338729 0.99999999961994
  outer loop
   vertex 96.11499959189275 144.49999999996993 3.22809105762021
   vertex 23.66507151270996 144.33524756438788 3.22675714052078
   vertex 23.68743666524775 144.31527362761361 3.22675714052078
  endloop
 endfacet
 facet normal -0.00000000000000 0.00000000000000 1.00000000000000
  outer loop
   vertex 23.93027362764185 140.42756333471920 3.22675714052078
   vertex 23.74869471021013 140.22424637062221 3.22675714052078
   vertex 95.18929569680185 140.60963736900879 3.22675714052078
  endloop
 endfacet
 facet normal -0.00000000000000 -0.00451705522862 0.99998979805399
  outer loop
   vertex 24.07677800332563 140.73654158284057 3.22690098925915
   vertex 24.07215794436361 140.70469621820467 3.22675714052078
   vertex 95.11500000000004 140.99999999996817 3.22809105762077
  endloop
 endfacet
 facet normal -0.00001832449020 -0.00003829443228 0.99999999909887
  outer loop
   vertex 96.11499959189275 144.49999999996993 3.22809105762021
   vertex 23.41030378176245 144.45715794433528 3.22675714052078
   vertex 23.66507151270996 144.33524756438788 3.22675714052078
  endloop
 endfacet
 facet normal 0.00000000000001 -0.03112061219480 0.99951563644428
  outer loop
   vertex 96.11499959189275 144.49999999996993 3.22809105762021
   vertex 23.11499999999871 144.49999999996945 3.22809105762063
   vertex 23.37845841712631 144.46177800329721 3.22690098925913
  endloop
 endfacet
 facet normal 0.00013953495905 -0.01868416972505 0.99982542592779
  outer loop
   vertex 24.04070430319705 143.89036263092930 3.22675714052078
   vertex 95.72463736904099 144.42570430316874 3.22675714052078
   vertex 95.85384877361383 144.45029646597402 3.22719867223648
  endloop
 endfacet
 facet normal 0.00000000000000 -0.00000000000000 1.00000000000000
  outer loop
   vertex 95.54277697377584 144.31363486743774 3.22675714052078
   vertex 95.72463736904099 144.42570430316874 3.22675714052078
   vertex 24.04070430319705 143.89036263092930 3.22675714052078
  endloop
 endfacet
 facet normal -0.00001841155988 -0.00001134591797 0.99999999976614
  outer loop
   vertex 96.11499959189275 144.49999999996993 3.22809105762021
   vertex 23.89075362934472 144.13369471018171 3.22675714052078
   vertex 23.92863486746597 144.07222302619462 3.22675714052078
  endloop
 endfacet
 facet normal 0.00000000000001 -0.03112061219485 0.99951563644428
  outer loop
   vertex 23.37845841712631 144.46177800329721 3.22690098925913
   vertex 23.41030378176245 144.45715794433528 3.22675714052078
   vertex 96.11499959189275 144.49999999996993 3.22809105762021
  endloop
 endfacet
 facet normal 0.00001836481083 0.00002056338719 0.99999999961994
  outer loop
   vertex 23.11499999999878 139.99999999996820 3.22809105762076
   vertex 95.56492848728900 140.16475243555072 3.22675714052078
   vertex 95.54256333475107 140.18472637232512 3.22675714052078
  endloop
 endfacet
 facet normal -0.00000000000000 0.00000000000000 1.00000000000000
  outer loop
   vertex 23.68722302622297 140.18636513250090 3.22675714052078
   vertex 23.50536263095815 140.07429569677004 3.22675714052078
   vertex 95.18929569680185 140.60963736900879 3.22675714052078
  endloop
 endfacet
 facet normal -0.00001836481093 -0.00002056338729 0.99999999961994
  outer loop
   vertex 23.68743666524775 144.31527362761361 3.22675714052078
   vertex 23.89075362934472 144.13369471018171 3.22675714052078
   vertex 96.11499959189275 144.49999999996993 3.22809105762021
  endloop
 endfacet
 facet normal 0.00001832449011 0.00003829443209 0.99999999909887
  outer loop
   vertex 23.11499999999878 139.99999999996820 3.22809105762076
   vertex 95.81969621823659 140.04284205560333 3.22675714052078
   vertex 95.56492848728900 140.16475243555072 3.22675714052078
  endloop
 endfacet
 facet normal 0.00000000000000 0.03112061219732 0.99951563644421
  outer loop
   vertex 23.11499999999878 139.99999999996820 3.22809105762076
   vertex 96.11499999999998 139.99999999996820 3.22809105762076
   vertex 95.85154158287241 140.03822199664134 3.22690098925915
  endloop
 endfacet
 facet normal -0.00013953496506 0.01868417053016 0.99982542591274
  outer loop
   vertex 95.18929569680185 140.60963736900879 3.22675714052078
   vertex 23.50536263095815 140.07429569677004 3.22675714052078
   vertex 23.37615122440732 140.04970355929817 3.22719867178182
  endloop
 endfacet
 facet normal -0.00001841155988 -0.00001134591797 0.99999999976614
  outer loop
   vertex 23.92863486746597 144.07222302619462 3.22675714052078
   vertex 24.04070430319705 143.89036263092930 3.22675714052078
   vertex 96.11499959189275 144.49999999996993 3.22809105762021
  endloop
 endfacet
 facet normal 0.00001841155978 0.00001134591791 0.99999999976614
  outer loop
   vertex 23.11499999999878 139.99999999996820 3.22809105762076
   vertex 95.33924637065408 140.36630528975681 3.22675714052078
   vertex 95.30136513253274 140.42777697374396 3.22675714052078
  endloop
 endfacet
 facet normal -0.00000000000000 0.03112061219749 0.99951563644420
  outer loop
   vertex 95.85154158287241 140.03822199664134 3.22690098925915
   vertex 95.81969621823659 140.04284205560333 3.22675714052078
   vertex 23.11499999999878 139.99999999996820 3.22809105762076
  endloop
 endfacet
 facet normal 0.00013953495905 -0.01868416972506 0.99982542592779
  outer loop
   vertex 95.85384877361383 144.45029646597402 3.22719867223648
   vertex 96.11499959189275 144.49999999996993 3.22809105762021
   vertex 24.04070430319705 143.89036263092930 3.22675714052078
  endloop
 endfacet
 facet normal 0.00001836481083 0.00002056338719 0.99999999961994
  outer loop
   vertex 95.54256333475107 140.18472637232512 3.22675714052078
   vertex 95.33924637065408 140.36630528975681 3.22675714052078
   vertex 23.11499999999878 139.99999999996820 3.22809105762076
  endloop
 endfacet
 facet normal 0.00001841155978 0.00001134591791 0.99999999976614
  outer loop
   vertex 95.30136513253274 140.42777697374396 3.22675714052078
   vertex 95.18929569680185 140.60963736900879 3.22675714052078
   vertex 23.11499999999878 139.99999999996820 3.22809105762076
  endloop
 endfacet
 facet normal -0.00013953496506 0.01868417053015 0.99982542591274
  outer loop
   vertex 23.37615122440732 140.04970355929817 3.22719867178182
   vertex 23.11499999999878 139.99999999996820 3.22809105762076
   vertex 95.18929569680185 140.60963736900879 3.22675714052078
  endloop
 endfacet
 facet normal 0.90203892863105 -0.43163986313239 0.00357767930384
  outer loop
   vertex 23.93314971742380 140.42499474792487 4.52942497472077
   vertex 23.95024756441622 140.44992848725713 3.22675714052078
   vertex 24.07215794436361 140.70469621820467 3.22675714052078
  endloop
 endfacet
 facet normal 0.90481513009644 -0.42577368132381 0.00513348230051
  outer loop
   vertex 24.07215794436361 140.70469621820467 3.22675714052078
   vertex 24.07955741845658 140.73612695000278 4.52942497472077
   vertex 23.93314971742380 140.42499474792487 4.52942497472077
  endloop
 endfacet
 facet normal 0.74585071017807 -0.66610656479754 -0.00296014535027
  outer loop
   vertex 23.93314971742380 140.42499474792487 4.52942497472077
   vertex 23.93027362764185 140.42756333471920 3.22675714052078
   vertex 23.95024756441622 140.44992848725713 3.22675714052078
  endloop
 endfacet
 facet normal 0.70707912743863 -0.70707912743874 0.00884392905322
  outer loop
   vertex 23.93314971742380 140.42499474792487 4.52942497472077
   vertex 23.69000525204206 140.18185028254317 4.52942497472077
   vertex 23.74869471021013 140.22424637062221 3.22675714052078
  endloop
 endfacet
 facet normal 0.52462044244078 -0.85132650489521 -0.00407104853255
  outer loop
   vertex 23.69000525204206 140.18185028254317 4.52942497472077
   vertex 23.68722302622297 140.18636513250090 3.22675714052078
   vertex 23.74869471021013 140.22424637062221 3.22675714052078
  endloop
 endfacet
 facet normal 0.42573542199575 -0.90473382488563 0.01435467052615
  outer loop
   vertex 23.69000525204206 140.18185028254317 4.52942497472077
   vertex 23.37887304996415 140.03544258151038 4.52942497472077
   vertex 23.50536263095815 140.07429569677004 3.22675714052078
  endloop
 endfacet
 facet normal 0.18692022716813 -0.98231183750476 -0.01114820942717
  outer loop
   vertex 23.37887304996415 140.03544258151038 4.52942497472077
   vertex 23.37615122440732 140.04970355929817 3.22719867178182
   vertex 23.50536263095815 140.07429569677004 3.22675714052078
  endloop
 endfacet
 facet normal 0.99109974736598 -0.13312133852652 0.00000000000000
  outer loop
   vertex 24.11499999999877 140.99999999996817 3.22809105762077
   vertex 24.11499999999877 140.99999999996817 4.52942497472077
   vertex 24.07955741845658 140.73612695000278 4.52942497472077
  endloop
 endfacet
 facet normal 0.13311309099858 -0.99103834381548 -0.01113131134605
  outer loop
   vertex 23.37615122440732 140.04970355929817 3.22719867178182
   vertex 23.37887304996415 140.03544258151038 4.52942497472077
   vertex 23.11499999999878 139.99999999996820 4.52942497472077
  endloop
 endfacet
 facet normal 0.18696860924241 -0.98236588863720 0.00000000000000
  outer loop
   vertex 23.11499999999878 139.99999999996820 4.52942497472077
   vertex 23.11499999999878 139.99999999996820 3.22809105762076
   vertex 23.37615122440732 140.04970355929817 3.22719867178182
  endloop
 endfacet
 facet normal 0.98963854581938 -0.14356494696088 -0.00215745976362
  outer loop
   vertex 24.07955741845658 140.73612695000278 4.52942497472077
   vertex 24.07677800332563 140.73654158284057 3.22690098925915
   vertex 24.11499999999877 140.99999999996817 3.22809105762077
  endloop
 endfacet
 facet normal 0.52462044244097 -0.85132650489509 -0.00407104853255
  outer loop
   vertex 23.50536263095815 140.07429569677004 3.22675714052078
   vertex 23.68722302622297 140.18636513250090 3.22675714052078
   vertex 23.69000525204206 140.18185028254317 4.52942497472077
  endloop
 endfacet
 facet normal 0.74585071017780 -0.66610656479784 -0.00296014535027
  outer loop
   vertex 23.74869471021013 140.22424637062221 3.22675714052078
   vertex 23.93027362764185 140.42756333471920 3.22675714052078
   vertex 23.93314971742380 140.42499474792487 4.52942497472077
  endloop
 endfacet
 facet normal 0.98963854581937 -0.14356494696089 -0.00215745976362
  outer loop
   vertex 24.07215794436361 140.70469621820467 3.22675714052078
   vertex 24.07677800332563 140.73654158284057 3.22690098925915
   vertex 24.07955741845658 140.73612695000278 4.52942497472077
  endloop
 endfacet
 facet normal 1.00000000000000 0.00000000000000 0.00000000000000
  outer loop
   vertex 24.11499999999877 140.99999999996817 4.52942497472077
   vertex 24.11499999999877 140.99999999996817 3.22809105762077
   vertex 24.11499999999877 143.49999999997044 3.22809105762077
  endloop
 endfacet
 facet normal 1.00000000000000 0.00000000000000 -0.00000000000000
  outer loop
   vertex 24.11499999999877 143.49999999997044 3.22809105762077
   vertex 24.11499999999877 143.49999999997044 4.52942497472077
   vertex 24.11499999999877 140.99999999996817 4.52942497472077
  endloop
 endfacet
 facet normal 0.43163986313245 0.90203892863102 0.00357767930387
  outer loop
   vertex 23.69000525204203 144.31814971739550 4.52942497472077
   vertex 23.66507151270996 144.33524756438788 3.22675714052078
   vertex 23.41030378176245 144.45715794433528 3.22675714052078
  endloop
 endfacet
 facet normal 0.42577368132372 0.90481513009648 0.00513348230058
  outer loop
   vertex 23.41030378176245 144.45715794433528 3.22675714052078
   vertex 23.37887304996409 144.46455741842826 4.52942497472077
   vertex 23.69000525204203 144.31814971739550 4.52942497472077
  endloop
 endfacet
 facet normal 0.66610656479825 0.74585071017744 -0.00296014535022
  outer loop
   vertex 23.69000525204203 144.31814971739550 4.52942497472077
   vertex 23.68743666524775 144.31527362761361 3.22675714052078
   vertex 23.66507151270996 144.33524756438788 3.22675714052078
  endloop
 endfacet
 facet normal 0.70707912743864 0.70707912743873 0.00884392905314
  outer loop
   vertex 23.69000525204203 144.31814971739550 4.52942497472077
   vertex 23.93314971742380 144.07500525201377 4.52942497472077
   vertex 23.89075362934472 144.13369471018171 3.22675714052078
  endloop
 endfacet
 facet normal 0.85132650489531 0.52462044244060 -0.00407104853263
  outer loop
   vertex 23.93314971742380 144.07500525201377 4.52942497472077
   vertex 23.92863486746597 144.07222302619462 3.22675714052078
   vertex 23.89075362934472 144.13369471018171 3.22675714052078
  endloop
 endfacet
 facet normal 0.90473382488563 0.42573542199575 0.01435467052605
  outer loop
   vertex 23.93314971742380 144.07500525201377 4.52942497472077
   vertex 24.07955741845658 143.76387304993585 4.52942497472077
   vertex 24.04070430319705 143.89036263092930 3.22675714052078
  endloop
 endfacet
 facet normal 0.98231183750474 0.18692022716825 -0.01114820942715
  outer loop
   vertex 24.07955741845658 143.76387304993585 4.52942497472077
   vertex 24.06529644066882 143.76115122437903 3.22719867178182
   vertex 24.04070430319705 143.89036263092930 3.22675714052078
  endloop
 endfacet
 facet normal 0.13312133852638 0.99109974736600 -0.00000000000074
  outer loop
   vertex 23.11499999999871 144.49999999996945 3.22809105762063
   vertex 23.11499999999871 144.49999999997041 4.52942497472077
   vertex 23.37887304996409 144.46455741842826 4.52942497472077
  endloop
 endfacet
 facet normal 0.99103834381548 0.13311309099857 -0.01113131134603
  outer loop
   vertex 24.06529644066882 143.76115122437903 3.22719867178182
   vertex 24.07955741845658 143.76387304993585 4.52942497472077
   vertex 24.11499999999877 143.49999999997044 4.52942497472077
  endloop
 endfacet
 facet normal 0.98236588863722 0.18696860924230 0.00000000000000
  outer loop
   vertex 24.11499999999877 143.49999999997044 4.52942497472077
   vertex 24.11499999999877 143.49999999997044 3.22809105762077
   vertex 24.06529644066882 143.76115122437903 3.22719867178182
  endloop
 endfacet
 facet normal 0.14356494695752 0.98963854581986 -0.00215745976369
  outer loop
   vertex 23.37887304996409 144.46455741842826 4.52942497472077
   vertex 23.37845841712631 144.46177800329721 3.22690098925913
   vertex 23.11499999999871 144.49999999996945 3.22809105762063
  endloop
 endfacet
 facet normal 0.85132650489529 0.52462044244064 -0.00407104853263
  outer loop
   vertex 24.04070430319705 143.89036263092930 3.22675714052078
   vertex 23.92863486746597 144.07222302619462 3.22675714052078
   vertex 23.93314971742380 144.07500525201377 4.52942497472077
  endloop
 endfacet
 facet normal 0.66610656479822 0.74585071017746 -0.00296014535022
  outer loop
   vertex 23.89075362934472 144.13369471018171 3.22675714052078
   vertex 23.68743666524775 144.31527362761361 3.22675714052078
   vertex 23.69000525204203 144.31814971739550 4.52942497472077
  endloop
 endfacet
 facet normal 0.14356494695734 0.98963854581989 -0.00215745976369
  outer loop
   vertex 23.41030378176245 144.45715794433528 3.22675714052078
   vertex 23.37845841712631 144.46177800329721 3.22690098925913
   vertex 23.37887304996409 144.46455741842826 4.52942497472077
  endloop
 endfacet
 facet normal -0.00000000000023 1.00000000000000 0.00000000000000
  outer loop
   vertex 98.59829206300228 144.49999999997050 4.52942497472077
   vertex 98.59829206300225 144.49999999997050 -2.17077142648073
   vertex 96.11499959189275 144.49999999996993 3.22809105762021
  endloop
 endfacet
 facet normal -0.00000000000002 1.00000000000000 -0.00000000000012
  outer loop
   vertex 98.59829206300225 144.49999999997050 -2.17077142648073
   vertex -3.49500000000010 144.49999999996820 -2.17077142648073
   vertex 23.11499999999871 144.49999999996945 3.22809105762063
  endloop
 endfacet
 facet normal -0.00000000000001 1.00000000000000 0.00000000000010
  outer loop
   vertex 23.11499999999871 144.49999999996945 3.22809105762063
   vertex 96.11499959189275 144.49999999996993 3.22809105762021
   vertex 98.59829206300225 144.49999999997050 -2.17077142648073
  endloop
 endfacet
 facet normal -0.00000000000008 1.00000000000000 -0.00000000000074
  outer loop
   vertex -3.49500000000039 144.49999999996834 4.52942497472077
   vertex 23.11499999999871 144.49999999997041 4.52942497472077
   vertex 23.11499999999871 144.49999999996945 3.22809105762063
  endloop
 endfacet
 facet normal -0.00000000000004 1.00000000000000 -0.00000000000002
  outer loop
   vertex 23.11499999999871 144.49999999996945 3.22809105762063
   vertex -3.49500000000010 144.49999999996820 -2.17077142648073
   vertex -3.49500000000039 144.49999999996834 4.52942497472077
  endloop
 endfacet
 facet normal 0.00000000000000 1.00000000000000 -0.00000000000044
  outer loop
   vertex 96.11499959189275 144.49999999996993 3.22809105762021
   vertex 96.11499999999999 144.49999999997050 4.52942497472077
   vertex 98.59829206300228 144.49999999997050 4.52942497472077
  endloop
 endfacet
 facet normal -0.98768834059511 0.15643446504043 -0.00000000000003
  outer loop
   vertex -6.49500000000002 141.49999999996817 -2.17077142648073
   vertex -6.49500000000020 141.49999999996840 4.52942497472077
   vertex -6.34816954888550 142.42705098309301 4.52942497472077
  endloop
 endfacet
 facet normal -0.89100652418837 0.45399049973954 0.00000000000000
  outer loop
   vertex -6.34816954888550 142.42705098309301 -2.17077142648073
   vertex -6.34816954888550 142.42705098309301 4.52942497472077
   vertex -5.92205098312489 143.26335575684558 4.52942497472077
  endloop
 endfacet
 facet normal -0.70710678118656 0.70710678118654 0.00000000000000
  outer loop
   vertex -5.92205098312489 143.26335575684558 -2.17077142648073
   vertex -5.92205098312489 143.26335575684558 4.52942497472077
   vertex -5.25835575687748 143.92705098309301 4.52942497472077
  endloop
 endfacet
 facet normal -0.45399049973955 0.89100652418836 0.00000000000000
  outer loop
   vertex -5.25835575687748 143.92705098309301 -2.17077142648073
   vertex -5.25835575687748 143.92705098309301 4.52942497472077
   vertex -4.42205098312492 144.35316954885363 4.52942497472077
  endloop
 endfacet
 facet normal -0.15643446504046 0.98768834059510 0.00000000000000
  outer loop
   vertex -4.42205098312492 144.35316954885363 -2.17077142648073
   vertex -4.42205098312492 144.35316954885363 4.52942497472077
   vertex -3.49500000000039 144.49999999996834 4.52942497472077
  endloop
 endfacet
 facet normal -0.15643446504026 0.98768834059513 -0.00000000000003
  outer loop
   vertex -3.49500000000039 144.49999999996834 4.52942497472077
   vertex -3.49500000000010 144.49999999996820 -2.17077142648073
   vertex -4.42205098312492 144.35316954885363 -2.17077142648073
  endloop
 endfacet
 facet normal -0.45399049973955 0.89100652418836 0.00000000000000
  outer loop
   vertex -4.42205098312492 144.35316954885363 4.52942497472077
   vertex -4.42205098312492 144.35316954885363 -2.17077142648073
   vertex -5.25835575687748 143.92705098309301 -2.17077142648073
  endloop
 endfacet
 facet normal -0.70710678118656 0.70710678118654 0.00000000000000
  outer loop
   vertex -5.25835575687748 143.92705098309301 4.52942497472077
   vertex -5.25835575687748 143.92705098309301 -2.17077142648073
   vertex -5.92205098312489 143.26335575684558 -2.17077142648073
  endloop
 endfacet
 facet normal -0.89100652418837 0.45399049973954 0.00000000000000
  outer loop
   vertex -5.92205098312489 143.26335575684558 4.52942497472077
   vertex -5.92205098312489 143.26335575684558 -2.17077142648073
   vertex -6.34816954888550 142.42705098309301 -2.17077142648073
  endloop
 endfacet
 facet normal -0.98768834059514 0.15643446504021 0.00000000000000
  outer loop
   vertex -6.34816954888550 142.42705098309301 4.52942497472077
   vertex -6.34816954888550 142.42705098309301 -2.17077142648073
   vertex -6.49500000000002 141.49999999996817 -2.17077142648073
  endloop
 endfacet
 facet normal 0.00000000000000 -1.00000000000000 0.00000000000293
  outer loop
   vertex 1.00499999999998 139.99999999996814 -2.19019925136189
   vertex 142.86499999999793 139.99999999996814 -2.19019925136189
   vertex 98.59829206300228 139.99999999996820 -2.17077142648073
  endloop
 endfacet
 facet normal 0.00000000000000 -1.00000000000000 0.00000000000001
  outer loop
   vertex 98.59829206300228 139.99999999996820 -2.17077142648073
   vertex 23.11499999999878 139.99999999996820 3.22809105762076
   vertex 1.00499999999998 139.99999999996814 -2.19019925136189
  endloop
 endfacet
 facet normal -0.00000000000000 -1.00000000000000 0.00000000000000
  outer loop
   vertex 98.59829206300228 139.99999999996820 4.52942497472077
   vertex 96.11499999999999 139.99999999996820 4.52942497472077
   vertex 96.11499999999998 139.99999999996820 3.22809105762076
  endloop
 endfacet
 facet normal 0.00000000000000 -1.00000000000000 0.00000000000000
  outer loop
   vertex 1.00499999999986 139.99999999996814 4.52942497472077
   vertex 1.00499999999998 139.99999999996814 -2.19019925136189
   vertex 23.11499999999878 139.99999999996820 3.22809105762076
  endloop
 endfacet
 facet normal 0.00000000000000 -1.00000000000000 0.00000000000000
  outer loop
   vertex 96.11499999999998 139.99999999996820 3.22809105762076
   vertex 98.59829206300228 139.99999999996820 -2.17077142648073
   vertex 98.59829206300228 139.99999999996820 4.52942497472077
  endloop
 endfacet
 facet normal 0.00000000000000 -1.00000000000000 0.00000000000000
  outer loop
   vertex 98.59829206300228 139.99999999996820 -2.17077142648073
   vertex 96.11499999999998 139.99999999996820 3.22809105762076
   vertex 23.11499999999878 139.99999999996820 3.22809105762076
  endloop
 endfacet
 facet normal -0.00000000000000 -1.00000000000000 -0.00000000000469
  outer loop
   vertex 142.86499999999793 139.99999999996814 -2.19019925136189
   vertex 141.09829206300228 139.99999999996805 -2.17077142648073
   vertex 98.59829206300228 139.99999999996820 -2.17077142648073
  endloop
 endfacet
 facet normal -0.00000000000000 -1.00000000000000 0.00000000000000
  outer loop
   vertex 142.86499999999785 139.99999999996805 4.52942497472077
   vertex 141.09829206300228 139.99999999996805 4.52942497472077
   vertex 141.09829206300228 139.99999999996805 -2.17077142648073
  endloop
 endfacet
 facet normal 0.00000000000005 -1.00000000000000 -0.00000000000001
  outer loop
   vertex 141.09829206300228 139.99999999996805 -2.17077142648073
   vertex 142.86499999999793 139.99999999996814 -2.19019925136189
   vertex 142.86499999999785 139.99999999996805 4.52942497472077
  endloop
 endfacet
 facet normal 0.00000000000000 -1.00000000000000 0.00000000000000
  outer loop
   vertex 23.11499999999878 139.99999999996820 3.22809105762076
   vertex 23.11499999999878 139.99999999996820 4.52942497472077
   vertex 1.00499999999986 139.99999999996814 4.52942497472077
  endloop
 endfacet
 facet normal -0.15643446504031 -0.98768834059512 0.00000000000000
  outer loop
   vertex 141.09829206300228 139.99999999996805 -2.17077142648073
   vertex 141.09829206300228 139.99999999996805 4.52942497472077
   vertex 140.78927506862732 140.04894348367293 4.52942497472077
  endloop
 endfacet
 facet normal -0.45399049973962 -0.89100652418833 0.00000000000000
  outer loop
   vertex 140.78927506862732 140.04894348367293 -2.17077142648073
   vertex 140.78927506862732 140.04894348367293 4.52942497472077
   vertex 140.51050681070981 140.19098300559315 4.52942497472077
  endloop
 endfacet
 facet normal -0.70710678118664 -0.70710678118646 0.00000000000000
  outer loop
   vertex 140.51050681070981 140.19098300559315 -2.17077142648073
   vertex 140.51050681070981 140.19098300559315 4.52942497472077
   vertex 140.28927506862738 140.41221474767565 4.52942497472077
  endloop
 endfacet
 facet normal -0.89100652418833 -0.45399049973962 0.00000000000000
  outer loop
   vertex 140.28927506862738 140.41221474767565 -2.17077142648073
   vertex 140.28927506862738 140.41221474767565 4.52942497472077
   vertex 140.14723554670715 140.69098300559315 4.52942497472077
  endloop
 endfacet
 facet normal -0.98768834059514 -0.15643446504024 0.00000000000000
  outer loop
   vertex 140.14723554670715 140.69098300559315 -2.17077142648073
   vertex 140.14723554670715 140.69098300559315 4.52942497472077
   vertex 140.09829206300230 140.99999999996808 4.52942497472077
  endloop
 endfacet
 facet normal -0.98768834059514 -0.15643446504024 -0.00000000000000
  outer loop
   vertex 140.09829206300230 140.99999999996808 4.52942497472077
   vertex 140.09829206300230 140.99999999996808 -2.17077142648073
   vertex 140.14723554670715 140.69098300559315 -2.17077142648073
  endloop
 endfacet
 facet normal -0.89100652418833 -0.45399049973962 -0.00000000000000
  outer loop
   vertex 140.14723554670715 140.69098300559315 4.52942497472077
   vertex 140.14723554670715 140.69098300559315 -2.17077142648073
   vertex 140.28927506862738 140.41221474767565 -2.17077142648073
  endloop
 endfacet
 facet normal -0.70710678118664 -0.70710678118646 -0.00000000000000
  outer loop
   vertex 140.28927506862738 140.41221474767565 4.52942497472077
   vertex 140.28927506862738 140.41221474767565 -2.17077142648073
   vertex 140.51050681070981 140.19098300559315 -2.17077142648073
  endloop
 endfacet
 facet normal -0.45399049973962 -0.89100652418833 -0.00000000000000
  outer loop
   vertex 140.51050681070981 140.19098300559315 4.52942497472077
   vertex 140.51050681070981 140.19098300559315 -2.17077142648073
   vertex 140.78927506862732 140.04894348367293 -2.17077142648073
  endloop
 endfacet
 facet normal -0.15643446504031 -0.98768834059512 -0.00000000000000
  outer loop
   vertex 140.78927506862732 140.04894348367293 4.52942497472077
   vertex 140.78927506862732 140.04894348367293 -2.17077142648073
   vertex 141.09829206300228 139.99999999996805 -2.17077142648073
  endloop
 endfacet
 facet normal -1.00000000000000 -0.00000000000001 -0.00000000000000
  outer loop
   vertex 140.09829206300228 143.49999999996808 4.52942497472077
   vertex 140.09829206300228 143.49999999996808 -2.17077142648073
   vertex 140.09829206300230 140.99999999996808 -2.17077142648073
  endloop
 endfacet
 facet normal -1.00000000000000 -0.00000000000001 0.00000000000000
  outer loop
   vertex 140.09829206300230 140.99999999996808 -2.17077142648073
   vertex 140.09829206300230 140.99999999996808 4.52942497472077
   vertex 140.09829206300228 143.49999999996808 4.52942497472077
  endloop
 endfacet
 facet normal -0.98768834059514 0.15643446504021 0.00000000000000
  outer loop
   vertex 140.09829206300228 143.49999999996808 -2.17077142648073
   vertex 140.09829206300228 143.49999999996808 4.52942497472077
   vertex 140.14723554670712 143.80901699434307 4.52942497472077
  endloop
 endfacet
 facet normal -0.89100652418833 0.45399049973962 0.00000000000000
  outer loop
   vertex 140.14723554670712 143.80901699434307 -2.17077142648073
   vertex 140.14723554670712 143.80901699434307 4.52942497472077
   vertex 140.28927506862735 144.08778525226057 4.52942497472077
  endloop
 endfacet
 facet normal -0.70710678118655 0.70710678118655 0.00000000000000
  outer loop
   vertex 140.28927506862735 144.08778525226057 -2.17077142648073
   vertex 140.28927506862735 144.08778525226057 4.52942497472077
   vertex 140.51050681070981 144.30901699434304 4.52942497472077
  endloop
 endfacet
 facet normal -0.45399049973958 0.89100652418835 0.00000000000000
  outer loop
   vertex 140.51050681070981 144.30901699434304 -2.17077142648073
   vertex 140.51050681070981 144.30901699434304 4.52942497472077
   vertex 140.78927506862735 144.45105651626326 4.52942497472077
  endloop
 endfacet
 facet normal -0.15643446504005 0.98768834059517 0.00000000000000
  outer loop
   vertex 140.78927506862735 144.45105651626326 -2.17077142648073
   vertex 140.78927506862735 144.45105651626326 4.52942497472077
   vertex 141.09829206300230 144.49999999996805 4.52942497472077
  endloop
 endfacet
 facet normal -0.15643446504005 0.98768834059517 0.00000000000000
  outer loop
   vertex 141.09829206300230 144.49999999996805 4.52942497472077
   vertex 141.09829206300230 144.49999999996805 -2.17077142648073
   vertex 140.78927506862735 144.45105651626326 -2.17077142648073
  endloop
 endfacet
 facet normal -0.45399049973958 0.89100652418835 0.00000000000000
  outer loop
   vertex 140.78927506862735 144.45105651626326 4.52942497472077
   vertex 140.78927506862735 144.45105651626326 -2.17077142648073
   vertex 140.51050681070981 144.30901699434304 -2.17077142648073
  endloop
 endfacet
 facet normal -0.70710678118655 0.70710678118655 0.00000000000000
  outer loop
   vertex 140.51050681070981 144.30901699434304 4.52942497472077
   vertex 140.51050681070981 144.30901699434304 -2.17077142648073
   vertex 140.28927506862735 144.08778525226057 -2.17077142648073
  endloop
 endfacet
 facet normal -0.89100652418833 0.45399049973962 0.00000000000000
  outer loop
   vertex 140.28927506862735 144.08778525226057 4.52942497472077
   vertex 140.28927506862735 144.08778525226057 -2.17077142648073
   vertex 140.14723554670712 143.80901699434307 -2.17077142648073
  endloop
 endfacet
 facet normal -0.98768834059514 0.15643446504021 0.00000000000000
  outer loop
   vertex 140.14723554670712 143.80901699434307 4.52942497472077
   vertex 140.14723554670712 143.80901699434307 -2.17077142648073
   vertex 140.09829206300228 143.49999999996808 -2.17077142648073
  endloop
 endfacet
 facet normal -0.00000000000002 1.00000000000000 0.00000000000001
  outer loop
   vertex 147.36499999999782 144.49999999996811 4.52942497472077
   vertex 147.36499999999782 144.49999999996820 -2.17077142648073
   vertex 141.09829206300230 144.49999999996805 -2.17077142648073
  endloop
 endfacet
 facet normal -0.00000000000001 1.00000000000000 0.00000000000000
  outer loop
   vertex 141.09829206300230 144.49999999996805 -2.17077142648073
   vertex 141.09829206300230 144.49999999996805 4.52942497472077
   vertex 147.36499999999782 144.49999999996811 4.52942497472077
  endloop
 endfacet
 facet normal 0.15643446504011 0.98768834059516 0.00000000000001
  outer loop
   vertex 147.36499999999782 144.49999999996820 -2.17077142648073
   vertex 147.36499999999782 144.49999999996811 4.52942497472077
   vertex 148.29205098312266 144.35316954885369 4.52942497472077
  endloop
 endfacet
 facet normal 0.45399049973956 0.89100652418836 -0.00000000000000
  outer loop
   vertex 148.29205098312266 144.35316954885369 -2.17077142648073
   vertex 148.29205098312266 144.35316954885369 4.52942497472077
   vertex 149.12835575687527 143.92705098309304 4.52942497472077
  endloop
 endfacet
 facet normal 0.70710678118655 0.70710678118655 -0.00000000000000
  outer loop
   vertex 149.12835575687527 143.92705098309304 -2.17077142648073
   vertex 149.12835575687527 143.92705098309304 4.52942497472077
   vertex 149.79205098312269 143.26335575684561 4.52942497472077
  endloop
 endfacet
 facet normal 0.89100652418837 0.45399049973955 -0.00000000000000
  outer loop
   vertex 149.79205098312269 143.26335575684561 -2.17077142648073
   vertex 149.79205098312269 143.26335575684561 4.52942497472077
   vertex 150.21816954888331 142.42705098309304 4.52942497472077
  endloop
 endfacet
 facet normal 0.98768834059514 0.15643446504023 -0.00000000000000
  outer loop
   vertex 150.21816954888331 142.42705098309304 -2.17077142648073
   vertex 150.21816954888331 142.42705098309304 4.52942497472077
   vertex 150.36499999999785 141.49999999996817 4.52942497472077
  endloop
 endfacet
 facet normal 0.98768834059513 0.15643446504026 0.00000000000000
  outer loop
   vertex 150.36499999999785 141.49999999996817 4.52942497472077
   vertex 150.36499999999788 141.49999999996817 -2.17077142648073
   vertex 150.21816954888331 142.42705098309304 -2.17077142648073
  endloop
 endfacet
 facet normal 0.89100652418837 0.45399049973955 0.00000000000000
  outer loop
   vertex 150.21816954888331 142.42705098309304 4.52942497472077
   vertex 150.21816954888331 142.42705098309304 -2.17077142648073
   vertex 149.79205098312269 143.26335575684561 -2.17077142648073
  endloop
 endfacet
 facet normal 0.70710678118655 0.70710678118655 0.00000000000000
  outer loop
   vertex 149.79205098312269 143.26335575684561 4.52942497472077
   vertex 149.79205098312269 143.26335575684561 -2.17077142648073
   vertex 149.12835575687527 143.92705098309304 -2.17077142648073
  endloop
 endfacet
 facet normal 0.45399049973956 0.89100652418836 0.00000000000000
  outer loop
   vertex 149.12835575687527 143.92705098309304 4.52942497472077
   vertex 149.12835575687527 143.92705098309304 -2.17077142648073
   vertex 148.29205098312266 144.35316954885369 -2.17077142648073
  endloop
 endfacet
 facet normal 0.15643446504020 0.98768834059514 0.00000000000000
  outer loop
   vertex 148.29205098312266 144.35316954885369 4.52942497472077
   vertex 148.29205098312266 144.35316954885369 -2.17077142648073
   vertex 147.36499999999782 144.49999999996820 -2.17077142648073
  endloop
 endfacet
 facet normal 0.15643446504026 -0.98768834059513 0.00000000000000
  outer loop
   vertex 0.07794901687514 139.85316954885357 -2.19019925136189
   vertex 1.00499999999998 139.99999999996814 -2.19019925136189
   vertex 1.00499999999986 139.99999999996814 4.52942497472077
  endloop
 endfacet
 facet normal 0.45399049973955 -0.89100652418837 -0.00000000000000
  outer loop
   vertex -0.75835575687744 139.42705098309295 -2.19019925136189
   vertex 0.07794901687514 139.85316954885357 -2.19019925136189
   vertex 0.07794901687514 139.85316954885357 4.52942497472077
  endloop
 endfacet
 facet normal 0.70710678118655 -0.70710678118655 -0.00000000000000
  outer loop
   vertex -1.42205098312486 138.76335575684553 -2.19019925136189
   vertex -0.75835575687744 139.42705098309295 -2.19019925136189
   vertex -0.75835575687744 139.42705098309295 4.52942497472077
  endloop
 endfacet
 facet normal 0.89100652418837 -0.45399049973955 0.00000000000000
  outer loop
   vertex -1.84816954888548 137.92705098309295 -2.19019925136189
   vertex -1.42205098312486 138.76335575684553 -2.19019925136189
   vertex -1.42205098312486 138.76335575684553 4.52942497472077
  endloop
 endfacet
 facet normal 0.98768834059514 -0.15643446504025 0.00000000000000
  outer loop
   vertex -1.99500000000004 136.99999999996811 -2.19019925136189
   vertex -1.84816954888548 137.92705098309295 -2.19019925136189
   vertex -1.84816954888548 137.92705098309295 4.52942497472077
  endloop
 endfacet
 facet normal 0.98768834059512 -0.15643446504037 0.00000000000002
  outer loop
   vertex -1.84816954888548 137.92705098309295 4.52942497472077
   vertex -1.99500000000014 136.99999999996820 4.52942497472077
   vertex -1.99500000000004 136.99999999996811 -2.19019925136189
  endloop
 endfacet
 facet normal 0.89100652418837 -0.45399049973955 0.00000000000000
  outer loop
   vertex -1.42205098312486 138.76335575684553 4.52942497472077
   vertex -1.84816954888548 137.92705098309295 4.52942497472077
   vertex -1.84816954888548 137.92705098309295 -2.19019925136189
  endloop
 endfacet
 facet normal 0.70710678118655 -0.70710678118655 -0.00000000000000
  outer loop
   vertex -0.75835575687744 139.42705098309295 4.52942497472077
   vertex -1.42205098312486 138.76335575684553 4.52942497472077
   vertex -1.42205098312486 138.76335575684553 -2.19019925136189
  endloop
 endfacet
 facet normal 0.45399049973955 -0.89100652418837 -0.00000000000000
  outer loop
   vertex 0.07794901687514 139.85316954885357 4.52942497472077
   vertex -0.75835575687744 139.42705098309295 4.52942497472077
   vertex -0.75835575687744 139.42705098309295 -2.19019925136189
  endloop
 endfacet
 facet normal 0.15643446504028 -0.98768834059513 -0.00000000000000
  outer loop
   vertex 1.00499999999986 139.99999999996814 4.52942497472077
   vertex 0.07794901687514 139.85316954885357 4.52942497472077
   vertex 0.07794901687514 139.85316954885357 -2.19019925136189
  endloop
 endfacet
 facet normal -0.98768834059514 -0.15643446504023 -0.00000000000002
  outer loop
   vertex 145.71816954888337 137.92705098309295 -2.19019925136189
   vertex 145.86499999999791 136.99999999996811 -2.19019925136189
   vertex 145.86499999999779 136.99999999996805 4.52942497472077
  endloop
 endfacet
 facet normal -0.89100652418838 -0.45399049973952 0.00000000000000
  outer loop
   vertex 145.29205098312278 138.76335575684553 -2.19019925136189
   vertex 145.71816954888337 137.92705098309295 -2.19019925136189
   vertex 145.71816954888337 137.92705098309295 4.52942497472077
  endloop
 endfacet
 facet normal -0.70710678118655 -0.70710678118655 -0.00000000000000
  outer loop
   vertex 144.62835575687535 139.42705098309295 -2.19019925136189
   vertex 145.29205098312278 138.76335575684553 -2.19019925136189
   vertex 145.29205098312278 138.76335575684553 4.52942497472077
  endloop
 endfacet
 facet normal -0.45399049973954 -0.89100652418837 0.00000000000000
  outer loop
   vertex 143.79205098312275 139.85316954885357 -2.19019925136189
   vertex 144.62835575687535 139.42705098309295 -2.19019925136189
   vertex 144.62835575687535 139.42705098309295 4.52942497472077
  endloop
 endfacet
 facet normal -0.15643446504026 -0.98768834059513 0.00000000000000
  outer loop
   vertex 142.86499999999793 139.99999999996814 -2.19019925136189
   vertex 143.79205098312275 139.85316954885357 -2.19019925136189
   vertex 143.79205098312275 139.85316954885357 4.52942497472077
  endloop
 endfacet
 facet normal -0.15643446504016 -0.98768834059515 -0.00000000000001
  outer loop
   vertex 143.79205098312275 139.85316954885357 4.52942497472077
   vertex 142.86499999999785 139.99999999996805 4.52942497472077
   vertex 142.86499999999793 139.99999999996814 -2.19019925136189
  endloop
 endfacet
 facet normal -0.45399049973954 -0.89100652418837 0.00000000000000
  outer loop
   vertex 144.62835575687535 139.42705098309295 4.52942497472077
   vertex 143.79205098312275 139.85316954885357 4.52942497472077
   vertex 143.79205098312275 139.85316954885357 -2.19019925136189
  endloop
 endfacet
 facet normal -0.70710678118655 -0.70710678118655 -0.00000000000000
  outer loop
   vertex 145.29205098312278 138.76335575684553 4.52942497472077
   vertex 144.62835575687535 139.42705098309295 4.52942497472077
   vertex 144.62835575687535 139.42705098309295 -2.19019925136189
  endloop
 endfacet
 facet normal -0.89100652418838 -0.45399049973952 0.00000000000000
  outer loop
   vertex 145.71816954888337 137.92705098309295 4.52942497472077
   vertex 145.29205098312278 138.76335575684553 4.52942497472077
   vertex 145.29205098312278 138.76335575684553 -2.19019925136189
  endloop
 endfacet
 facet normal -0.98768834059516 -0.15643446504010 0.00000000000000
  outer loop
   vertex 145.86499999999779 136.99999999996805 4.52942497472077
   vertex 145.71816954888337 137.92705098309295 4.52942497472077
   vertex 145.71816954888337 137.92705098309295 -2.19019925136189
  endloop
 endfacet
 facet normal 0.00000000000000 -0.70710678118654 0.70710678118655
  outer loop
   vertex 1.00499999999998 138.79999999996812 -3.39019925136189
   vertex 142.86499999999793 138.79999999996812 -3.39019925136189
   vertex 142.86499999999793 139.99999999996814 -2.19019925136189
  endloop
 endfacet
 facet normal 0.00000000000000 -0.70710678118654 0.70710678118655
  outer loop
   vertex 142.86499999999793 139.99999999996814 -2.19019925136189
   vertex 1.00499999999998 139.99999999996814 -2.19019925136189
   vertex 1.00499999999998 138.79999999996812 -3.39019925136189
  endloop
 endfacet
 facet normal -0.70271351130157 -0.11129888619598 0.70271351130155
  outer loop
   vertex 145.86499999999791 136.99999999996811 -2.19019925136189
   vertex 145.71816954888340 137.92705098309295 -2.19019925136188
   vertex 144.57690172932922 137.55623058984301 -3.39019925136189
  endloop
 endfacet
 facet normal -0.63392701672243 -0.32300194814215 0.70271351130156
  outer loop
   vertex 145.71816954888340 137.92705098309295 -2.19019925136188
   vertex 145.29205098312278 138.76335575684556 -2.19019925136188
   vertex 144.32123058987281 138.05801345409458 -3.39019925136189
  endloop
 endfacet
 facet normal -0.50308732891728 -0.50308732891726 0.70271351130157
  outer loop
   vertex 145.29205098312278 138.76335575684556 -2.19019925136188
   vertex 144.62835575687538 139.42705098309298 -2.19019925136188
   vertex 143.92301345412437 138.45623058984302 -3.39019925136189
  endloop
 endfacet
 facet normal -0.32300194814215 -0.63392701672243 0.70271351130156
  outer loop
   vertex 144.62835575687538 139.42705098309298 -2.19019925136188
   vertex 143.79205098312278 139.85316954885360 -2.19019925136188
   vertex 143.42123058987281 138.71190172929940 -3.39019925136189
  endloop
 endfacet
 facet normal -0.11129888619600 -0.70271351130155 0.70271351130156
  outer loop
   vertex 143.79205098312278 139.85316954885360 -2.19019925136188
   vertex 142.86499999999793 139.99999999996814 -2.19019925136189
   vertex 142.86499999999793 138.79999999996812 -3.39019925136189
  endloop
 endfacet
 facet normal -0.11129888619599 -0.70271351130156 0.70271351130156
  outer loop
   vertex 142.86499999999793 138.79999999996812 -3.39019925136189
   vertex 143.42123058987281 138.71190172929940 -3.39019925136189
   vertex 143.79205098312278 139.85316954885360 -2.19019925136188
  endloop
 endfacet
 facet normal -0.32300194814216 -0.63392701672243 0.70271351130157
  outer loop
   vertex 143.42123058987281 138.71190172929940 -3.39019925136189
   vertex 143.92301345412437 138.45623058984302 -3.39019925136189
   vertex 144.62835575687538 139.42705098309298 -2.19019925136188
  endloop
 endfacet
 facet normal -0.50308732891727 -0.50308732891727 0.70271351130156
  outer loop
   vertex 143.92301345412437 138.45623058984302 -3.39019925136189
   vertex 144.32123058987281 138.05801345409458 -3.39019925136189
   vertex 145.29205098312278 138.76335575684556 -2.19019925136188
  endloop
 endfacet
 facet normal -0.63392701672243 -0.32300194814219 0.70271351130155
  outer loop
   vertex 144.32123058987281 138.05801345409458 -3.39019925136189
   vertex 144.57690172932922 137.55623058984301 -3.39019925136189
   vertex 145.71816954888340 137.92705098309295 -2.19019925136188
  endloop
 endfacet
 facet normal -0.70271351130157 -0.11129888619595 0.70271351130156
  outer loop
   vertex 144.57690172932922 137.55623058984301 -3.39019925136189
   vertex 144.66499999999792 136.99999999996811 -3.39019925136189
   vertex 145.86499999999791 136.99999999996811 -2.19019925136189
  endloop
 endfacet
 facet normal -0.70710678118655 0.00000000000000 0.70710678118654
  outer loop
   vertex 145.86499999999791 0.96378592044954 -2.19019925136189
   vertex 145.86499999999791 136.99999999996811 -2.19019925136189
   vertex 144.66499999999792 136.99999999996811 -3.39019925136189
  endloop
 endfacet
 facet normal -0.70710678118654 0.00000000000000 0.70710678118655
  outer loop
   vertex 144.66499999999792 136.99999999996811 -3.39019925136189
   vertex 144.66499999999789 0.96378592044954 -3.39019925136189
   vertex 145.86499999999791 0.96378592044954 -2.19019925136189
  endloop
 endfacet
 facet normal 0.11129888619600 -0.70271351130156 0.70271351130156
  outer loop
   vertex 1.00499999999998 139.99999999996814 -2.19019925136189
   vertex 0.07794901687513 139.85316954885360 -2.19019925136188
   vertex 0.44876941012508 138.71190172929940 -3.39019925136190
  endloop
 endfacet
 facet normal 0.32300194814216 -0.63392701672243 0.70271351130156
  outer loop
   vertex 0.07794901687513 139.85316954885360 -2.19019925136188
   vertex -0.75835575687745 139.42705098309298 -2.19019925136188
   vertex -0.05301345412647 138.45623058984302 -3.39019925136190
  endloop
 endfacet
 facet normal 0.50308732891727 -0.50308732891727 0.70271351130156
  outer loop
   vertex -0.75835575687745 139.42705098309298 -2.19019925136188
   vertex -1.42205098312487 138.76335575684556 -2.19019925136188
   vertex -0.45123058987492 138.05801345409458 -3.39019925136190
  endloop
 endfacet
 facet normal 0.63392701672244 -0.32300194814215 0.70271351130156
  outer loop
   vertex -1.42205098312487 138.76335575684556 -2.19019925136188
   vertex -1.84816954888549 137.92705098309295 -2.19019925136188
   vertex -0.70690172933129 137.55623058984301 -3.39019925136190
  endloop
 endfacet
 facet normal 0.70271351130155 -0.11129888619600 0.70271351130156
  outer loop
   vertex -1.84816954888549 137.92705098309295 -2.19019925136188
   vertex -1.99500000000004 136.99999999996811 -2.19019925136189
   vertex -0.79500000000001 136.99999999996811 -3.39019925136189
  endloop
 endfacet
 facet normal 0.70271351130156 -0.11129888619598 0.70271351130156
  outer loop
   vertex -0.79500000000001 136.99999999996811 -3.39019925136189
   vertex -0.70690172933129 137.55623058984301 -3.39019925136190
   vertex -1.84816954888549 137.92705098309295 -2.19019925136188
  endloop
 endfacet
 facet normal 0.63392701672244 -0.32300194814215 0.70271351130156
  outer loop
   vertex -0.70690172933129 137.55623058984301 -3.39019925136190
   vertex -0.45123058987492 138.05801345409458 -3.39019925136190
   vertex -1.42205098312487 138.76335575684556 -2.19019925136188
  endloop
 endfacet
 facet normal 0.50308732891726 -0.50308732891728 0.70271351130156
  outer loop
   vertex -0.45123058987492 138.05801345409458 -3.39019925136190
   vertex -0.05301345412647 138.45623058984302 -3.39019925136190
   vertex -0.75835575687745 139.42705098309298 -2.19019925136188
  endloop
 endfacet
 facet normal 0.32300194814217 -0.63392701672243 0.70271351130156
  outer loop
   vertex -0.05301345412647 138.45623058984302 -3.39019925136190
   vertex 0.44876941012508 138.71190172929940 -3.39019925136190
   vertex 0.07794901687513 139.85316954885360 -2.19019925136188
  endloop
 endfacet
 facet normal 0.11129888619598 -0.70271351130156 0.70271351130156
  outer loop
   vertex 0.44876941012508 138.71190172929940 -3.39019925136190
   vertex 1.00499999999998 138.79999999996812 -3.39019925136189
   vertex 1.00499999999998 139.99999999996814 -2.19019925136189
  endloop
 endfacet
 facet normal 0.70710678118654 0.00000000000000 0.70710678118655
  outer loop
   vertex -0.79500000000001 136.99999999996811 -3.39019925136189
   vertex -1.99500000000004 136.99999999996811 -2.19019925136189
   vertex -1.99500000000000 34.12586083542815 -2.19019925136189
  endloop
 endfacet
 facet normal 0.70710678118655 0.00000000000000 0.70710678118654
  outer loop
   vertex -1.99500000000000 34.12586083542815 -2.19019925136189
   vertex -0.79500000000001 34.12586083542815 -3.39019925136189
   vertex -0.79500000000001 136.99999999996811 -3.39019925136189
  endloop
 endfacet
 facet normal -0.11129888619600 0.70271351130156 0.70271351130156
  outer loop
   vertex 142.86499999999793 -2.03621407955046 -2.19019925136189
   vertex 143.79205098312275 -1.88938362843592 -2.19019925136189
   vertex 143.42123058987283 -0.74811580888174 -3.39019925136189
  endloop
 endfacet
 facet normal -0.32300194814215 0.63392701672244 0.70271351130156
  outer loop
   vertex 143.79205098312275 -1.88938362843592 -2.19019925136189
   vertex 144.62835575687535 -1.46326506267530 -2.19019925136189
   vertex 143.92301345412437 -0.49244466942536 -3.39019925136189
  endloop
 endfacet
 facet normal -0.50308732891727 0.50308732891728 0.70271351130156
  outer loop
   vertex 144.62835575687535 -1.46326506267530 -2.19019925136189
   vertex 145.29205098312278 -0.79956983642788 -2.19019925136189
   vertex 144.32123058987284 -0.09422753367691 -3.39019925136189
  endloop
 endfacet
 facet normal -0.63392701672245 0.32300194814215 0.70271351130155
  outer loop
   vertex 145.29205098312278 -0.79956983642788 -2.19019925136189
   vertex 145.71816954888337 0.03673493732469 -2.19019925136189
   vertex 144.57690172932922 0.40755533057464 -3.39019925136189
  endloop
 endfacet
 facet normal -0.70271351130155 0.11129888619599 0.70271351130156
  outer loop
   vertex 145.71816954888337 0.03673493732469 -2.19019925136189
   vertex 145.86499999999791 0.96378592044954 -2.19019925136189
   vertex 144.66499999999789 0.96378592044954 -3.39019925136189
  endloop
 endfacet
 facet normal -0.70271351130159 0.11129888619592 0.70271351130154
  outer loop
   vertex 144.66499999999789 0.96378592044954 -3.39019925136189
   vertex 144.57690172932922 0.40755533057464 -3.39019925136189
   vertex 145.71816954888337 0.03673493732469 -2.19019925136189
  endloop
 endfacet
 facet normal -0.63392701672243 0.32300194814217 0.70271351130156
  outer loop
   vertex 144.57690172932922 0.40755533057464 -3.39019925136189
   vertex 144.32123058987284 -0.09422753367691 -3.39019925136189
   vertex 145.29205098312278 -0.79956983642788 -2.19019925136189
  endloop
 endfacet
 facet normal -0.50308732891726 0.50308732891728 0.70271351130156
  outer loop
   vertex 144.32123058987284 -0.09422753367691 -3.39019925136189
   vertex 143.92301345412437 -0.49244466942536 -3.39019925136189
   vertex 144.62835575687535 -1.46326506267530 -2.19019925136189
  endloop
 endfacet
 facet normal -0.32300194814217 0.63392701672244 0.70271351130155
  outer loop
   vertex 143.92301345412437 -0.49244466942536 -3.39019925136189
   vertex 143.42123058987283 -0.74811580888174 -3.39019925136189
   vertex 143.79205098312275 -1.88938362843592 -2.19019925136189
  endloop
 endfacet
 facet normal -0.11129888619599 0.70271351130156 0.70271351130156
  outer loop
   vertex 143.42123058987283 -0.74811580888174 -3.39019925136189
   vertex 142.86499999999793 -0.83621407955046 -3.39019925136189
   vertex 142.86499999999793 -2.03621407955046 -2.19019925136189
  endloop
 endfacet
 facet normal 0.00000000000000 0.00000000000000 1.00000000000000
  outer loop
   vertex 0.54666548598916 32.38519157526801 -3.39019925136189
   vertex -0.69884632641872 33.54542333151460 -3.39019925136189
   vertex -0.42065811561178 33.02699827014064 -3.39019925136189
  endloop
 endfacet
 facet normal 0.00000000000000 0.00000000000000 1.00000000000000
  outer loop
   vertex 0.54666548598916 32.38519157526801 -3.39019925136189
   vertex -0.79500000000001 34.12586083542815 -3.39019925136189
   vertex -0.69884632641872 33.54542333151460 -3.39019925136189
  endloop
 endfacet
 facet normal 0.00000000000000 0.00000000000000 1.00000000000000
  outer loop
   vertex 1.00499999999998 138.79999999996812 -3.39019925136189
   vertex -0.79500000000001 136.99999999996811 -3.39019925136189
   vertex -0.79500000000001 34.12586083542815 -3.39019925136189
  endloop
 endfacet
 facet normal 0.00000000000000 0.00000000000000 1.00000000000000
  outer loop
   vertex -0.05301345412647 138.45623058984302 -3.39019925136189
   vertex -0.45123058987492 138.05801345409458 -3.39019925136189
   vertex -0.70690172933129 137.55623058984301 -3.39019925136189
  endloop
 endfacet
 facet normal 0.00000000000000 0.00000000000000 1.00000000000000
  outer loop
   vertex -0.79500000000001 136.99999999996811 -3.39019925136189
   vertex 1.00499999999998 138.79999999996812 -3.39019925136189
   vertex 0.44876941012508 138.71190172929940 -3.39019925136189
  endloop
 endfacet
 facet normal 0.00000000000000 0.00000000000000 1.00000000000000
  outer loop
   vertex 142.86499999999793 138.79999999996812 -3.39019925136189
   vertex 144.32123058987281 138.05801345409458 -3.39019925136189
   vertex 143.92301345412437 138.45623058984302 -3.39019925136189
  endloop
 endfacet
 facet normal 0.00000000000000 0.00000000000000 1.00000000000000
  outer loop
   vertex 142.86499999999793 138.79999999996812 -3.39019925136189
   vertex 144.66499999999792 136.99999999996811 -3.39019925136189
   vertex 144.57690172932922 137.55623058984301 -3.39019925136189
  endloop
 endfacet
 facet normal 0.00000000000000 0.00000000000000 1.00000000000000
  outer loop
   vertex 142.86499999999793 -0.83621407955046 -3.39019925136189
   vertex 144.32123058987284 -0.09422753367691 -3.39019925136189
   vertex 144.57690172932922 0.40755533057464 -3.39019925136189
  endloop
 endfacet
 facet normal 0.00000000000000 0.00000000000000 1.00000000000000
  outer loop
   vertex 142.86499999999793 -0.83621407955046 -3.39019925136189
   vertex 143.42123058987283 -0.74811580888174 -3.39019925136189
   vertex 143.92301345412437 -0.49244466942536 -3.39019925136189
  endloop
 endfacet
 facet normal -0.00000000000000 0.00000000000000 1.00000000000000
  outer loop
   vertex -0.79500000000001 34.12586083542815 -3.39019925136189
   vertex 0.54666548598916 32.38519157526801 -3.39019925136189
   vertex 1.00499999999998 138.79999999996812 -3.39019925136189
  endloop
 endfacet
 facet normal 0.00000000000000 0.00000000000000 1.00000000000000
  outer loop
   vertex 0.44876941012508 138.71190172929940 -3.39019925136189
   vertex -0.05301345412647 138.45623058984302 -3.39019925136189
   vertex -0.79500000000001 136.99999999996811 -3.39019925136189
  endloop
 endfacet
 facet normal 0.00000000000000 0.00000000000000 1.00000000000000
  outer loop
   vertex 144.57690172932922 137.55623058984301 -3.39019925136189
   vertex 144.32123058987281 138.05801345409458 -3.39019925136189
   vertex 142.86499999999793 138.79999999996812 -3.39019925136189
  endloop
 endfacet
 facet normal 0.00000000000000 0.00000000000000 1.00000000000000
  outer loop
   vertex 126.94839427439211 -0.83621407955042 -3.39019925136189
   vertex 144.66499999999789 0.96378592044954 -3.39019925136189
   vertex 144.66499999999792 136.99999999996811 -3.39019925136189
  endloop
 endfacet
 facet normal 0.00000000000000 -0.00000000000000 1.00000000000000
  outer loop
   vertex 143.92301345412437 -0.49244466942536 -3.39019925136189
   vertex 144.32123058987284 -0.09422753367691 -3.39019925136189
   vertex 142.86499999999793 -0.83621407955046 -3.39019925136189
  endloop
 endfacet
 facet normal -0.00000000000000 0.00000000000000 1.00000000000000
  outer loop
   vertex -0.70690172933129 137.55623058984301 -3.39019925136189
   vertex -0.79500000000001 136.99999999996811 -3.39019925136189
   vertex -0.05301345412647 138.45623058984302 -3.39019925136189
  endloop
 endfacet
 facet normal 0.00000000000000 0.00000000000000 1.00000000000000
  outer loop
   vertex 142.86499999999793 138.79999999996812 -3.39019925136189
   vertex 1.00499999999998 138.79999999996812 -3.39019925136189
   vertex 0.54666548598916 32.38519157526801 -3.39019925136189
  endloop
 endfacet
 facet normal 0.00000000000000 0.00000000000000 1.00000000000000
  outer loop
   vertex 144.66499999999792 136.99999999996811 -3.39019925136189
   vertex 142.86499999999793 138.79999999996812 -3.39019925136189
   vertex 126.94839427439211 -0.83621407955042 -3.39019925136189
  endloop
 endfacet
 facet normal 0.00000000000000 0.00000000000000 1.00000000000000
  outer loop
   vertex 144.66499999999789 0.96378592044954 -3.39019925136189
   vertex 126.94839427439211 -0.83621407955042 -3.39019925136189
   vertex 142.86499999999793 -0.83621407955046 -3.39019925136189
  endloop
 endfacet
 facet normal -0.00000000000000 0.00000000000000 1.00000000000000
  outer loop
   vertex 0.54666548598916 32.38519157526801 -3.39019925136189
   vertex 126.49005976038161 -0.77688333971061 -3.39019925136189
   vertex 142.86499999999793 138.79999999996812 -3.39019925136189
  endloop
 endfacet
 facet normal 0.00000000000000 -0.00000000000000 1.00000000000000
  outer loop
   vertex 144.57690172932922 0.40755533057464 -3.39019925136189
   vertex 144.66499999999789 0.96378592044954 -3.39019925136189
   vertex 142.86499999999793 -0.83621407955046 -3.39019925136189
  endloop
 endfacet
 facet normal 0.00000000000000 0.00000000000000 1.00000000000000
  outer loop
   vertex -0.42065811561178 33.02699827014064 -3.39019925136189
   vertex 0.00984372306963 32.62597284478149 -3.39019925136189
   vertex 0.54666548598916 32.38519157526801 -3.39019925136189
  endloop
 endfacet
 facet normal -0.00000000000000 0.00000000000000 1.00000000000000
  outer loop
   vertex 126.49005976038161 -0.77688333971061 -3.39019925136189
   vertex 126.94839427439211 -0.83621407955042 -3.39019925136189
   vertex 142.86499999999793 138.79999999996812 -3.39019925136189
  endloop
 endfacet
 facet normal 0.00000000000000 0.00000000000000 1.00000000000000
  outer loop
   vertex 143.92301345412437 138.45623058984302 -3.39019925136189
   vertex 143.42123058987281 138.71190172929940 -3.39019925136189
   vertex 142.86499999999793 138.79999999996812 -3.39019925136189
  endloop
 endfacet
 facet normal 0.00000000000000 0.70710678118655 0.70710678118655
  outer loop
   vertex 126.94839427439211 -2.03621407955043 -2.19019925136189
   vertex 142.86499999999793 -2.03621407955046 -2.19019925136189
   vertex 142.86499999999793 -0.83621407955046 -3.39019925136189
  endloop
 endfacet
 facet normal 0.00000000000000 0.70710678118655 0.70710678118655
  outer loop
   vertex 142.86499999999793 -0.83621407955046 -3.39019925136189
   vertex 126.94839427439211 -0.83621407955042 -3.39019925136189
   vertex 126.94839427439211 -2.03621407955043 -2.19019925136189
  endloop
 endfacet
 facet normal -0.15643446504024 0.98768834059514 0.00000000000002
  outer loop
   vertex 143.79205098312275 -1.88938362843592 -2.19019925136189
   vertex 142.86499999999793 -2.03621407955046 -2.19019925136189
   vertex 142.86499999999910 -2.03621407955041 4.52942497472077
  endloop
 endfacet
 facet normal -0.45399049973954 0.89100652418837 -0.00000000000000
  outer loop
   vertex 144.62835575687535 -1.46326506267530 -2.19019925136189
   vertex 143.79205098312275 -1.88938362843592 -2.19019925136189
   vertex 143.79205098312275 -1.88938362843592 4.52942497472077
  endloop
 endfacet
 facet normal -0.70710678118654 0.70710678118655 0.00000000000000
  outer loop
   vertex 145.29205098312278 -0.79956983642787 -2.19019925136189
   vertex 144.62835575687535 -1.46326506267530 -2.19019925136189
   vertex 144.62835575687535 -1.46326506267530 4.52942497472077
  endloop
 endfacet
 facet normal -0.89100652418838 0.45399049973952 -0.00000000000000
  outer loop
   vertex 145.71816954888337 0.03673493732470 -2.19019925136189
   vertex 145.29205098312278 -0.79956983642787 -2.19019925136189
   vertex 145.29205098312278 -0.79956983642787 4.52942497472077
  endloop
 endfacet
 facet normal -0.98768834059514 0.15643446504023 0.00000000000000
  outer loop
   vertex 145.86499999999791 0.96378592044954 -2.19019925136189
   vertex 145.71816954888337 0.03673493732470 -2.19019925136189
   vertex 145.71816954888337 0.03673493732470 4.52942497472077
  endloop
 endfacet
 facet normal -0.98768834059493 0.15643446504152 0.00000000000018
  outer loop
   vertex 145.71816954888337 0.03673493732470 4.52942497472077
   vertex 145.86499999999913 0.96378592044943 4.52942497472077
   vertex 145.86499999999791 0.96378592044954 -2.19019925136189
  endloop
 endfacet
 facet normal -0.89100652418838 0.45399049973952 -0.00000000000000
  outer loop
   vertex 145.29205098312278 -0.79956983642787 4.52942497472077
   vertex 145.71816954888337 0.03673493732470 4.52942497472077
   vertex 145.71816954888337 0.03673493732470 -2.19019925136189
  endloop
 endfacet
 facet normal -0.70710678118654 0.70710678118655 0.00000000000000
  outer loop
   vertex 144.62835575687535 -1.46326506267530 4.52942497472077
   vertex 145.29205098312278 -0.79956983642787 4.52942497472077
   vertex 145.29205098312278 -0.79956983642787 -2.19019925136189
  endloop
 endfacet
 facet normal -0.45399049973954 0.89100652418837 -0.00000000000000
  outer loop
   vertex 143.79205098312275 -1.88938362843592 4.52942497472077
   vertex 144.62835575687535 -1.46326506267530 4.52942497472077
   vertex 144.62835575687535 -1.46326506267530 -2.19019925136189
  endloop
 endfacet
 facet normal -0.15643446504038 0.98768834059511 -0.00000000000000
  outer loop
   vertex 142.86499999999910 -2.03621407955041 4.52942497472077
   vertex 143.79205098312275 -1.88938362843592 4.52942497472077
   vertex 143.79205098312275 -1.88938362843592 -2.19019925136189
  endloop
 endfacet
 facet normal 0.00000000000000 1.00000000000000 -0.00000000000001
  outer loop
   vertex 126.94839427439236 -2.03621407955039 4.52942497472077
   vertex 142.86499999999910 -2.03621407955041 4.52942497472077
   vertex 142.86499999999793 -2.03621407955046 -2.19019925136189
  endloop
 endfacet
 facet normal 0.00000000000000 1.00000000000000 -0.00000000000001
  outer loop
   vertex 142.86499999999793 -2.03621407955046 -2.19019925136189
   vertex 126.94839427439211 -2.03621407955043 -2.19019925136189
   vertex 126.94839427439236 -2.03621407955039 4.52942497472077
  endloop
 endfacet
 facet normal 0.09115288589856 0.70416303204313 0.70416303204314
  outer loop
   vertex 126.18450341770770 -1.93732951315069 -2.19019925136189
   vertex 126.94839427439211 -2.03621407955043 -2.19019925136189
   vertex 126.94839427439211 -0.83621407955042 -3.39019925136189
  endloop
 endfacet
 facet normal 0.09115288589855 0.70416303204314 0.70416303204313
  outer loop
   vertex 126.94839427439211 -0.83621407955042 -3.39019925136189
   vertex 126.49005976038161 -0.77688333971061 -3.39019925136189
   vertex 126.18450341770770 -1.93732951315069 -2.19019925136189
  endloop
 endfacet
 facet normal 0.12837741649773 0.99172538483865 -0.00000000000001
  outer loop
   vertex 126.94839427439211 -2.03621407955043 -2.19019925136189
   vertex 126.18450341770770 -1.93732951315069 -2.19019925136189
   vertex 126.18450341770756 -1.93732951315062 4.52942497472077
  endloop
 endfacet
 facet normal 0.12837741649771 0.99172538483865 -0.00000000000001
  outer loop
   vertex 126.18450341770756 -1.93732951315062 4.52942497472077
   vertex 126.94839427439236 -2.03621407955039 4.52942497472077
   vertex 126.94839427439211 -2.03621407955043 -2.19019925136189
  endloop
 endfacet
 facet normal 0.18005080161606 0.68379946536789 0.70710678118655
  outer loop
   vertex 126.18450341770770 -1.93732951315069 -2.19019925136189
   vertex 126.49005976038161 -0.77688333971061 -3.39019925136189
   vertex 0.54666548598916 32.38519157526801 -3.39019925136189
  endloop
 endfacet
 facet normal 0.18005080161606 0.68379946536789 0.70710678118655
  outer loop
   vertex 0.54666548598916 32.38519157526801 -3.39019925136189
   vertex 0.24110914331526 31.22474540182792 -2.19019925136189
   vertex 126.18450341770770 -1.93732951315069 -2.19019925136189
  endloop
 endfacet
 facet normal 0.70230497709642 0.11634190255957 0.70230497709642
  outer loop
   vertex -1.99500000000000 34.12586083542815 -2.19019925136189
   vertex -1.83474387736455 33.15846499557224 -2.19019925136189
   vertex -0.69884632641872 33.54542333151460 -3.39019925136189
  endloop
 endfacet
 facet normal 0.62727252873839 0.33659603954255 0.70230497709642
  outer loop
   vertex -1.83474387736455 33.15846499557224 -2.19019925136189
   vertex -1.37109685935298 32.29442322661563 -2.19019925136189
   vertex -0.42065811561178 33.02699827014064 -3.39019925136189
  endloop
 endfacet
 facet normal 0.48522390485280 0.52088912573118 0.70230497709643
  outer loop
   vertex -1.37109685935298 32.29442322661563 -2.19019925136189
   vertex -0.65359379488396 31.62604751768372 -2.19019925136189
   vertex 0.00984372306963 32.62597284478149 -3.39019925136189
  endloop
 endfacet
 facet normal 0.29133521323271 0.64953176417805 0.70230497709642
  outer loop
   vertex -0.65359379488396 31.62604751768372 -2.19019925136189
   vertex 0.24110914331526 31.22474540182792 -2.19019925136189
   vertex 0.54666548598916 32.38519157526801 -3.39019925136189
  endloop
 endfacet
 facet normal 0.29133521323271 0.64953176417804 0.70230497709642
  outer loop
   vertex 0.54666548598916 32.38519157526801 -3.39019925136189
   vertex 0.00984372306963 32.62597284478149 -3.39019925136189
   vertex -0.65359379488396 31.62604751768372 -2.19019925136189
  endloop
 endfacet
 facet normal 0.48522390485279 0.52088912573118 0.70230497709642
  outer loop
   vertex 0.00984372306963 32.62597284478149 -3.39019925136189
   vertex -0.42065811561178 33.02699827014064 -3.39019925136189
   vertex -1.37109685935298 32.29442322661563 -2.19019925136189
  endloop
 endfacet
 facet normal 0.62727252873839 0.33659603954255 0.70230497709642
  outer loop
   vertex -0.42065811561178 33.02699827014064 -3.39019925136189
   vertex -0.69884632641872 33.54542333151460 -3.39019925136189
   vertex -1.83474387736455 33.15846499557224 -2.19019925136189
  endloop
 endfacet
 facet normal 0.70230497709643 0.11634190255960 0.70230497709642
  outer loop
   vertex -0.69884632641872 33.54542333151460 -3.39019925136189
   vertex -0.79500000000001 34.12586083542815 -3.39019925136189
   vertex -1.99500000000000 34.12586083542815 -2.19019925136189
  endloop
 endfacet
 facet normal 0.98655493827127 0.16342996595660 0.00000000000002
  outer loop
   vertex -1.83474387736455 33.15846499557224 -2.19019925136189
   vertex -1.99500000000000 34.12586083542815 -2.19019925136189
   vertex -1.99500000000010 34.12586083542798 4.52942497472077
  endloop
 endfacet
 facet normal 0.88115395882180 0.47282946275869 0.00000000000000
  outer loop
   vertex -1.37109685935298 32.29442322661563 -2.19019925136189
   vertex -1.83474387736455 33.15846499557224 -2.19019925136189
   vertex -1.83474387736455 33.15846499557224 4.52942497472077
  endloop
 endfacet
 facet normal 0.68161276811522 0.73171308198111 0.00000000000000
  outer loop
   vertex -0.65359379488396 31.62604751768372 -2.19019925136189
   vertex -1.37109685935298 32.29442322661563 -2.19019925136189
   vertex -1.37109685935298 32.29442322661563 4.52942497472077
  endloop
 endfacet
 facet normal 0.40924983117068 0.91242236693692 -0.00000000000000
  outer loop
   vertex 0.24110914331526 31.22474540182792 -2.19019925136189
   vertex -0.65359379488396 31.62604751768372 -2.19019925136189
   vertex -0.65359379488396 31.62604751768372 4.52942497472077
  endloop
 endfacet
 facet normal 0.40924983117081 0.91242236693686 0.00000000000002
  outer loop
   vertex -0.65359379488396 31.62604751768372 4.52942497472077
   vertex 0.24110914331516 31.22474540182782 4.52942497472077
   vertex 0.24110914331526 31.22474540182792 -2.19019925136189
  endloop
 endfacet
 facet normal 0.68161276811522 0.73171308198111 0.00000000000000
  outer loop
   vertex -1.37109685935298 32.29442322661563 4.52942497472077
   vertex -0.65359379488396 31.62604751768372 4.52942497472077
   vertex -0.65359379488396 31.62604751768372 -2.19019925136189
  endloop
 endfacet
 facet normal 0.88115395882180 0.47282946275869 0.00000000000000
  outer loop
   vertex -1.83474387736455 33.15846499557224 4.52942497472077
   vertex -1.37109685935298 32.29442322661563 4.52942497472077
   vertex -1.37109685935298 32.29442322661563 -2.19019925136189
  endloop
 endfacet
 facet normal 0.98655493827124 0.16342996595674 -0.00000000000000
  outer loop
   vertex -1.99500000000010 34.12586083542798 4.52942497472077
   vertex -1.83474387736455 33.15846499557224 4.52942497472077
   vertex -1.83474387736455 33.15846499557224 -2.19019925136189
  endloop
 endfacet
 facet normal 0.25463028556158 0.96703847786674 -0.00000000000000
  outer loop
   vertex 126.18450341770756 -1.93732951315062 4.52942497472077
   vertex 126.18450341770770 -1.93732951315069 -2.19019925136189
   vertex 87.00274423562848 8.37959453660039 3.22809105762076
  endloop
 endfacet
 facet normal 0.25463028556158 0.96703847786674 0.00000000000002
  outer loop
   vertex 0.24110914331526 31.22474540182792 -2.19019925136189
   vertex 16.40885955030934 26.96762534172139 3.22809105762076
   vertex 87.00274423562848 8.37959453660039 3.22809105762076
  endloop
 endfacet
 facet normal 0.25463028556158 0.96703847786674 0.00000000000000
  outer loop
   vertex 87.00274423562848 8.37959453660039 3.22809105762076
   vertex 126.18450341770770 -1.93732951315069 -2.19019925136189
   vertex 0.24110914331526 31.22474540182792 -2.19019925136189
  endloop
 endfacet
 facet normal 0.25463028556158 0.96703847786674 0.00000000000000
  outer loop
   vertex 0.24110914331516 31.22474540182782 4.52942497472077
   vertex 16.40885955030933 26.96762534172139 4.52942497472077
   vertex 16.40885955030934 26.96762534172139 3.22809105762076
  endloop
 endfacet
 facet normal 0.25463028556158 0.96703847786674 0.00000000000002
  outer loop
   vertex 16.40885955030934 26.96762534172139 3.22809105762076
   vertex 0.24110914331526 31.22474540182792 -2.19019925136189
   vertex 0.24110914331516 31.22474540182782 4.52942497472077
  endloop
 endfacet
 facet normal 0.25463028556158 0.96703847786674 -0.00000000000003
  outer loop
   vertex 87.00274423562848 8.37959453660039 3.22809105762076
   vertex 87.00274426778817 8.37959452813248 4.52942497472077
   vertex 126.18450341770756 -1.93732951315062 4.52942497472077
  endloop
 endfacet
 facet normal -0.76239673887609 0.64710000223488 0.00357766106861
  outer loop
   vertex 86.10334639817330 8.17693472772480 4.52942497472077
   vertex 86.08046325248617 8.15717652712646 3.22675714052078
   vertex 85.89769974722726 7.94184922081565 3.22675714052078
  endloop
 endfacet
 facet normal -0.76657525797721 0.64213395878071 0.00513350151282
  outer loop
   vertex 85.89769974722726 7.94184922081565 3.22675714052078
   vertex 85.88254073627552 7.91333839409759 4.52942497472077
   vertex 86.10334639817330 8.17693472772480 4.52942497472077
  endloop
 endfacet
 facet normal -0.55165455997995 0.83406743373704 -0.00296014064529
  outer loop
   vertex 86.10334639817330 8.17693472772480 4.52942497472077
   vertex 86.10547364093060 8.17371846878988 3.22675714052078
   vertex 86.08046325248617 8.15717652712646 3.22675714052078
  endloop
 endfacet
 facet normal -0.50372810920373 0.86381698137324 0.00884390689992
  outer loop
   vertex 86.10334639817330 8.17693472772480 4.52942497472077
   vertex 86.40038819762638 8.35015232730834 4.52942497472077
   vertex 86.33283796031763 8.32409787277234 3.22675714052078
  endloop
 endfacet
 facet normal -0.29055377586821 0.95685000384848 -0.00407105193892
  outer loop
   vertex 86.40038819762638 8.35015232730834 4.52942497472077
   vertex 86.40192909620387 8.34507784908005 3.22675714052078
   vertex 86.33283796031763 8.32409787277234 3.22675714052078
  endloop
 endfacet
 facet normal -0.18132935808347 0.98331765410895 0.01435461649488
  outer loop
   vertex 86.40038819762638 8.35015232730834 4.52942497472077
   vertex 86.73854445661802 8.41251026130723 4.52942497472077
   vertex 86.60633150219654 8.40714597952771 3.22675714052078
  endloop
 endfacet
 facet normal 0.06936767687545 0.99752886887633 -0.01114814617790
  outer loop
   vertex 86.73854445661802 8.41251026130723 4.52942497472077
   vertex 86.73754528995181 8.39802637039377 3.22719867102795
   vertex 86.60633150219654 8.40714597952771 3.22675714052078
  endloop
 endfacet
 facet normal -0.92453417726787 0.38109914072801 0.00000000000000
  outer loop
   vertex 85.78107600777020 7.66718824767854 3.22809105762077
   vertex 85.78107600777020 7.66718824767854 4.52942497472077
   vertex 85.88254073627552 7.91333839409759 4.52942497472077
  endloop
 endfacet
 facet normal 0.12363072186875 0.99232829477457 0.00000000340191
  outer loop
   vertex 86.73854445661802 8.41251026130723 4.52942497472077
   vertex 87.00274426778817 8.37959452813248 4.52942497472077
   vertex 87.00274423562848 8.37959453660039 3.22809105762076
  endloop
 endfacet
 facet normal 0.06936767687545 0.99752886887633 -0.01114814617790
  outer loop
   vertex 87.00274423562848 8.37959453660039 3.22809105762076
   vertex 86.73754528995181 8.39802637039377 3.22719867102795
   vertex 86.73854445661802 8.41251026130723 4.52942497472077
  endloop
 endfacet
 facet normal -0.92046178832359 0.39082661302380 -0.00215749588296
  outer loop
   vertex 85.88254073627552 7.91333839409759 4.52942497472077
   vertex 85.88512300066284 7.91222968137739 3.22690099062696
   vertex 85.78107600777020 7.66718824767854 3.22809105762077
  endloop
 endfacet
 facet normal -0.29055377586819 0.95685000384849 -0.00407105193892
  outer loop
   vertex 86.60633150219654 8.40714597952771 3.22675714052078
   vertex 86.40192909620387 8.34507784908005 3.22675714052078
   vertex 86.40038819762638 8.35015232730834 4.52942497472077
  endloop
 endfacet
 facet normal -0.55165455997983 0.83406743373712 -0.00296014064529
  outer loop
   vertex 86.33283796031763 8.32409787277234 3.22675714052078
   vertex 86.10547364093060 8.17371846878988 3.22675714052078
   vertex 86.10334639817330 8.17693472772480 4.52942497472077
  endloop
 endfacet
 facet normal -0.92046178832375 0.39082661302343 -0.00215749588296
  outer loop
   vertex 85.89769974722726 7.94184922081565 3.22675714052078
   vertex 85.88512300066284 7.91222968137739 3.22690099062696
   vertex 85.88254073627552 7.91333839409759 4.52942497472077
  endloop
 endfacet
 facet normal -0.96703797445640 0.25463219741280 0.00000000000000
  outer loop
   vertex 85.78107600777020 7.66718824767854 4.52942497472077
   vertex 85.78107600777020 7.66718824767854 3.22809105762077
   vertex 85.14449551423695 5.24959331153283 3.22809105762077
  endloop
 endfacet
 facet normal -0.96703797445640 0.25463219741280 0.00000000000000
  outer loop
   vertex 85.14449551423695 5.24959331153283 3.22809105762077
   vertex 85.14449551423695 5.24959331153283 4.52942497472077
   vertex 85.78107600777020 7.66718824767854 4.52942497472077
  endloop
 endfacet
 facet normal -0.64709907746802 -0.76239752361898 0.00357769753916
  outer loop
   vertex 85.34715509167201 4.35019319760504 4.52942497472077
   vertex 85.36691335717153 4.32730998203653 3.22675714052078
   vertex 85.58224193730645 4.14454584490189 3.22675714052078
  endloop
 endfacet
 facet normal -0.64213329207283 -0.76657581671250 0.00513346308810
  outer loop
   vertex 85.58224193730645 4.14454584490189 3.22675714052078
   vertex 85.61075227428903 4.12938721473320 4.52942497472077
   vertex 85.34715509167201 4.35019319760504 4.52942497472077
  endloop
 endfacet
 facet normal -0.83406737257069 -0.55165465240916 -0.00296015005518
  outer loop
   vertex 85.34715509167201 4.35019319760504 4.52942497472077
   vertex 85.35037136059529 4.35232044748110 3.22675714052078
   vertex 85.36691335717153 4.32730998203653 3.22675714052078
  endloop
 endfacet
 facet normal -0.86381698103473 -0.50372810900635 0.00884395120646
  outer loop
   vertex 85.34715509167201 4.35019319760504 4.52942497472077
   vertex 85.17393706040964 4.64723573732154 4.52942497472077
   vertex 85.19999154230690 4.57968533850435 3.22675714052078
  endloop
 endfacet
 facet normal -0.95685005164534 -0.29055361855927 -0.00407104512624
  outer loop
   vertex 85.17393706040964 4.64723573732154 4.52942497472077
   vertex 85.17901153039928 4.64877663248607 3.22675714052078
   vertex 85.19999154230690 4.57968533850435 3.22675714052078
  endloop
 endfacet
 facet normal -0.98331781031910 -0.18132850242624 0.01435472455734
  outer loop
   vertex 85.17393706040964 4.64723573732154 4.52942497472077
   vertex 85.11157926516609 4.98539289328307 4.52942497472077
   vertex 85.11694348062180 4.85317889369194 3.22675714052078
  endloop
 endfacet
 facet normal -0.99752878498946 0.06936886310884 -0.01114827109674
  outer loop
   vertex 85.11157926516609 4.98539289328307 4.52942497472077
   vertex 85.12606331718310 4.98439369807794 3.22719867257275
   vertex 85.11694348062180 4.85317889369194 3.22675714052078
  endloop
 endfacet
 facet normal -0.38109762363690 -0.92453480262146 0.00000000000001
  outer loop
   vertex 85.85690320313175 4.02792263625328 3.22809105762077
   vertex 85.85690320313175 4.02792263625330 4.52942497472077
   vertex 85.61075227428903 4.12938721473320 4.52942497472077
  endloop
 endfacet
 facet normal -0.99226661157338 0.12362469048166 -0.01113137278123
  outer loop
   vertex 85.12606331718310 4.98439369807794 3.22719867257275
   vertex 85.11157926516609 4.98539289328307 4.52942497472077
   vertex 85.14449551423695 5.24959331153283 4.52942497472077
  endloop
 endfacet
 facet normal -0.99759337480244 0.06933583885900 0.00000000000000
  outer loop
   vertex 85.14449551423695 5.24959331153283 4.52942497472077
   vertex 85.14449551423695 5.24959331153283 3.22809105762077
   vertex 85.12606331718310 4.98439369807794 3.22719867257275
  endloop
 endfacet
 facet normal -0.39082475336337 -0.92046257809955 -0.00215742364418
  outer loop
   vertex 85.61075227428903 4.12938721473320 4.52942497472077
   vertex 85.61186094502759 4.13196939475320 3.22690098789134
   vertex 85.85690320313175 4.02792263625328 3.22809105762077
  endloop
 endfacet
 facet normal -0.95685005164528 -0.29055361855946 -0.00407104512624
  outer loop
   vertex 85.11694348062180 4.85317889369194 3.22675714052078
   vertex 85.17901153039928 4.64877663248607 3.22675714052078
   vertex 85.17393706040964 4.64723573732154 4.52942497472077
  endloop
 endfacet
 facet normal -0.83406737257074 -0.55165465240909 -0.00296015005518
  outer loop
   vertex 85.19999154230690 4.57968533850435 3.22675714052078
   vertex 85.35037136059529 4.35232044748110 3.22675714052078
   vertex 85.34715509167201 4.35019319760504 4.52942497472077
  endloop
 endfacet
 facet normal -0.39082475336341 -0.92046257809954 -0.00215742364418
  outer loop
   vertex 85.58224193730645 4.14454584490189 3.22675714052078
   vertex 85.61186094502759 4.13196939475320 3.22690098789134
   vertex 85.61075227428903 4.12938721473320 4.52942497472077
  endloop
 endfacet
 facet normal 0.64709907746805 0.76239752361896 0.00357769753920
  outer loop
   vertex 16.91860766176907 26.64535478036964 4.52942497472077
   vertex 16.89884939626966 26.66823799593813 3.22675714052078
   vertex 16.68352081613476 26.85100213307276 3.22675714052078
  endloop
 endfacet
 facet normal 0.64213329207283 0.76657581671250 0.00513346308815
  outer loop
   vertex 16.68352081613476 26.85100213307276 3.22675714052078
   vertex 16.65501047915205 26.86616076324148 4.52942497472077
   vertex 16.91860766176907 26.64535478036964 4.52942497472077
  endloop
 endfacet
 facet normal 0.83406737257094 0.55165465240879 -0.00296015005513
  outer loop
   vertex 16.91860766176907 26.64535478036964 4.52942497472077
   vertex 16.91539139284584 26.64322753049361 3.22675714052078
   vertex 16.89884939626966 26.66823799593813 3.22675714052078
  endloop
 endfacet
 facet normal 0.86381698103473 0.50372810900634 0.00884395120643
  outer loop
   vertex 16.91860766176907 26.64535478036964 4.52942497472077
   vertex 17.09182569303143 26.34831224065314 4.52942497472077
   vertex 17.06577121113416 26.41586263947028 3.22675714052078
  endloop
 endfacet
 facet normal 0.95685005164536 0.29055361855920 -0.00407104512626
  outer loop
   vertex 17.09182569303143 26.34831224065314 4.52942497472077
   vertex 17.08675122304177 26.34677134548861 3.22675714052078
   vertex 17.06577121113416 26.41586263947028 3.22675714052078
  endloop
 endfacet
 facet normal 0.98331781031909 0.18132850242628 0.01435472455729
  outer loop
   vertex 17.09182569303143 26.34831224065314 4.52942497472077
   vertex 17.15418348827500 26.01015508469161 4.52942497472077
   vertex 17.14881927281926 26.14236908428250 3.22675714052078
  endloop
 endfacet
 facet normal 0.99752878498946 -0.06936886310881 -0.01114827109675
  outer loop
   vertex 17.15418348827500 26.01015508469161 4.52942497472077
   vertex 17.13969943625799 26.01115427989674 3.22719867257275
   vertex 17.14881927281926 26.14236908428250 3.22675714052078
  endloop
 endfacet
 facet normal 0.38109762363694 0.92453480262145 0.00000000000001
  outer loop
   vertex 16.40885955030934 26.96762534172139 3.22809105762076
   vertex 16.40885955030933 26.96762534172139 4.52942497472077
   vertex 16.65501047915205 26.86616076324148 4.52942497472077
  endloop
 endfacet
 facet normal 0.99226661157338 -0.12362469048171 -0.01113137278124
  outer loop
   vertex 17.13969943625799 26.01115427989674 3.22719867257275
   vertex 17.15418348827500 26.01015508469161 4.52942497472077
   vertex 17.12126723920413 25.74595466644185 4.52942497472077
  endloop
 endfacet
 facet normal 0.99759337480244 -0.06933583885903 0.00000000000000
  outer loop
   vertex 17.12126723920413 25.74595466644185 4.52942497472077
   vertex 17.12126723920413 25.74595466644185 3.22809105762077
   vertex 17.13969943625799 26.01115427989674 3.22719867257275
  endloop
 endfacet
 facet normal 0.39082475336330 0.92046257809959 -0.00215742364416
  outer loop
   vertex 16.65501047915205 26.86616076324148 4.52942497472077
   vertex 16.65390180841352 26.86357858322149 3.22690098789134
   vertex 16.40885955030934 26.96762534172139 3.22809105762076
  endloop
 endfacet
 facet normal 0.95685005164535 0.29055361855924 -0.00407104512626
  outer loop
   vertex 17.14881927281926 26.14236908428250 3.22675714052078
   vertex 17.08675122304177 26.34677134548861 3.22675714052078
   vertex 17.09182569303143 26.34831224065314 4.52942497472077
  endloop
 endfacet
 facet normal 0.83406737257096 0.55165465240876 -0.00296015005513
  outer loop
   vertex 17.06577121113416 26.41586263947028 3.22675714052078
   vertex 16.91539139284584 26.64322753049361 3.22675714052078
   vertex 16.91860766176907 26.64535478036964 4.52942497472077
  endloop
 endfacet
 facet normal 0.39082475336330 0.92046257809959 -0.00215742364416
  outer loop
   vertex 16.68352081613476 26.85100213307276 3.22675714052078
   vertex 16.65390180841352 26.86357858322149 3.22690098789134
   vertex 16.65501047915205 26.86616076324148 4.52942497472077
  endloop
 endfacet
 facet normal 0.00115017928172 0.00436816803222 0.99998979804579
  outer loop
   vertex 17.12126723920413 25.74595466644185 3.22809105762077
   vertex 85.78107600777020 7.66718824767854 3.22809105762077
   vertex 85.88512300066284 7.91222968137739 3.22690099062696
  endloop
 endfacet
 facet normal 0.00000000000000 -0.00000000000000 1.00000000000000
  outer loop
   vertex 85.14449551423695 5.24959331153283 3.22809105762077
   vertex 85.78107600777020 7.66718824767854 3.22809105762077
   vertex 17.12126723920413 25.74595466644185 3.22809105762077
  endloop
 endfacet
 facet normal -0.00115018344389 -0.00436816704975 0.99998979804530
  outer loop
   vertex 85.14449551423695 5.24959331153283 3.22809105762077
   vertex 16.48470385634131 23.32842471291901 3.22809105762077
   vertex 16.38065705232680 23.08338374654580 3.22690099269327
  endloop
 endfacet
 facet normal 0.00000000000000 0.00000000000000 1.00000000000000
  outer loop
   vertex 17.12126723920413 25.74595466644185 3.22809105762077
   vertex 16.48470385634131 23.32842471291901 3.22809105762077
   vertex 85.14449551423695 5.24959331153283 3.22809105762077
  endloop
 endfacet
 facet normal 0.00000000000000 0.00000000000000 1.00000000000000
  outer loop
   vertex 85.11694348062180 4.85317889369194 3.22675714052078
   vertex 16.18531741966698 22.83843716963144 3.22675714052078
   vertex 16.16030711408519 22.82189523209733 3.22675714052078
  endloop
 endfacet
 facet normal 0.00115017928172 0.00436816803222 0.99998979804579
  outer loop
   vertex 85.88512300066284 7.91222968137739 3.22690099062696
   vertex 85.89769974722726 7.94184922081565 3.22675714052078
   vertex 17.12126723920413 25.74595466644185 3.22809105762077
  endloop
 endfacet
 facet normal 0.00087473509496 0.00330413960377 0.99999415873294
  outer loop
   vertex 85.89769974722726 7.94184922081565 3.22675714052078
   vertex 17.14881927281926 26.14236908428250 3.22675714052078
   vertex 17.13969943625799 26.01115427989674 3.22719867257275
  endloop
 endfacet
 facet normal 0.00000000000000 0.00000000000000 1.00000000000000
  outer loop
   vertex 17.14881927281926 26.14236908428250 3.22675714052078
   vertex 86.08046325248617 8.15717652712646 3.22675714052078
   vertex 86.10547364093060 8.17371846878988 3.22675714052078
  endloop
 endfacet
 facet normal 0.00000000000000 0.00000000000000 1.00000000000000
  outer loop
   vertex 85.11694348062180 4.85317889369194 3.22675714052078
   vertex 15.93294345103490 22.67151580152993 3.22675714052078
   vertex 15.86385246589277 22.65053574893818 3.22675714052078
  endloop
 endfacet
 facet normal 0.00000000000000 0.00000000000000 1.00000000000000
  outer loop
   vertex 85.11694348062180 4.85317889369194 3.22675714052078
   vertex 16.36808012610015 23.05376378670395 3.22675714052078
   vertex 16.18531741966698 22.83843716963144 3.22675714052078
  endloop
 endfacet
 facet normal 0.00087473509496 0.00330413960377 0.99999415873294
  outer loop
   vertex 17.13969943625799 26.01115427989674 3.22719867257275
   vertex 17.12126723920413 25.74595466644185 3.22809105762077
   vertex 85.89769974722726 7.94184922081565 3.22675714052078
  endloop
 endfacet
 facet normal -0.00087473837776 -0.00330413937560 0.99999415873082
  outer loop
   vertex 16.36808012610015 23.05376378670395 3.22675714052078
   vertex 85.11694348062180 4.85317889369194 3.22675714052078
   vertex 85.12606331718310 4.98439369807794 3.22719867257275
  endloop
 endfacet
 facet normal 0.00000000000000 0.00000000000000 1.00000000000000
  outer loop
   vertex 17.14881927281926 26.14236908428250 3.22675714052078
   vertex 86.33283796031763 8.32409787277234 3.22675714052078
   vertex 86.40192909620387 8.34507784908005 3.22675714052078
  endloop
 endfacet
 facet normal 0.00000000000000 0.00000000000000 1.00000000000000
  outer loop
   vertex 17.14881927281926 26.14236908428250 3.22675714052078
   vertex 85.89769974722726 7.94184922081565 3.22675714052078
   vertex 86.08046325248617 8.15717652712646 3.22675714052078
  endloop
 endfacet
 facet normal 0.00000000000000 0.00000000000000 1.00000000000000
  outer loop
   vertex 16.16030711408519 22.82189523209733 3.22675714052078
   vertex 15.93294345103490 22.67151580152993 3.22675714052078
   vertex 85.11694348062180 4.85317889369194 3.22675714052078
  endloop
 endfacet
 facet normal -0.00087473837776 -0.00330413937559 0.99999415873082
  outer loop
   vertex 85.12606331718310 4.98439369807794 3.22719867257275
   vertex 85.14449551423695 5.24959331153283 3.22809105762077
   vertex 16.36808012610015 23.05376378670395 3.22675714052078
  endloop
 endfacet
 facet normal 0.00000000000000 -0.00000000000000 1.00000000000000
  outer loop
   vertex 86.10547364093060 8.17371846878988 3.22675714052078
   vertex 86.33283796031763 8.32409787277234 3.22675714052078
   vertex 17.14881927281926 26.14236908428250 3.22675714052078
  endloop
 endfacet
 facet normal -0.00115018344389 -0.00436816704977 0.99998979804530
  outer loop
   vertex 16.38065705232680 23.08338374654580 3.22690099269327
   vertex 16.36808012610015 23.05376378670395 3.22675714052078
   vertex 85.14449551423695 5.24959331153283 3.22809105762077
  endloop
 endfacet
 facet normal -0.00002299550538 -0.00001520929597 0.99999999961994
  outer loop
   vertex 87.00274423562848 8.37959453660039 3.22809105762076
   vertex 16.89884939626966 26.66823799593813 3.22675714052078
   vertex 16.91539139284584 26.64322753049361 3.22675714052078
  endloop
 endfacet
 facet normal 0.00462041429755 0.01809513266774 0.99982559376396
  outer loop
   vertex 85.11694348062180 4.85317889369194 3.22675714052078
   vertex 15.65945004322481 22.58846725232271 3.22675714052078
   vertex 15.52823506227742 22.59757574450763 3.22719866572506
  endloop
 endfacet
 facet normal 0.00000000000000 0.00000000000000 1.00000000000000
  outer loop
   vertex 15.86385246589277 22.65053574893818 3.22675714052078
   vertex 15.65945004322481 22.58846725232271 3.22675714052078
   vertex 85.11694348062180 4.85317889369194 3.22675714052078
  endloop
 endfacet
 facet normal -0.00002747137010 -0.00003236614803 0.99999999909888
  outer loop
   vertex 87.00274423562848 8.37959453660039 3.22809105762076
   vertex 16.68352081613476 26.85100213307276 3.22675714052078
   vertex 16.89884939626966 26.66823799593813 3.22675714052078
  endloop
 endfacet
 facet normal -0.00792425074195 -0.03009483085970 0.99951563639880
  outer loop
   vertex 87.00274423562848 8.37959453660039 3.22809105762076
   vertex 16.40885955030934 26.96762534172139 3.22809105762076
   vertex 16.65390180841352 26.86357858322149 3.22690098789134
  endloop
 endfacet
 facet normal 0.00002299551790 0.00001520930425 0.99999999961994
  outer loop
   vertex 15.26302894389804 22.61598544010192 3.22809105762077
   vertex 85.36691335717153 4.32730998203653 3.22675714052078
   vertex 85.35037136059529 4.35232044748110 3.22675714052078
  endloop
 endfacet
 facet normal -0.00462264004507 -0.01810392096937 0.99982542438395
  outer loop
   vertex 17.14881927281926 26.14236908428250 3.22675714052078
   vertex 86.60633150219654 8.40714597952771 3.22675714052078
   vertex 86.73754528995181 8.39802637039377 3.22719867102795
  endloop
 endfacet
 facet normal 0.00000000000000 -0.00000000000000 1.00000000000000
  outer loop
   vertex 86.40192909620387 8.34507784908005 3.22675714052078
   vertex 86.60633150219654 8.40714597952771 3.22675714052078
   vertex 17.14881927281926 26.14236908428250 3.22675714052078
  endloop
 endfacet
 facet normal -0.00002069367196 -0.00000628376542 0.99999999976614
  outer loop
   vertex 87.00274423562848 8.37959453660039 3.22809105762076
   vertex 17.06577121113416 26.41586263947028 3.22675714052078
   vertex 17.08675122304177 26.34677134548861 3.22675714052078
  endloop
 endfacet
 facet normal -0.00792425074193 -0.03009483085960 0.99951563639881
  outer loop
   vertex 16.65390180841352 26.86357858322149 3.22690098789134
   vertex 16.68352081613476 26.85100213307276 3.22675714052078
   vertex 87.00274423562848 8.37959453660039 3.22809105762076
  endloop
 endfacet
 facet normal 0.00002747139732 0.00003236618011 0.99999999909888
  outer loop
   vertex 15.26302894389804 22.61598544010192 3.22809105762077
   vertex 85.58224193730645 4.14454584490189 3.22675714052078
   vertex 85.36691335717153 4.32730998203653 3.22675714052078
  endloop
 endfacet
 facet normal 0.00792428970872 0.03009492259597 0.99951563332774
  outer loop
   vertex 15.26302894389804 22.61598544010192 3.22809105762077
   vertex 85.85690320313175 4.02792263625328 3.22809105762077
   vertex 85.61186094502759 4.13196939475320 3.22690098789134
  endloop
 endfacet
 facet normal 0.00462041429754 0.01809513266770 0.99982559376396
  outer loop
   vertex 15.52823506227742 22.59757574450763 3.22719866572506
   vertex 15.26302894389804 22.61598544010192 3.22809105762077
   vertex 85.11694348062180 4.85317889369194 3.22675714052078
  endloop
 endfacet
 facet normal -0.00002299550538 -0.00001520929597 0.99999999961994
  outer loop
   vertex 16.91539139284584 26.64322753049361 3.22675714052078
   vertex 17.06577121113416 26.41586263947028 3.22675714052078
   vertex 87.00274423562848 8.37959453660039 3.22809105762076
  endloop
 endfacet
 facet normal 0.00002069367842 0.00000628376739 0.99999999976614
  outer loop
   vertex 15.26302894389804 22.61598544010192 3.22809105762077
   vertex 85.19999154230690 4.57968533850435 3.22675714052078
   vertex 85.17901153039928 4.64877663248607 3.22675714052078
  endloop
 endfacet
 facet normal 0.00792428970870 0.03009492259591 0.99951563332774
  outer loop
   vertex 85.61186094502759 4.13196939475320 3.22690098789134
   vertex 85.58224193730645 4.14454584490189 3.22675714052078
   vertex 15.26302894389804 22.61598544010192 3.22809105762077
  endloop
 endfacet
 facet normal -0.00002069367196 -0.00000628376542 0.99999999976614
  outer loop
   vertex 17.08675122304177 26.34677134548861 3.22675714052078
   vertex 17.14881927281926 26.14236908428250 3.22675714052078
   vertex 87.00274423562848 8.37959453660039 3.22809105762076
  endloop
 endfacet
 facet normal 0.00002299551790 0.00001520930425 0.99999999961994
  outer loop
   vertex 85.35037136059529 4.35232044748110 3.22675714052078
   vertex 85.19999154230690 4.57968533850435 3.22675714052078
   vertex 15.26302894389804 22.61598544010192 3.22809105762077
  endloop
 endfacet
 facet normal 0.00002069367842 0.00000628376739 0.99999999976614
  outer loop
   vertex 85.17901153039928 4.64877663248607 3.22675714052078
   vertex 85.11694348062180 4.85317889369194 3.22675714052078
   vertex 15.26302894389804 22.61598544010192 3.22809105762077
  endloop
 endfacet
 facet normal -0.00462264004507 -0.01810392096935 0.99982542438395
  outer loop
   vertex 86.73754528995181 8.39802637039377 3.22719867102795
   vertex 87.00274423562848 8.37959453660039 3.22809105762076
   vertex 17.14881927281926 26.14236908428250 3.22675714052078
  endloop
 endfacet
 facet normal 0.96703797445640 -0.25463219741279 0.00000000000000
  outer loop
   vertex 16.48470385634131 23.32842471291901 4.52942497472077
   vertex 16.48470385634131 23.32842471291901 3.22809105762077
   vertex 17.12126723920413 25.74595466644185 3.22809105762077
  endloop
 endfacet
 facet normal 0.96703797445640 -0.25463219741279 0.00000000000000
  outer loop
   vertex 17.12126723920413 25.74595466644185 3.22809105762077
   vertex 17.12126723920413 25.74595466644185 4.52942497472077
   vertex 16.48470385634131 23.32842471291901 4.52942497472077
  endloop
 endfacet
 facet normal 0.76239711245127 -0.64709956225017 0.00357763352139
  outer loop
   vertex 16.16243435626831 22.81867898388355 4.52942497472077
   vertex 16.18531741966698 22.83843716963144 3.22675714052078
   vertex 16.36808012610015 23.05376378670395 3.22675714052078
  endloop
 endfacet
 facet normal 0.76657579484726 -0.64213331763625 0.00513353053582
  outer loop
   vertex 16.36808012610015 23.05376378670395 3.22675714052078
   vertex 16.38323938209470 23.08227500597163 4.52942497472077
   vertex 16.16243435626831 22.81867898388355 4.52942497472077
  endloop
 endfacet
 facet normal 0.55165573568037 -0.83406665614949 -0.00296013353771
  outer loop
   vertex 16.16243435626831 22.81867898388355 4.52942497472077
   vertex 16.16030711408519 22.82189523209733 3.22675714052078
   vertex 16.18531741966698 22.83843716963144 3.22675714052078
  endloop
 endfacet
 facet normal 0.50372939929323 -0.86381622940899 0.00884387343388
  outer loop
   vertex 16.16243435626831 22.81867898388355 4.52942497472077
   vertex 15.86539337462588 22.64546126678812 4.52942497472077
   vertex 15.93294345103490 22.67151580152993 3.22675714052078
  endloop
 endfacet
 facet normal 0.29055532355587 -0.95684953385972 -0.00407105708467
  outer loop
   vertex 15.86539337462588 22.64546126678812 4.52942497472077
   vertex 15.86385246589277 22.65053574893818 3.22675714052078
   vertex 15.93294345103490 22.67151580152993 3.22675714052078
  endloop
 endfacet
 facet normal 0.18133147277967 -0.98331726533615 0.01435453487192
  outer loop
   vertex 15.86539337462588 22.64546126678812 4.52942497472077
   vertex 15.52723788626384 22.58310272301511 4.52942497472077
   vertex 15.65945004322481 22.58846725232271 3.22675714052078
  endloop
 endfacet
 facet normal -0.06928291889050 -0.99753485347025 -0.01113971553060
  outer loop
   vertex 15.52723788626384 22.58310272301511 4.52942497472077
   vertex 15.52823506227742 22.59757574450763 3.22719866572506
   vertex 15.65945004322481 22.58846725232271 3.22675714052078
  endloop
 endfacet
 facet normal 0.92453427401429 -0.38109890602424 0.00000000000000
  outer loop
   vertex 16.48470385634131 23.32842471291901 3.22809105762077
   vertex 16.48470385634131 23.32842471291901 4.52942497472077
   vertex 16.38323938209470 23.08227500597163 4.52942497472077
  endloop
 endfacet
 facet normal -0.12362801004750 -0.99232863229992 0.00002548470300
  outer loop
   vertex 15.52723788626384 22.58310272301511 4.52942497472077
   vertex 15.26303848448844 22.61601767198875 4.52942497472077
   vertex 15.26302894389804 22.61598544010192 3.22809105762077
  endloop
 endfacet
 facet normal -0.06928291889051 -0.99753485347025 -0.01113971553060
  outer loop
   vertex 15.26302894389804 22.61598544010192 3.22809105762077
   vertex 15.52823506227742 22.59757574450763 3.22719866572506
   vertex 15.52723788626384 22.58310272301511 4.52942497472077
  endloop
 endfacet
 facet normal 0.92046177540219 -0.39082664315462 -0.00215755044693
  outer loop
   vertex 16.38323938209470 23.08227500597163 4.52942497472077
   vertex 16.38065705232680 23.08338374654580 3.22690099269327
   vertex 16.48470385634131 23.32842471291901 3.22809105762077
  endloop
 endfacet
 facet normal 0.29055532355585 -0.95684953385972 -0.00407105708467
  outer loop
   vertex 15.65945004322481 22.58846725232271 3.22675714052078
   vertex 15.86385246589277 22.65053574893818 3.22675714052078
   vertex 15.86539337462588 22.64546126678812 4.52942497472077
  endloop
 endfacet
 facet normal 0.55165573568044 -0.83406665614944 -0.00296013353771
  outer loop
   vertex 15.93294345103490 22.67151580152993 3.22675714052078
   vertex 16.16030711408519 22.82189523209733 3.22675714052078
   vertex 16.16243435626831 22.81867898388355 4.52942497472077
  endloop
 endfacet
 facet normal 0.92046177540220 -0.39082664315460 -0.00215755044693
  outer loop
   vertex 16.36808012610015 23.05376378670395 3.22675714052078
   vertex 16.38065705232680 23.08338374654580 3.22690099269327
   vertex 16.38323938209470 23.08227500597163 4.52942497472077
  endloop
 endfacet
 facet normal -0.25462739731160 -0.96703923802073 0.00002581873456
  outer loop
   vertex 15.26302894389804 22.61598544010192 3.22809105762077
   vertex 15.26303848448844 22.61601767198875 4.52942497472077
   vertex -4.25888219218955 27.75625982245202 4.52942497472077
  endloop
 endfacet
 facet normal -0.25462884147860 -0.96703885810252 0.00000265343995
  outer loop
   vertex -4.25888219218955 27.75625982245202 4.52942497472077
   vertex -4.25888652443718 27.75625739246051 3.22809105762077
   vertex 15.26302894389804 22.61598544010192 3.22809105762077
  endloop
 endfacet
 facet normal -0.41014782739771 -0.91201905664322 0.00000073961145
  outer loop
   vertex -5.15851224297854 28.16082738272846 -2.17077142648073
   vertex -4.25889085668480 27.75625496246901 -2.17077142648073
   vertex -4.25888652443718 27.75625739246051 3.22809105762077
  endloop
 endfacet
 facet normal -0.41014413547137 -0.91202071694586 -0.00000000000000
  outer loop
   vertex -4.25888652443718 27.75625739246051 3.22809105762077
   vertex -5.15851224297854 28.16082738272846 4.52942497472077
   vertex -5.15851224297854 28.16082738272846 -2.17077142648073
  endloop
 endfacet
 facet normal -0.68377157086056 -0.72969612777024 0.00000000000000
  outer loop
   vertex -5.15851224297854 28.16082738272846 -2.17077142648073
   vertex -5.15851224297854 28.16082738272846 4.52942497472077
   vertex -5.87829427514149 28.83530881695671 4.52942497472077
  endloop
 endfacet
 facet normal -0.88347223105900 -0.46848352900356 0.00000000000000
  outer loop
   vertex -5.87829427514149 28.83530881695671 -2.17077142648073
   vertex -5.87829427514149 28.83530881695671 4.52942497472077
   vertex -6.34041270185079 29.70677765669738 4.52942497472077
  endloop
 endfacet
 facet normal -0.98703385324280 -0.16051221932509 0.00000000000000
  outer loop
   vertex -6.34041270185079 29.70677765669738 -2.17077142648073
   vertex -6.34041270185079 29.70677765669738 4.52942497472077
   vertex -6.49500000000015 30.65737753748104 4.52942497472077
  endloop
 endfacet
 facet normal -0.98703366219619 -0.16051339411882 0.00000017108337
  outer loop
   vertex -6.49500000000015 30.65737753748104 4.52942497472077
   vertex -6.49500000000006 30.65737039606926 -2.17077142648073
   vertex -6.34041270185079 29.70677765669738 -2.17077142648073
  endloop
 endfacet
 facet normal -0.88347223105900 -0.46848352900356 -0.00000000000000
  outer loop
   vertex -6.34041270185079 29.70677765669738 4.52942497472077
   vertex -6.34041270185079 29.70677765669738 -2.17077142648073
   vertex -5.87829427514149 28.83530881695671 -2.17077142648073
  endloop
 endfacet
 facet normal -0.68377157086056 -0.72969612777024 -0.00000000000000
  outer loop
   vertex -5.87829427514149 28.83530881695671 4.52942497472077
   vertex -5.87829427514149 28.83530881695671 -2.17077142648073
   vertex -5.15851224297854 28.16082738272846 -2.17077142648073
  endloop
 endfacet
 facet normal -0.41014044355838 -0.91202237721907 0.00000306841814
  outer loop
   vertex -4.25888652443718 27.75625739246051 3.22809105762077
   vertex -4.25888219218955 27.75625982245202 4.52942497472077
   vertex -5.15851224297854 28.16082738272846 4.52942497472077
  endloop
 endfacet
 facet normal -0.25463028556158 -0.96703847786674 -0.00000000000000
  outer loop
   vertex -4.25889085668480 27.75625496246901 -2.17077142648073
   vertex 125.60198492713434 -6.43732951315063 -2.17077142648073
   vertex 85.85690320313175 4.02792263625328 3.22809105762077
  endloop
 endfacet
 facet normal -0.25463073063977 -0.96703836064075 0.00000794429422
  outer loop
   vertex 85.85690320313175 4.02792263625328 3.22809105762077
   vertex 15.26302894389804 22.61598544010192 3.22809105762077
   vertex -4.25889085668480 27.75625496246901 -2.17077142648073
  endloop
 endfacet
 facet normal -0.25463028556158 -0.96703847786674 0.00000000000001
  outer loop
   vertex 125.60198492713448 -6.43732951315066 4.52942497472077
   vertex 85.85690320313175 4.02792263625330 4.52942497472077
   vertex 85.85690320313175 4.02792263625328 3.22809105762077
  endloop
 endfacet
 facet normal -0.25463028556158 -0.96703847786674 0.00000000000000
  outer loop
   vertex 85.85690320313175 4.02792263625328 3.22809105762077
   vertex 125.60198492713434 -6.43732951315063 -2.17077142648073
   vertex 125.60198492713448 -6.43732951315066 4.52942497472077
  endloop
 endfacet
 facet normal -0.25462884147944 -0.96703885810573 0.00000063958128
  outer loop
   vertex 15.26302894389804 22.61598544010192 3.22809105762077
   vertex -4.25888652443718 27.75625739246051 3.22809105762077
   vertex -4.25889085668480 27.75625496246901 -2.17077142648073
  endloop
 endfacet
 facet normal -0.12837741649770 -0.99172538483865 -0.00000000000000
  outer loop
   vertex 126.36587578381913 -6.53621407955040 -2.17077142648073
   vertex 126.36587578381932 -6.53621407955043 4.52942497472077
   vertex 125.60198492713448 -6.43732951315066 4.52942497472077
  endloop
 endfacet
 facet normal -0.12837741649771 -0.99172538483865 -0.00000000000000
  outer loop
   vertex 125.60198492713448 -6.43732951315066 4.52942497472077
   vertex 125.60198492713434 -6.43732951315063 -2.17077142648073
   vertex 126.36587578381913 -6.53621407955040 -2.17077142648073
  endloop
 endfacet
 facet normal 0.00000000000000 -1.00000000000000 -0.00000000000000
  outer loop
   vertex 147.36499999999785 -6.53621407955040 -2.17077142648073
   vertex 147.36499999999776 -6.53621407955042 4.52942497472077
   vertex 126.36587578381932 -6.53621407955043 4.52942497472077
  endloop
 endfacet
 facet normal -0.00000000000000 -1.00000000000000 -0.00000000000001
  outer loop
   vertex 126.36587578381932 -6.53621407955043 4.52942497472077
   vertex 126.36587578381913 -6.53621407955040 -2.17077142648073
   vertex 147.36499999999785 -6.53621407955040 -2.17077142648073
  endloop
 endfacet
 facet normal 0.98768834059514 -0.15643446504021 0.00000000000001
  outer loop
   vertex 150.36499999999785 -3.53621407955038 -2.17077142648073
   vertex 150.36499999999779 -3.53621407955042 4.52942497472077
   vertex 150.21816954888328 -4.46326506267523 4.52942497472077
  endloop
 endfacet
 facet normal 0.89100652418838 -0.45399049973952 0.00000000000000
  outer loop
   vertex 150.21816954888328 -4.46326506267523 -2.17077142648073
   vertex 150.21816954888328 -4.46326506267523 4.52942497472077
   vertex 149.79205098312269 -5.29956983642782 4.52942497472077
  endloop
 endfacet
 facet normal 0.70710678118655 -0.70710678118655 0.00000000000000
  outer loop
   vertex 149.79205098312269 -5.29956983642782 -2.17077142648073
   vertex 149.79205098312269 -5.29956983642782 4.52942497472077
   vertex 149.12835575687527 -5.96326506267525 4.52942497472077
  endloop
 endfacet
 facet normal 0.45399049973955 -0.89100652418837 0.00000000000000
  outer loop
   vertex 149.12835575687527 -5.96326506267525 -2.17077142648073
   vertex 149.12835575687527 -5.96326506267525 4.52942497472077
   vertex 148.29205098312269 -6.38938362843587 4.52942497472077
  endloop
 endfacet
 facet normal 0.15643446504023 -0.98768834059514 0.00000000000000
  outer loop
   vertex 148.29205098312269 -6.38938362843587 -2.17077142648073
   vertex 148.29205098312269 -6.38938362843587 4.52942497472077
   vertex 147.36499999999776 -6.53621407955042 4.52942497472077
  endloop
 endfacet
 facet normal 0.15643446504022 -0.98768834059514 -0.00000000000000
  outer loop
   vertex 147.36499999999776 -6.53621407955042 4.52942497472077
   vertex 147.36499999999785 -6.53621407955040 -2.17077142648073
   vertex 148.29205098312269 -6.38938362843587 -2.17077142648073
  endloop
 endfacet
 facet normal 0.45399049973955 -0.89100652418837 0.00000000000000
  outer loop
   vertex 148.29205098312269 -6.38938362843587 4.52942497472077
   vertex 148.29205098312269 -6.38938362843587 -2.17077142648073
   vertex 149.12835575687527 -5.96326506267525 -2.17077142648073
  endloop
 endfacet
 facet normal 0.70710678118655 -0.70710678118655 0.00000000000000
  outer loop
   vertex 149.12835575687527 -5.96326506267525 4.52942497472077
   vertex 149.12835575687527 -5.96326506267525 -2.17077142648073
   vertex 149.79205098312269 -5.29956983642782 -2.17077142648073
  endloop
 endfacet
 facet normal 0.89100652418838 -0.45399049973952 0.00000000000000
  outer loop
   vertex 149.79205098312269 -5.29956983642782 4.52942497472077
   vertex 149.79205098312269 -5.29956983642782 -2.17077142648073
   vertex 150.21816954888328 -4.46326506267523 -2.17077142648073
  endloop
 endfacet
 facet normal 0.98768834059513 -0.15643446504026 0.00000000000000
  outer loop
   vertex 150.21816954888328 -4.46326506267523 4.52942497472077
   vertex 150.21816954888328 -4.46326506267523 -2.17077142648073
   vertex 150.36499999999785 -3.53621407955038 -2.17077142648073
  endloop
 endfacet
 facet normal 1.00000000000000 0.00000000000001 0.00000000000002
  outer loop
   vertex -1.99500000000010 34.12586083542798 4.52942497472077
   vertex -1.99500000000000 34.12586083542815 -2.19019925136189
   vertex -1.99500000000024 47.50000000002464 3.22809105762076
  endloop
 endfacet
 facet normal 1.00000000000000 0.00000000000000 0.00000000000004
  outer loop
   vertex -1.99500000000000 34.12586083542815 -2.19019925136189
   vertex -1.99500000000004 136.99999999996811 -2.19019925136189
   vertex -1.99500000000024 120.49999999999635 3.22809105762076
  endloop
 endfacet
 facet normal 1.00000000000000 -0.00000000000000 0.00000000000004
  outer loop
   vertex -1.99500000000024 120.49999999999635 3.22809105762076
   vertex -1.99500000000024 47.50000000002464 3.22809105762076
   vertex -1.99500000000000 34.12586083542815 -2.19019925136189
  endloop
 endfacet
 facet normal 1.00000000000000 -0.00000000000002 0.00000000000016
  outer loop
   vertex -1.99500000000014 136.99999999996820 4.52942497472077
   vertex -1.99500000000045 120.49999999999635 4.52942497472077
   vertex -1.99500000000024 120.49999999999635 3.22809105762076
  endloop
 endfacet
 facet normal 1.00000000000000 -0.00000000000001 0.00000000000002
  outer loop
   vertex -1.99500000000024 120.49999999999635 3.22809105762076
   vertex -1.99500000000004 136.99999999996811 -2.19019925136189
   vertex -1.99500000000014 136.99999999996820 4.52942497472077
  endloop
 endfacet
 facet normal 1.00000000000000 0.00000000000003 0.00000000000016
  outer loop
   vertex -1.99500000000024 47.50000000002464 3.22809105762076
   vertex -1.99500000000045 47.50000000002464 4.52942497472077
   vertex -1.99500000000010 34.12586083542798 4.52942497472077
  endloop
 endfacet
 facet normal 0.43163986313244 0.90203892863102 0.00357767930391
  outer loop
   vertex -2.41999474795719 48.31814971744961 4.52942497472077
   vertex -2.44492848728919 48.33524756444203 3.22675714052078
   vertex -2.69969621823675 48.45715794438944 3.22675714052078
  endloop
 endfacet
 facet normal 0.42577368132380 0.90481513009644 0.00513348230060
  outer loop
   vertex -2.69969621823675 48.45715794438944 3.22675714052078
   vertex -2.73112695003508 48.46455741848238 4.52942497472077
   vertex -2.41999474795719 48.31814971744961 4.52942497472077
  endloop
 endfacet
 facet normal 0.66610656479829 0.74585071017740 -0.00296014535017
  outer loop
   vertex -2.41999474795719 48.31814971744961 4.52942497472077
   vertex -2.42256333475143 48.31527362766776 3.22675714052078
   vertex -2.44492848728919 48.33524756444203 3.22675714052078
  endloop
 endfacet
 facet normal 0.70707912743867 0.70707912743870 0.00884392905317
  outer loop
   vertex -2.41999474795719 48.31814971744961 4.52942497472077
   vertex -2.17685028257544 48.07500525206788 4.52942497472077
   vertex -2.21924637065450 48.13369471023584 3.22675714052078
  endloop
 endfacet
 facet normal 0.85132650489533 0.52462044244058 -0.00407104853261
  outer loop
   vertex -2.17685028257544 48.07500525206788 4.52942497472077
   vertex -2.18136513253325 48.07222302624876 3.22675714052078
   vertex -2.21924637065450 48.13369471023584 3.22675714052078
  endloop
 endfacet
 facet normal 0.90473382488562 0.42573542199577 0.01435467052606
  outer loop
   vertex -2.17685028257544 48.07500525206788 4.52942497472077
   vertex -2.03044258154266 47.76387304999000 4.52942497472077
   vertex -2.06929569680217 47.89036263098340 3.22675714052078
  endloop
 endfacet
 facet normal 0.98231183750465 0.18692022716874 -0.01114820942708
  outer loop
   vertex -2.03044258154266 47.76387304999000 4.52942497472077
   vertex -2.04470355933033 47.76115122443318 3.22719867178182
   vertex -2.06929569680217 47.89036263098340 3.22675714052078
  endloop
 endfacet
 facet normal 0.13312133852663 0.99109974736596 -0.00000000000000
  outer loop
   vertex -2.99500000000045 48.50000000002460 3.22809105762077
   vertex -2.99500000000045 48.50000000002460 4.52942497472077
   vertex -2.73112695003508 48.46455741848238 4.52942497472077
  endloop
 endfacet
 facet normal 0.99103834381546 0.13311309099867 -0.01113131134596
  outer loop
   vertex -2.04470355933033 47.76115122443318 3.22719867178182
   vertex -2.03044258154266 47.76387304999000 4.52942497472077
   vertex -1.99500000000045 47.50000000002464 4.52942497472077
  endloop
 endfacet
 facet normal 0.98236588863712 0.18696860924284 0.00000000000016
  outer loop
   vertex -1.99500000000045 47.50000000002464 4.52942497472077
   vertex -1.99500000000024 47.50000000002464 3.22809105762076
   vertex -2.04470355933033 47.76115122443318 3.22719867178182
  endloop
 endfacet
 facet normal 0.14356494696077 0.98963854581939 -0.00215745976358
  outer loop
   vertex -2.73112695003508 48.46455741848238 4.52942497472077
   vertex -2.73154158287286 48.46177800335148 3.22690098925915
   vertex -2.99500000000045 48.50000000002460 3.22809105762077
  endloop
 endfacet
 facet normal 0.85132650489533 0.52462044244057 -0.00407104853261
  outer loop
   vertex -2.06929569680217 47.89036263098340 3.22675714052078
   vertex -2.18136513253325 48.07222302624876 3.22675714052078
   vertex -2.17685028257544 48.07500525206788 4.52942497472077
  endloop
 endfacet
 facet normal 0.66610656479834 0.74585071017735 -0.00296014535017
  outer loop
   vertex -2.21924637065450 48.13369471023584 3.22675714052078
   vertex -2.42256333475143 48.31527362766776 3.22675714052078
   vertex -2.41999474795719 48.31814971744961 4.52942497472077
  endloop
 endfacet
 facet normal 0.14356494696074 0.98963854581940 -0.00215745976358
  outer loop
   vertex -2.69969621823675 48.45715794438944 3.22675714052078
   vertex -2.73154158287286 48.46177800335148 3.22690098925915
   vertex -2.73112695003508 48.46455741848238 4.52942497472077
  endloop
 endfacet
 facet normal 0.00000000000000 1.00000000000000 0.00000000000000
  outer loop
   vertex -2.99500000000045 48.50000000002460 4.52942497472077
   vertex -2.99500000000045 48.50000000002460 3.22809105762077
   vertex -5.49500000000076 48.50000000002460 3.22809105762077
  endloop
 endfacet
 facet normal 0.00000000000000 1.00000000000000 0.00000000000000
  outer loop
   vertex -5.49500000000076 48.50000000002460 3.22809105762077
   vertex -5.49500000000076 48.50000000002460 4.52942497472077
   vertex -2.99500000000045 48.50000000002460 4.52942497472077
  endloop
 endfacet
 facet normal -0.90203892863106 0.43163986313236 0.00357767930389
  outer loop
   vertex -6.31314971742579 48.07500525206785 4.52942497472077
   vertex -6.33024756441821 48.05007151273577 3.22675714052078
   vertex -6.45215794436560 47.79530378178820 3.22675714052078
  endloop
 endfacet
 facet normal -0.90481513009645 0.42577368132380 0.00513348230056
  outer loop
   vertex -6.45215794436560 47.79530378178820 3.22675714052078
   vertex -6.45955741845856 47.76387304998995 4.52942497472077
   vertex -6.31314971742579 48.07500525206785 4.52942497472077
  endloop
 endfacet
 facet normal -0.74585071017750 0.66610656479817 -0.00296014535020
  outer loop
   vertex -6.31314971742579 48.07500525206785 4.52942497472077
   vertex -6.31027362764391 48.07243666527359 3.22675714052078
   vertex -6.33024756441821 48.05007151273577 3.22675714052078
  endloop
 endfacet
 facet normal -0.70707912743869 0.70707912743868 0.00884392905318
  outer loop
   vertex -6.31314971742579 48.07500525206785 4.52942497472077
   vertex -6.07000525204404 48.31814971744960 4.52942497472077
   vertex -6.12869471021204 48.27575362937054 3.22675714052078
  endloop
 endfacet
 facet normal -0.52462044244071 0.85132650489525 -0.00407104853259
  outer loop
   vertex -6.07000525204404 48.31814971744960 4.52942497472077
   vertex -6.06722302622494 48.31363486749181 3.22675714052078
   vertex -6.12869471021204 48.27575362937054 3.22675714052078
  endloop
 endfacet
 facet normal -0.42573542199573 0.90473382488564 0.01435467052609
  outer loop
   vertex -6.07000525204404 48.31814971744960 4.52942497472077
   vertex -5.75887304996614 48.46455741848238 4.52942497472077
   vertex -5.88536263095968 48.42570430322286 3.22675714052078
  endloop
 endfacet
 facet normal -0.18692022716816 0.98231183750476 -0.01114820942713
  outer loop
   vertex -5.75887304996614 48.46455741848238 4.52942497472077
   vertex -5.75615122440931 48.45029644069464 3.22719867178182
   vertex -5.88536263095968 48.42570430322286 3.22675714052078
  endloop
 endfacet
 facet normal -0.99109974736597 0.13312133852657 -0.00000000000028
  outer loop
   vertex -6.49500000000041 47.50000000002457 3.22809105762077
   vertex -6.49500000000077 47.50000000002457 4.52942497472077
   vertex -6.45955741845856 47.76387304998995 4.52942497472077
  endloop
 endfacet
 facet normal -0.13311309099870 0.99103834381546 -0.01113131134601
  outer loop
   vertex -5.75615122440931 48.45029644069464 3.22719867178182
   vertex -5.75887304996614 48.46455741848238 4.52942497472077
   vertex -5.49500000000076 48.50000000002460 4.52942497472077
  endloop
 endfacet
 facet normal -0.18696860924235 0.98236588863721 0.00000000000000
  outer loop
   vertex -5.49500000000076 48.50000000002460 4.52942497472077
   vertex -5.49500000000076 48.50000000002460 3.22809105762077
   vertex -5.75615122440931 48.45029644069464 3.22719867178182
  endloop
 endfacet
 facet normal -0.98963854581956 0.14356494695964 -0.00215745976364
  outer loop
   vertex -6.45955741845856 47.76387304998995 4.52942497472077
   vertex -6.45677800332760 47.76345841715216 3.22690098925915
   vertex -6.49500000000041 47.50000000002457 3.22809105762077
  endloop
 endfacet
 facet normal -0.52462044244066 0.85132650489528 -0.00407104853259
  outer loop
   vertex -5.88536263095968 48.42570430322286 3.22675714052078
   vertex -6.06722302622494 48.31363486749181 3.22675714052078
   vertex -6.07000525204404 48.31814971744960 4.52942497472077
  endloop
 endfacet
 facet normal -0.74585071017748 0.66610656479820 -0.00296014535020
  outer loop
   vertex -6.12869471021204 48.27575362937054 3.22675714052078
   vertex -6.31027362764391 48.07243666527359 3.22675714052078
   vertex -6.31314971742579 48.07500525206785 4.52942497472077
  endloop
 endfacet
 facet normal -0.98963854581956 0.14356494695962 -0.00215745976364
  outer loop
   vertex -6.45215794436560 47.79530378178820 3.22675714052078
   vertex -6.45677800332760 47.76345841715216 3.22690098925915
   vertex -6.45955741845856 47.76387304998995 4.52942497472077
  endloop
 endfacet
 facet normal -1.00000000000000 0.00000000000001 -0.00000000000003
  outer loop
   vertex -6.49500000000020 141.49999999996840 4.52942497472077
   vertex -6.49500000000002 141.49999999996817 -2.17077142648073
   vertex -6.49500000000042 120.49999947304356 3.22809105762076
  endloop
 endfacet
 facet normal -1.00000000000000 -0.00000000000000 -0.00000000000006
  outer loop
   vertex -6.49500000000006 30.65737039606926 -2.17077142648073
   vertex -6.49500000000041 47.50000000002457 3.22809105762077
   vertex -6.49500000000042 120.49999947304356 3.22809105762076
  endloop
 endfacet
 facet normal -1.00000000000000 0.00000000000000 -0.00000000000007
  outer loop
   vertex -6.49500000000042 120.49999947304356 3.22809105762076
   vertex -6.49500000000002 141.49999999996817 -2.17077142648073
   vertex -6.49500000000006 30.65737039606926 -2.17077142648073
  endloop
 endfacet
 facet normal -1.00000000000000 -0.00000000000004 -0.00000000000028
  outer loop
   vertex -6.49500000000015 30.65737753748104 4.52942497472077
   vertex -6.49500000000077 47.50000000002457 4.52942497472077
   vertex -6.49500000000041 47.50000000002457 3.22809105762077
  endloop
 endfacet
 facet normal -1.00000000000000 -0.00000000000002 -0.00000000000001
  outer loop
   vertex -6.49500000000041 47.50000000002457 3.22809105762077
   vertex -6.49500000000006 30.65737039606926 -2.17077142648073
   vertex -6.49500000000015 30.65737753748104 4.52942497472077
  endloop
 endfacet
 facet normal -1.00000000000000 0.00000000000003 -0.00000000000029
  outer loop
   vertex -6.49500000000042 120.49999947304356 3.22809105762076
   vertex -6.49500000000081 120.49999999999635 4.52942497472077
   vertex -6.49500000000020 141.49999999996840 4.52942497472077
  endloop
 endfacet
 facet normal -0.00451705522862 -0.00000000000000 0.99998979805399
  outer loop
   vertex -5.49500000000076 48.50000000002460 3.22809105762077
   vertex -5.49500000000080 119.49999999999639 3.22809105762077
   vertex -5.75845841712839 119.53822199666948 3.22690098925915
  endloop
 endfacet
 facet normal 0.00000000000000 0.00000000000000 1.00000000000000
  outer loop
   vertex -5.49500000000076 48.50000000002460 3.22809105762077
   vertex -2.99500000000045 48.50000000002460 3.22809105762077
   vertex -2.99500000000045 119.49999999999632 3.22809105762077
  endloop
 endfacet
 facet normal 0.00451705522862 0.00000000000000 0.99998979805399
  outer loop
   vertex -2.99500000000045 119.49999999999632 3.22809105762077
   vertex -2.99500000000045 48.50000000002460 3.22809105762077
   vertex -2.73154158287286 48.46177800335148 3.22690098925915
  endloop
 endfacet
 facet normal 0.00000000000000 0.00000000000000 1.00000000000000
  outer loop
   vertex -2.99500000000045 119.49999999999632 3.22809105762077
   vertex -5.49500000000080 119.49999999999639 3.22809105762077
   vertex -5.49500000000076 48.50000000002460 3.22809105762077
  endloop
 endfacet
 facet normal 0.00000000000000 0.00000000000000 1.00000000000000
  outer loop
   vertex -5.88536263095968 48.42570430322286 3.22675714052078
   vertex -6.04507151271198 119.66475243557892 3.22675714052078
   vertex -6.06743666524980 119.68472637235323 3.22675714052078
  endloop
 endfacet
 facet normal -0.00451705522863 -0.00000000000000 0.99998979805399
  outer loop
   vertex -5.75845841712839 119.53822199666948 3.22690098925915
   vertex -5.79030378176442 119.54284205563152 3.22675714052078
   vertex -5.49500000000076 48.50000000002460 3.22809105762077
  endloop
 endfacet
 facet normal -0.00341797250198 0.00000456863905 0.99999415870449
  outer loop
   vertex -5.79030378176442 119.54284205563152 3.22675714052078
   vertex -5.88536263095968 48.42570430322286 3.22675714052078
   vertex -5.75615122440931 48.45029644069464 3.22719867178182
  endloop
 endfacet
 facet normal 0.00000000000000 0.00000000000000 1.00000000000000
  outer loop
   vertex -2.60463736904155 119.57429569679809 3.22675714052078
   vertex -2.44492848728919 48.33524756444203 3.22675714052078
   vertex -2.42256333475143 48.31527362766776 3.22675714052078
  endloop
 endfacet
 facet normal 0.00000000000000 0.00000000000000 1.00000000000000
  outer loop
   vertex -5.88536263095968 48.42570430322286 3.22675714052078
   vertex -6.27075362934677 119.86630528978510 3.22675714052078
   vertex -6.30863486746803 119.92777697377218 3.22675714052078
  endloop
 endfacet
 facet normal 0.00000000000000 -0.00000000000000 1.00000000000000
  outer loop
   vertex -5.88536263095968 48.42570430322286 3.22675714052078
   vertex -5.79030378176442 119.54284205563152 3.22675714052078
   vertex -6.04507151271198 119.66475243557892 3.22675714052078
  endloop
 endfacet
 facet normal -0.00341797250197 0.00000456863905 0.99999415870449
  outer loop
   vertex -5.75615122440931 48.45029644069464 3.22719867178182
   vertex -5.49500000000076 48.50000000002460 3.22809105762077
   vertex -5.79030378176442 119.54284205563152 3.22675714052078
  endloop
 endfacet
 facet normal 0.00341797250198 -0.00000456863905 0.99999415870449
  outer loop
   vertex -2.69969621823675 48.45715794438944 3.22675714052078
   vertex -2.60463736904155 119.57429569679809 3.22675714052078
   vertex -2.73384877559190 119.54970355932628 3.22719867178182
  endloop
 endfacet
 facet normal 0.00000000000000 0.00000000000000 1.00000000000000
  outer loop
   vertex -2.60463736904155 119.57429569679809 3.22675714052078
   vertex -2.21924637065450 48.13369471023584 3.22675714052078
   vertex -2.18136513253325 48.07222302624876 3.22675714052078
  endloop
 endfacet
 facet normal 0.00000000000000 0.00000000000000 1.00000000000000
  outer loop
   vertex -2.60463736904155 119.57429569679809 3.22675714052078
   vertex -2.69969621823675 48.45715794438944 3.22675714052078
   vertex -2.44492848728919 48.33524756444203 3.22675714052078
  endloop
 endfacet
 facet normal 0.00000000000000 0.00000000000000 1.00000000000000
  outer loop
   vertex -6.06743666524980 119.68472637235323 3.22675714052078
   vertex -6.27075362934677 119.86630528978510 3.22675714052078
   vertex -5.88536263095968 48.42570430322286 3.22675714052078
  endloop
 endfacet
 facet normal 0.00341797250197 -0.00000456863905 0.99999415870449
  outer loop
   vertex -2.73384877559190 119.54970355932628 3.22719867178182
   vertex -2.99500000000045 119.49999999999632 3.22809105762077
   vertex -2.69969621823675 48.45715794438944 3.22675714052078
  endloop
 endfacet
 facet normal -0.00000000000000 -0.00000000000000 1.00000000000000
  outer loop
   vertex -2.42256333475143 48.31527362766776 3.22675714052078
   vertex -2.21924637065450 48.13369471023584 3.22675714052078
   vertex -2.60463736904155 119.57429569679809 3.22675714052078
  endloop
 endfacet
 facet normal 0.00451705522863 0.00000000000000 0.99998979805399
  outer loop
   vertex -2.73154158287286 48.46177800335148 3.22690098925915
   vertex -2.69969621823675 48.45715794438944 3.22675714052078
   vertex -2.99500000000045 119.49999999999632 3.22809105762077
  endloop
 endfacet
 facet normal -0.00002056338719 0.00001836481083 0.99999999961994
  outer loop
   vertex -1.99500000000024 47.50000000002464 3.22809105762076
   vertex -2.15975243558302 119.94992848728515 3.22675714052078
   vertex -2.17972637235731 119.92756333474733 3.22675714052078
  endloop
 endfacet
 facet normal 0.01868416950054 0.00013953495738 0.99982542593198
  outer loop
   vertex -5.88536263095968 48.42570430322286 3.22675714052078
   vertex -6.42070430319903 120.10963736903733 3.22675714052078
   vertex -6.44529647338183 120.23884877303428 3.22719867236912
  endloop
 endfacet
 facet normal 0.00000000000000 0.00000000000000 1.00000000000000
  outer loop
   vertex -6.30863486746803 119.92777697377218 3.22675714052078
   vertex -6.42070430319903 120.10963736903733 3.22675714052078
   vertex -5.88536263095968 48.42570430322286 3.22675714052078
  endloop
 endfacet
 facet normal -0.00003829443209 0.00001832449011 0.99999999909887
  outer loop
   vertex -1.99500000000024 47.50000000002464 3.22809105762076
   vertex -2.03784205563562 120.20469621823273 3.22675714052078
   vertex -2.15975243558302 119.94992848728515 3.22675714052078
  endloop
 endfacet
 facet normal -0.03112061219719 -0.00000000000000 0.99951563644421
  outer loop
   vertex -1.99500000000024 47.50000000002464 3.22809105762076
   vertex -1.99500000000024 120.49999999999635 3.22809105762076
   vertex -2.03322199667356 120.23654158286875 3.22690098925915
  endloop
 endfacet
 facet normal 0.00002056338734 -0.00001836481096 0.99999999961994
  outer loop
   vertex -6.49500000000042 120.49999947304356 3.22809105762076
   vertex -6.33024756441821 48.05007151273577 3.22675714052078
   vertex -6.31027362764391 48.07243666527359 3.22675714052078
  endloop
 endfacet
 facet normal -0.01868417053005 -0.00013953496506 0.99982542591274
  outer loop
   vertex -2.60463736904155 119.57429569679809 3.22675714052078
   vertex -2.06929569680217 47.89036263098340 3.22675714052078
   vertex -2.04470355933033 47.76115122443318 3.22719867178182
  endloop
 endfacet
 facet normal -0.00000000000000 -0.00000000000000 1.00000000000000
  outer loop
   vertex -2.18136513253325 48.07222302624876 3.22675714052078
   vertex -2.06929569680217 47.89036263098340 3.22675714052078
   vertex -2.60463736904155 119.57429569679809 3.22675714052078
  endloop
 endfacet
 facet normal -0.00001134591791 0.00001841155978 0.99999999976614
  outer loop
   vertex -1.99500000000024 47.50000000002464 3.22809105762076
   vertex -2.36130528978919 119.72424637065039 3.22675714052078
   vertex -2.42277697377628 119.68636513252912 3.22675714052078
  endloop
 endfacet
 facet normal -0.03112061219725 -0.00000000000000 0.99951563644421
  outer loop
   vertex -2.03322199667356 120.23654158286875 3.22690098925915
   vertex -2.03784205563562 120.20469621823273 3.22675714052078
   vertex -1.99500000000024 47.50000000002464 3.22809105762076
  endloop
 endfacet
 facet normal 0.00003829443236 -0.00001832449024 0.99999999909887
  outer loop
   vertex -6.49500000000042 120.49999947304356 3.22809105762076
   vertex -6.45215794436560 47.79530378178820 3.22675714052078
   vertex -6.33024756441821 48.05007151273577 3.22675714052078
  endloop
 endfacet
 facet normal 0.03112061219781 0.00000000000000 0.99951563644419
  outer loop
   vertex -6.49500000000042 120.49999947304356 3.22809105762076
   vertex -6.49500000000041 47.50000000002457 3.22809105762077
   vertex -6.45677800332760 47.76345841715216 3.22690098925915
  endloop
 endfacet
 facet normal 0.01868416950054 0.00013953495738 0.99982542593198
  outer loop
   vertex -6.44529647338183 120.23884877303428 3.22719867236912
   vertex -6.49500000000042 120.49999947304356 3.22809105762076
   vertex -5.88536263095968 48.42570430322286 3.22675714052078
  endloop
 endfacet
 facet normal -0.00002056338719 0.00001836481083 0.99999999961994
  outer loop
   vertex -2.17972637235731 119.92756333474733 3.22675714052078
   vertex -2.36130528978919 119.72424637065039 3.22675714052078
   vertex -1.99500000000024 47.50000000002464 3.22809105762076
  endloop
 endfacet
 facet normal 0.00001134591799 -0.00001841155992 0.99999999976614
  outer loop
   vertex -6.49500000000042 120.49999947304356 3.22809105762076
   vertex -6.12869471021204 48.27575362937054 3.22675714052078
   vertex -6.06722302622494 48.31363486749181 3.22675714052078
  endloop
 endfacet
 facet normal 0.03112061219785 0.00000000000000 0.99951563644419
  outer loop
   vertex -6.45677800332760 47.76345841715216 3.22690098925915
   vertex -6.45215794436560 47.79530378178820 3.22675714052078
   vertex -6.49500000000042 120.49999947304356 3.22809105762076
  endloop
 endfacet
 facet normal -0.00001134591791 0.00001841155978 0.99999999976614
  outer loop
   vertex -2.42277697377628 119.68636513252912 3.22675714052078
   vertex -2.60463736904155 119.57429569679809 3.22675714052078
   vertex -1.99500000000024 47.50000000002464 3.22809105762076
  endloop
 endfacet
 facet normal 0.00002056338734 -0.00001836481096 0.99999999961994
  outer loop
   vertex -6.31027362764391 48.07243666527359 3.22675714052078
   vertex -6.12869471021204 48.27575362937054 3.22675714052078
   vertex -6.49500000000042 120.49999947304356 3.22809105762076
  endloop
 endfacet
 facet normal 0.00001134591799 -0.00001841155992 0.99999999976614
  outer loop
   vertex -6.06722302622494 48.31363486749181 3.22675714052078
   vertex -5.88536263095968 48.42570430322286 3.22675714052078
   vertex -6.49500000000042 120.49999947304356 3.22809105762076
  endloop
 endfacet
 facet normal -0.01868417053008 -0.00013953496506 0.99982542591274
  outer loop
   vertex -2.04470355933033 47.76115122443318 3.22719867178182
   vertex -1.99500000000024 47.50000000002464 3.22809105762076
   vertex -2.60463736904155 119.57429569679809 3.22675714052078
  endloop
 endfacet
 facet normal -0.43163986313239 -0.90203892863105 0.00357767930387
  outer loop
   vertex -6.07000525204409 119.68185028257132 4.52942497472077
   vertex -6.04507151271198 119.66475243557892 3.22675714052078
   vertex -5.79030378176442 119.54284205563152 3.22675714052078
  endloop
 endfacet
 facet normal -0.42577368132378 -0.90481513009645 0.00513348230055
  outer loop
   vertex -5.79030378176442 119.54284205563152 3.22675714052078
   vertex -5.75887304996617 119.53544258153855 4.52942497472077
   vertex -6.07000525204409 119.68185028257132 4.52942497472077
  endloop
 endfacet
 facet normal -0.66610656479821 -0.74585071017746 -0.00296014535023
  outer loop
   vertex -6.07000525204409 119.68185028257132 4.52942497472077
   vertex -6.06743666524980 119.68472637235323 3.22675714052078
   vertex -6.04507151271198 119.66475243557892 3.22675714052078
  endloop
 endfacet
 facet normal -0.70707912743868 -0.70707912743869 0.00884392905316
  outer loop
   vertex -6.07000525204409 119.68185028257132 4.52942497472077
   vertex -6.31314971742583 119.92499474795306 4.52942497472077
   vertex -6.27075362934677 119.86630528978510 3.22675714052078
  endloop
 endfacet
 facet normal -0.85132650489526 -0.52462044244069 -0.00407104853261
  outer loop
   vertex -6.31314971742583 119.92499474795306 4.52942497472077
   vertex -6.30863486746803 119.92777697377218 3.22675714052078
   vertex -6.27075362934677 119.86630528978510 3.22675714052078
  endloop
 endfacet
 facet normal -0.90473382488564 -0.42573542199574 0.01435467052608
  outer loop
   vertex -6.31314971742583 119.92499474795306 4.52942497472077
   vertex -6.45955741845861 120.23612695003096 4.52942497472077
   vertex -6.42070430319903 120.10963736903733 3.22675714052078
  endloop
 endfacet
 facet normal -0.98231179142751 -0.18692047080821 -0.01114818439532
  outer loop
   vertex -6.45955741845861 120.23612695003096 4.52942497472077
   vertex -6.44529647338183 120.23884877303428 3.22719867236912
   vertex -6.42070430319903 120.10963736903733 3.22675714052078
  endloop
 endfacet
 facet normal -0.13312133852638 -0.99109974736600 0.00000000000000
  outer loop
   vertex -5.49500000000080 119.49999999999639 3.22809105762077
   vertex -5.49500000000080 119.49999999999639 4.52942497472077
   vertex -5.75887304996617 119.53544258153855 4.52942497472077
  endloop
 endfacet
 facet normal -0.99109974736598 -0.13312133852652 0.00000005390491
  outer loop
   vertex -6.45955741845861 120.23612695003096 4.52942497472077
   vertex -6.49500000000081 120.49999999999635 4.52942497472077
   vertex -6.49500000000042 120.49999947304356 3.22809105762076
  endloop
 endfacet
 facet normal -0.98231179142751 -0.18692047080823 -0.01114818439532
  outer loop
   vertex -6.49500000000042 120.49999947304356 3.22809105762076
   vertex -6.44529647338183 120.23884877303428 3.22719867236912
   vertex -6.45955741845861 120.23612695003096 4.52942497472077
  endloop
 endfacet
 facet normal -0.14356494696066 -0.98963854581941 -0.00215745976361
  outer loop
   vertex -5.75887304996617 119.53544258153855 4.52942497472077
   vertex -5.75845841712839 119.53822199666948 3.22690098925915
   vertex -5.49500000000080 119.49999999999639 3.22809105762077
  endloop
 endfacet
 facet normal -0.85132650489521 -0.52462044244076 -0.00407104853261
  outer loop
   vertex -6.42070430319903 120.10963736903733 3.22675714052078
   vertex -6.30863486746803 119.92777697377218 3.22675714052078
   vertex -6.31314971742583 119.92499474795306 4.52942497472077
  endloop
 endfacet
 facet normal -0.66610656479818 -0.74585071017750 -0.00296014535023
  outer loop
   vertex -6.27075362934677 119.86630528978510 3.22675714052078
   vertex -6.06743666524980 119.68472637235323 3.22675714052078
   vertex -6.07000525204409 119.68185028257132 4.52942497472077
  endloop
 endfacet
 facet normal -0.14356494696125 -0.98963854581932 -0.00215745976361
  outer loop
   vertex -5.79030378176442 119.54284205563152 3.22675714052078
   vertex -5.75845841712839 119.53822199666948 3.22690098925915
   vertex -5.75887304996617 119.53544258153855 4.52942497472077
  endloop
 endfacet
 facet normal -0.00000000000003 -1.00000000000000 -0.00000000000000
  outer loop
   vertex -5.49500000000080 119.49999999999639 4.52942497472077
   vertex -5.49500000000080 119.49999999999639 3.22809105762077
   vertex -2.99500000000045 119.49999999999632 3.22809105762077
  endloop
 endfacet
 facet normal -0.00000000000003 -1.00000000000000 0.00000000000000
  outer loop
   vertex -2.99500000000045 119.49999999999632 3.22809105762077
   vertex -2.99500000000045 119.49999999999632 4.52942497472077
   vertex -5.49500000000080 119.49999999999639 4.52942497472077
  endloop
 endfacet
 facet normal 0.90203892863105 -0.43163986313239 0.00357767930388
  outer loop
   vertex -2.17685028257543 119.92499474795306 4.52942497472077
   vertex -2.15975243558302 119.94992848728515 3.22675714052078
   vertex -2.03784205563562 120.20469621823273 3.22675714052078
  endloop
 endfacet
 facet normal 0.90481513009644 -0.42577368132381 0.00513348230055
  outer loop
   vertex -2.03784205563562 120.20469621823273 3.22675714052078
   vertex -2.03044258154265 120.23612695003096 4.52942497472077
   vertex -2.17685028257543 119.92499474795306 4.52942497472077
  endloop
 endfacet
 facet normal 0.74585071017763 -0.66610656479803 -0.00296014535021
  outer loop
   vertex -2.17685028257543 119.92499474795306 4.52942497472077
   vertex -2.17972637235731 119.92756333474733 3.22675714052078
   vertex -2.15975243558302 119.94992848728515 3.22675714052078
  endloop
 endfacet
 facet normal 0.70707912743869 -0.70707912743868 0.00884392905316
  outer loop
   vertex -2.17685028257543 119.92499474795306 4.52942497472077
   vertex -2.41999474795717 119.68185028257132 4.52942497472077
   vertex -2.36130528978919 119.72424637065039 3.22675714052078
  endloop
 endfacet
 facet normal 0.52462044244077 -0.85132650489521 -0.00407104853261
  outer loop
   vertex -2.41999474795717 119.68185028257132 4.52942497472077
   vertex -2.42277697377628 119.68636513252912 3.22675714052078
   vertex -2.36130528978919 119.72424637065039 3.22675714052078
  endloop
 endfacet
 facet normal 0.42573542199572 -0.90473382488565 0.01435467052607
  outer loop
   vertex -2.41999474795717 119.68185028257132 4.52942497472077
   vertex -2.73112695003507 119.53544258153855 4.52942497472077
   vertex -2.60463736904155 119.57429569679809 3.22675714052078
  endloop
 endfacet
 facet normal 0.18692022716839 -0.98231183750471 -0.01114820942712
  outer loop
   vertex -2.73112695003507 119.53544258153855 4.52942497472077
   vertex -2.73384877559190 119.54970355932628 3.22719867178182
   vertex -2.60463736904155 119.57429569679809 3.22675714052078
  endloop
 endfacet
 facet normal 0.99109974736598 -0.13312133852654 0.00000000000016
  outer loop
   vertex -1.99500000000024 120.49999999999635 3.22809105762076
   vertex -1.99500000000045 120.49999999999635 4.52942497472077
   vertex -2.03044258154265 120.23612695003096 4.52942497472077
  endloop
 endfacet
 facet normal 0.13311309099873 -0.99103834381546 -0.01113131134600
  outer loop
   vertex -2.73384877559190 119.54970355932628 3.22719867178182
   vertex -2.73112695003507 119.53544258153855 4.52942497472077
   vertex -2.99500000000045 119.49999999999632 4.52942497472077
  endloop
 endfacet
 facet normal 0.18696860924236 -0.98236588863721 0.00000000000000
  outer loop
   vertex -2.99500000000045 119.49999999999632 4.52942497472077
   vertex -2.99500000000045 119.49999999999632 3.22809105762077
   vertex -2.73384877559190 119.54970355932628 3.22719867178182
  endloop
 endfacet
 facet normal 0.98963854581928 -0.14356494696152 -0.00215745976359
  outer loop
   vertex -2.03044258154265 120.23612695003096 4.52942497472077
   vertex -2.03322199667356 120.23654158286875 3.22690098925915
   vertex -1.99500000000024 120.49999999999635 3.22809105762076
  endloop
 endfacet
 facet normal 0.52462044244061 -0.85132650489531 -0.00407104853261
  outer loop
   vertex -2.60463736904155 119.57429569679809 3.22675714052078
   vertex -2.42277697377628 119.68636513252912 3.22675714052078
   vertex -2.41999474795717 119.68185028257132 4.52942497472077
  endloop
 endfacet
 facet normal 0.74585071017745 -0.66610656479823 -0.00296014535021
  outer loop
   vertex -2.36130528978919 119.72424637065039 3.22675714052078
   vertex -2.17972637235731 119.92756333474733 3.22675714052078
   vertex -2.17685028257543 119.92499474795306 4.52942497472077
  endloop
 endfacet
 facet normal 0.98963854581929 -0.14356494696149 -0.00215745976359
  outer loop
   vertex -2.03784205563562 120.20469621823273 3.22675714052078
   vertex -2.03322199667356 120.23654158286875 3.22690098925915
   vertex -2.03044258154265 120.23612695003096 4.52942497472077
  endloop
 endfacet
 facet normal 0.00000000000000 0.00000000000000 1.00000000000000
  outer loop
   vertex -1.57114745801804 30.56290264528069 4.52942497472077
   vertex 12.91519286524822 25.66020169609329 4.52942497472077
   vertex 13.09752345179850 25.97600753577220 4.52942497472077
  endloop
 endfacet
 facet normal 0.00000000000000 0.00000000000000 1.00000000000000
  outer loop
   vertex -1.69477758540693 29.86176135146307 4.52942497472077
   vertex 12.85187011707343 25.30108054560134 4.52942497472077
   vertex 12.91519286524822 25.66020169609329 4.52942497472077
  endloop
 endfacet
 facet normal 0.00000000000000 0.00000000000000 1.00000000000000
  outer loop
   vertex -5.67114745801804 30.56290264528069 4.52942497472077
   vertex -4.06266941345034 44.46595185936177 4.52942497472077
   vertex -4.42733058655089 44.46595185936177 4.52942497472077
  endloop
 endfacet
 facet normal 0.00000000000000 0.00000000000000 1.00000000000000
  outer loop
   vertex -6.34041270185079 29.70677765669738 4.52942497472077
   vertex -5.54751733062915 29.86176135146307 4.52942497472077
   vertex -5.67114745801804 30.56290264528069 4.52942497472077
  endloop
 endfacet
 facet normal 0.00000000000000 0.00000000000000 1.00000000000000
  outer loop
   vertex 12.85187011707343 25.30108054560134 4.52942497472077
   vertex -2.59614745801804 28.78755056752259 4.52942497472077
   vertex -3.26516869380083 28.54404675160566 4.52942497472077
  endloop
 endfacet
 facet normal 0.00000000000000 0.00000000000000 1.00000000000000
  outer loop
   vertex 12.91519286524822 25.66020169609329 4.52942497472077
   vertex -1.57114745801804 30.56290264528069 4.52942497472077
   vertex -1.69477758540693 29.86176135146307 4.52942497472077
  endloop
 endfacet
 facet normal 0.00000000000000 0.00000000000000 1.00000000000000
  outer loop
   vertex -5.67114745801804 30.56290264528069 4.52942497472077
   vertex -6.49500000000015 30.65737753748104 4.52942497472077
   vertex -6.34041270185079 29.70677765669738 4.52942497472077
  endloop
 endfacet
 facet normal 0.00000000000000 0.00000000000000 1.00000000000000
  outer loop
   vertex -5.87829427514149 28.83530881695671 4.52942497472077
   vertex -5.19153856641195 29.24518804542328 4.52942497472077
   vertex -5.54751733062915 29.86176135146307 4.52942497472077
  endloop
 endfacet
 facet normal 0.00000000000000 -0.00000000000000 1.00000000000000
  outer loop
   vertex -5.15851224297854 28.16082738272846 4.52942497472077
   vertex -4.64614745801804 28.78755056752259 4.52942497472077
   vertex -5.19153856641195 29.24518804542328 4.52942497472077
  endloop
 endfacet
 facet normal 0.00000000000000 -0.00000000000000 1.00000000000000
  outer loop
   vertex -4.25888219218955 27.75625982245202 4.52942497472077
   vertex -3.97712622223525 28.54404675160566 4.52942497472077
   vertex -4.64614745801804 28.78755056752259 4.52942497472077
  endloop
 endfacet
 facet normal 0.00000000000000 0.00000000000000 1.00000000000000
  outer loop
   vertex 12.85187011707343 25.30108054560134 4.52942497472077
   vertex -2.05075634962414 29.24518804542328 4.52942497472077
   vertex -2.59614745801804 28.78755056752259 4.52942497472077
  endloop
 endfacet
 facet normal 0.00000000000000 -0.00000000000000 1.00000000000000
  outer loop
   vertex 13.09752345179850 25.97600753577220 4.52942497472077
   vertex 13.37687011707343 26.21040721957500 4.52942497472077
   vertex -1.57114745801804 30.56290264528069 4.52942497472077
  endloop
 endfacet
 facet normal 0.00000000000000 0.00000000000000 1.00000000000000
  outer loop
   vertex -5.54751733062915 29.86176135146307 4.52942497472077
   vertex -6.34041270185079 29.70677765669738 4.52942497472077
   vertex -5.87829427514149 28.83530881695671 4.52942497472077
  endloop
 endfacet
 facet normal 0.00000000000000 0.00000000000000 1.00000000000000
  outer loop
   vertex -4.64614745801804 28.78755056752259 4.52942497472077
   vertex -5.15851224297854 28.16082738272846 4.52942497472077
   vertex -4.25888219218955 27.75625982245202 4.52942497472077
  endloop
 endfacet
 facet normal 0.00000000000000 0.00000000000000 1.00000000000000
  outer loop
   vertex -1.69477758540693 29.86176135146307 4.52942497472077
   vertex -2.05075634962414 29.24518804542328 4.52942497472077
   vertex 12.85187011707343 25.30108054560134 4.52942497472077
  endloop
 endfacet
 facet normal 0.00000000000000 0.00000000000000 1.00000000000000
  outer loop
   vertex 14.88854736889863 25.66020169609329 4.52942497472077
   vertex 16.65501047915205 26.86616076324148 4.52942497472077
   vertex 16.40885955030933 26.96762534172139 4.52942497472077
  endloop
 endfacet
 facet normal 0.00000000000000 0.00000000000000 1.00000000000000
  outer loop
   vertex 14.88854736889863 25.66020169609329 4.52942497472077
   vertex 17.09182569303143 26.34831224065314 4.52942497472077
   vertex 16.91860766176907 26.64535478036964 4.52942497472077
  endloop
 endfacet
 facet normal 0.00000000000000 0.00000000000000 1.00000000000000
  outer loop
   vertex -5.19153856641195 29.24518804542328 4.52942497472077
   vertex -5.87829427514149 28.83530881695671 4.52942497472077
   vertex -5.15851224297854 28.16082738272846 4.52942497472077
  endloop
 endfacet
 facet normal 0.00000000000000 0.00000000000000 1.00000000000000
  outer loop
   vertex -3.26516869380083 28.54404675160566 4.52942497472077
   vertex -4.25888219218955 27.75625982245202 4.52942497472077
   vertex 12.85187011707343 25.30108054560134 4.52942497472077
  endloop
 endfacet
 facet normal 0.00000000000000 0.00000000000000 1.00000000000000
  outer loop
   vertex -4.25888219218955 27.75625982245202 4.52942497472077
   vertex 13.37687011707343 24.39175387162767 4.52942497472077
   vertex 13.09752345179850 24.62615355543047 4.52942497472077
  endloop
 endfacet
 facet normal 0.00000000000000 0.00000000000000 1.00000000000000
  outer loop
   vertex 14.70621678234836 24.62615355543047 4.52942497472077
   vertex 14.42687011707343 24.39175387162767 4.52942497472077
   vertex 15.52723788626384 22.58310272301511 4.52942497472077
  endloop
 endfacet
 facet normal -0.00000000000000 0.00000000000000 1.00000000000000
  outer loop
   vertex 14.88854736889863 25.66020169609329 4.52942497472077
   vertex 14.95187011707343 25.30108054560134 4.52942497472077
   vertex 17.12126723920413 25.74595466644185 4.52942497472077
  endloop
 endfacet
 facet normal 0.00000000000000 0.00000000000000 1.00000000000000
  outer loop
   vertex 16.91860766176907 26.64535478036964 4.52942497472077
   vertex 16.65501047915205 26.86616076324148 4.52942497472077
   vertex 14.88854736889863 25.66020169609329 4.52942497472077
  endloop
 endfacet
 facet normal 0.00000000000000 0.00000000000000 1.00000000000000
  outer loop
   vertex -1.57114745801804 30.56290264528069 4.52942497472077
   vertex 13.71953953052315 26.33512868626415 4.52942497472077
   vertex 14.08420070362371 26.33512868626415 4.52942497472077
  endloop
 endfacet
 facet normal 0.00000000000000 0.00000000000000 1.00000000000000
  outer loop
   vertex -3.26516869380083 28.54404675160566 4.52942497472077
   vertex -3.97712622223525 28.54404675160566 4.52942497472077
   vertex -4.25888219218955 27.75625982245202 4.52942497472077
  endloop
 endfacet
 facet normal 0.00000000000000 0.00000000000000 1.00000000000000
  outer loop
   vertex 13.09752345179850 24.62615355543047 4.52942497472077
   vertex 12.91519286524822 24.94195939510938 4.52942497472077
   vertex -4.25888219218955 27.75625982245202 4.52942497472077
  endloop
 endfacet
 facet normal 0.00000000000000 -0.00000000000000 1.00000000000000
  outer loop
   vertex 15.52723788626384 22.58310272301511 4.52942497472077
   vertex 15.86539337462588 22.64546126678812 4.52942497472077
   vertex 14.70621678234836 24.62615355543047 4.52942497472077
  endloop
 endfacet
 facet normal 0.00000000000000 0.00000000000000 1.00000000000000
  outer loop
   vertex -4.77000000000062 46.40932667399825 4.52942497472077
   vertex -6.45955741845856 47.76387304998995 4.52942497472077
   vertex -6.49500000000077 47.50000000002457 4.52942497472077
  endloop
 endfacet
 facet normal 0.00000000000000 0.00000000000000 1.00000000000000
  outer loop
   vertex -4.77000000000062 46.40932667399825 4.52942497472077
   vertex -6.07000525204404 48.31814971744961 4.52942497472077
   vertex -6.31314971742579 48.07500525206785 4.52942497472077
  endloop
 endfacet
 facet normal 0.00000000000000 -0.00000000000000 1.00000000000000
  outer loop
   vertex 17.12126723920413 25.74595466644185 4.52942497472077
   vertex 17.15418348827500 26.01015508469161 4.52942497472077
   vertex 14.88854736889863 25.66020169609329 4.52942497472077
  endloop
 endfacet
 facet normal 0.00000000000000 0.00000000000000 1.00000000000000
  outer loop
   vertex 16.40885955030933 26.96762534172139 4.52942497472077
   vertex 14.42687011707343 26.21040721957500 4.52942497472077
   vertex 14.70621678234836 25.97600753577220 4.52942497472077
  endloop
 endfacet
 facet normal 0.00000000000000 -0.00000000000000 1.00000000000000
  outer loop
   vertex 14.08420070362371 26.33512868626415 4.52942497472077
   vertex 16.40885955030933 26.96762534172139 4.52942497472077
   vertex -1.57114745801804 30.56290264528069 4.52942497472077
  endloop
 endfacet
 facet normal 0.00000000000000 0.00000000000000 1.00000000000000
  outer loop
   vertex -6.49500000000015 30.65737753748104 4.52942497472077
   vertex -4.42733058655089 44.46595185936177 4.52942497472077
   vertex -4.77000000000062 44.59067332605093 4.52942497472077
  endloop
 endfacet
 facet normal 0.00000000000000 0.00000000000000 1.00000000000000
  outer loop
   vertex 12.91519286524822 24.94195939510938 4.52942497472077
   vertex 12.85187011707343 25.30108054560134 4.52942497472077
   vertex -4.25888219218955 27.75625982245202 4.52942497472077
  endloop
 endfacet
 facet normal 0.00000000000000 0.00000000000000 1.00000000000000
  outer loop
   vertex 15.26303848448844 22.61601767198875 4.52942497472077
   vertex 13.71953953052315 24.26703240493851 4.52942497472077
   vertex 13.37687011707343 24.39175387162767 4.52942497472077
  endloop
 endfacet
 facet normal 0.00000000000000 -0.00000000000000 1.00000000000000
  outer loop
   vertex 15.86539337462588 22.64546126678812 4.52942497472077
   vertex 16.16243435626831 22.81867898388355 4.52942497472077
   vertex 14.70621678234836 24.62615355543047 4.52942497472077
  endloop
 endfacet
 facet normal 0.00000000000000 0.00000000000000 1.00000000000000
  outer loop
   vertex 14.70621678234836 24.62615355543047 4.52942497472077
   vertex 16.38323938209470 23.08227500597163 4.52942497472077
   vertex 16.48470385634131 23.32842471291901 4.52942497472077
  endloop
 endfacet
 facet normal 0.00000000000000 0.00000000000000 1.00000000000000
  outer loop
   vertex -1.83474387736455 33.15846499557224 4.52942497472077
   vertex -2.59614745801804 32.33825472303879 4.52942497472077
   vertex -2.05075634962414 31.88061724513810 4.52942497472077
  endloop
 endfacet
 facet normal 0.00000000000000 0.00000000000000 1.00000000000000
  outer loop
   vertex -3.72000000000062 46.40932667399825 4.52942497472077
   vertex -2.03044258154266 47.76387304999000 4.52942497472077
   vertex -2.17685028257544 48.07500525206788 4.52942497472077
  endloop
 endfacet
 facet normal -0.00000000000000 0.00000000000000 1.00000000000000
  outer loop
   vertex -3.72000000000062 46.40932667399825 4.52942497472077
   vertex -3.44065333472569 46.17492699019544 4.52942497472077
   vertex -1.99500000000045 47.50000000002464 4.52942497472077
  endloop
 endfacet
 facet normal 0.00000000000000 0.00000000000000 1.00000000000000
  outer loop
   vertex -3.72000000000062 46.40932667399825 4.52942497472077
   vertex -2.73112695003508 48.46455741848239 4.52942497472077
   vertex -2.99500000000045 48.50000000002460 4.52942497472077
  endloop
 endfacet
 facet normal 0.00000000000000 0.00000000000000 1.00000000000000
  outer loop
   vertex -6.31314971742579 48.07500525206785 4.52942497472077
   vertex -6.45955741845856 47.76387304998995 4.52942497472077
   vertex -4.77000000000062 46.40932667399825 4.52942497472077
  endloop
 endfacet
 facet normal 0.00000000000000 0.00000000000000 1.00000000000000
  outer loop
   vertex 16.40885955030933 26.96762534172139 4.52942497472077
   vertex 14.70621678234836 25.97600753577220 4.52942497472077
   vertex 14.88854736889863 25.66020169609329 4.52942497472077
  endloop
 endfacet
 facet normal 0.00000000000000 0.00000000000000 1.00000000000000
  outer loop
   vertex -1.57114745801804 30.56290264528069 4.52942497472077
   vertex 13.37687011707343 26.21040721957500 4.52942497472077
   vertex 13.71953953052315 26.33512868626415 4.52942497472077
  endloop
 endfacet
 facet normal 0.00000000000000 0.00000000000000 1.00000000000000
  outer loop
   vertex -4.42733058655089 44.46595185936177 4.52942497472077
   vertex -6.49500000000015 30.65737753748104 4.52942497472077
   vertex -5.67114745801804 30.56290264528069 4.52942497472077
  endloop
 endfacet
 facet normal 0.00000000000000 0.00000000000000 1.00000000000000
  outer loop
   vertex -5.67114745801804 30.56290264528069 4.52942497472077
   vertex -3.44065333472569 44.82507300985372 4.52942497472077
   vertex -3.72000000000062 44.59067332605093 4.52942497472077
  endloop
 endfacet
 facet normal 0.00000000000000 0.00000000000000 1.00000000000000
  outer loop
   vertex 15.26303848448844 22.61601767198875 4.52942497472077
   vertex 14.08420070362371 24.26703240493851 4.52942497472077
   vertex 13.71953953052315 24.26703240493851 4.52942497472077
  endloop
 endfacet
 facet normal 0.00000000000000 0.00000000000000 1.00000000000000
  outer loop
   vertex 14.42687011707343 24.39175387162767 4.52942497472077
   vertex 14.08420070362371 24.26703240493851 4.52942497472077
   vertex 15.26303848448844 22.61601767198875 4.52942497472077
  endloop
 endfacet
 facet normal 0.00000000000000 0.00000000000000 1.00000000000000
  outer loop
   vertex 16.48470385634131 23.32842471291901 4.52942497472077
   vertex 14.88854736889863 24.94195939510938 4.52942497472077
   vertex 14.70621678234836 24.62615355543047 4.52942497472077
  endloop
 endfacet
 facet normal 0.00000000000000 0.00000000000000 1.00000000000000
  outer loop
   vertex 17.12126723920413 25.74595466644185 4.52942497472077
   vertex 14.95187011707343 25.30108054560134 4.52942497472077
   vertex 14.88854736889863 24.94195939510938 4.52942497472077
  endloop
 endfacet
 facet normal 0.00000000000000 0.00000000000000 1.00000000000000
  outer loop
   vertex -2.05075634962414 31.88061724513810 4.52942497472077
   vertex -1.37109685935298 32.29442322661563 4.52942497472077
   vertex -1.83474387736455 33.15846499557224 4.52942497472077
  endloop
 endfacet
 facet normal -0.00000000000000 0.00000000000000 1.00000000000000
  outer loop
   vertex -3.26516869380084 32.58175853895572 4.52942497472077
   vertex -2.59614745801804 32.33825472303879 4.52942497472077
   vertex -1.99500000000010 34.12586083542798 4.52942497472077
  endloop
 endfacet
 facet normal 0.00000000000000 0.00000000000000 1.00000000000000
  outer loop
   vertex -1.99500000000045 47.50000000002464 4.52942497472077
   vertex -2.03044258154266 47.76387304999000 4.52942497472077
   vertex -3.72000000000062 46.40932667399825 4.52942497472077
  endloop
 endfacet
 facet normal 0.00000000000000 0.00000000000000 1.00000000000000
  outer loop
   vertex -3.72000000000062 46.40932667399825 4.52942497472077
   vertex -2.41999474795719 48.31814971744961 4.52942497472077
   vertex -2.73112695003508 48.46455741848239 4.52942497472077
  endloop
 endfacet
 facet normal 0.00000000000000 0.00000000000000 1.00000000000000
  outer loop
   vertex -5.49500000000076 48.50000000002460 4.52942497472077
   vertex -4.42733058655090 46.53404814068742 4.52942497472077
   vertex -4.06266941345034 46.53404814068742 4.52942497472077
  endloop
 endfacet
 facet normal 0.00000000000000 -0.00000000000000 1.00000000000000
  outer loop
   vertex -4.77000000000062 46.40932667399825 4.52942497472077
   vertex -4.42733058655090 46.53404814068742 4.52942497472077
   vertex -5.49500000000076 48.50000000002460 4.52942497472077
  endloop
 endfacet
 facet normal 0.00000000000000 0.00000000000000 1.00000000000000
  outer loop
   vertex -6.49500000000077 47.50000000002457 4.52942497472077
   vertex -5.23167725182582 45.85912115051653 4.52942497472077
   vertex -5.04934666527555 46.17492699019544 4.52942497472077
  endloop
 endfacet
 facet normal 0.00000000000000 0.00000000000000 1.00000000000000
  outer loop
   vertex -6.49500000000077 47.50000000002457 4.52942497472077
   vertex -6.49500000000015 30.65737753748104 4.52942497472077
   vertex -5.23167725182582 45.14087884953263 4.52942497472077
  endloop
 endfacet
 facet normal -0.00000000000000 0.00000000000000 1.00000000000000
  outer loop
   vertex 14.08420070362371 26.33512868626415 4.52942497472077
   vertex 14.42687011707343 26.21040721957500 4.52942497472077
   vertex 16.40885955030933 26.96762534172139 4.52942497472077
  endloop
 endfacet
 facet normal 0.00000000000000 0.00000000000000 1.00000000000000
  outer loop
   vertex -3.72000000000062 44.59067332605093 4.52942497472077
   vertex -4.06266941345034 44.46595185936177 4.52942497472077
   vertex -5.67114745801804 30.56290264528069 4.52942497472077
  endloop
 endfacet
 facet normal -0.00000000000000 -0.00000000000000 1.00000000000000
  outer loop
   vertex 15.26303848448844 22.61601767198875 4.52942497472077
   vertex 15.52723788626384 22.58310272301511 4.52942497472077
   vertex 14.42687011707343 24.39175387162767 4.52942497472077
  endloop
 endfacet
 facet normal -0.00000000000000 0.00000000000000 1.00000000000000
  outer loop
   vertex 14.88854736889863 24.94195939510938 4.52942497472077
   vertex 16.48470385634131 23.32842471291901 4.52942497472077
   vertex 17.12126723920413 25.74595466644185 4.52942497472077
  endloop
 endfacet
 facet normal 0.00000000000000 0.00000000000000 1.00000000000000
  outer loop
   vertex -1.57114745801804 30.56290264528069 4.52942497472077
   vertex 0.24110914331516 31.22474540182782 4.52942497472077
   vertex -0.65359379488396 31.62604751768372 4.52942497472077
  endloop
 endfacet
 facet normal 0.00000000000000 0.00000000000000 1.00000000000000
  outer loop
   vertex -1.69477758540693 31.26404393909831 4.52942497472077
   vertex -0.65359379488396 31.62604751768372 4.52942497472077
   vertex -1.37109685935298 32.29442322661563 4.52942497472077
  endloop
 endfacet
 facet normal 0.00000000000000 0.00000000000000 1.00000000000000
  outer loop
   vertex -1.99500000000010 34.12586083542798 4.52942497472077
   vertex -3.19500000000062 45.50000000002458 4.52942497472077
   vertex -3.26516869380084 32.58175853895572 4.52942497472077
  endloop
 endfacet
 facet normal 0.00000000000000 0.00000000000000 1.00000000000000
  outer loop
   vertex -1.99500000000045 47.50000000002464 4.52942497472077
   vertex -3.25832274817542 45.85912115051653 4.52942497472077
   vertex -3.19500000000062 45.50000000002458 4.52942497472077
  endloop
 endfacet
 facet normal 0.00000000000000 0.00000000000000 1.00000000000000
  outer loop
   vertex -2.17685028257544 48.07500525206788 4.52942497472077
   vertex -2.41999474795719 48.31814971744961 4.52942497472077
   vertex -3.72000000000062 46.40932667399825 4.52942497472077
  endloop
 endfacet
 facet normal 0.00000000000000 -0.00000000000000 1.00000000000000
  outer loop
   vertex -4.06266941345034 46.53404814068742 4.52942497472077
   vertex -2.99500000000045 48.50000000002460 4.52942497472077
   vertex -5.49500000000076 48.50000000002460 4.52942497472077
  endloop
 endfacet
 facet normal 0.00000000000000 0.00000000000000 1.00000000000000
  outer loop
   vertex -5.49500000000076 48.50000000002460 4.52942497472077
   vertex -5.75887304996614 48.46455741848239 4.52942497472077
   vertex -4.77000000000062 46.40932667399825 4.52942497472077
  endloop
 endfacet
 facet normal 0.00000000000000 0.00000000000000 1.00000000000000
  outer loop
   vertex -6.49500000000077 47.50000000002457 4.52942497472077
   vertex -5.29500000000062 45.50000000002458 4.52942497472077
   vertex -5.23167725182582 45.85912115051653 4.52942497472077
  endloop
 endfacet
 facet normal 0.00000000000000 0.00000000000000 1.00000000000000
  outer loop
   vertex -6.49500000000015 30.65737753748104 4.52942497472077
   vertex -5.04934666527555 44.82507300985372 4.52942497472077
   vertex -5.23167725182582 45.14087884953263 4.52942497472077
  endloop
 endfacet
 facet normal 0.00000000000000 0.00000000000000 1.00000000000000
  outer loop
   vertex -4.77000000000062 44.59067332605093 4.52942497472077
   vertex -5.04934666527555 44.82507300985372 4.52942497472077
   vertex -6.49500000000015 30.65737753748104 4.52942497472077
  endloop
 endfacet
 facet normal 0.00000000000000 -0.00000000000000 1.00000000000000
  outer loop
   vertex 16.16243435626831 22.81867898388355 4.52942497472077
   vertex 16.38323938209470 23.08227500597163 4.52942497472077
   vertex 14.70621678234836 24.62615355543047 4.52942497472077
  endloop
 endfacet
 facet normal -0.00000000000000 0.00000000000000 1.00000000000000
  outer loop
   vertex -1.57114745801804 30.56290264528069 4.52942497472077
   vertex 16.40885955030933 26.96762534172139 4.52942497472077
   vertex 0.24110914331516 31.22474540182782 4.52942497472077
  endloop
 endfacet
 facet normal 0.00000000000000 0.00000000000000 1.00000000000000
  outer loop
   vertex -1.83474387736455 33.15846499557224 4.52942497472077
   vertex -1.99500000000010 34.12586083542798 4.52942497472077
   vertex -2.59614745801804 32.33825472303879 4.52942497472077
  endloop
 endfacet
 facet normal 0.00000000000000 0.00000000000000 1.00000000000000
  outer loop
   vertex -3.26516869380084 32.58175853895572 4.52942497472077
   vertex -3.19500000000062 45.50000000002458 4.52942497472077
   vertex -3.25832274817542 45.14087884953263 4.52942497472077
  endloop
 endfacet
 facet normal -0.00000000000000 0.00000000000000 1.00000000000000
  outer loop
   vertex -3.44065333472569 46.17492699019544 4.52942497472077
   vertex -3.25832274817542 45.85912115051653 4.52942497472077
   vertex -1.99500000000045 47.50000000002464 4.52942497472077
  endloop
 endfacet
 facet normal 0.00000000000000 0.00000000000000 1.00000000000000
  outer loop
   vertex -5.75887304996614 48.46455741848239 4.52942497472077
   vertex -6.07000525204404 48.31814971744961 4.52942497472077
   vertex -4.77000000000062 46.40932667399825 4.52942497472077
  endloop
 endfacet
 facet normal 0.00000000000000 0.00000000000000 1.00000000000000
  outer loop
   vertex -5.23167725182582 45.14087884953263 4.52942497472077
   vertex -5.29500000000062 45.50000000002458 4.52942497472077
   vertex -6.49500000000077 47.50000000002457 4.52942497472077
  endloop
 endfacet
 facet normal 0.00000000000000 0.00000000000000 1.00000000000000
  outer loop
   vertex 13.37687011707343 24.39175387162767 4.52942497472077
   vertex -4.25888219218955 27.75625982245202 4.52942497472077
   vertex 15.26303848448844 22.61601767198875 4.52942497472077
  endloop
 endfacet
 facet normal 0.00000000000000 0.00000000000000 1.00000000000000
  outer loop
   vertex -1.37109685935298 32.29442322661563 4.52942497472077
   vertex -2.05075634962414 31.88061724513810 4.52942497472077
   vertex -1.69477758540693 31.26404393909831 4.52942497472077
  endloop
 endfacet
 facet normal 0.00000000000000 0.00000000000000 1.00000000000000
  outer loop
   vertex -3.25832274817542 45.14087884953263 4.52942497472077
   vertex -3.97712622223525 32.58175853895572 4.52942497472077
   vertex -3.26516869380084 32.58175853895572 4.52942497472077
  endloop
 endfacet
 facet normal 0.00000000000000 0.00000000000000 1.00000000000000
  outer loop
   vertex -3.44065333472569 44.82507300985372 4.52942497472077
   vertex -5.19153856641195 31.88061724513810 4.52942497472077
   vertex -4.64614745801804 32.33825472303879 4.52942497472077
  endloop
 endfacet
 facet normal 0.00000000000000 0.00000000000000 1.00000000000000
  outer loop
   vertex -3.44065333472569 44.82507300985372 4.52942497472077
   vertex -5.67114745801804 30.56290264528069 4.52942497472077
   vertex -5.54751733062915 31.26404393909831 4.52942497472077
  endloop
 endfacet
 facet normal 0.00000000000000 0.00000000000000 1.00000000000000
  outer loop
   vertex -2.99500000000045 48.50000000002460 4.52942497472077
   vertex -4.06266941345034 46.53404814068742 4.52942497472077
   vertex -3.72000000000062 46.40932667399825 4.52942497472077
  endloop
 endfacet
 facet normal 0.00000000000000 0.00000000000000 1.00000000000000
  outer loop
   vertex 17.15418348827500 26.01015508469161 4.52942497472077
   vertex 17.09182569303143 26.34831224065314 4.52942497472077
   vertex 14.88854736889863 25.66020169609329 4.52942497472077
  endloop
 endfacet
 facet normal 0.00000000000000 0.00000000000000 1.00000000000000
  outer loop
   vertex -3.25832274817542 45.14087884953263 4.52942497472077
   vertex -3.44065333472569 44.82507300985372 4.52942497472077
   vertex -3.97712622223525 32.58175853895572 4.52942497472077
  endloop
 endfacet
 facet normal 0.00000000000000 0.00000000000000 1.00000000000000
  outer loop
   vertex -5.54751733062915 31.26404393909831 4.52942497472077
   vertex -5.19153856641195 31.88061724513810 4.52942497472077
   vertex -3.44065333472569 44.82507300985372 4.52942497472077
  endloop
 endfacet
 facet normal 0.00000000000000 0.00000000000000 1.00000000000000
  outer loop
   vertex -6.49500000000077 47.50000000002457 4.52942497472077
   vertex -5.04934666527555 46.17492699019544 4.52942497472077
   vertex -4.77000000000062 46.40932667399825 4.52942497472077
  endloop
 endfacet
 facet normal 0.00000000000000 0.00000000000000 1.00000000000000
  outer loop
   vertex -4.64614745801804 32.33825472303879 4.52942497472077
   vertex -3.97712622223525 32.58175853895572 4.52942497472077
   vertex -3.44065333472569 44.82507300985372 4.52942497472077
  endloop
 endfacet
 facet normal 0.00000000000000 0.00000000000000 1.00000000000000
  outer loop
   vertex -0.65359379488396 31.62604751768372 4.52942497472077
   vertex -1.69477758540693 31.26404393909831 4.52942497472077
   vertex -1.57114745801804 30.56290264528069 4.52942497472077
  endloop
 endfacet
 facet normal -0.00000000000000 0.00000000000000 1.00000000000000
  outer loop
   vertex -3.19500000000062 45.50000000002458 4.52942497472077
   vertex -1.99500000000010 34.12586083542798 4.52942497472077
   vertex -1.99500000000045 47.50000000002464 4.52942497472077
  endloop
 endfacet
 facet normal 0.98480775301221 0.17364817766693 0.00000000000000
  outer loop
   vertex 12.91519286524822 24.94195939510938 1.52942497472077
   vertex 12.85187011707343 25.30108054560134 1.52942497472077
   vertex 12.85187011707343 25.30108054560134 4.52942497472077
  endloop
 endfacet
 facet normal 0.86602540378444 0.50000000000000 -0.00000000000000
  outer loop
   vertex 13.09752345179850 24.62615355543047 1.52942497472077
   vertex 12.91519286524822 24.94195939510938 1.52942497472077
   vertex 12.91519286524822 24.94195939510938 4.52942497472077
  endloop
 endfacet
 facet normal 0.64278760968654 0.76604444311897 -0.00000000000000
  outer loop
   vertex 13.37687011707343 24.39175387162767 1.52942497472077
   vertex 13.09752345179850 24.62615355543047 1.52942497472077
   vertex 13.09752345179850 24.62615355543047 4.52942497472077
  endloop
 endfacet
 facet normal 0.34202014332567 0.93969262078591 0.00000000000000
  outer loop
   vertex 13.71953953052315 24.26703240493851 1.52942497472077
   vertex 13.37687011707343 24.39175387162767 1.52942497472077
   vertex 13.37687011707343 24.39175387162767 4.52942497472077
  endloop
 endfacet
 facet normal 0.00000000000000 1.00000000000000 0.00000000000000
  outer loop
   vertex 14.08420070362371 24.26703240493851 1.52942497472077
   vertex 13.71953953052315 24.26703240493851 1.52942497472077
   vertex 13.71953953052315 24.26703240493851 4.52942497472077
  endloop
 endfacet
 facet normal -0.34202014332567 0.93969262078591 0.00000000000000
  outer loop
   vertex 14.42687011707343 24.39175387162767 1.52942497472077
   vertex 14.08420070362371 24.26703240493851 1.52942497472077
   vertex 14.08420070362371 24.26703240493851 4.52942497472077
  endloop
 endfacet
 facet normal -0.64278760968654 0.76604444311897 0.00000000000000
  outer loop
   vertex 14.70621678234836 24.62615355543047 1.52942497472077
   vertex 14.42687011707343 24.39175387162767 1.52942497472077
   vertex 14.42687011707343 24.39175387162767 4.52942497472077
  endloop
 endfacet
 facet normal -0.86602540378444 0.50000000000000 0.00000000000000
  outer loop
   vertex 14.88854736889863 24.94195939510938 1.52942497472077
   vertex 14.70621678234836 24.62615355543047 1.52942497472077
   vertex 14.70621678234836 24.62615355543047 4.52942497472077
  endloop
 endfacet
 facet normal -0.98480775301221 0.17364817766694 -0.00000000000000
  outer loop
   vertex 14.95187011707343 25.30108054560134 1.52942497472077
   vertex 14.88854736889863 24.94195939510938 1.52942497472077
   vertex 14.88854736889863 24.94195939510938 4.52942497472077
  endloop
 endfacet
 facet normal -0.98480775301221 -0.17364817766694 0.00000000000000
  outer loop
   vertex 14.88854736889863 25.66020169609329 1.52942497472077
   vertex 14.95187011707343 25.30108054560134 1.52942497472077
   vertex 14.95187011707343 25.30108054560134 4.52942497472077
  endloop
 endfacet
 facet normal -0.86602540378444 -0.50000000000000 0.00000000000000
  outer loop
   vertex 14.70621678234836 25.97600753577220 1.52942497472077
   vertex 14.88854736889863 25.66020169609329 1.52942497472077
   vertex 14.88854736889863 25.66020169609329 4.52942497472077
  endloop
 endfacet
 facet normal -0.64278760968654 -0.76604444311898 -0.00000000000000
  outer loop
   vertex 14.42687011707343 26.21040721957500 1.52942497472077
   vertex 14.70621678234836 25.97600753577220 1.52942497472077
   vertex 14.70621678234836 25.97600753577220 4.52942497472077
  endloop
 endfacet
 facet normal -0.34202014332567 -0.93969262078591 -0.00000000000000
  outer loop
   vertex 14.08420070362371 26.33512868626415 1.52942497472077
   vertex 14.42687011707343 26.21040721957500 1.52942497472077
   vertex 14.42687011707343 26.21040721957500 4.52942497472077
  endloop
 endfacet
 facet normal 0.00000000000000 -1.00000000000000 0.00000000000000
  outer loop
   vertex 13.71953953052315 26.33512868626415 1.52942497472077
   vertex 14.08420070362371 26.33512868626415 1.52942497472077
   vertex 14.08420070362371 26.33512868626415 4.52942497472077
  endloop
 endfacet
 facet normal 0.34202014332566 -0.93969262078591 -0.00000000000000
  outer loop
   vertex 13.37687011707343 26.21040721957500 1.52942497472077
   vertex 13.71953953052315 26.33512868626415 1.52942497472077
   vertex 13.71953953052315 26.33512868626415 4.52942497472077
  endloop
 endfacet
 facet normal 0.64278760968654 -0.76604444311898 0.00000000000000
  outer loop
   vertex 13.09752345179850 25.97600753577220 1.52942497472077
   vertex 13.37687011707343 26.21040721957500 1.52942497472077
   vertex 13.37687011707343 26.21040721957500 4.52942497472077
  endloop
 endfacet
 facet normal 0.86602540378444 -0.50000000000000 -0.00000000000000
  outer loop
   vertex 12.91519286524822 25.66020169609329 1.52942497472077
   vertex 13.09752345179850 25.97600753577220 1.52942497472077
   vertex 13.09752345179850 25.97600753577220 4.52942497472077
  endloop
 endfacet
 facet normal 0.98480775301221 -0.17364817766693 0.00000000000000
  outer loop
   vertex 12.85187011707343 25.30108054560134 1.52942497472077
   vertex 12.91519286524822 25.66020169609329 1.52942497472077
   vertex 12.91519286524822 25.66020169609329 4.52942497472077
  endloop
 endfacet
 facet normal 0.98480775301221 -0.17364817766693 0.00000000000000
  outer loop
   vertex 12.91519286524822 25.66020169609329 4.52942497472077
   vertex 12.85187011707343 25.30108054560134 4.52942497472077
   vertex 12.85187011707343 25.30108054560134 1.52942497472077
  endloop
 endfacet
 facet normal 0.86602540378444 -0.50000000000000 -0.00000000000000
  outer loop
   vertex 13.09752345179850 25.97600753577220 4.52942497472077
   vertex 12.91519286524822 25.66020169609329 4.52942497472077
   vertex 12.91519286524822 25.66020169609329 1.52942497472077
  endloop
 endfacet
 facet normal 0.64278760968654 -0.76604444311898 0.00000000000000
  outer loop
   vertex 13.37687011707343 26.21040721957500 4.52942497472077
   vertex 13.09752345179850 25.97600753577220 4.52942497472077
   vertex 13.09752345179850 25.97600753577220 1.52942497472077
  endloop
 endfacet
 facet normal 0.34202014332566 -0.93969262078591 -0.00000000000000
  outer loop
   vertex 13.71953953052315 26.33512868626415 4.52942497472077
   vertex 13.37687011707343 26.21040721957500 4.52942497472077
   vertex 13.37687011707343 26.21040721957500 1.52942497472077
  endloop
 endfacet
 facet normal -0.00000000000000 -1.00000000000000 0.00000000000000
  outer loop
   vertex 14.08420070362371 26.33512868626415 4.52942497472077
   vertex 13.71953953052315 26.33512868626415 4.52942497472077
   vertex 13.71953953052315 26.33512868626415 1.52942497472077
  endloop
 endfacet
 facet normal -0.34202014332567 -0.93969262078591 -0.00000000000000
  outer loop
   vertex 14.42687011707343 26.21040721957500 4.52942497472077
   vertex 14.08420070362371 26.33512868626415 4.52942497472077
   vertex 14.08420070362371 26.33512868626415 1.52942497472077
  endloop
 endfacet
 facet normal -0.64278760968654 -0.76604444311898 -0.00000000000000
  outer loop
   vertex 14.70621678234836 25.97600753577220 4.52942497472077
   vertex 14.42687011707343 26.21040721957500 4.52942497472077
   vertex 14.42687011707343 26.21040721957500 1.52942497472077
  endloop
 endfacet
 facet normal -0.86602540378444 -0.50000000000000 0.00000000000000
  outer loop
   vertex 14.88854736889863 25.66020169609329 4.52942497472077
   vertex 14.70621678234836 25.97600753577220 4.52942497472077
   vertex 14.70621678234836 25.97600753577220 1.52942497472077
  endloop
 endfacet
 facet normal -0.98480775301221 -0.17364817766694 0.00000000000000
  outer loop
   vertex 14.95187011707343 25.30108054560134 4.52942497472077
   vertex 14.88854736889863 25.66020169609329 4.52942497472077
   vertex 14.88854736889863 25.66020169609329 1.52942497472077
  endloop
 endfacet
 facet normal -0.98480775301221 0.17364817766694 -0.00000000000000
  outer loop
   vertex 14.88854736889863 24.94195939510938 4.52942497472077
   vertex 14.95187011707343 25.30108054560134 4.52942497472077
   vertex 14.95187011707343 25.30108054560134 1.52942497472077
  endloop
 endfacet
 facet normal -0.86602540378444 0.50000000000000 0.00000000000000
  outer loop
   vertex 14.70621678234836 24.62615355543047 4.52942497472077
   vertex 14.88854736889863 24.94195939510938 4.52942497472077
   vertex 14.88854736889863 24.94195939510938 1.52942497472077
  endloop
 endfacet
 facet normal -0.64278760968654 0.76604444311897 0.00000000000000
  outer loop
   vertex 14.42687011707343 24.39175387162767 4.52942497472077
   vertex 14.70621678234836 24.62615355543047 4.52942497472077
   vertex 14.70621678234836 24.62615355543047 1.52942497472077
  endloop
 endfacet
 facet normal -0.34202014332567 0.93969262078591 0.00000000000000
  outer loop
   vertex 14.08420070362371 24.26703240493851 4.52942497472077
   vertex 14.42687011707343 24.39175387162767 4.52942497472077
   vertex 14.42687011707343 24.39175387162767 1.52942497472077
  endloop
 endfacet
 facet normal -0.00000000000000 1.00000000000000 0.00000000000000
  outer loop
   vertex 13.71953953052315 24.26703240493851 4.52942497472077
   vertex 14.08420070362371 24.26703240493851 4.52942497472077
   vertex 14.08420070362371 24.26703240493851 1.52942497472077
  endloop
 endfacet
 facet normal 0.34202014332567 0.93969262078591 0.00000000000000
  outer loop
   vertex 13.37687011707343 24.39175387162767 4.52942497472077
   vertex 13.71953953052315 24.26703240493851 4.52942497472077
   vertex 13.71953953052315 24.26703240493851 1.52942497472077
  endloop
 endfacet
 facet normal 0.64278760968654 0.76604444311897 -0.00000000000000
  outer loop
   vertex 13.09752345179850 24.62615355543047 4.52942497472077
   vertex 13.37687011707343 24.39175387162767 4.52942497472077
   vertex 13.37687011707343 24.39175387162767 1.52942497472077
  endloop
 endfacet
 facet normal 0.86602540378444 0.50000000000000 -0.00000000000000
  outer loop
   vertex 12.91519286524822 24.94195939510938 4.52942497472077
   vertex 13.09752345179850 24.62615355543047 4.52942497472077
   vertex 13.09752345179850 24.62615355543047 1.52942497472077
  endloop
 endfacet
 facet normal 0.98480775301221 0.17364817766693 0.00000000000000
  outer loop
   vertex 12.85187011707343 25.30108054560134 4.52942497472077
   vertex 12.91519286524822 24.94195939510938 4.52942497472077
   vertex 12.91519286524822 24.94195939510938 1.52942497472077
  endloop
 endfacet
 facet normal 0.00000000000000 0.00000000000000 1.00000000000000
  outer loop
   vertex 13.90187011707343 25.30108054560134 1.52942497472077
   vertex 14.88854736889863 25.66020169609329 1.52942497472077
   vertex 14.70621678234836 25.97600753577220 1.52942497472077
  endloop
 endfacet
 facet normal 0.00000000000000 0.00000000000000 1.00000000000000
  outer loop
   vertex 14.70621678234836 25.97600753577220 1.52942497472077
   vertex 14.42687011707343 26.21040721957500 1.52942497472077
   vertex 13.90187011707343 25.30108054560134 1.52942497472077
  endloop
 endfacet
 facet normal 0.00000000000000 0.00000000000000 1.00000000000000
  outer loop
   vertex 14.42687011707343 26.21040721957500 1.52942497472077
   vertex 14.08420070362371 26.33512868626415 1.52942497472077
   vertex 13.90187011707343 25.30108054560134 1.52942497472077
  endloop
 endfacet
 facet normal 0.00000000000000 0.00000000000000 1.00000000000000
  outer loop
   vertex 14.08420070362371 26.33512868626415 1.52942497472077
   vertex 13.71953953052315 26.33512868626415 1.52942497472077
   vertex 13.90187011707343 25.30108054560134 1.52942497472077
  endloop
 endfacet
 facet normal 0.00000000000000 0.00000000000000 1.00000000000000
  outer loop
   vertex 13.71953953052315 26.33512868626415 1.52942497472077
   vertex 13.37687011707343 26.21040721957500 1.52942497472077
   vertex 13.90187011707343 25.30108054560134 1.52942497472077
  endloop
 endfacet
 facet normal 0.00000000000000 0.00000000000000 1.00000000000000
  outer loop
   vertex 13.37687011707343 26.21040721957500 1.52942497472077
   vertex 13.09752345179850 25.97600753577220 1.52942497472077
   vertex 13.90187011707343 25.30108054560134 1.52942497472077
  endloop
 endfacet
 facet normal 0.00000000000000 0.00000000000000 1.00000000000000
  outer loop
   vertex 13.09752345179850 25.97600753577220 1.52942497472077
   vertex 12.91519286524822 25.66020169609329 1.52942497472077
   vertex 13.90187011707343 25.30108054560134 1.52942497472077
  endloop
 endfacet
 facet normal 0.00000000000000 0.00000000000000 1.00000000000000
  outer loop
   vertex 12.91519286524822 25.66020169609329 1.52942497472077
   vertex 12.85187011707343 25.30108054560134 1.52942497472077
   vertex 13.90187011707343 25.30108054560134 1.52942497472077
  endloop
 endfacet
 facet normal -0.00000000000000 0.00000000000000 1.00000000000000
  outer loop
   vertex 12.85187011707343 25.30108054560134 1.52942497472077
   vertex 12.91519286524822 24.94195939510938 1.52942497472077
   vertex 13.90187011707343 25.30108054560134 1.52942497472077
  endloop
 endfacet
 facet normal -0.00000000000000 0.00000000000000 1.00000000000000
  outer loop
   vertex 12.91519286524822 24.94195939510938 1.52942497472077
   vertex 13.09752345179850 24.62615355543047 1.52942497472077
   vertex 13.90187011707343 25.30108054560134 1.52942497472077
  endloop
 endfacet
 facet normal -0.00000000000000 0.00000000000000 1.00000000000000
  outer loop
   vertex 13.09752345179850 24.62615355543047 1.52942497472077
   vertex 13.37687011707343 24.39175387162767 1.52942497472077
   vertex 13.90187011707343 25.30108054560134 1.52942497472077
  endloop
 endfacet
 facet normal -0.00000000000000 0.00000000000000 1.00000000000000
  outer loop
   vertex 13.37687011707343 24.39175387162767 1.52942497472077
   vertex 13.71953953052315 24.26703240493851 1.52942497472077
   vertex 13.90187011707343 25.30108054560134 1.52942497472077
  endloop
 endfacet
 facet normal 0.00000000000000 0.00000000000000 1.00000000000000
  outer loop
   vertex 13.71953953052315 24.26703240493851 1.52942497472077
   vertex 14.08420070362371 24.26703240493851 1.52942497472077
   vertex 13.90187011707343 25.30108054560134 1.52942497472077
  endloop
 endfacet
 facet normal 0.00000000000000 -0.00000000000000 1.00000000000000
  outer loop
   vertex 14.08420070362371 24.26703240493851 1.52942497472077
   vertex 14.42687011707343 24.39175387162767 1.52942497472077
   vertex 13.90187011707343 25.30108054560134 1.52942497472077
  endloop
 endfacet
 facet normal 0.00000000000000 -0.00000000000000 1.00000000000000
  outer loop
   vertex 14.42687011707343 24.39175387162767 1.52942497472077
   vertex 14.70621678234836 24.62615355543047 1.52942497472077
   vertex 13.90187011707343 25.30108054560134 1.52942497472077
  endloop
 endfacet
 facet normal 0.00000000000000 -0.00000000000000 1.00000000000000
  outer loop
   vertex 14.70621678234836 24.62615355543047 1.52942497472077
   vertex 14.88854736889863 24.94195939510938 1.52942497472077
   vertex 13.90187011707343 25.30108054560134 1.52942497472077
  endloop
 endfacet
 facet normal 0.00000000000000 0.00000000000000 1.00000000000000
  outer loop
   vertex 14.88854736889863 24.94195939510938 1.52942497472077
   vertex 14.95187011707343 25.30108054560134 1.52942497472077
   vertex 13.90187011707343 25.30108054560134 1.52942497472077
  endloop
 endfacet
 facet normal 0.00000000000000 -0.00000000000000 1.00000000000000
  outer loop
   vertex 14.95187011707343 25.30108054560134 1.52942497472077
   vertex 14.88854736889863 25.66020169609329 1.52942497472077
   vertex 13.90187011707343 25.30108054560134 1.52942497472077
  endloop
 endfacet
 facet normal 0.98480775301221 0.17364817766693 -0.00000000000000
  outer loop
   vertex -5.54751733062915 29.86176135146307 1.52942497472077
   vertex -5.67114745801804 30.56290264528069 1.52942497472077
   vertex -5.67114745801804 30.56290264528069 4.52942497472077
  endloop
 endfacet
 facet normal 0.86602540378444 0.50000000000000 -0.00000000000000
  outer loop
   vertex -5.19153856641195 29.24518804542328 1.52942497472077
   vertex -5.54751733062915 29.86176135146307 1.52942497472077
   vertex -5.54751733062915 29.86176135146307 4.52942497472077
  endloop
 endfacet
 facet normal 0.64278760968654 0.76604444311898 0.00000000000000
  outer loop
   vertex -4.64614745801804 28.78755056752259 1.52942497472077
   vertex -5.19153856641195 29.24518804542328 1.52942497472077
   vertex -5.19153856641195 29.24518804542328 4.52942497472077
  endloop
 endfacet
 facet normal 0.34202014332567 0.93969262078591 0.00000000000000
  outer loop
   vertex -3.97712622223525 28.54404675160566 1.52942497472077
   vertex -4.64614745801804 28.78755056752259 1.52942497472077
   vertex -4.64614745801804 28.78755056752259 4.52942497472077
  endloop
 endfacet
 facet normal 0.00000000000000 1.00000000000000 0.00000000000000
  outer loop
   vertex -3.26516869380083 28.54404675160566 1.52942497472077
   vertex -3.97712622223525 28.54404675160566 1.52942497472077
   vertex -3.97712622223525 28.54404675160566 4.52942497472077
  endloop
 endfacet
 facet normal -0.34202014332567 0.93969262078591 -0.00000000000000
  outer loop
   vertex -2.59614745801804 28.78755056752259 1.52942497472077
   vertex -3.26516869380083 28.54404675160566 1.52942497472077
   vertex -3.26516869380083 28.54404675160566 4.52942497472077
  endloop
 endfacet
 facet normal -0.64278760968654 0.76604444311898 0.00000000000000
  outer loop
   vertex -2.05075634962414 29.24518804542328 1.52942497472077
   vertex -2.59614745801804 28.78755056752259 1.52942497472077
   vertex -2.59614745801804 28.78755056752259 4.52942497472077
  endloop
 endfacet
 facet normal -0.86602540378444 0.50000000000000 -0.00000000000000
  outer loop
   vertex -1.69477758540693 29.86176135146307 1.52942497472077
   vertex -2.05075634962414 29.24518804542328 1.52942497472077
   vertex -2.05075634962414 29.24518804542328 4.52942497472077
  endloop
 endfacet
 facet normal -0.98480775301221 0.17364817766693 0.00000000000000
  outer loop
   vertex -1.57114745801804 30.56290264528069 1.52942497472077
   vertex -1.69477758540693 29.86176135146307 1.52942497472077
   vertex -1.69477758540693 29.86176135146307 4.52942497472077
  endloop
 endfacet
 facet normal -0.98480775301221 -0.17364817766693 0.00000000000000
  outer loop
   vertex -1.69477758540693 31.26404393909831 1.52942497472077
   vertex -1.57114745801804 30.56290264528069 1.52942497472077
   vertex -1.57114745801804 30.56290264528069 4.52942497472077
  endloop
 endfacet
 facet normal -0.86602540378444 -0.50000000000000 0.00000000000000
  outer loop
   vertex -2.05075634962414 31.88061724513810 1.52942497472077
   vertex -1.69477758540693 31.26404393909831 1.52942497472077
   vertex -1.69477758540693 31.26404393909831 4.52942497472077
  endloop
 endfacet
 facet normal -0.64278760968654 -0.76604444311898 -0.00000000000000
  outer loop
   vertex -2.59614745801804 32.33825472303879 1.52942497472077
   vertex -2.05075634962414 31.88061724513810 1.52942497472077
   vertex -2.05075634962414 31.88061724513810 4.52942497472077
  endloop
 endfacet
 facet normal -0.34202014332567 -0.93969262078591 0.00000000000000
  outer loop
   vertex -3.26516869380084 32.58175853895572 1.52942497472077
   vertex -2.59614745801804 32.33825472303879 1.52942497472077
   vertex -2.59614745801804 32.33825472303879 4.52942497472077
  endloop
 endfacet
 facet normal 0.00000000000000 -1.00000000000000 0.00000000000000
  outer loop
   vertex -3.97712622223525 32.58175853895572 1.52942497472077
   vertex -3.26516869380084 32.58175853895572 1.52942497472077
   vertex -3.26516869380084 32.58175853895572 4.52942497472077
  endloop
 endfacet
 facet normal 0.34202014332567 -0.93969262078591 0.00000000000000
  outer loop
   vertex -4.64614745801804 32.33825472303879 1.52942497472077
   vertex -3.97712622223525 32.58175853895572 1.52942497472077
   vertex -3.97712622223525 32.58175853895572 4.52942497472077
  endloop
 endfacet
 facet normal 0.64278760968654 -0.76604444311898 0.00000000000000
  outer loop
   vertex -5.19153856641195 31.88061724513810 1.52942497472077
   vertex -4.64614745801804 32.33825472303879 1.52942497472077
   vertex -4.64614745801804 32.33825472303879 4.52942497472077
  endloop
 endfacet
 facet normal 0.86602540378444 -0.50000000000000 -0.00000000000000
  outer loop
   vertex -5.54751733062915 31.26404393909831 1.52942497472077
   vertex -5.19153856641195 31.88061724513810 1.52942497472077
   vertex -5.19153856641195 31.88061724513810 4.52942497472077
  endloop
 endfacet
 facet normal 0.98480775301221 -0.17364817766693 -0.00000000000000
  outer loop
   vertex -5.67114745801804 30.56290264528069 1.52942497472077
   vertex -5.54751733062915 31.26404393909831 1.52942497472077
   vertex -5.54751733062915 31.26404393909831 4.52942497472077
  endloop
 endfacet
 facet normal 0.98480775301221 -0.17364817766693 -0.00000000000000
  outer loop
   vertex -5.54751733062915 31.26404393909831 4.52942497472077
   vertex -5.67114745801804 30.56290264528069 4.52942497472077
   vertex -5.67114745801804 30.56290264528069 1.52942497472077
  endloop
 endfacet
 facet normal 0.86602540378444 -0.50000000000000 -0.00000000000000
  outer loop
   vertex -5.19153856641195 31.88061724513810 4.52942497472077
   vertex -5.54751733062915 31.26404393909831 4.52942497472077
   vertex -5.54751733062915 31.26404393909831 1.52942497472077
  endloop
 endfacet
 facet normal 0.64278760968654 -0.76604444311898 0.00000000000000
  outer loop
   vertex -4.64614745801804 32.33825472303879 4.52942497472077
   vertex -5.19153856641195 31.88061724513810 4.52942497472077
   vertex -5.19153856641195 31.88061724513810 1.52942497472077
  endloop
 endfacet
 facet normal 0.34202014332567 -0.93969262078591 0.00000000000000
  outer loop
   vertex -3.97712622223525 32.58175853895572 4.52942497472077
   vertex -4.64614745801804 32.33825472303879 4.52942497472077
   vertex -4.64614745801804 32.33825472303879 1.52942497472077
  endloop
 endfacet
 facet normal -0.00000000000000 -1.00000000000000 0.00000000000000
  outer loop
   vertex -3.26516869380084 32.58175853895572 4.52942497472077
   vertex -3.97712622223525 32.58175853895572 4.52942497472077
   vertex -3.97712622223525 32.58175853895572 1.52942497472077
  endloop
 endfacet
 facet normal -0.34202014332567 -0.93969262078591 0.00000000000000
  outer loop
   vertex -2.59614745801804 32.33825472303879 4.52942497472077
   vertex -3.26516869380084 32.58175853895572 4.52942497472077
   vertex -3.26516869380084 32.58175853895572 1.52942497472077
  endloop
 endfacet
 facet normal -0.64278760968654 -0.76604444311898 -0.00000000000000
  outer loop
   vertex -2.05075634962414 31.88061724513810 4.52942497472077
   vertex -2.59614745801804 32.33825472303879 4.52942497472077
   vertex -2.59614745801804 32.33825472303879 1.52942497472077
  endloop
 endfacet
 facet normal -0.86602540378444 -0.50000000000000 0.00000000000000
  outer loop
   vertex -1.69477758540693 31.26404393909831 4.52942497472077
   vertex -2.05075634962414 31.88061724513810 4.52942497472077
   vertex -2.05075634962414 31.88061724513810 1.52942497472077
  endloop
 endfacet
 facet normal -0.98480775301221 -0.17364817766693 0.00000000000000
  outer loop
   vertex -1.57114745801804 30.56290264528069 4.52942497472077
   vertex -1.69477758540693 31.26404393909831 4.52942497472077
   vertex -1.69477758540693 31.26404393909831 1.52942497472077
  endloop
 endfacet
 facet normal -0.98480775301221 0.17364817766693 0.00000000000000
  outer loop
   vertex -1.69477758540693 29.86176135146307 4.52942497472077
   vertex -1.57114745801804 30.56290264528069 4.52942497472077
   vertex -1.57114745801804 30.56290264528069 1.52942497472077
  endloop
 endfacet
 facet normal -0.86602540378444 0.50000000000000 -0.00000000000000
  outer loop
   vertex -2.05075634962414 29.24518804542328 4.52942497472077
   vertex -1.69477758540693 29.86176135146307 4.52942497472077
   vertex -1.69477758540693 29.86176135146307 1.52942497472077
  endloop
 endfacet
 facet normal -0.64278760968654 0.76604444311898 0.00000000000000
  outer loop
   vertex -2.59614745801804 28.78755056752259 4.52942497472077
   vertex -2.05075634962414 29.24518804542328 4.52942497472077
   vertex -2.05075634962414 29.24518804542328 1.52942497472077
  endloop
 endfacet
 facet normal -0.34202014332567 0.93969262078591 -0.00000000000000
  outer loop
   vertex -3.26516869380083 28.54404675160566 4.52942497472077
   vertex -2.59614745801804 28.78755056752259 4.52942497472077
   vertex -2.59614745801804 28.78755056752259 1.52942497472077
  endloop
 endfacet
 facet normal -0.00000000000000 1.00000000000000 0.00000000000000
  outer loop
   vertex -3.97712622223525 28.54404675160566 4.52942497472077
   vertex -3.26516869380083 28.54404675160566 4.52942497472077
   vertex -3.26516869380083 28.54404675160566 1.52942497472077
  endloop
 endfacet
 facet normal 0.34202014332567 0.93969262078591 0.00000000000000
  outer loop
   vertex -4.64614745801804 28.78755056752259 4.52942497472077
   vertex -3.97712622223525 28.54404675160566 4.52942497472077
   vertex -3.97712622223525 28.54404675160566 1.52942497472077
  endloop
 endfacet
 facet normal 0.64278760968654 0.76604444311898 0.00000000000000
  outer loop
   vertex -5.19153856641195 29.24518804542328 4.52942497472077
   vertex -4.64614745801804 28.78755056752259 4.52942497472077
   vertex -4.64614745801804 28.78755056752259 1.52942497472077
  endloop
 endfacet
 facet normal 0.86602540378444 0.50000000000000 -0.00000000000000
  outer loop
   vertex -5.54751733062915 29.86176135146307 4.52942497472077
   vertex -5.19153856641195 29.24518804542328 4.52942497472077
   vertex -5.19153856641195 29.24518804542328 1.52942497472077
  endloop
 endfacet
 facet normal 0.98480775301221 0.17364817766693 -0.00000000000000
  outer loop
   vertex -5.67114745801804 30.56290264528069 4.52942497472077
   vertex -5.54751733062915 29.86176135146307 4.52942497472077
   vertex -5.54751733062915 29.86176135146307 1.52942497472077
  endloop
 endfacet
 facet normal 0.00000000000000 0.00000000000000 1.00000000000000
  outer loop
   vertex -3.62114745801804 30.56290264528069 1.52942497472077
   vertex -1.69477758540693 31.26404393909831 1.52942497472077
   vertex -2.05075634962414 31.88061724513810 1.52942497472077
  endloop
 endfacet
 facet normal 0.00000000000000 0.00000000000000 1.00000000000000
  outer loop
   vertex -2.05075634962414 31.88061724513810 1.52942497472077
   vertex -2.59614745801804 32.33825472303879 1.52942497472077
   vertex -3.62114745801804 30.56290264528069 1.52942497472077
  endloop
 endfacet
 facet normal 0.00000000000000 0.00000000000000 1.00000000000000
  outer loop
   vertex -2.59614745801804 32.33825472303879 1.52942497472077
   vertex -3.26516869380084 32.58175853895572 1.52942497472077
   vertex -3.62114745801804 30.56290264528069 1.52942497472077
  endloop
 endfacet
 facet normal 0.00000000000000 0.00000000000000 1.00000000000000
  outer loop
   vertex -3.26516869380084 32.58175853895572 1.52942497472077
   vertex -3.97712622223525 32.58175853895572 1.52942497472077
   vertex -3.62114745801804 30.56290264528069 1.52942497472077
  endloop
 endfacet
 facet normal 0.00000000000000 0.00000000000000 1.00000000000000
  outer loop
   vertex -3.97712622223525 32.58175853895572 1.52942497472077
   vertex -4.64614745801804 32.33825472303879 1.52942497472077
   vertex -3.62114745801804 30.56290264528069 1.52942497472077
  endloop
 endfacet
 facet normal 0.00000000000000 0.00000000000000 1.00000000000000
  outer loop
   vertex -4.64614745801804 32.33825472303879 1.52942497472077
   vertex -5.19153856641195 31.88061724513810 1.52942497472077
   vertex -3.62114745801804 30.56290264528069 1.52942497472077
  endloop
 endfacet
 facet normal 0.00000000000000 0.00000000000000 1.00000000000000
  outer loop
   vertex -5.19153856641195 31.88061724513810 1.52942497472077
   vertex -5.54751733062915 31.26404393909831 1.52942497472077
   vertex -3.62114745801804 30.56290264528069 1.52942497472077
  endloop
 endfacet
 facet normal 0.00000000000000 0.00000000000000 1.00000000000000
  outer loop
   vertex -5.54751733062915 31.26404393909831 1.52942497472077
   vertex -5.67114745801804 30.56290264528069 1.52942497472077
   vertex -3.62114745801804 30.56290264528069 1.52942497472077
  endloop
 endfacet
 facet normal -0.00000000000000 0.00000000000000 1.00000000000000
  outer loop
   vertex -5.67114745801804 30.56290264528069 1.52942497472077
   vertex -5.54751733062915 29.86176135146307 1.52942497472077
   vertex -3.62114745801804 30.56290264528069 1.52942497472077
  endloop
 endfacet
 facet normal -0.00000000000000 0.00000000000000 1.00000000000000
  outer loop
   vertex -5.54751733062915 29.86176135146307 1.52942497472077
   vertex -5.19153856641195 29.24518804542328 1.52942497472077
   vertex -3.62114745801804 30.56290264528069 1.52942497472077
  endloop
 endfacet
 facet normal -0.00000000000000 0.00000000000000 1.00000000000000
  outer loop
   vertex -5.19153856641195 29.24518804542328 1.52942497472077
   vertex -4.64614745801804 28.78755056752259 1.52942497472077
   vertex -3.62114745801804 30.56290264528069 1.52942497472077
  endloop
 endfacet
 facet normal -0.00000000000000 0.00000000000000 1.00000000000000
  outer loop
   vertex -4.64614745801804 28.78755056752259 1.52942497472077
   vertex -3.97712622223525 28.54404675160566 1.52942497472077
   vertex -3.62114745801804 30.56290264528069 1.52942497472077
  endloop
 endfacet
 facet normal 0.00000000000000 0.00000000000000 1.00000000000000
  outer loop
   vertex -3.97712622223525 28.54404675160566 1.52942497472077
   vertex -3.26516869380083 28.54404675160566 1.52942497472077
   vertex -3.62114745801804 30.56290264528069 1.52942497472077
  endloop
 endfacet
 facet normal 0.00000000000000 -0.00000000000000 1.00000000000000
  outer loop
   vertex -3.26516869380083 28.54404675160566 1.52942497472077
   vertex -2.59614745801804 28.78755056752259 1.52942497472077
   vertex -3.62114745801804 30.56290264528069 1.52942497472077
  endloop
 endfacet
 facet normal 0.00000000000000 -0.00000000000000 1.00000000000000
  outer loop
   vertex -2.59614745801804 28.78755056752259 1.52942497472077
   vertex -2.05075634962414 29.24518804542328 1.52942497472077
   vertex -3.62114745801804 30.56290264528069 1.52942497472077
  endloop
 endfacet
 facet normal 0.00000000000000 -0.00000000000000 1.00000000000000
  outer loop
   vertex -2.05075634962414 29.24518804542328 1.52942497472077
   vertex -1.69477758540693 29.86176135146307 1.52942497472077
   vertex -3.62114745801804 30.56290264528069 1.52942497472077
  endloop
 endfacet
 facet normal 0.00000000000000 0.00000000000000 1.00000000000000
  outer loop
   vertex -1.69477758540693 29.86176135146307 1.52942497472077
   vertex -1.57114745801804 30.56290264528069 1.52942497472077
   vertex -3.62114745801804 30.56290264528069 1.52942497472077
  endloop
 endfacet
 facet normal 0.00000000000000 -0.00000000000000 1.00000000000000
  outer loop
   vertex -1.57114745801804 30.56290264528069 1.52942497472077
   vertex -1.69477758540693 31.26404393909831 1.52942497472077
   vertex -3.62114745801804 30.56290264528069 1.52942497472077
  endloop
 endfacet
 facet normal 0.98480775301221 0.17364817766693 -0.00000000000000
  outer loop
   vertex -5.23167725182582 45.14087884953263 1.52942497472077
   vertex -5.29500000000062 45.50000000002458 1.52942497472077
   vertex -5.29500000000062 45.50000000002458 4.52942497472077
  endloop
 endfacet
 facet normal 0.86602540378444 0.50000000000000 0.00000000000000
  outer loop
   vertex -5.04934666527555 44.82507300985372 1.52942497472077
   vertex -5.23167725182582 45.14087884953263 1.52942497472077
   vertex -5.23167725182582 45.14087884953263 4.52942497472077
  endloop
 endfacet
 facet normal 0.64278760968652 0.76604444311899 -0.00000000000000
  outer loop
   vertex -4.77000000000062 44.59067332605093 1.52942497472077
   vertex -5.04934666527555 44.82507300985372 1.52942497472077
   vertex -5.04934666527555 44.82507300985372 4.52942497472077
  endloop
 endfacet
 facet normal 0.34202014332571 0.93969262078589 -0.00000000000000
  outer loop
   vertex -4.42733058655089 44.46595185936176 1.52942497472077
   vertex -4.77000000000062 44.59067332605093 1.52942497472077
   vertex -4.77000000000062 44.59067332605093 4.52942497472077
  endloop
 endfacet
 facet normal 0.00000000000000 1.00000000000000 0.00000000000000
  outer loop
   vertex -4.06266941345034 44.46595185936176 1.52942497472077
   vertex -4.42733058655089 44.46595185936176 1.52942497472077
   vertex -4.42733058655089 44.46595185936176 4.52942497472077
  endloop
 endfacet
 facet normal -0.34202014332571 0.93969262078589 0.00000000000000
  outer loop
   vertex -3.72000000000062 44.59067332605093 1.52942497472077
   vertex -4.06266941345034 44.46595185936176 1.52942497472077
   vertex -4.06266941345034 44.46595185936176 4.52942497472077
  endloop
 endfacet
 facet normal -0.64278760968652 0.76604444311899 0.00000000000000
  outer loop
   vertex -3.44065333472569 44.82507300985372 1.52942497472077
   vertex -3.72000000000062 44.59067332605093 1.52942497472077
   vertex -3.72000000000062 44.59067332605093 4.52942497472077
  endloop
 endfacet
 facet normal -0.86602540378444 0.49999999999999 0.00000000000000
  outer loop
   vertex -3.25832274817542 45.14087884953263 1.52942497472077
   vertex -3.44065333472569 44.82507300985372 1.52942497472077
   vertex -3.44065333472569 44.82507300985372 4.52942497472077
  endloop
 endfacet
 facet normal -0.98480775301221 0.17364817766693 0.00000000000000
  outer loop
   vertex -3.19500000000062 45.50000000002458 1.52942497472077
   vertex -3.25832274817542 45.14087884953263 1.52942497472077
   vertex -3.25832274817542 45.14087884953263 4.52942497472077
  endloop
 endfacet
 facet normal -0.98480775301221 -0.17364817766693 -0.00000000000000
  outer loop
   vertex -3.25832274817542 45.85912115051653 1.52942497472077
   vertex -3.19500000000062 45.50000000002458 1.52942497472077
   vertex -3.19500000000062 45.50000000002458 4.52942497472077
  endloop
 endfacet
 facet normal -0.86602540378444 -0.50000000000000 0.00000000000000
  outer loop
   vertex -3.44065333472569 46.17492699019544 1.52942497472077
   vertex -3.25832274817542 45.85912115051653 1.52942497472077
   vertex -3.25832274817542 45.85912115051653 4.52942497472077
  endloop
 endfacet
 facet normal -0.64278760968655 -0.76604444311897 -0.00000000000000
  outer loop
   vertex -3.72000000000062 46.40932667399824 1.52942497472077
   vertex -3.44065333472569 46.17492699019544 1.52942497472077
   vertex -3.44065333472569 46.17492699019544 4.52942497472077
  endloop
 endfacet
 facet normal -0.34202014332567 -0.93969262078591 0.00000000000000
  outer loop
   vertex -4.06266941345034 46.53404814068740 1.52942497472077
   vertex -3.72000000000062 46.40932667399824 1.52942497472077
   vertex -3.72000000000062 46.40932667399824 4.52942497472077
  endloop
 endfacet
 facet normal 0.00000000000000 -1.00000000000000 0.00000000000000
  outer loop
   vertex -4.42733058655090 46.53404814068740 1.52942497472077
   vertex -4.06266941345034 46.53404814068740 1.52942497472077
   vertex -4.06266941345034 46.53404814068740 4.52942497472077
  endloop
 endfacet
 facet normal 0.34202014332567 -0.93969262078591 -0.00000000000000
  outer loop
   vertex -4.77000000000062 46.40932667399824 1.52942497472077
   vertex -4.42733058655090 46.53404814068740 1.52942497472077
   vertex -4.42733058655090 46.53404814068740 4.52942497472077
  endloop
 endfacet
 facet normal 0.64278760968655 -0.76604444311897 -0.00000000000000
  outer loop
   vertex -5.04934666527555 46.17492699019544 1.52942497472077
   vertex -4.77000000000062 46.40932667399824 1.52942497472077
   vertex -4.77000000000062 46.40932667399824 4.52942497472077
  endloop
 endfacet
 facet normal 0.86602540378444 -0.50000000000000 -0.00000000000000
  outer loop
   vertex -5.23167725182582 45.85912115051653 1.52942497472077
   vertex -5.04934666527555 46.17492699019544 1.52942497472077
   vertex -5.04934666527555 46.17492699019544 4.52942497472077
  endloop
 endfacet
 facet normal 0.98480775301221 -0.17364817766693 0.00000000000000
  outer loop
   vertex -5.29500000000062 45.50000000002458 1.52942497472077
   vertex -5.23167725182582 45.85912115051653 1.52942497472077
   vertex -5.23167725182582 45.85912115051653 4.52942497472077
  endloop
 endfacet
 facet normal 0.98480775301221 -0.17364817766693 0.00000000000000
  outer loop
   vertex -5.23167725182582 45.85912115051653 4.52942497472077
   vertex -5.29500000000062 45.50000000002458 4.52942497472077
   vertex -5.29500000000062 45.50000000002458 1.52942497472077
  endloop
 endfacet
 facet normal 0.86602540378444 -0.50000000000000 -0.00000000000000
  outer loop
   vertex -5.04934666527555 46.17492699019544 4.52942497472077
   vertex -5.23167725182582 45.85912115051653 4.52942497472077
   vertex -5.23167725182582 45.85912115051653 1.52942497472077
  endloop
 endfacet
 facet normal 0.64278760968655 -0.76604444311897 -0.00000000000000
  outer loop
   vertex -4.77000000000062 46.40932667399824 4.52942497472077
   vertex -5.04934666527555 46.17492699019544 4.52942497472077
   vertex -5.04934666527555 46.17492699019544 1.52942497472077
  endloop
 endfacet
 facet normal 0.34202014332567 -0.93969262078591 -0.00000000000000
  outer loop
   vertex -4.42733058655090 46.53404814068740 4.52942497472077
   vertex -4.77000000000062 46.40932667399824 4.52942497472077
   vertex -4.77000000000062 46.40932667399824 1.52942497472077
  endloop
 endfacet
 facet normal -0.00000000000000 -1.00000000000000 0.00000000000000
  outer loop
   vertex -4.06266941345034 46.53404814068740 4.52942497472077
   vertex -4.42733058655090 46.53404814068740 4.52942497472077
   vertex -4.42733058655090 46.53404814068740 1.52942497472077
  endloop
 endfacet
 facet normal -0.34202014332567 -0.93969262078591 0.00000000000000
  outer loop
   vertex -3.72000000000062 46.40932667399824 4.52942497472077
   vertex -4.06266941345034 46.53404814068740 4.52942497472077
   vertex -4.06266941345034 46.53404814068740 1.52942497472077
  endloop
 endfacet
 facet normal -0.64278760968655 -0.76604444311897 -0.00000000000000
  outer loop
   vertex -3.44065333472569 46.17492699019544 4.52942497472077
   vertex -3.72000000000062 46.40932667399824 4.52942497472077
   vertex -3.72000000000062 46.40932667399824 1.52942497472077
  endloop
 endfacet
 facet normal -0.86602540378444 -0.50000000000000 0.00000000000000
  outer loop
   vertex -3.25832274817542 45.85912115051653 4.52942497472077
   vertex -3.44065333472569 46.17492699019544 4.52942497472077
   vertex -3.44065333472569 46.17492699019544 1.52942497472077
  endloop
 endfacet
 facet normal -0.98480775301221 -0.17364817766693 -0.00000000000000
  outer loop
   vertex -3.19500000000062 45.50000000002458 4.52942497472077
   vertex -3.25832274817542 45.85912115051653 4.52942497472077
   vertex -3.25832274817542 45.85912115051653 1.52942497472077
  endloop
 endfacet
 facet normal -0.98480775301221 0.17364817766693 0.00000000000000
  outer loop
   vertex -3.25832274817542 45.14087884953263 4.52942497472077
   vertex -3.19500000000062 45.50000000002458 4.52942497472077
   vertex -3.19500000000062 45.50000000002458 1.52942497472077
  endloop
 endfacet
 facet normal -0.86602540378444 0.49999999999999 0.00000000000000
  outer loop
   vertex -3.44065333472569 44.82507300985372 4.52942497472077
   vertex -3.25832274817542 45.14087884953263 4.52942497472077
   vertex -3.25832274817542 45.14087884953263 1.52942497472077
  endloop
 endfacet
 facet normal -0.64278760968652 0.76604444311899 0.00000000000000
  outer loop
   vertex -3.72000000000062 44.59067332605093 4.52942497472077
   vertex -3.44065333472569 44.82507300985372 4.52942497472077
   vertex -3.44065333472569 44.82507300985372 1.52942497472077
  endloop
 endfacet
 facet normal -0.34202014332571 0.93969262078589 0.00000000000000
  outer loop
   vertex -4.06266941345034 44.46595185936176 4.52942497472077
   vertex -3.72000000000062 44.59067332605093 4.52942497472077
   vertex -3.72000000000062 44.59067332605093 1.52942497472077
  endloop
 endfacet
 facet normal -0.00000000000000 1.00000000000000 0.00000000000000
  outer loop
   vertex -4.42733058655089 44.46595185936176 4.52942497472077
   vertex -4.06266941345034 44.46595185936176 4.52942497472077
   vertex -4.06266941345034 44.46595185936176 1.52942497472077
  endloop
 endfacet
 facet normal 0.34202014332571 0.93969262078589 -0.00000000000000
  outer loop
   vertex -4.77000000000062 44.59067332605093 4.52942497472077
   vertex -4.42733058655089 44.46595185936176 4.52942497472077
   vertex -4.42733058655089 44.46595185936176 1.52942497472077
  endloop
 endfacet
 facet normal 0.64278760968652 0.76604444311899 -0.00000000000000
  outer loop
   vertex -5.04934666527555 44.82507300985372 4.52942497472077
   vertex -4.77000000000062 44.59067332605093 4.52942497472077
   vertex -4.77000000000062 44.59067332605093 1.52942497472077
  endloop
 endfacet
 facet normal 0.86602540378444 0.50000000000000 0.00000000000000
  outer loop
   vertex -5.23167725182582 45.14087884953263 4.52942497472077
   vertex -5.04934666527555 44.82507300985372 4.52942497472077
   vertex -5.04934666527555 44.82507300985372 1.52942497472077
  endloop
 endfacet
 facet normal 0.98480775301221 0.17364817766693 -0.00000000000000
  outer loop
   vertex -5.29500000000062 45.50000000002458 4.52942497472077
   vertex -5.23167725182582 45.14087884953263 4.52942497472077
   vertex -5.23167725182582 45.14087884953263 1.52942497472077
  endloop
 endfacet
 facet normal 0.00000000000000 0.00000000000000 1.00000000000000
  outer loop
   vertex -4.24500000000062 45.50000000002458 1.52942497472077
   vertex -3.25832274817542 45.85912115051653 1.52942497472077
   vertex -3.44065333472569 46.17492699019544 1.52942497472077
  endloop
 endfacet
 facet normal 0.00000000000000 0.00000000000000 1.00000000000000
  outer loop
   vertex -3.44065333472569 46.17492699019544 1.52942497472077
   vertex -3.72000000000062 46.40932667399825 1.52942497472077
   vertex -4.24500000000062 45.50000000002458 1.52942497472077
  endloop
 endfacet
 facet normal 0.00000000000000 0.00000000000000 1.00000000000000
  outer loop
   vertex -3.72000000000062 46.40932667399825 1.52942497472077
   vertex -4.06266941345034 46.53404814068742 1.52942497472077
   vertex -4.24500000000062 45.50000000002458 1.52942497472077
  endloop
 endfacet
 facet normal 0.00000000000000 0.00000000000000 1.00000000000000
  outer loop
   vertex -4.06266941345034 46.53404814068742 1.52942497472077
   vertex -4.42733058655090 46.53404814068742 1.52942497472077
   vertex -4.24500000000062 45.50000000002458 1.52942497472077
  endloop
 endfacet
 facet normal 0.00000000000000 0.00000000000000 1.00000000000000
  outer loop
   vertex -4.42733058655090 46.53404814068742 1.52942497472077
   vertex -4.77000000000062 46.40932667399825 1.52942497472077
   vertex -4.24500000000062 45.50000000002458 1.52942497472077
  endloop
 endfacet
 facet normal 0.00000000000000 0.00000000000000 1.00000000000000
  outer loop
   vertex -4.77000000000062 46.40932667399825 1.52942497472077
   vertex -5.04934666527555 46.17492699019544 1.52942497472077
   vertex -4.24500000000062 45.50000000002458 1.52942497472077
  endloop
 endfacet
 facet normal 0.00000000000000 0.00000000000000 1.00000000000000
  outer loop
   vertex -5.04934666527555 46.17492699019544 1.52942497472077
   vertex -5.23167725182582 45.85912115051653 1.52942497472077
   vertex -4.24500000000062 45.50000000002458 1.52942497472077
  endloop
 endfacet
 facet normal 0.00000000000000 0.00000000000000 1.00000000000000
  outer loop
   vertex -5.23167725182582 45.85912115051653 1.52942497472077
   vertex -5.29500000000062 45.50000000002458 1.52942497472077
   vertex -4.24500000000062 45.50000000002458 1.52942497472077
  endloop
 endfacet
 facet normal -0.00000000000000 0.00000000000000 1.00000000000000
  outer loop
   vertex -5.29500000000062 45.50000000002458 1.52942497472077
   vertex -5.23167725182582 45.14087884953263 1.52942497472077
   vertex -4.24500000000062 45.50000000002458 1.52942497472077
  endloop
 endfacet
 facet normal -0.00000000000000 0.00000000000000 1.00000000000000
  outer loop
   vertex -5.23167725182582 45.14087884953263 1.52942497472077
   vertex -5.04934666527555 44.82507300985372 1.52942497472077
   vertex -4.24500000000062 45.50000000002458 1.52942497472077
  endloop
 endfacet
 facet normal -0.00000000000000 0.00000000000000 1.00000000000000
  outer loop
   vertex -5.04934666527555 44.82507300985372 1.52942497472077
   vertex -4.77000000000062 44.59067332605093 1.52942497472077
   vertex -4.24500000000062 45.50000000002458 1.52942497472077
  endloop
 endfacet
 facet normal -0.00000000000000 0.00000000000000 1.00000000000000
  outer loop
   vertex -4.77000000000062 44.59067332605093 1.52942497472077
   vertex -4.42733058655089 44.46595185936177 1.52942497472077
   vertex -4.24500000000062 45.50000000002458 1.52942497472077
  endloop
 endfacet
 facet normal 0.00000000000000 0.00000000000000 1.00000000000000
  outer loop
   vertex -4.42733058655089 44.46595185936177 1.52942497472077
   vertex -4.06266941345034 44.46595185936177 1.52942497472077
   vertex -4.24500000000062 45.50000000002458 1.52942497472077
  endloop
 endfacet
 facet normal 0.00000000000000 -0.00000000000000 1.00000000000000
  outer loop
   vertex -4.06266941345034 44.46595185936177 1.52942497472077
   vertex -3.72000000000062 44.59067332605093 1.52942497472077
   vertex -4.24500000000062 45.50000000002458 1.52942497472077
  endloop
 endfacet
 facet normal 0.00000000000000 -0.00000000000000 1.00000000000000
  outer loop
   vertex -3.72000000000062 44.59067332605093 1.52942497472077
   vertex -3.44065333472569 44.82507300985372 1.52942497472077
   vertex -4.24500000000062 45.50000000002458 1.52942497472077
  endloop
 endfacet
 facet normal 0.00000000000000 -0.00000000000000 1.00000000000000
  outer loop
   vertex -3.44065333472569 44.82507300985372 1.52942497472077
   vertex -3.25832274817542 45.14087884953263 1.52942497472077
   vertex -4.24500000000062 45.50000000002458 1.52942497472077
  endloop
 endfacet
 facet normal 0.00000000000000 0.00000000000000 1.00000000000000
  outer loop
   vertex -3.25832274817542 45.14087884953263 1.52942497472077
   vertex -3.19500000000062 45.50000000002458 1.52942497472077
   vertex -4.24500000000062 45.50000000002458 1.52942497472077
  endloop
 endfacet
 facet normal 0.00000000000000 -0.00000000000000 1.00000000000000
  outer loop
   vertex -3.19500000000062 45.50000000002458 1.52942497472077
   vertex -3.25832274817542 45.85912115051653 1.52942497472077
   vertex -4.24500000000062 45.50000000002458 1.52942497472077
  endloop
 endfacet
 facet normal 0.00000000000000 0.00000000000000 1.00000000000000
  outer loop
   vertex 21.91934666527370 142.92492699014022 4.52942497472077
   vertex 23.37887304996409 144.46455741842826 4.52942497472077
   vertex 23.11499999999871 144.49999999997041 4.52942497472077
  endloop
 endfacet
 facet normal 0.00000000000000 0.00000000000000 1.00000000000000
  outer loop
   vertex 21.91934666527370 142.92492699014022 4.52942497472077
   vertex 23.69000525204203 144.31814971739550 4.52942497472077
   vertex 23.37887304996409 144.46455741842826 4.52942497472077
  endloop
 endfacet
 facet normal 0.00000000000000 0.00000000000000 1.00000000000000
  outer loop
   vertex 23.11499999999871 144.49999999997041 4.52942497472077
   vertex 21.29733058654905 143.28404814063217 4.52942497472077
   vertex 21.63999999999878 143.15932667394301 4.52942497472077
  endloop
 endfacet
 facet normal 0.00000000000000 0.00000000000000 1.00000000000000
  outer loop
   vertex -3.49500000000039 144.49999999996834 4.52942497472077
   vertex 20.58999999999877 143.15932667394301 4.52942497472077
   vertex 20.93266941344849 143.28404814063217 4.52942497472077
  endloop
 endfacet
 facet normal 0.00000000000000 0.00000000000000 1.00000000000000
  outer loop
   vertex -3.72229910777688 139.35246444985270 4.52942497472077
   vertex -4.42733058655090 123.53404814065908 4.52942497472077
   vertex -4.06266941345034 123.53404814065908 4.52942497472077
  endloop
 endfacet
 facet normal 0.00000000000000 0.00000000000000 1.00000000000000
  outer loop
   vertex -4.77000000000062 121.59067332602260 4.52942497472077
   vertex -6.45955741845861 120.23612695003096 4.52942497472077
   vertex -6.31314971742583 119.92499474795306 4.52942497472077
  endloop
 endfacet
 facet normal 0.00000000000000 0.00000000000000 1.00000000000000
  outer loop
   vertex -4.77000000000062 121.59067332602260 4.52942497472077
   vertex -5.04934666527555 121.82507300982539 4.52942497472077
   vertex -6.49500000000081 120.49999999999635 4.52942497472077
  endloop
 endfacet
 facet normal 0.00000000000000 0.00000000000000 1.00000000000000
  outer loop
   vertex 21.91934666527370 142.92492699014022 4.52942497472077
   vertex 24.07955741845658 143.76387304993585 4.52942497472077
   vertex 23.93314971742380 144.07500525201377 4.52942497472077
  endloop
 endfacet
 facet normal -0.00000000000000 0.00000000000000 1.00000000000000
  outer loop
   vertex 21.91934666527370 142.92492699014022 4.52942497472077
   vertex 22.10167725182399 142.60912115046131 4.52942497472077
   vertex 24.11499999999877 143.49999999997044 4.52942497472077
  endloop
 endfacet
 facet normal 0.00000000000000 0.00000000000000 1.00000000000000
  outer loop
   vertex 23.11499999999871 144.49999999997041 4.52942497472077
   vertex 20.93266941344849 143.28404814063217 4.52942497472077
   vertex 21.29733058654905 143.28404814063217 4.52942497472077
  endloop
 endfacet
 facet normal 0.00000000000000 0.00000000000000 1.00000000000000
  outer loop
   vertex -3.49500000000039 144.49999999996834 4.52942497472077
   vertex 20.31065333472384 142.92492699014022 4.52942497472077
   vertex 20.58999999999877 143.15932667394301 4.52942497472077
  endloop
 endfacet
 facet normal 0.00000000000000 0.00000000000000 1.00000000000000
  outer loop
   vertex 20.12832274817356 142.60912115046131 4.52942497472077
   vertex -3.49500000000039 144.49999999996834 4.52942497472077
   vertex -3.01034157934247 143.39017623720278 4.52942497472077
  endloop
 endfacet
 facet normal 0.00000000000000 0.00000000000000 1.00000000000000
  outer loop
   vertex -6.49500000000081 120.49999999999635 4.52942497472077
   vertex -4.93671145195359 140.05360574367035 4.52942497472077
   vertex -5.29269021617080 140.67017904971013 4.52942497472077
  endloop
 endfacet
 facet normal 0.00000000000000 0.00000000000000 1.00000000000000
  outer loop
   vertex -4.06266941345034 123.53404814065908 4.52942497472077
   vertex -3.01034157934246 139.35246444985270 4.52942497472077
   vertex -3.72229910777688 139.35246444985270 4.52942497472077
  endloop
 endfacet
 facet normal 0.00000000000000 0.00000000000000 1.00000000000000
  outer loop
   vertex -3.01034157934246 139.35246444985270 4.52942497472077
   vertex -1.99500000000014 136.99999999996820 4.52942497472077
   vertex -1.84816954888548 137.92705098309295 4.52942497472077
  endloop
 endfacet
 facet normal -0.00000000000000 0.00000000000000 1.00000000000000
  outer loop
   vertex -6.49500000000081 120.49999999999635 4.52942497472077
   vertex -6.45955741845861 120.23612695003096 4.52942497472077
   vertex -4.77000000000062 121.59067332602260 4.52942497472077
  endloop
 endfacet
 facet normal 0.00000000000000 -0.00000000000000 1.00000000000000
  outer loop
   vertex -1.42205098312486 138.76335575684553 4.52942497472077
   vertex -0.75835575687744 139.42705098309295 4.52942497472077
   vertex -1.79592923516576 140.05360574367035 4.52942497472077
  endloop
 endfacet
 facet normal 0.00000000000000 0.00000000000000 1.00000000000000
  outer loop
   vertex -1.43995047094855 140.67017904971013 4.52942497472077
   vertex -1.79592923516576 140.05360574367035 4.52942497472077
   vertex -0.75835575687744 139.42705098309295 4.52942497472077
  endloop
 endfacet
 facet normal 0.00000000000000 0.00000000000000 1.00000000000000
  outer loop
   vertex 1.00499999999986 139.99999999996814 4.52942497472077
   vertex 23.11499999999878 139.99999999996820 4.52942497472077
   vertex 20.93266941344849 141.21595185930653 4.52942497472077
  endloop
 endfacet
 facet normal 0.00000000000000 0.00000000000000 1.00000000000000
  outer loop
   vertex 24.11499999999877 143.49999999997044 4.52942497472077
   vertex 24.07955741845658 143.76387304993585 4.52942497472077
   vertex 21.91934666527370 142.92492699014022 4.52942497472077
  endloop
 endfacet
 facet normal 0.00000000000000 -0.00000000000000 1.00000000000000
  outer loop
   vertex 20.93266941344849 143.28404814063217 4.52942497472077
   vertex 23.11499999999871 144.49999999997041 4.52942497472077
   vertex -3.49500000000039 144.49999999996834 4.52942497472077
  endloop
 endfacet
 facet normal 0.00000000000000 0.00000000000000 1.00000000000000
  outer loop
   vertex -3.49500000000039 144.49999999996834 4.52942497472077
   vertex -3.72229910777689 143.39017623720278 4.52942497472077
   vertex -3.01034157934247 143.39017623720278 4.52942497472077
  endloop
 endfacet
 facet normal 0.00000000000000 0.00000000000000 1.00000000000000
  outer loop
   vertex -4.42205098312492 144.35316954885363 4.52942497472077
   vertex -4.39132034355968 143.14667242128587 4.52942497472077
   vertex -3.72229910777689 143.39017623720278 4.52942497472077
  endloop
 endfacet
 facet normal 0.00000000000000 0.00000000000000 1.00000000000000
  outer loop
   vertex -6.49500000000081 120.49999999999635 4.52942497472077
   vertex -4.39132034355968 139.59596826576961 4.52942497472077
   vertex -4.93671145195359 140.05360574367035 4.52942497472077
  endloop
 endfacet
 facet normal -0.00000000000000 0.00000000000000 1.00000000000000
  outer loop
   vertex -4.06266941345034 123.53404814065908 4.52942497472077
   vertex -3.72000000000063 123.40932667396993 4.52942497472077
   vertex -3.01034157934246 139.35246444985270 4.52942497472077
  endloop
 endfacet
 facet normal 0.00000000000000 0.00000000000000 1.00000000000000
  outer loop
   vertex -3.01034157934246 139.35246444985270 4.52942497472077
   vertex -3.72000000000063 123.40932667396993 4.52942497472077
   vertex -1.99500000000014 136.99999999996820 4.52942497472077
  endloop
 endfacet
 facet normal 0.00000000000000 0.00000000000000 1.00000000000000
  outer loop
   vertex -6.49500000000081 120.49999999999635 4.52942497472077
   vertex -5.29500000000062 122.49999999999625 4.52942497472077
   vertex -5.23167725182582 122.85912115048819 4.52942497472077
  endloop
 endfacet
 facet normal -0.00000000000000 0.00000000000000 1.00000000000000
  outer loop
   vertex -6.31314971742583 119.92499474795306 4.52942497472077
   vertex -6.07000525204409 119.68185028257132 4.52942497472077
   vertex -4.77000000000062 121.59067332602260 4.52942497472077
  endloop
 endfacet
 facet normal 0.00000000000000 0.00000000000000 1.00000000000000
  outer loop
   vertex -2.34132034355967 139.59596826576961 4.52942497472077
   vertex -1.84816954888548 137.92705098309295 4.52942497472077
   vertex -1.42205098312486 138.76335575684553 4.52942497472077
  endloop
 endfacet
 facet normal 0.00000000000000 -0.00000000000000 1.00000000000000
  outer loop
   vertex -0.75835575687744 139.42705098309295 4.52942497472077
   vertex 0.07794901687514 139.85316954885357 4.52942497472077
   vertex -1.43995047094855 140.67017904971013 4.52942497472077
  endloop
 endfacet
 facet normal 0.00000000000000 0.00000000000000 1.00000000000000
  outer loop
   vertex -1.31632034355966 141.37132034352774 4.52942497472077
   vertex -1.43995047094855 140.67017904971013 4.52942497472077
   vertex 1.00499999999986 139.99999999996814 4.52942497472077
  endloop
 endfacet
 facet normal 0.00000000000000 0.00000000000000 1.00000000000000
  outer loop
   vertex 21.91934666527370 141.57507300979847 4.52942497472077
   vertex 21.63999999999879 141.34067332599568 4.52942497472077
   vertex 23.11499999999878 139.99999999996820 4.52942497472077
  endloop
 endfacet
 facet normal 0.00000000000000 0.00000000000000 1.00000000000000
  outer loop
   vertex 23.11499999999871 144.49999999997041 4.52942497472077
   vertex 21.63999999999878 143.15932667394301 4.52942497472077
   vertex 21.91934666527370 142.92492699014022 4.52942497472077
  endloop
 endfacet
 facet normal 0.00000000000000 0.00000000000000 1.00000000000000
  outer loop
   vertex -3.01034157934247 143.39017623720278 4.52942497472077
   vertex 20.12832274817356 141.89087884947739 4.52942497472077
   vertex 20.06499999999876 142.24999999996936 4.52942497472077
  endloop
 endfacet
 facet normal 0.00000000000000 -0.00000000000000 1.00000000000000
  outer loop
   vertex -3.72229910777689 143.39017623720278 4.52942497472077
   vertex -3.49500000000039 144.49999999996834 4.52942497472077
   vertex -4.42205098312492 144.35316954885363 4.52942497472077
  endloop
 endfacet
 facet normal 0.00000000000000 0.00000000000000 1.00000000000000
  outer loop
   vertex -5.25835575687748 143.92705098309301 4.52942497472077
   vertex -5.92205098312489 143.26335575684558 4.52942497472077
   vertex -4.93671145195359 142.68903494338514 4.52942497472077
  endloop
 endfacet
 facet normal 0.00000000000000 0.00000000000000 1.00000000000000
  outer loop
   vertex -5.92205098312489 143.26335575684558 4.52942497472077
   vertex -6.34816954888550 142.42705098309301 4.52942497472077
   vertex -5.29269021617080 142.07246163734536 4.52942497472077
  endloop
 endfacet
 facet normal -0.00000000000000 0.00000000000000 1.00000000000000
  outer loop
   vertex -6.49500000000020 141.49999999996840 4.52942497472077
   vertex -5.41632034355969 141.37132034352774 4.52942497472077
   vertex -5.29269021617080 142.07246163734536 4.52942497472077
  endloop
 endfacet
 facet normal 0.00000000000000 0.00000000000000 1.00000000000000
  outer loop
   vertex -5.29269021617080 140.67017904971013 4.52942497472077
   vertex -6.49500000000020 141.49999999996840 4.52942497472077
   vertex -6.49500000000081 120.49999999999635 4.52942497472077
  endloop
 endfacet
 facet normal 0.00000000000000 0.00000000000000 1.00000000000000
  outer loop
   vertex -1.84816954888548 137.92705098309295 4.52942497472077
   vertex -2.34132034355967 139.59596826576961 4.52942497472077
   vertex -3.01034157934246 139.35246444985270 4.52942497472077
  endloop
 endfacet
 facet normal 0.00000000000000 0.00000000000000 1.00000000000000
  outer loop
   vertex -4.39132034355968 139.59596826576961 4.52942497472077
   vertex -5.04934666527555 123.17492699016712 4.52942497472077
   vertex -4.77000000000062 123.40932667396991 4.52942497472077
  endloop
 endfacet
 facet normal 0.00000000000000 -0.00000000000000 1.00000000000000
  outer loop
   vertex -5.23167725182582 122.85912115048819 4.52942497472077
   vertex -4.39132034355968 139.59596826576961 4.52942497472077
   vertex -6.49500000000081 120.49999999999635 4.52942497472077
  endloop
 endfacet
 facet normal 0.00000000000000 0.00000000000000 1.00000000000000
  outer loop
   vertex -5.04934666527555 121.82507300982539 4.52942497472077
   vertex -5.23167725182582 122.14087884950430 4.52942497472077
   vertex -6.49500000000081 120.49999999999635 4.52942497472077
  endloop
 endfacet
 facet normal 0.00000000000000 -0.00000000000000 1.00000000000000
  outer loop
   vertex 0.07794901687514 139.85316954885357 4.52942497472077
   vertex 1.00499999999986 139.99999999996814 4.52942497472077
   vertex -1.43995047094855 140.67017904971013 4.52942497472077
  endloop
 endfacet
 facet normal 0.00000000000000 0.00000000000000 1.00000000000000
  outer loop
   vertex 23.11499999999878 139.99999999996820 4.52942497472077
   vertex 21.29733058654905 141.21595185930653 4.52942497472077
   vertex 20.93266941344849 141.21595185930653 4.52942497472077
  endloop
 endfacet
 facet normal 0.00000000000000 -0.00000000000000 1.00000000000000
  outer loop
   vertex 23.11499999999878 139.99999999996820 4.52942497472077
   vertex 23.37887304996415 140.03544258151038 4.52942497472077
   vertex 21.91934666527370 141.57507300979847 4.52942497472077
  endloop
 endfacet
 facet normal 0.00000000000000 0.00000000000000 1.00000000000000
  outer loop
   vertex -3.49500000000039 144.49999999996834 4.52942497472077
   vertex 20.12832274817356 142.60912115046131 4.52942497472077
   vertex 20.31065333472384 142.92492699014022 4.52942497472077
  endloop
 endfacet
 facet normal 0.00000000000000 0.00000000000000 1.00000000000000
  outer loop
   vertex -4.42205098312492 144.35316954885363 4.52942497472077
   vertex -5.25835575687748 143.92705098309301 4.52942497472077
   vertex -4.39132034355968 143.14667242128587 4.52942497472077
  endloop
 endfacet
 facet normal 0.00000000000000 -0.00000000000000 1.00000000000000
  outer loop
   vertex -5.29269021617080 142.07246163734536 4.52942497472077
   vertex -4.93671145195359 142.68903494338514 4.52942497472077
   vertex -5.92205098312489 143.26335575684558 4.52942497472077
  endloop
 endfacet
 facet normal 0.00000000000000 0.00000000000000 1.00000000000000
  outer loop
   vertex -5.29269021617080 140.67017904971013 4.52942497472077
   vertex -5.41632034355969 141.37132034352774 4.52942497472077
   vertex -6.49500000000020 141.49999999996840 4.52942497472077
  endloop
 endfacet
 facet normal 0.00000000000000 0.00000000000000 1.00000000000000
  outer loop
   vertex -4.77000000000062 123.40932667396991 4.52942497472077
   vertex -4.42733058655090 123.53404814065908 4.52942497472077
   vertex -4.39132034355968 139.59596826576961 4.52942497472077
  endloop
 endfacet
 facet normal 0.00000000000000 0.00000000000000 1.00000000000000
  outer loop
   vertex -5.23167725182582 122.14087884950430 4.52942497472077
   vertex -5.29500000000062 122.49999999999625 4.52942497472077
   vertex -6.49500000000081 120.49999999999635 4.52942497472077
  endloop
 endfacet
 facet normal 0.00000000000000 0.00000000000000 1.00000000000000
  outer loop
   vertex 20.93266941344849 141.21595185930653 4.52942497472077
   vertex -1.31632034355966 141.37132034352774 4.52942497472077
   vertex 1.00499999999986 139.99999999996814 4.52942497472077
  endloop
 endfacet
 facet normal 0.00000000000000 -0.00000000000000 1.00000000000000
  outer loop
   vertex 23.37887304996415 140.03544258151038 4.52942497472077
   vertex 23.69000525204206 140.18185028254317 4.52942497472077
   vertex 21.91934666527370 141.57507300979847 4.52942497472077
  endloop
 endfacet
 facet normal 0.00000000000000 0.00000000000000 1.00000000000000
  outer loop
   vertex 21.91934666527370 141.57507300979847 4.52942497472077
   vertex 24.07955741845658 140.73612695000278 4.52942497472077
   vertex 24.11499999999877 140.99999999996817 4.52942497472077
  endloop
 endfacet
 facet normal 0.00000000000000 0.00000000000000 1.00000000000000
  outer loop
   vertex 21.91934666527370 141.57507300979847 4.52942497472077
   vertex 23.69000525204206 140.18185028254317 4.52942497472077
   vertex 23.93314971742380 140.42499474792487 4.52942497472077
  endloop
 endfacet
 facet normal 0.00000000000000 0.00000000000000 1.00000000000000
  outer loop
   vertex 23.93314971742380 144.07500525201377 4.52942497472077
   vertex 23.69000525204203 144.31814971739550 4.52942497472077
   vertex 21.91934666527370 142.92492699014022 4.52942497472077
  endloop
 endfacet
 facet normal 0.00000000000000 0.00000000000000 1.00000000000000
  outer loop
   vertex -3.01034157934247 143.39017623720278 4.52942497472077
   vertex 20.31065333472384 141.57507300979847 4.52942497472077
   vertex 20.12832274817356 141.89087884947739 4.52942497472077
  endloop
 endfacet
 facet normal 0.00000000000000 0.00000000000000 1.00000000000000
  outer loop
   vertex -5.29269021617080 142.07246163734536 4.52942497472077
   vertex -6.34816954888550 142.42705098309301 4.52942497472077
   vertex -6.49500000000020 141.49999999996840 4.52942497472077
  endloop
 endfacet
 facet normal 0.00000000000000 0.00000000000000 1.00000000000000
  outer loop
   vertex -5.23167725182582 122.85912115048819 4.52942497472077
   vertex -5.04934666527555 123.17492699016712 4.52942497472077
   vertex -4.39132034355968 139.59596826576961 4.52942497472077
  endloop
 endfacet
 facet normal 0.00000000000000 0.00000000000000 1.00000000000000
  outer loop
   vertex 21.63999999999879 141.34067332599568 4.52942497472077
   vertex 21.29733058654905 141.21595185930653 4.52942497472077
   vertex 23.11499999999878 139.99999999996820 4.52942497472077
  endloop
 endfacet
 facet normal 0.00000000000000 -0.00000000000000 1.00000000000000
  outer loop
   vertex 23.93314971742380 140.42499474792487 4.52942497472077
   vertex 24.07955741845658 140.73612695000278 4.52942497472077
   vertex 21.91934666527370 141.57507300979847 4.52942497472077
  endloop
 endfacet
 facet normal -0.00000000000000 0.00000000000000 1.00000000000000
  outer loop
   vertex -1.31632034355966 141.37132034352774 4.52942497472077
   vertex 20.58999999999877 141.34067332599568 4.52942497472077
   vertex 20.31065333472384 141.57507300979847 4.52942497472077
  endloop
 endfacet
 facet normal 0.00000000000000 0.00000000000000 1.00000000000000
  outer loop
   vertex -3.01034157934247 143.39017623720278 4.52942497472077
   vertex 20.06499999999876 142.24999999996936 4.52942497472077
   vertex 20.12832274817356 142.60912115046131 4.52942497472077
  endloop
 endfacet
 facet normal 0.00000000000000 0.00000000000000 1.00000000000000
  outer loop
   vertex -3.72229910777688 139.35246444985270 4.52942497472077
   vertex -4.39132034355968 139.59596826576961 4.52942497472077
   vertex -4.42733058655090 123.53404814065908 4.52942497472077
  endloop
 endfacet
 facet normal 0.00000000000000 0.00000000000000 1.00000000000000
  outer loop
   vertex 24.11499999999877 140.99999999996817 4.52942497472077
   vertex 22.10167725182399 141.89087884947739 4.52942497472077
   vertex 21.91934666527370 141.57507300979847 4.52942497472077
  endloop
 endfacet
 facet normal 0.00000000000000 -0.00000000000000 1.00000000000000
  outer loop
   vertex 24.11499999999877 140.99999999996817 4.52942497472077
   vertex 24.11499999999877 143.49999999997044 4.52942497472077
   vertex 22.16499999999878 142.24999999996936 4.52942497472077
  endloop
 endfacet
 facet normal 0.00000000000000 0.00000000000000 1.00000000000000
  outer loop
   vertex -1.31632034355966 141.37132034352774 4.52942497472077
   vertex 20.93266941344849 141.21595185930653 4.52942497472077
   vertex 20.58999999999877 141.34067332599568 4.52942497472077
  endloop
 endfacet
 facet normal 0.00000000000000 0.00000000000000 1.00000000000000
  outer loop
   vertex 20.31065333472384 141.57507300979847 4.52942497472077
   vertex -2.34132034355967 143.14667242128587 4.52942497472077
   vertex -1.79592923516576 142.68903494338514 4.52942497472077
  endloop
 endfacet
 facet normal 0.00000000000000 0.00000000000000 1.00000000000000
  outer loop
   vertex -4.77000000000062 121.59067332602260 4.52942497472077
   vertex -5.75887304996617 119.53544258153855 4.52942497472077
   vertex -5.49500000000080 119.49999999999639 4.52942497472077
  endloop
 endfacet
 facet normal 0.00000000000000 0.00000000000000 1.00000000000000
  outer loop
   vertex -3.72000000000062 121.59067332602261 4.52942497472077
   vertex -4.06266941345034 121.46595185933344 4.52942497472077
   vertex -2.99500000000045 119.49999999999632 4.52942497472077
  endloop
 endfacet
 facet normal 0.00000000000000 0.00000000000000 1.00000000000000
  outer loop
   vertex -3.72000000000062 121.59067332602261 4.52942497472077
   vertex -2.03044258154265 120.23612695003096 4.52942497472077
   vertex -1.99500000000045 120.49999999999635 4.52942497472077
  endloop
 endfacet
 facet normal 0.00000000000000 0.00000000000000 1.00000000000000
  outer loop
   vertex -3.72000000000062 121.59067332602261 4.52942497472077
   vertex -2.41999474795717 119.68185028257132 4.52942497472077
   vertex -2.17685028257543 119.92499474795306 4.52942497472077
  endloop
 endfacet
 facet normal 0.00000000000000 -0.00000000000000 1.00000000000000
  outer loop
   vertex -4.93671145195359 142.68903494338514 4.52942497472077
   vertex -4.39132034355968 143.14667242128587 4.52942497472077
   vertex -5.25835575687748 143.92705098309301 4.52942497472077
  endloop
 endfacet
 facet normal 0.00000000000000 0.00000000000000 1.00000000000000
  outer loop
   vertex 22.16499999999878 142.24999999996936 4.52942497472077
   vertex 22.10167725182399 141.89087884947739 4.52942497472077
   vertex 24.11499999999877 140.99999999996817 4.52942497472077
  endloop
 endfacet
 facet normal 0.00000000000000 0.00000000000000 1.00000000000000
  outer loop
   vertex -1.79592923516576 142.68903494338514 4.52942497472077
   vertex -1.43995047094855 142.07246163734536 4.52942497472077
   vertex 20.31065333472384 141.57507300979847 4.52942497472077
  endloop
 endfacet
 facet normal 0.00000000000000 0.00000000000000 1.00000000000000
  outer loop
   vertex -4.77000000000062 121.59067332602260 4.52942497472077
   vertex -6.07000525204409 119.68185028257132 4.52942497472077
   vertex -5.75887304996617 119.53544258153855 4.52942497472077
  endloop
 endfacet
 facet normal 0.00000000000000 0.00000000000000 1.00000000000000
  outer loop
   vertex -2.99500000000045 119.49999999999632 4.52942497472077
   vertex -4.06266941345034 121.46595185933344 4.52942497472077
   vertex -4.42733058655090 121.46595185933344 4.52942497472077
  endloop
 endfacet
 facet normal 0.00000000000000 -0.00000000000000 1.00000000000000
  outer loop
   vertex -2.99500000000045 119.49999999999632 4.52942497472077
   vertex -2.73112695003507 119.53544258153855 4.52942497472077
   vertex -3.72000000000062 121.59067332602261 4.52942497472077
  endloop
 endfacet
 facet normal 0.00000000000000 -0.00000000000000 1.00000000000000
  outer loop
   vertex -2.17685028257543 119.92499474795306 4.52942497472077
   vertex -2.03044258154265 120.23612695003096 4.52942497472077
   vertex -3.72000000000062 121.59067332602261 4.52942497472077
  endloop
 endfacet
 facet normal 0.00000000000000 0.00000000000000 1.00000000000000
  outer loop
   vertex -1.99500000000014 136.99999999996820 4.52942497472077
   vertex -3.72000000000063 123.40932667396993 4.52942497472077
   vertex -3.44065333472569 123.17492699016712 4.52942497472077
  endloop
 endfacet
 facet normal 0.00000000000000 0.00000000000000 1.00000000000000
  outer loop
   vertex -1.79592923516576 140.05360574367035 4.52942497472077
   vertex -2.34132034355967 139.59596826576961 4.52942497472077
   vertex -1.42205098312486 138.76335575684553 4.52942497472077
  endloop
 endfacet
 facet normal 0.00000000000000 0.00000000000000 1.00000000000000
  outer loop
   vertex 20.31065333472384 141.57507300979847 4.52942497472077
   vertex -3.01034157934247 143.39017623720278 4.52942497472077
   vertex -2.34132034355967 143.14667242128587 4.52942497472077
  endloop
 endfacet
 facet normal 0.00000000000000 0.00000000000000 1.00000000000000
  outer loop
   vertex -4.42733058655090 121.46595185933344 4.52942497472077
   vertex -5.49500000000080 119.49999999999639 4.52942497472077
   vertex -2.99500000000045 119.49999999999632 4.52942497472077
  endloop
 endfacet
 facet normal 0.00000000000000 0.00000000000000 1.00000000000000
  outer loop
   vertex -1.99500000000045 120.49999999999635 4.52942497472077
   vertex -3.44065333472569 121.82507300982539 4.52942497472077
   vertex -3.72000000000062 121.59067332602261 4.52942497472077
  endloop
 endfacet
 facet normal 0.00000000000000 -0.00000000000000 1.00000000000000
  outer loop
   vertex -1.99500000000045 120.49999999999635 4.52942497472077
   vertex -1.99500000000014 136.99999999996820 4.52942497472077
   vertex -3.19500000000062 122.49999999999625 4.52942497472077
  endloop
 endfacet
 facet normal -0.00000000000000 0.00000000000000 1.00000000000000
  outer loop
   vertex -3.44065333472569 123.17492699016712 4.52942497472077
   vertex -3.25832274817542 122.85912115048819 4.52942497472077
   vertex -1.99500000000014 136.99999999996820 4.52942497472077
  endloop
 endfacet
 facet normal 0.00000000000000 0.00000000000000 1.00000000000000
  outer loop
   vertex 20.31065333472384 141.57507300979847 4.52942497472077
   vertex -1.43995047094855 142.07246163734536 4.52942497472077
   vertex -1.31632034355966 141.37132034352774 4.52942497472077
  endloop
 endfacet
 facet normal 0.00000000000000 -0.00000000000000 1.00000000000000
  outer loop
   vertex -2.73112695003507 119.53544258153855 4.52942497472077
   vertex -2.41999474795717 119.68185028257132 4.52942497472077
   vertex -3.72000000000062 121.59067332602261 4.52942497472077
  endloop
 endfacet
 facet normal 0.00000000000000 0.00000000000000 1.00000000000000
  outer loop
   vertex -3.19500000000062 122.49999999999625 4.52942497472077
   vertex -3.25832274817542 122.14087884950430 4.52942497472077
   vertex -1.99500000000045 120.49999999999635 4.52942497472077
  endloop
 endfacet
 facet normal -0.00000000000000 0.00000000000000 1.00000000000000
  outer loop
   vertex 22.10167725182399 142.60912115046131 4.52942497472077
   vertex 22.16499999999878 142.24999999996936 4.52942497472077
   vertex 24.11499999999877 143.49999999997044 4.52942497472077
  endloop
 endfacet
 facet normal 0.00000000000000 0.00000000000000 1.00000000000000
  outer loop
   vertex -3.25832274817542 122.14087884950430 4.52942497472077
   vertex -3.44065333472569 121.82507300982539 4.52942497472077
   vertex -1.99500000000045 120.49999999999635 4.52942497472077
  endloop
 endfacet
 facet normal 0.00000000000000 0.00000000000000 1.00000000000000
  outer loop
   vertex -5.49500000000080 119.49999999999639 4.52942497472077
   vertex -4.42733058655090 121.46595185933344 4.52942497472077
   vertex -4.77000000000062 121.59067332602260 4.52942497472077
  endloop
 endfacet
 facet normal -0.00000000000000 0.00000000000000 1.00000000000000
  outer loop
   vertex -3.25832274817542 122.85912115048819 4.52942497472077
   vertex -3.19500000000062 122.49999999999625 4.52942497472077
   vertex -1.99500000000014 136.99999999996820 4.52942497472077
  endloop
 endfacet
 facet normal 0.98480775301221 0.17364817766693 -0.00000000000000
  outer loop
   vertex -5.23167725182582 122.14087884950430 1.52942497472077
   vertex -5.29500000000062 122.49999999999625 1.52942497472077
   vertex -5.29500000000062 122.49999999999625 4.52942497472077
  endloop
 endfacet
 facet normal 0.86602540378444 0.50000000000000 0.00000000000000
  outer loop
   vertex -5.04934666527555 121.82507300982539 1.52942497472077
   vertex -5.23167725182582 122.14087884950430 1.52942497472077
   vertex -5.23167725182582 122.14087884950430 4.52942497472077
  endloop
 endfacet
 facet normal 0.64278760968653 0.76604444311899 -0.00000000000000
  outer loop
   vertex -4.77000000000062 121.59067332602260 1.52942497472077
   vertex -5.04934666527555 121.82507300982539 1.52942497472077
   vertex -5.04934666527555 121.82507300982539 4.52942497472077
  endloop
 endfacet
 facet normal 0.34202014332566 0.93969262078591 -0.00000000000000
  outer loop
   vertex -4.42733058655090 121.46595185933344 1.52942497472077
   vertex -4.77000000000062 121.59067332602260 1.52942497472077
   vertex -4.77000000000062 121.59067332602260 4.52942497472077
  endloop
 endfacet
 facet normal 0.00000000000000 1.00000000000000 0.00000000000000
  outer loop
   vertex -4.06266941345034 121.46595185933344 1.52942497472077
   vertex -4.42733058655090 121.46595185933344 1.52942497472077
   vertex -4.42733058655090 121.46595185933344 4.52942497472077
  endloop
 endfacet
 facet normal -0.34202014332569 0.93969262078590 -0.00000000000000
  outer loop
   vertex -3.72000000000062 121.59067332602261 1.52942497472077
   vertex -4.06266941345034 121.46595185933344 1.52942497472077
   vertex -4.06266941345034 121.46595185933344 4.52942497472077
  endloop
 endfacet
 facet normal -0.64278760968652 0.76604444311900 -0.00000000000000
  outer loop
   vertex -3.44065333472569 121.82507300982539 1.52942497472077
   vertex -3.72000000000062 121.59067332602261 1.52942497472077
   vertex -3.72000000000062 121.59067332602261 4.52942497472077
  endloop
 endfacet
 facet normal -0.86602540378444 0.49999999999999 0.00000000000000
  outer loop
   vertex -3.25832274817542 122.14087884950430 1.52942497472077
   vertex -3.44065333472569 121.82507300982539 1.52942497472077
   vertex -3.44065333472569 121.82507300982539 4.52942497472077
  endloop
 endfacet
 facet normal -0.98480775301221 0.17364817766693 0.00000000000000
  outer loop
   vertex -3.19500000000062 122.49999999999625 1.52942497472077
   vertex -3.25832274817542 122.14087884950430 1.52942497472077
   vertex -3.25832274817542 122.14087884950430 4.52942497472077
  endloop
 endfacet
 facet normal -0.98480775301221 -0.17364817766693 -0.00000000000000
  outer loop
   vertex -3.25832274817542 122.85912115048819 1.52942497472077
   vertex -3.19500000000062 122.49999999999625 1.52942497472077
   vertex -3.19500000000062 122.49999999999625 4.52942497472077
  endloop
 endfacet
 facet normal -0.86602540378445 -0.49999999999998 -0.00000000000000
  outer loop
   vertex -3.44065333472569 123.17492699016712 1.52942497472077
   vertex -3.25832274817542 122.85912115048819 1.52942497472077
   vertex -3.25832274817542 122.85912115048819 4.52942497472077
  endloop
 endfacet
 facet normal -0.64278760968655 -0.76604444311897 -0.00000000000000
  outer loop
   vertex -3.72000000000063 123.40932667396993 1.52942497472077
   vertex -3.44065333472569 123.17492699016712 1.52942497472077
   vertex -3.44065333472569 123.17492699016712 4.52942497472077
  endloop
 endfacet
 facet normal -0.34202014332566 -0.93969262078591 0.00000000000000
  outer loop
   vertex -4.06266941345034 123.53404814065908 1.52942497472077
   vertex -3.72000000000063 123.40932667396993 1.52942497472077
   vertex -3.72000000000063 123.40932667396993 4.52942497472077
  endloop
 endfacet
 facet normal 0.00000000000000 -1.00000000000000 0.00000000000000
  outer loop
   vertex -4.42733058655090 123.53404814065908 1.52942497472077
   vertex -4.06266941345034 123.53404814065908 1.52942497472077
   vertex -4.06266941345034 123.53404814065908 4.52942497472077
  endloop
 endfacet
 facet normal 0.34202014332569 -0.93969262078590 0.00000000000000
  outer loop
   vertex -4.77000000000062 123.40932667396991 1.52942497472077
   vertex -4.42733058655090 123.53404814065908 1.52942497472077
   vertex -4.42733058655090 123.53404814065908 4.52942497472077
  endloop
 endfacet
 facet normal 0.64278760968654 -0.76604444311898 0.00000000000000
  outer loop
   vertex -5.04934666527555 123.17492699016712 1.52942497472077
   vertex -4.77000000000062 123.40932667396991 1.52942497472077
   vertex -4.77000000000062 123.40932667396991 4.52942497472077
  endloop
 endfacet
 facet normal 0.86602540378445 -0.49999999999998 -0.00000000000000
  outer loop
   vertex -5.23167725182582 122.85912115048819 1.52942497472077
   vertex -5.04934666527555 123.17492699016712 1.52942497472077
   vertex -5.04934666527555 123.17492699016712 4.52942497472077
  endloop
 endfacet
 facet normal 0.98480775301221 -0.17364817766693 0.00000000000000
  outer loop
   vertex -5.29500000000062 122.49999999999625 1.52942497472077
   vertex -5.23167725182582 122.85912115048819 1.52942497472077
   vertex -5.23167725182582 122.85912115048819 4.52942497472077
  endloop
 endfacet
 facet normal 0.98480775301221 -0.17364817766693 0.00000000000000
  outer loop
   vertex -5.23167725182582 122.85912115048819 4.52942497472077
   vertex -5.29500000000062 122.49999999999625 4.52942497472077
   vertex -5.29500000000062 122.49999999999625 1.52942497472077
  endloop
 endfacet
 facet normal 0.86602540378445 -0.49999999999998 -0.00000000000000
  outer loop
   vertex -5.04934666527555 123.17492699016712 4.52942497472077
   vertex -5.23167725182582 122.85912115048819 4.52942497472077
   vertex -5.23167725182582 122.85912115048819 1.52942497472077
  endloop
 endfacet
 facet normal 0.64278760968654 -0.76604444311898 0.00000000000000
  outer loop
   vertex -4.77000000000062 123.40932667396991 4.52942497472077
   vertex -5.04934666527555 123.17492699016712 4.52942497472077
   vertex -5.04934666527555 123.17492699016712 1.52942497472077
  endloop
 endfacet
 facet normal 0.34202014332569 -0.93969262078590 0.00000000000000
  outer loop
   vertex -4.42733058655090 123.53404814065908 4.52942497472077
   vertex -4.77000000000062 123.40932667396991 4.52942497472077
   vertex -4.77000000000062 123.40932667396991 1.52942497472077
  endloop
 endfacet
 facet normal -0.00000000000000 -1.00000000000000 0.00000000000000
  outer loop
   vertex -4.06266941345034 123.53404814065908 4.52942497472077
   vertex -4.42733058655090 123.53404814065908 4.52942497472077
   vertex -4.42733058655090 123.53404814065908 1.52942497472077
  endloop
 endfacet
 facet normal -0.34202014332566 -0.93969262078591 0.00000000000000
  outer loop
   vertex -3.72000000000063 123.40932667396993 4.52942497472077
   vertex -4.06266941345034 123.53404814065908 4.52942497472077
   vertex -4.06266941345034 123.53404814065908 1.52942497472077
  endloop
 endfacet
 facet normal -0.64278760968655 -0.76604444311897 -0.00000000000000
  outer loop
   vertex -3.44065333472569 123.17492699016712 4.52942497472077
   vertex -3.72000000000063 123.40932667396993 4.52942497472077
   vertex -3.72000000000063 123.40932667396993 1.52942497472077
  endloop
 endfacet
 facet normal -0.86602540378445 -0.49999999999998 -0.00000000000000
  outer loop
   vertex -3.25832274817542 122.85912115048819 4.52942497472077
   vertex -3.44065333472569 123.17492699016712 4.52942497472077
   vertex -3.44065333472569 123.17492699016712 1.52942497472077
  endloop
 endfacet
 facet normal -0.98480775301221 -0.17364817766693 -0.00000000000000
  outer loop
   vertex -3.19500000000062 122.49999999999625 4.52942497472077
   vertex -3.25832274817542 122.85912115048819 4.52942497472077
   vertex -3.25832274817542 122.85912115048819 1.52942497472077
  endloop
 endfacet
 facet normal -0.98480775301221 0.17364817766693 0.00000000000000
  outer loop
   vertex -3.25832274817542 122.14087884950430 4.52942497472077
   vertex -3.19500000000062 122.49999999999625 4.52942497472077
   vertex -3.19500000000062 122.49999999999625 1.52942497472077
  endloop
 endfacet
 facet normal -0.86602540378444 0.49999999999999 0.00000000000000
  outer loop
   vertex -3.44065333472569 121.82507300982539 4.52942497472077
   vertex -3.25832274817542 122.14087884950430 4.52942497472077
   vertex -3.25832274817542 122.14087884950430 1.52942497472077
  endloop
 endfacet
 facet normal -0.64278760968652 0.76604444311900 -0.00000000000000
  outer loop
   vertex -3.72000000000062 121.59067332602261 4.52942497472077
   vertex -3.44065333472569 121.82507300982539 4.52942497472077
   vertex -3.44065333472569 121.82507300982539 1.52942497472077
  endloop
 endfacet
 facet normal -0.34202014332569 0.93969262078590 -0.00000000000000
  outer loop
   vertex -4.06266941345034 121.46595185933344 4.52942497472077
   vertex -3.72000000000062 121.59067332602261 4.52942497472077
   vertex -3.72000000000062 121.59067332602261 1.52942497472077
  endloop
 endfacet
 facet normal -0.00000000000000 1.00000000000000 0.00000000000000
  outer loop
   vertex -4.42733058655090 121.46595185933344 4.52942497472077
   vertex -4.06266941345034 121.46595185933344 4.52942497472077
   vertex -4.06266941345034 121.46595185933344 1.52942497472077
  endloop
 endfacet
 facet normal 0.34202014332566 0.93969262078591 -0.00000000000000
  outer loop
   vertex -4.77000000000062 121.59067332602260 4.52942497472077
   vertex -4.42733058655090 121.46595185933344 4.52942497472077
   vertex -4.42733058655090 121.46595185933344 1.52942497472077
  endloop
 endfacet
 facet normal 0.64278760968653 0.76604444311899 -0.00000000000000
  outer loop
   vertex -5.04934666527555 121.82507300982539 4.52942497472077
   vertex -4.77000000000062 121.59067332602260 4.52942497472077
   vertex -4.77000000000062 121.59067332602260 1.52942497472077
  endloop
 endfacet
 facet normal 0.86602540378444 0.50000000000000 0.00000000000000
  outer loop
   vertex -5.23167725182582 122.14087884950430 4.52942497472077
   vertex -5.04934666527555 121.82507300982539 4.52942497472077
   vertex -5.04934666527555 121.82507300982539 1.52942497472077
  endloop
 endfacet
 facet normal 0.98480775301221 0.17364817766693 -0.00000000000000
  outer loop
   vertex -5.29500000000062 122.49999999999625 4.52942497472077
   vertex -5.23167725182582 122.14087884950430 4.52942497472077
   vertex -5.23167725182582 122.14087884950430 1.52942497472077
  endloop
 endfacet
 facet normal 0.00000000000000 0.00000000000000 1.00000000000000
  outer loop
   vertex -4.24500000000062 122.49999999999625 1.52942497472077
   vertex -3.25832274817542 122.85912115048819 1.52942497472077
   vertex -3.44065333472569 123.17492699016712 1.52942497472077
  endloop
 endfacet
 facet normal 0.00000000000000 0.00000000000000 1.00000000000000
  outer loop
   vertex -3.44065333472569 123.17492699016712 1.52942497472077
   vertex -3.72000000000063 123.40932667396993 1.52942497472077
   vertex -4.24500000000062 122.49999999999625 1.52942497472077
  endloop
 endfacet
 facet normal 0.00000000000000 0.00000000000000 1.00000000000000
  outer loop
   vertex -3.72000000000063 123.40932667396993 1.52942497472077
   vertex -4.06266941345034 123.53404814065908 1.52942497472077
   vertex -4.24500000000062 122.49999999999625 1.52942497472077
  endloop
 endfacet
 facet normal 0.00000000000000 0.00000000000000 1.00000000000000
  outer loop
   vertex -4.06266941345034 123.53404814065908 1.52942497472077
   vertex -4.42733058655090 123.53404814065908 1.52942497472077
   vertex -4.24500000000062 122.49999999999625 1.52942497472077
  endloop
 endfacet
 facet normal 0.00000000000000 0.00000000000000 1.00000000000000
  outer loop
   vertex -4.42733058655090 123.53404814065908 1.52942497472077
   vertex -4.77000000000062 123.40932667396991 1.52942497472077
   vertex -4.24500000000062 122.49999999999625 1.52942497472077
  endloop
 endfacet
 facet normal 0.00000000000000 0.00000000000000 1.00000000000000
  outer loop
   vertex -4.77000000000062 123.40932667396991 1.52942497472077
   vertex -5.04934666527555 123.17492699016712 1.52942497472077
   vertex -4.24500000000062 122.49999999999625 1.52942497472077
  endloop
 endfacet
 facet normal 0.00000000000000 0.00000000000000 1.00000000000000
  outer loop
   vertex -5.04934666527555 123.17492699016712 1.52942497472077
   vertex -5.23167725182582 122.85912115048819 1.52942497472077
   vertex -4.24500000000062 122.49999999999625 1.52942497472077
  endloop
 endfacet
 facet normal 0.00000000000000 0.00000000000000 1.00000000000000
  outer loop
   vertex -5.23167725182582 122.85912115048819 1.52942497472077
   vertex -5.29500000000062 122.49999999999625 1.52942497472077
   vertex -4.24500000000062 122.49999999999625 1.52942497472077
  endloop
 endfacet
 facet normal -0.00000000000000 0.00000000000000 1.00000000000000
  outer loop
   vertex -5.29500000000062 122.49999999999625 1.52942497472077
   vertex -5.23167725182582 122.14087884950430 1.52942497472077
   vertex -4.24500000000062 122.49999999999625 1.52942497472077
  endloop
 endfacet
 facet normal -0.00000000000000 0.00000000000000 1.00000000000000
  outer loop
   vertex -5.23167725182582 122.14087884950430 1.52942497472077
   vertex -5.04934666527555 121.82507300982539 1.52942497472077
   vertex -4.24500000000062 122.49999999999625 1.52942497472077
  endloop
 endfacet
 facet normal -0.00000000000000 0.00000000000000 1.00000000000000
  outer loop
   vertex -5.04934666527555 121.82507300982539 1.52942497472077
   vertex -4.77000000000062 121.59067332602260 1.52942497472077
   vertex -4.24500000000062 122.49999999999625 1.52942497472077
  endloop
 endfacet
 facet normal -0.00000000000000 0.00000000000000 1.00000000000000
  outer loop
   vertex -4.77000000000062 121.59067332602260 1.52942497472077
   vertex -4.42733058655090 121.46595185933344 1.52942497472077
   vertex -4.24500000000062 122.49999999999625 1.52942497472077
  endloop
 endfacet
 facet normal 0.00000000000000 0.00000000000000 1.00000000000000
  outer loop
   vertex -4.42733058655090 121.46595185933344 1.52942497472077
   vertex -4.06266941345034 121.46595185933344 1.52942497472077
   vertex -4.24500000000062 122.49999999999625 1.52942497472077
  endloop
 endfacet
 facet normal 0.00000000000000 -0.00000000000000 1.00000000000000
  outer loop
   vertex -4.06266941345034 121.46595185933344 1.52942497472077
   vertex -3.72000000000062 121.59067332602261 1.52942497472077
   vertex -4.24500000000062 122.49999999999625 1.52942497472077
  endloop
 endfacet
 facet normal 0.00000000000000 -0.00000000000000 1.00000000000000
  outer loop
   vertex -3.72000000000062 121.59067332602261 1.52942497472077
   vertex -3.44065333472569 121.82507300982539 1.52942497472077
   vertex -4.24500000000062 122.49999999999625 1.52942497472077
  endloop
 endfacet
 facet normal 0.00000000000000 -0.00000000000000 1.00000000000000
  outer loop
   vertex -3.44065333472569 121.82507300982539 1.52942497472077
   vertex -3.25832274817542 122.14087884950430 1.52942497472077
   vertex -4.24500000000062 122.49999999999625 1.52942497472077
  endloop
 endfacet
 facet normal 0.00000000000000 0.00000000000000 1.00000000000000
  outer loop
   vertex -3.25832274817542 122.14087884950430 1.52942497472077
   vertex -3.19500000000062 122.49999999999625 1.52942497472077
   vertex -4.24500000000062 122.49999999999625 1.52942497472077
  endloop
 endfacet
 facet normal 0.00000000000000 -0.00000000000000 1.00000000000000
  outer loop
   vertex -3.19500000000062 122.49999999999625 1.52942497472077
   vertex -3.25832274817542 122.85912115048819 1.52942497472077
   vertex -4.24500000000062 122.49999999999625 1.52942497472077
  endloop
 endfacet
 facet normal 0.98480775301221 0.17364817766693 0.00000000000000
  outer loop
   vertex -5.29269021617080 140.67017904971013 1.52942497472077
   vertex -5.41632034355969 141.37132034352774 1.52942497472077
   vertex -5.41632034355969 141.37132034352774 4.52942497472077
  endloop
 endfacet
 facet normal 0.86602540378443 0.50000000000001 -0.00000000000000
  outer loop
   vertex -4.93671145195359 140.05360574367035 1.52942497472077
   vertex -5.29269021617080 140.67017904971013 1.52942497472077
   vertex -5.29269021617080 140.67017904971013 4.52942497472077
  endloop
 endfacet
 facet normal 0.64278760968657 0.76604444311895 -0.00000000000000
  outer loop
   vertex -4.39132034355968 139.59596826576961 1.52942497472077
   vertex -4.93671145195359 140.05360574367035 1.52942497472077
   vertex -4.93671145195359 140.05360574367035 4.52942497472077
  endloop
 endfacet
 facet normal 0.34202014332565 0.93969262078592 -0.00000000000000
  outer loop
   vertex -3.72229910777688 139.35246444985270 1.52942497472077
   vertex -4.39132034355968 139.59596826576961 1.52942497472077
   vertex -4.39132034355968 139.59596826576961 4.52942497472077
  endloop
 endfacet
 facet normal 0.00000000000000 1.00000000000000 0.00000000000000
  outer loop
   vertex -3.01034157934246 139.35246444985270 1.52942497472077
   vertex -3.72229910777688 139.35246444985270 1.52942497472077
   vertex -3.72229910777688 139.35246444985270 4.52942497472077
  endloop
 endfacet
 facet normal -0.34202014332565 0.93969262078592 -0.00000000000000
  outer loop
   vertex -2.34132034355967 139.59596826576961 1.52942497472077
   vertex -3.01034157934246 139.35246444985270 1.52942497472077
   vertex -3.01034157934246 139.35246444985270 4.52942497472077
  endloop
 endfacet
 facet normal -0.64278760968657 0.76604444311895 -0.00000000000000
  outer loop
   vertex -1.79592923516576 140.05360574367035 1.52942497472077
   vertex -2.34132034355967 139.59596826576961 1.52942497472077
   vertex -2.34132034355967 139.59596826576961 4.52942497472077
  endloop
 endfacet
 facet normal -0.86602540378444 0.50000000000001 -0.00000000000000
  outer loop
   vertex -1.43995047094855 140.67017904971013 1.52942497472077
   vertex -1.79592923516576 140.05360574367035 1.52942497472077
   vertex -1.79592923516576 140.05360574367035 4.52942497472077
  endloop
 endfacet
 facet normal -0.98480775301221 0.17364817766693 -0.00000000000000
  outer loop
   vertex -1.31632034355966 141.37132034352774 1.52942497472077
   vertex -1.43995047094855 140.67017904971013 1.52942497472077
   vertex -1.43995047094855 140.67017904971013 4.52942497472077
  endloop
 endfacet
 facet normal -0.98480775301221 -0.17364817766693 0.00000000000000
  outer loop
   vertex -1.43995047094855 142.07246163734536 1.52942497472077
   vertex -1.31632034355966 141.37132034352774 1.52942497472077
   vertex -1.31632034355966 141.37132034352774 4.52942497472077
  endloop
 endfacet
 facet normal -0.86602540378443 -0.50000000000001 0.00000000000000
  outer loop
   vertex -1.79592923516576 142.68903494338514 1.52942497472077
   vertex -1.43995047094855 142.07246163734536 1.52942497472077
   vertex -1.43995047094855 142.07246163734536 4.52942497472077
  endloop
 endfacet
 facet normal -0.64278760968657 -0.76604444311895 -0.00000000000000
  outer loop
   vertex -2.34132034355967 143.14667242128587 1.52942497472077
   vertex -1.79592923516576 142.68903494338514 1.52942497472077
   vertex -1.79592923516576 142.68903494338514 4.52942497472077
  endloop
 endfacet
 facet normal -0.34202014332565 -0.93969262078592 0.00000000000000
  outer loop
   vertex -3.01034157934247 143.39017623720278 1.52942497472077
   vertex -2.34132034355967 143.14667242128587 1.52942497472077
   vertex -2.34132034355967 143.14667242128587 4.52942497472077
  endloop
 endfacet
 facet normal 0.00000000000000 -1.00000000000000 0.00000000000000
  outer loop
   vertex -3.72229910777689 143.39017623720278 1.52942497472077
   vertex -3.01034157934247 143.39017623720278 1.52942497472077
   vertex -3.01034157934247 143.39017623720278 4.52942497472077
  endloop
 endfacet
 facet normal 0.34202014332565 -0.93969262078592 -0.00000000000000
  outer loop
   vertex -4.39132034355968 143.14667242128587 1.52942497472077
   vertex -3.72229910777689 143.39017623720278 1.52942497472077
   vertex -3.72229910777689 143.39017623720278 4.52942497472077
  endloop
 endfacet
 facet normal 0.64278760968657 -0.76604444311895 -0.00000000000000
  outer loop
   vertex -4.93671145195359 142.68903494338514 1.52942497472077
   vertex -4.39132034355968 143.14667242128587 1.52942497472077
   vertex -4.39132034355968 143.14667242128587 4.52942497472077
  endloop
 endfacet
 facet normal 0.86602540378444 -0.50000000000001 -0.00000000000000
  outer loop
   vertex -5.29269021617080 142.07246163734536 1.52942497472077
   vertex -4.93671145195359 142.68903494338514 1.52942497472077
   vertex -4.93671145195359 142.68903494338514 4.52942497472077
  endloop
 endfacet
 facet normal 0.98480775301221 -0.17364817766693 0.00000000000000
  outer loop
   vertex -5.41632034355969 141.37132034352774 1.52942497472077
   vertex -5.29269021617080 142.07246163734536 1.52942497472077
   vertex -5.29269021617080 142.07246163734536 4.52942497472077
  endloop
 endfacet
 facet normal 0.98480775301221 -0.17364817766693 0.00000000000000
  outer loop
   vertex -5.29269021617080 142.07246163734536 4.52942497472077
   vertex -5.41632034355969 141.37132034352774 4.52942497472077
   vertex -5.41632034355969 141.37132034352774 1.52942497472077
  endloop
 endfacet
 facet normal 0.86602540378444 -0.50000000000001 -0.00000000000000
  outer loop
   vertex -4.93671145195359 142.68903494338514 4.52942497472077
   vertex -5.29269021617080 142.07246163734536 4.52942497472077
   vertex -5.29269021617080 142.07246163734536 1.52942497472077
  endloop
 endfacet
 facet normal 0.64278760968657 -0.76604444311895 -0.00000000000000
  outer loop
   vertex -4.39132034355968 143.14667242128587 4.52942497472077
   vertex -4.93671145195359 142.68903494338514 4.52942497472077
   vertex -4.93671145195359 142.68903494338514 1.52942497472077
  endloop
 endfacet
 facet normal 0.34202014332565 -0.93969262078592 -0.00000000000000
  outer loop
   vertex -3.72229910777689 143.39017623720278 4.52942497472077
   vertex -4.39132034355968 143.14667242128587 4.52942497472077
   vertex -4.39132034355968 143.14667242128587 1.52942497472077
  endloop
 endfacet
 facet normal -0.00000000000000 -1.00000000000000 0.00000000000000
  outer loop
   vertex -3.01034157934247 143.39017623720278 4.52942497472077
   vertex -3.72229910777689 143.39017623720278 4.52942497472077
   vertex -3.72229910777689 143.39017623720278 1.52942497472077
  endloop
 endfacet
 facet normal -0.34202014332565 -0.93969262078592 0.00000000000000
  outer loop
   vertex -2.34132034355967 143.14667242128587 4.52942497472077
   vertex -3.01034157934247 143.39017623720278 4.52942497472077
   vertex -3.01034157934247 143.39017623720278 1.52942497472077
  endloop
 endfacet
 facet normal -0.64278760968657 -0.76604444311895 -0.00000000000000
  outer loop
   vertex -1.79592923516576 142.68903494338514 4.52942497472077
   vertex -2.34132034355967 143.14667242128587 4.52942497472077
   vertex -2.34132034355967 143.14667242128587 1.52942497472077
  endloop
 endfacet
 facet normal -0.86602540378443 -0.50000000000001 0.00000000000000
  outer loop
   vertex -1.43995047094855 142.07246163734536 4.52942497472077
   vertex -1.79592923516576 142.68903494338514 4.52942497472077
   vertex -1.79592923516576 142.68903494338514 1.52942497472077
  endloop
 endfacet
 facet normal -0.98480775301221 -0.17364817766693 0.00000000000000
  outer loop
   vertex -1.31632034355966 141.37132034352774 4.52942497472077
   vertex -1.43995047094855 142.07246163734536 4.52942497472077
   vertex -1.43995047094855 142.07246163734536 1.52942497472077
  endloop
 endfacet
 facet normal -0.98480775301221 0.17364817766693 -0.00000000000000
  outer loop
   vertex -1.43995047094855 140.67017904971013 4.52942497472077
   vertex -1.31632034355966 141.37132034352774 4.52942497472077
   vertex -1.31632034355966 141.37132034352774 1.52942497472077
  endloop
 endfacet
 facet normal -0.86602540378444 0.50000000000001 -0.00000000000000
  outer loop
   vertex -1.79592923516576 140.05360574367035 4.52942497472077
   vertex -1.43995047094855 140.67017904971013 4.52942497472077
   vertex -1.43995047094855 140.67017904971013 1.52942497472077
  endloop
 endfacet
 facet normal -0.64278760968657 0.76604444311895 -0.00000000000000
  outer loop
   vertex -2.34132034355967 139.59596826576961 4.52942497472077
   vertex -1.79592923516576 140.05360574367035 4.52942497472077
   vertex -1.79592923516576 140.05360574367035 1.52942497472077
  endloop
 endfacet
 facet normal -0.34202014332565 0.93969262078592 -0.00000000000000
  outer loop
   vertex -3.01034157934246 139.35246444985270 4.52942497472077
   vertex -2.34132034355967 139.59596826576961 4.52942497472077
   vertex -2.34132034355967 139.59596826576961 1.52942497472077
  endloop
 endfacet
 facet normal -0.00000000000000 1.00000000000000 0.00000000000000
  outer loop
   vertex -3.72229910777688 139.35246444985270 4.52942497472077
   vertex -3.01034157934246 139.35246444985270 4.52942497472077
   vertex -3.01034157934246 139.35246444985270 1.52942497472077
  endloop
 endfacet
 facet normal 0.34202014332565 0.93969262078592 -0.00000000000000
  outer loop
   vertex -4.39132034355968 139.59596826576961 4.52942497472077
   vertex -3.72229910777688 139.35246444985270 4.52942497472077
   vertex -3.72229910777688 139.35246444985270 1.52942497472077
  endloop
 endfacet
 facet normal 0.64278760968657 0.76604444311895 -0.00000000000000
  outer loop
   vertex -4.93671145195359 140.05360574367035 4.52942497472077
   vertex -4.39132034355968 139.59596826576961 4.52942497472077
   vertex -4.39132034355968 139.59596826576961 1.52942497472077
  endloop
 endfacet
 facet normal 0.86602540378443 0.50000000000001 -0.00000000000000
  outer loop
   vertex -5.29269021617080 140.67017904971013 4.52942497472077
   vertex -4.93671145195359 140.05360574367035 4.52942497472077
   vertex -4.93671145195359 140.05360574367035 1.52942497472077
  endloop
 endfacet
 facet normal 0.98480775301221 0.17364817766693 0.00000000000000
  outer loop
   vertex -5.41632034355969 141.37132034352774 4.52942497472077
   vertex -5.29269021617080 140.67017904971013 4.52942497472077
   vertex -5.29269021617080 140.67017904971013 1.52942497472077
  endloop
 endfacet
 facet normal 0.00000000000000 0.00000000000000 1.00000000000000
  outer loop
   vertex -3.36632034355968 141.37132034352774 1.52942497472077
   vertex -1.43995047094855 142.07246163734536 1.52942497472077
   vertex -1.79592923516576 142.68903494338514 1.52942497472077
  endloop
 endfacet
 facet normal 0.00000000000000 0.00000000000000 1.00000000000000
  outer loop
   vertex -1.79592923516576 142.68903494338514 1.52942497472077
   vertex -2.34132034355967 143.14667242128587 1.52942497472077
   vertex -3.36632034355968 141.37132034352774 1.52942497472077
  endloop
 endfacet
 facet normal 0.00000000000000 0.00000000000000 1.00000000000000
  outer loop
   vertex -2.34132034355967 143.14667242128587 1.52942497472077
   vertex -3.01034157934247 143.39017623720278 1.52942497472077
   vertex -3.36632034355968 141.37132034352774 1.52942497472077
  endloop
 endfacet
 facet normal 0.00000000000000 0.00000000000000 1.00000000000000
  outer loop
   vertex -3.01034157934247 143.39017623720278 1.52942497472077
   vertex -3.72229910777689 143.39017623720278 1.52942497472077
   vertex -3.36632034355968 141.37132034352774 1.52942497472077
  endloop
 endfacet
 facet normal 0.00000000000000 0.00000000000000 1.00000000000000
  outer loop
   vertex -3.72229910777689 143.39017623720278 1.52942497472077
   vertex -4.39132034355968 143.14667242128587 1.52942497472077
   vertex -3.36632034355968 141.37132034352774 1.52942497472077
  endloop
 endfacet
 facet normal 0.00000000000000 0.00000000000000 1.00000000000000
  outer loop
   vertex -4.39132034355968 143.14667242128587 1.52942497472077
   vertex -4.93671145195359 142.68903494338514 1.52942497472077
   vertex -3.36632034355968 141.37132034352774 1.52942497472077
  endloop
 endfacet
 facet normal 0.00000000000000 0.00000000000000 1.00000000000000
  outer loop
   vertex -4.93671145195359 142.68903494338514 1.52942497472077
   vertex -5.29269021617080 142.07246163734536 1.52942497472077
   vertex -3.36632034355968 141.37132034352774 1.52942497472077
  endloop
 endfacet
 facet normal 0.00000000000000 0.00000000000000 1.00000000000000
  outer loop
   vertex -5.29269021617080 142.07246163734536 1.52942497472077
   vertex -5.41632034355969 141.37132034352774 1.52942497472077
   vertex -3.36632034355968 141.37132034352774 1.52942497472077
  endloop
 endfacet
 facet normal -0.00000000000000 0.00000000000000 1.00000000000000
  outer loop
   vertex -5.41632034355969 141.37132034352774 1.52942497472077
   vertex -5.29269021617080 140.67017904971013 1.52942497472077
   vertex -3.36632034355968 141.37132034352774 1.52942497472077
  endloop
 endfacet
 facet normal -0.00000000000000 0.00000000000000 1.00000000000000
  outer loop
   vertex -5.29269021617080 140.67017904971013 1.52942497472077
   vertex -4.93671145195359 140.05360574367035 1.52942497472077
   vertex -3.36632034355968 141.37132034352774 1.52942497472077
  endloop
 endfacet
 facet normal -0.00000000000000 0.00000000000000 1.00000000000000
  outer loop
   vertex -4.93671145195359 140.05360574367035 1.52942497472077
   vertex -4.39132034355968 139.59596826576961 1.52942497472077
   vertex -3.36632034355968 141.37132034352774 1.52942497472077
  endloop
 endfacet
 facet normal -0.00000000000000 0.00000000000000 1.00000000000000
  outer loop
   vertex -4.39132034355968 139.59596826576961 1.52942497472077
   vertex -3.72229910777688 139.35246444985270 1.52942497472077
   vertex -3.36632034355968 141.37132034352774 1.52942497472077
  endloop
 endfacet
 facet normal 0.00000000000000 0.00000000000000 1.00000000000000
  outer loop
   vertex -3.72229910777688 139.35246444985270 1.52942497472077
   vertex -3.01034157934246 139.35246444985270 1.52942497472077
   vertex -3.36632034355968 141.37132034352774 1.52942497472077
  endloop
 endfacet
 facet normal 0.00000000000000 -0.00000000000000 1.00000000000000
  outer loop
   vertex -3.01034157934246 139.35246444985270 1.52942497472077
   vertex -2.34132034355967 139.59596826576961 1.52942497472077
   vertex -3.36632034355968 141.37132034352774 1.52942497472077
  endloop
 endfacet
 facet normal 0.00000000000000 -0.00000000000000 1.00000000000000
  outer loop
   vertex -2.34132034355967 139.59596826576961 1.52942497472077
   vertex -1.79592923516576 140.05360574367035 1.52942497472077
   vertex -3.36632034355968 141.37132034352774 1.52942497472077
  endloop
 endfacet
 facet normal 0.00000000000000 -0.00000000000000 1.00000000000000
  outer loop
   vertex -1.79592923516576 140.05360574367035 1.52942497472077
   vertex -1.43995047094855 140.67017904971013 1.52942497472077
   vertex -3.36632034355968 141.37132034352774 1.52942497472077
  endloop
 endfacet
 facet normal 0.00000000000000 0.00000000000000 1.00000000000000
  outer loop
   vertex -1.43995047094855 140.67017904971013 1.52942497472077
   vertex -1.31632034355966 141.37132034352774 1.52942497472077
   vertex -3.36632034355968 141.37132034352774 1.52942497472077
  endloop
 endfacet
 facet normal 0.00000000000000 -0.00000000000000 1.00000000000000
  outer loop
   vertex -1.31632034355966 141.37132034352774 1.52942497472077
   vertex -1.43995047094855 142.07246163734536 1.52942497472077
   vertex -3.36632034355968 141.37132034352774 1.52942497472077
  endloop
 endfacet
 facet normal 0.98480775301221 0.17364817766692 -0.00000000000000
  outer loop
   vertex 20.12832274817356 141.89087884947739 1.52942497472077
   vertex 20.06499999999876 142.24999999996936 1.52942497472077
   vertex 20.06499999999876 142.24999999996936 4.52942497472077
  endloop
 endfacet
 facet normal 0.86602540378443 0.50000000000001 -0.00000000000000
  outer loop
   vertex 20.31065333472384 141.57507300979847 1.52942497472077
   vertex 20.12832274817356 141.89087884947739 1.52942497472077
   vertex 20.12832274817356 141.89087884947739 4.52942497472077
  endloop
 endfacet
 facet normal 0.64278760968654 0.76604444311898 -0.00000000000000
  outer loop
   vertex 20.58999999999877 141.34067332599568 1.52942497472077
   vertex 20.31065333472384 141.57507300979847 1.52942497472077
   vertex 20.31065333472384 141.57507300979847 4.52942497472077
  endloop
 endfacet
 facet normal 0.34202014332565 0.93969262078591 0.00000000000000
  outer loop
   vertex 20.93266941344849 141.21595185930653 1.52942497472077
   vertex 20.58999999999877 141.34067332599568 1.52942497472077
   vertex 20.58999999999877 141.34067332599568 4.52942497472077
  endloop
 endfacet
 facet normal 0.00000000000000 1.00000000000000 0.00000000000000
  outer loop
   vertex 21.29733058654905 141.21595185930653 1.52942497472077
   vertex 20.93266941344849 141.21595185930653 1.52942497472077
   vertex 20.93266941344849 141.21595185930653 4.52942497472077
  endloop
 endfacet
 facet normal -0.34202014332565 0.93969262078592 0.00000000000000
  outer loop
   vertex 21.63999999999879 141.34067332599568 1.52942497472077
   vertex 21.29733058654905 141.21595185930653 1.52942497472077
   vertex 21.29733058654905 141.21595185930653 4.52942497472077
  endloop
 endfacet
 facet normal -0.64278760968655 0.76604444311897 -0.00000000000000
  outer loop
   vertex 21.91934666527370 141.57507300979847 1.52942497472077
   vertex 21.63999999999879 141.34067332599568 1.52942497472077
   vertex 21.63999999999879 141.34067332599568 4.52942497472077
  endloop
 endfacet
 facet normal -0.86602540378442 0.50000000000002 0.00000000000000
  outer loop
   vertex 22.10167725182399 141.89087884947739 1.52942497472077
   vertex 21.91934666527370 141.57507300979847 1.52942497472077
   vertex 21.91934666527370 141.57507300979847 4.52942497472077
  endloop
 endfacet
 facet normal -0.98480775301221 0.17364817766691 0.00000000000000
  outer loop
   vertex 22.16499999999878 142.24999999996936 1.52942497472077
   vertex 22.10167725182399 141.89087884947739 1.52942497472077
   vertex 22.10167725182399 141.89087884947739 4.52942497472077
  endloop
 endfacet
 facet normal -0.98480775301221 -0.17364817766692 -0.00000000000000
  outer loop
   vertex 22.10167725182399 142.60912115046131 1.52942497472077
   vertex 22.16499999999878 142.24999999996936 1.52942497472077
   vertex 22.16499999999878 142.24999999996936 4.52942497472077
  endloop
 endfacet
 facet normal -0.86602540378442 -0.50000000000002 -0.00000000000000
  outer loop
   vertex 21.91934666527370 142.92492699014022 1.52942497472077
   vertex 22.10167725182399 142.60912115046131 1.52942497472077
   vertex 22.10167725182399 142.60912115046131 4.52942497472077
  endloop
 endfacet
 facet normal -0.64278760968654 -0.76604444311898 -0.00000000000000
  outer loop
   vertex 21.63999999999878 143.15932667394301 1.52942497472077
   vertex 21.91934666527370 142.92492699014022 1.52942497472077
   vertex 21.91934666527370 142.92492699014022 4.52942497472077
  endloop
 endfacet
 facet normal -0.34202014332565 -0.93969262078591 0.00000000000000
  outer loop
   vertex 21.29733058654905 143.28404814063217 1.52942497472077
   vertex 21.63999999999878 143.15932667394301 1.52942497472077
   vertex 21.63999999999878 143.15932667394301 4.52942497472077
  endloop
 endfacet
 facet normal 0.00000000000000 -1.00000000000000 0.00000000000000
  outer loop
   vertex 20.93266941344849 143.28404814063217 1.52942497472077
   vertex 21.29733058654905 143.28404814063217 1.52942497472077
   vertex 21.29733058654905 143.28404814063217 4.52942497472077
  endloop
 endfacet
 facet normal 0.34202014332565 -0.93969262078591 -0.00000000000000
  outer loop
   vertex 20.58999999999877 143.15932667394301 1.52942497472077
   vertex 20.93266941344849 143.28404814063217 1.52942497472077
   vertex 20.93266941344849 143.28404814063217 4.52942497472077
  endloop
 endfacet
 facet normal 0.64278760968654 -0.76604444311898 0.00000000000000
  outer loop
   vertex 20.31065333472384 142.92492699014022 1.52942497472077
   vertex 20.58999999999877 143.15932667394301 1.52942497472077
   vertex 20.58999999999877 143.15932667394301 4.52942497472077
  endloop
 endfacet
 facet normal 0.86602540378443 -0.50000000000002 0.00000000000000
  outer loop
   vertex 20.12832274817356 142.60912115046131 1.52942497472077
   vertex 20.31065333472384 142.92492699014022 1.52942497472077
   vertex 20.31065333472384 142.92492699014022 4.52942497472077
  endloop
 endfacet
 facet normal 0.98480775301221 -0.17364817766692 0.00000000000000
  outer loop
   vertex 20.06499999999876 142.24999999996936 1.52942497472077
   vertex 20.12832274817356 142.60912115046131 1.52942497472077
   vertex 20.12832274817356 142.60912115046131 4.52942497472077
  endloop
 endfacet
 facet normal 0.98480775301221 -0.17364817766692 0.00000000000000
  outer loop
   vertex 20.12832274817356 142.60912115046131 4.52942497472077
   vertex 20.06499999999876 142.24999999996936 4.52942497472077
   vertex 20.06499999999876 142.24999999996936 1.52942497472077
  endloop
 endfacet
 facet normal 0.86602540378443 -0.50000000000002 0.00000000000000
  outer loop
   vertex 20.31065333472384 142.92492699014022 4.52942497472077
   vertex 20.12832274817356 142.60912115046131 4.52942497472077
   vertex 20.12832274817356 142.60912115046131 1.52942497472077
  endloop
 endfacet
 facet normal 0.64278760968654 -0.76604444311898 0.00000000000000
  outer loop
   vertex 20.58999999999877 143.15932667394301 4.52942497472077
   vertex 20.31065333472384 142.92492699014022 4.52942497472077
   vertex 20.31065333472384 142.92492699014022 1.52942497472077
  endloop
 endfacet
 facet normal 0.34202014332565 -0.93969262078591 -0.00000000000000
  outer loop
   vertex 20.93266941344849 143.28404814063217 4.52942497472077
   vertex 20.58999999999877 143.15932667394301 4.52942497472077
   vertex 20.58999999999877 143.15932667394301 1.52942497472077
  endloop
 endfacet
 facet normal -0.00000000000000 -1.00000000000000 0.00000000000000
  outer loop
   vertex 21.29733058654905 143.28404814063217 4.52942497472077
   vertex 20.93266941344849 143.28404814063217 4.52942497472077
   vertex 20.93266941344849 143.28404814063217 1.52942497472077
  endloop
 endfacet
 facet normal -0.34202014332565 -0.93969262078591 0.00000000000000
  outer loop
   vertex 21.63999999999878 143.15932667394301 4.52942497472077
   vertex 21.29733058654905 143.28404814063217 4.52942497472077
   vertex 21.29733058654905 143.28404814063217 1.52942497472077
  endloop
 endfacet
 facet normal -0.64278760968654 -0.76604444311898 -0.00000000000000
  outer loop
   vertex 21.91934666527370 142.92492699014022 4.52942497472077
   vertex 21.63999999999878 143.15932667394301 4.52942497472077
   vertex 21.63999999999878 143.15932667394301 1.52942497472077
  endloop
 endfacet
 facet normal -0.86602540378442 -0.50000000000002 -0.00000000000000
  outer loop
   vertex 22.10167725182399 142.60912115046131 4.52942497472077
   vertex 21.91934666527370 142.92492699014022 4.52942497472077
   vertex 21.91934666527370 142.92492699014022 1.52942497472077
  endloop
 endfacet
 facet normal -0.98480775301221 -0.17364817766692 -0.00000000000000
  outer loop
   vertex 22.16499999999878 142.24999999996936 4.52942497472077
   vertex 22.10167725182399 142.60912115046131 4.52942497472077
   vertex 22.10167725182399 142.60912115046131 1.52942497472077
  endloop
 endfacet
 facet normal -0.98480775301221 0.17364817766691 0.00000000000000
  outer loop
   vertex 22.10167725182399 141.89087884947739 4.52942497472077
   vertex 22.16499999999878 142.24999999996936 4.52942497472077
   vertex 22.16499999999878 142.24999999996936 1.52942497472077
  endloop
 endfacet
 facet normal -0.86602540378442 0.50000000000002 0.00000000000000
  outer loop
   vertex 21.91934666527370 141.57507300979847 4.52942497472077
   vertex 22.10167725182399 141.89087884947739 4.52942497472077
   vertex 22.10167725182399 141.89087884947739 1.52942497472077
  endloop
 endfacet
 facet normal -0.64278760968655 0.76604444311897 -0.00000000000000
  outer loop
   vertex 21.63999999999879 141.34067332599568 4.52942497472077
   vertex 21.91934666527370 141.57507300979847 4.52942497472077
   vertex 21.91934666527370 141.57507300979847 1.52942497472077
  endloop
 endfacet
 facet normal -0.34202014332565 0.93969262078592 0.00000000000000
  outer loop
   vertex 21.29733058654905 141.21595185930653 4.52942497472077
   vertex 21.63999999999879 141.34067332599568 4.52942497472077
   vertex 21.63999999999879 141.34067332599568 1.52942497472077
  endloop
 endfacet
 facet normal -0.00000000000000 1.00000000000000 0.00000000000000
  outer loop
   vertex 20.93266941344849 141.21595185930653 4.52942497472077
   vertex 21.29733058654905 141.21595185930653 4.52942497472077
   vertex 21.29733058654905 141.21595185930653 1.52942497472077
  endloop
 endfacet
 facet normal 0.34202014332565 0.93969262078591 0.00000000000000
  outer loop
   vertex 20.58999999999877 141.34067332599568 4.52942497472077
   vertex 20.93266941344849 141.21595185930653 4.52942497472077
   vertex 20.93266941344849 141.21595185930653 1.52942497472077
  endloop
 endfacet
 facet normal 0.64278760968654 0.76604444311898 -0.00000000000000
  outer loop
   vertex 20.31065333472384 141.57507300979847 4.52942497472077
   vertex 20.58999999999877 141.34067332599568 4.52942497472077
   vertex 20.58999999999877 141.34067332599568 1.52942497472077
  endloop
 endfacet
 facet normal 0.86602540378443 0.50000000000001 -0.00000000000000
  outer loop
   vertex 20.12832274817356 141.89087884947739 4.52942497472077
   vertex 20.31065333472384 141.57507300979847 4.52942497472077
   vertex 20.31065333472384 141.57507300979847 1.52942497472077
  endloop
 endfacet
 facet normal 0.98480775301221 0.17364817766692 -0.00000000000000
  outer loop
   vertex 20.06499999999876 142.24999999996936 4.52942497472077
   vertex 20.12832274817356 141.89087884947739 4.52942497472077
   vertex 20.12832274817356 141.89087884947739 1.52942497472077
  endloop
 endfacet
 facet normal 0.00000000000000 0.00000000000000 1.00000000000000
  outer loop
   vertex 21.11499999999877 142.24999999996936 1.52942497472077
   vertex 22.10167725182399 142.60912115046131 1.52942497472077
   vertex 21.91934666527370 142.92492699014022 1.52942497472077
  endloop
 endfacet
 facet normal 0.00000000000000 0.00000000000000 1.00000000000000
  outer loop
   vertex 21.91934666527370 142.92492699014022 1.52942497472077
   vertex 21.63999999999878 143.15932667394301 1.52942497472077
   vertex 21.11499999999877 142.24999999996936 1.52942497472077
  endloop
 endfacet
 facet normal 0.00000000000000 0.00000000000000 1.00000000000000
  outer loop
   vertex 21.63999999999878 143.15932667394301 1.52942497472077
   vertex 21.29733058654905 143.28404814063217 1.52942497472077
   vertex 21.11499999999877 142.24999999996936 1.52942497472077
  endloop
 endfacet
 facet normal 0.00000000000000 0.00000000000000 1.00000000000000
  outer loop
   vertex 21.29733058654905 143.28404814063217 1.52942497472077
   vertex 20.93266941344849 143.28404814063217 1.52942497472077
   vertex 21.11499999999877 142.24999999996936 1.52942497472077
  endloop
 endfacet
 facet normal 0.00000000000000 0.00000000000000 1.00000000000000
  outer loop
   vertex 20.93266941344849 143.28404814063217 1.52942497472077
   vertex 20.58999999999877 143.15932667394301 1.52942497472077
   vertex 21.11499999999877 142.24999999996936 1.52942497472077
  endloop
 endfacet
 facet normal 0.00000000000000 0.00000000000000 1.00000000000000
  outer loop
   vertex 20.58999999999877 143.15932667394301 1.52942497472077
   vertex 20.31065333472384 142.92492699014022 1.52942497472077
   vertex 21.11499999999877 142.24999999996936 1.52942497472077
  endloop
 endfacet
 facet normal 0.00000000000000 0.00000000000000 1.00000000000000
  outer loop
   vertex 20.31065333472384 142.92492699014022 1.52942497472077
   vertex 20.12832274817356 142.60912115046131 1.52942497472077
   vertex 21.11499999999877 142.24999999996936 1.52942497472077
  endloop
 endfacet
 facet normal 0.00000000000000 0.00000000000000 1.00000000000000
  outer loop
   vertex 20.12832274817356 142.60912115046131 1.52942497472077
   vertex 20.06499999999876 142.24999999996936 1.52942497472077
   vertex 21.11499999999877 142.24999999996936 1.52942497472077
  endloop
 endfacet
 facet normal -0.00000000000000 0.00000000000000 1.00000000000000
  outer loop
   vertex 20.06499999999876 142.24999999996936 1.52942497472077
   vertex 20.12832274817356 141.89087884947739 1.52942497472077
   vertex 21.11499999999877 142.24999999996936 1.52942497472077
  endloop
 endfacet
 facet normal -0.00000000000000 0.00000000000000 1.00000000000000
  outer loop
   vertex 20.12832274817356 141.89087884947739 1.52942497472077
   vertex 20.31065333472384 141.57507300979847 1.52942497472077
   vertex 21.11499999999877 142.24999999996936 1.52942497472077
  endloop
 endfacet
 facet normal -0.00000000000000 0.00000000000000 1.00000000000000
  outer loop
   vertex 20.31065333472384 141.57507300979847 1.52942497472077
   vertex 20.58999999999877 141.34067332599568 1.52942497472077
   vertex 21.11499999999877 142.24999999996936 1.52942497472077
  endloop
 endfacet
 facet normal -0.00000000000000 0.00000000000000 1.00000000000000
  outer loop
   vertex 20.58999999999877 141.34067332599568 1.52942497472077
   vertex 20.93266941344849 141.21595185930653 1.52942497472077
   vertex 21.11499999999877 142.24999999996936 1.52942497472077
  endloop
 endfacet
 facet normal 0.00000000000000 0.00000000000000 1.00000000000000
  outer loop
   vertex 20.93266941344849 141.21595185930653 1.52942497472077
   vertex 21.29733058654905 141.21595185930653 1.52942497472077
   vertex 21.11499999999877 142.24999999996936 1.52942497472077
  endloop
 endfacet
 facet normal 0.00000000000000 -0.00000000000000 1.00000000000000
  outer loop
   vertex 21.29733058654905 141.21595185930653 1.52942497472077
   vertex 21.63999999999879 141.34067332599568 1.52942497472077
   vertex 21.11499999999877 142.24999999996936 1.52942497472077
  endloop
 endfacet
 facet normal 0.00000000000000 -0.00000000000000 1.00000000000000
  outer loop
   vertex 21.63999999999879 141.34067332599568 1.52942497472077
   vertex 21.91934666527370 141.57507300979847 1.52942497472077
   vertex 21.11499999999877 142.24999999996936 1.52942497472077
  endloop
 endfacet
 facet normal 0.00000000000000 -0.00000000000000 1.00000000000000
  outer loop
   vertex 21.91934666527370 141.57507300979847 1.52942497472077
   vertex 22.10167725182399 141.89087884947739 1.52942497472077
   vertex 21.11499999999877 142.24999999996936 1.52942497472077
  endloop
 endfacet
 facet normal 0.00000000000000 0.00000000000000 1.00000000000000
  outer loop
   vertex 22.10167725182399 141.89087884947739 1.52942497472077
   vertex 22.16499999999878 142.24999999996936 1.52942497472077
   vertex 21.11499999999877 142.24999999996936 1.52942497472077
  endloop
 endfacet
 facet normal 0.00000000000000 -0.00000000000000 1.00000000000000
  outer loop
   vertex 22.16499999999878 142.24999999996936 1.52942497472077
   vertex 22.10167725182399 142.60912115046131 1.52942497472077
   vertex 21.11499999999877 142.24999999996936 1.52942497472077
  endloop
 endfacet
 facet normal -1.00000000000000 -0.00000000000000 -0.00000000000002
  outer loop
   vertex 145.86499999999779 136.99999999996805 4.52942497472077
   vertex 145.86499999999791 136.99999999996811 -2.19019925136189
   vertex 145.86499999999785 45.49999999997122 3.22809105762076
  endloop
 endfacet
 facet normal -1.00000000000000 -0.00000000000002 0.00000000000017
  outer loop
   vertex 145.86499999999791 0.96378592044954 -2.19019925136189
   vertex 145.86499999999870 7.49999999996817 3.22809105762076
   vertex 145.86499999999785 45.49999999997122 3.22809105762076
  endloop
 endfacet
 facet normal -1.00000000000000 0.00000000000000 -0.00000000000001
  outer loop
   vertex 145.86499999999785 45.49999999997122 3.22809105762076
   vertex 145.86499999999791 136.99999999996811 -2.19019925136189
   vertex 145.86499999999791 0.96378592044954 -2.19019925136189
  endloop
 endfacet
 facet normal -1.00000000000000 0.00000000000006 0.00000000000063
  outer loop
   vertex 145.86499999999913 0.96378592044943 4.52942497472077
   vertex 145.86499999999953 7.49999999996819 4.52942497472077
   vertex 145.86499999999870 7.49999999996817 3.22809105762076
  endloop
 endfacet
 facet normal -1.00000000000000 -0.00000000000003 0.00000000000018
  outer loop
   vertex 145.86499999999870 7.49999999996817 3.22809105762076
   vertex 145.86499999999791 0.96378592044954 -2.19019925136189
   vertex 145.86499999999913 0.96378592044943 4.52942497472077
  endloop
 endfacet
 facet normal -1.00000000000000 0.00000000000000 -0.00000000000007
  outer loop
   vertex 145.86499999999785 45.49999999997122 3.22809105762076
   vertex 145.86499999999776 45.49999999997122 4.52942497472077
   vertex 145.86499999999779 136.99999999996805 4.52942497472077
  endloop
 endfacet
 facet normal -0.43163986313250 -0.90203892863100 0.00357767930400
  outer loop
   vertex 146.28999474795452 44.68185028254619 4.52942497472077
   vertex 146.31492848728624 44.66475243555379 3.22675714052078
   vertex 146.56969621823376 44.54284205560637 3.22675714052078
  endloop
 endfacet
 facet normal -0.42577368132379 -0.90481513009645 0.00513348230071
  outer loop
   vertex 146.56969621823376 44.54284205560637 3.22675714052078
   vertex 146.60112695003244 44.53544258151342 4.52942497472077
   vertex 146.28999474795452 44.68185028254619 4.52942497472077
  endloop
 endfacet
 facet normal -0.66610656479904 -0.74585071017673 -0.00296014535005
  outer loop
   vertex 146.28999474795452 44.68185028254619 4.52942497472077
   vertex 146.29256333474865 44.68472637232793 3.22675714052078
   vertex 146.31492848728624 44.66475243555379 3.22675714052078
  endloop
 endfacet
 facet normal -0.70707912743866 -0.70707912743871 0.00884392905306
  outer loop
   vertex 146.28999474795452 44.68185028254619 4.52942497472077
   vertex 146.04685028257276 44.92499474792794 4.52942497472077
   vertex 146.08924637065184 44.86630528976016 3.22675714052078
  endloop
 endfacet
 facet normal -0.85132650489576 -0.52462044243988 -0.00407104853274
  outer loop
   vertex 146.04685028257276 44.92499474792794 4.52942497472077
   vertex 146.05136513253072 44.92777697374714 3.22675714052078
   vertex 146.08924637065184 44.86630528976016 3.22675714052078
  endloop
 endfacet
 facet normal -0.90473382488567 -0.42573542199567 0.01435467052592
  outer loop
   vertex 146.04685028257276 44.92499474792794 4.52942497472077
   vertex 145.90044258154001 45.23612695000585 4.52942497472077
   vertex 145.93929569679938 45.10963736901314 3.22675714052078
  endloop
 endfacet
 facet normal -0.98231183750477 -0.18692022716808 -0.01114820942714
  outer loop
   vertex 145.90044258154001 45.23612695000585 4.52942497472077
   vertex 145.91470355932776 45.23884877556267 3.22719867178181
   vertex 145.93929569679938 45.10963736901314 3.22675714052078
  endloop
 endfacet
 facet normal -0.13312133852658 -0.99109974736597 0.00000000000000
  outer loop
   vertex 146.86499999999779 44.49999999997122 3.22809105762077
   vertex 146.86499999999779 44.49999999997122 4.52942497472077
   vertex 146.60112695003244 44.53544258151342 4.52942497472077
  endloop
 endfacet
 facet normal -0.99103834381545 -0.13311309099879 -0.01113131134602
  outer loop
   vertex 145.91470355932776 45.23884877556267 3.22719867178181
   vertex 145.90044258154001 45.23612695000585 4.52942497472077
   vertex 145.86499999999776 45.49999999997122 4.52942497472077
  endloop
 endfacet
 facet normal -0.98236588863724 -0.18696860924220 -0.00000000000006
  outer loop
   vertex 145.86499999999776 45.49999999997122 4.52942497472077
   vertex 145.86499999999785 45.49999999997122 3.22809105762076
   vertex 145.91470355932776 45.23884877556267 3.22719867178181
  endloop
 endfacet
 facet normal -0.14356494696061 -0.98963854581942 -0.00215745976356
  outer loop
   vertex 146.60112695003244 44.53544258151342 4.52942497472077
   vertex 146.60154158287020 44.53822199664429 3.22690098925915
   vertex 146.86499999999779 44.49999999997122 3.22809105762077
  endloop
 endfacet
 facet normal -0.85132650489561 -0.52462044244012 -0.00407104853274
  outer loop
   vertex 145.93929569679938 45.10963736901314 3.22675714052078
   vertex 146.05136513253072 44.92777697374714 3.22675714052078
   vertex 146.04685028257276 44.92499474792794 4.52942497472077
  endloop
 endfacet
 facet normal -0.66610656479917 -0.74585071017661 -0.00296014535005
  outer loop
   vertex 146.08924637065184 44.86630528976016 3.22675714052078
   vertex 146.29256333474865 44.68472637232793 3.22675714052078
   vertex 146.28999474795452 44.68185028254619 4.52942497472077
  endloop
 endfacet
 facet normal -0.14356494696056 -0.98963854581942 -0.00215745976356
  outer loop
   vertex 146.56969621823376 44.54284205560637 3.22675714052078
   vertex 146.60154158287020 44.53822199664429 3.22690098925915
   vertex 146.60112695003244 44.53544258151342 4.52942497472077
  endloop
 endfacet
 facet normal 0.00000000000000 -1.00000000000000 0.00000000000000
  outer loop
   vertex 146.86499999999779 44.49999999997122 4.52942497472077
   vertex 146.86499999999779 44.49999999997122 3.22809105762077
   vertex 149.36499999999785 44.49999999997122 3.22809105762077
  endloop
 endfacet
 facet normal 0.00000000000000 -1.00000000000000 0.00000000000000
  outer loop
   vertex 149.36499999999785 44.49999999997122 3.22809105762077
   vertex 149.36499999999785 44.49999999997122 4.52942497472077
   vertex 146.86499999999779 44.49999999997122 4.52942497472077
  endloop
 endfacet
 facet normal 0.90203892863101 -0.43163986313248 0.00357767930387
  outer loop
   vertex 150.18314971742285 44.92499474792795 4.52942497472077
   vertex 150.20024756441526 44.94992848726006 3.22675714052078
   vertex 150.32215794436263 45.20469621820749 3.22675714052078
  endloop
 endfacet
 facet normal 0.90481513009644 -0.42577368132382 0.00513348230057
  outer loop
   vertex 150.32215794436263 45.20469621820749 3.22675714052078
   vertex 150.32955741845564 45.23612695000586 4.52942497472077
   vertex 150.18314971742285 44.92499474792795 4.52942497472077
  endloop
 endfacet
 facet normal 0.74585071017770 -0.66610656479795 -0.00296014535021
  outer loop
   vertex 150.18314971742285 44.92499474792795 4.52942497472077
   vertex 150.18027362764096 44.92756333472222 3.22675714052078
   vertex 150.20024756441526 44.94992848726006 3.22675714052078
  endloop
 endfacet
 facet normal 0.70707912743869 -0.70707912743867 0.00884392905318
  outer loop
   vertex 150.18314971742285 44.92499474792795 4.52942497472077
   vertex 149.94000525204112 44.68185028254621 4.52942497472077
   vertex 149.99869471020912 44.72424637062527 3.22675714052078
  endloop
 endfacet
 facet normal 0.52462044244082 -0.85132650489518 -0.00407104853258
  outer loop
   vertex 149.94000525204112 44.68185028254621 4.52942497472077
   vertex 149.93722302622203 44.68636513250399 3.22675714052078
   vertex 149.99869471020912 44.72424637062527 3.22675714052078
  endloop
 endfacet
 facet normal 0.42573542199571 -0.90473382488565 0.01435467052611
  outer loop
   vertex 149.94000525204112 44.68185028254621 4.52942497472077
   vertex 149.62887304996320 44.53544258151344 4.52942497472077
   vertex 149.75536263095685 44.57429569677298 3.22675714052078
  endloop
 endfacet
 facet normal 0.18692022716828 -0.98231183750473 -0.01114820942712
  outer loop
   vertex 149.62887304996320 44.53544258151344 4.52942497472077
   vertex 149.62615122440639 44.54970355930116 3.22719867178182
   vertex 149.75536263095685 44.57429569677298 3.22675714052078
  endloop
 endfacet
 facet normal 0.98963794316833 -0.14356910272181 -0.00215735607036
  outer loop
   vertex 150.32955741845564 45.23612695000586 4.52942497472077
   vertex 150.32677813878345 45.23654157542543 3.22690099347675
   vertex 150.36499999999788 45.49999127321656 3.22809105762076
  endloop
 endfacet
 facet normal 0.13311309099871 -0.99103834381546 -0.01113131134600
  outer loop
   vertex 149.62615122440639 44.54970355930116 3.22719867178182
   vertex 149.62887304996320 44.53544258151344 4.52942497472077
   vertex 149.36499999999785 44.49999999997122 4.52942497472077
  endloop
 endfacet
 facet normal 0.18696860924231 -0.98236588863722 0.00000000000000
  outer loop
   vertex 149.36499999999785 44.49999999997122 4.52942497472077
   vertex 149.36499999999785 44.49999999997122 3.22809105762077
   vertex 149.62615122440639 44.54970355930116 3.22719867178182
  endloop
 endfacet
 facet normal 0.99109974736557 -0.13312133852655 0.00000089271268
  outer loop
   vertex 150.36499999999788 45.49999127321656 3.22809105762076
   vertex 150.36499999999785 45.49999999997122 4.52942497472077
   vertex 150.32955741845564 45.23612695000586 4.52942497472077
  endloop
 endfacet
 facet normal 0.52462044244072 -0.85132650489524 -0.00407104853258
  outer loop
   vertex 149.75536263095685 44.57429569677298 3.22675714052078
   vertex 149.93722302622203 44.68636513250399 3.22675714052078
   vertex 149.94000525204112 44.68185028254621 4.52942497472077
  endloop
 endfacet
 facet normal 0.74585071017755 -0.66610656479812 -0.00296014535021
  outer loop
   vertex 149.99869471020912 44.72424637062527 3.22675714052078
   vertex 150.18027362764096 44.92756333472222 3.22675714052078
   vertex 150.18314971742285 44.92499474792795 4.52942497472077
  endloop
 endfacet
 facet normal 0.98963794316843 -0.14356910272112 -0.00215735607036
  outer loop
   vertex 150.32215794436263 45.20469621820749 3.22675714052078
   vertex 150.32677813878345 45.23654157542543 3.22690099347675
   vertex 150.32955741845564 45.23612695000586 4.52942497472077
  endloop
 endfacet
 facet normal 1.00000000000000 -0.00000000000000 -0.00000000000000
  outer loop
   vertex 150.36499999999785 -3.53621407955038 -2.17077142648073
   vertex 150.36499999999788 141.49999999996817 -2.17077142648073
   vertex 150.36499999999788 45.49999127321656 3.22809105762076
  endloop
 endfacet
 facet normal 1.00000000000000 0.00000000000000 0.00000000000002
  outer loop
   vertex 150.36499999999785 141.49999999996817 4.52942497472077
   vertex 150.36499999999785 45.49999999997122 4.52942497472077
   vertex 150.36499999999788 45.49999127321656 3.22809105762076
  endloop
 endfacet
 facet normal 1.00000000000000 -0.00000000000000 0.00000000000001
  outer loop
   vertex 150.36499999999779 -3.53621407955042 4.52942497472077
   vertex 150.36499999999785 -3.53621407955038 -2.17077142648073
   vertex 150.36499999999785 7.49999999996812 3.22809105762076
  endloop
 endfacet
 facet normal 1.00000000000000 0.00000000000000 0.00000000000000
  outer loop
   vertex 150.36499999999788 45.49999127321656 3.22809105762076
   vertex 150.36499999999788 141.49999999996817 -2.17077142648073
   vertex 150.36499999999785 141.49999999996817 4.52942497472077
  endloop
 endfacet
 facet normal 1.00000000000000 -0.00000000000000 0.00000000000000
  outer loop
   vertex 150.36499999999788 45.49999127321656 3.22809105762076
   vertex 150.36499999999785 7.49999999996812 3.22809105762076
   vertex 150.36499999999785 -3.53621407955038 -2.17077142648073
  endloop
 endfacet
 facet normal 1.00000000000000 0.00000000000000 0.00000000000004
  outer loop
   vertex 150.36499999999785 7.49999999996812 3.22809105762076
   vertex 150.36499999999779 7.49999999996812 4.52942497472077
   vertex 150.36499999999779 -3.53621407955042 4.52942497472077
  endloop
 endfacet
 facet normal -0.00451705522861 -0.00000000000000 0.99998979805399
  outer loop
   vertex 146.86499999999953 8.49999999996813 3.22809105762077
   vertex 146.86499999999779 44.49999999997122 3.22809105762077
   vertex 146.60154158287020 44.53822199664429 3.22690098925915
  endloop
 endfacet
 facet normal 0.00000000000000 0.00000000000000 1.00000000000000
  outer loop
   vertex 149.36499999999785 44.49999999997122 3.22809105762077
   vertex 146.86499999999779 44.49999999997122 3.22809105762077
   vertex 146.86499999999953 8.49999999996813 3.22809105762077
  endloop
 endfacet
 facet normal 0.00451705522862 -0.00000000000000 0.99998979805399
  outer loop
   vertex 149.36499999999785 44.49999999997122 3.22809105762077
   vertex 149.36499999999779 8.49999999996811 3.22809105762077
   vertex 149.62845841712539 8.46177800329498 3.22690098925915
  endloop
 endfacet
 facet normal -0.00000000000000 0.00000000000000 1.00000000000000
  outer loop
   vertex 146.86499999999953 8.49999999996813 3.22809105762077
   vertex 149.36499999999779 8.49999999996811 3.22809105762077
   vertex 149.36499999999785 44.49999999997122 3.22809105762077
  endloop
 endfacet
 facet normal 0.00000000000000 0.00000000000000 1.00000000000000
  outer loop
   vertex 149.75536263095685 44.57429569677298 3.22675714052078
   vertex 149.91507151270901 8.33524756438554 3.22675714052078
   vertex 149.93743666524682 8.31527362761125 3.22675714052078
  endloop
 endfacet
 facet normal -0.00451705522863 -0.00000000000000 0.99998979805399
  outer loop
   vertex 146.60154158287020 44.53822199664429 3.22690098925915
   vertex 146.56969621823376 44.54284205560637 3.22675714052078
   vertex 146.86499999999953 8.49999999996813 3.22809105762077
  endloop
 endfacet
 facet normal 0.00341881554447 -0.00000899818456 0.99999415579258
  outer loop
   vertex 149.66030378176140 8.45715794433294 3.22675714052078
   vertex 149.75536263095685 44.57429569677298 3.22675714052078
   vertex 149.62615122440639 44.54970355930116 3.22719867178182
  endloop
 endfacet
 facet normal 0.00000000000000 0.00000000000000 1.00000000000000
  outer loop
   vertex 146.47463736904055 8.42570430316636 3.22675714052078
   vertex 146.31492848728624 44.66475243555379 3.22675714052078
   vertex 146.29256333474865 44.68472637232793 3.22675714052078
  endloop
 endfacet
 facet normal 0.00000000000000 0.00000000000000 1.00000000000000
  outer loop
   vertex 149.75536263095685 44.57429569677298 3.22675714052078
   vertex 150.14075362934375 8.13369471017937 3.22675714052078
   vertex 150.17863486746501 8.07222302619228 3.22675714052078
  endloop
 endfacet
 facet normal 0.00000000000000 0.00000000000000 1.00000000000000
  outer loop
   vertex 149.75536263095685 44.57429569677298 3.22675714052078
   vertex 149.66030378176140 8.45715794433294 3.22675714052078
   vertex 149.91507151270901 8.33524756438554 3.22675714052078
  endloop
 endfacet
 facet normal 0.00341881554447 -0.00000899818456 0.99999415579258
  outer loop
   vertex 149.62615122440639 44.54970355930116 3.22719867178182
   vertex 149.36499999999785 44.49999999997122 3.22809105762077
   vertex 149.66030378176140 8.45715794433294 3.22675714052078
  endloop
 endfacet
 facet normal -0.00341881554447 0.00000899818456 0.99999415579258
  outer loop
   vertex 146.56969621823376 44.54284205560637 3.22675714052078
   vertex 146.47463736904055 8.42570430316636 3.22675714052078
   vertex 146.60384877559099 8.45029644063818 3.22719867178182
  endloop
 endfacet
 facet normal 0.00000000000000 0.00000000000000 1.00000000000000
  outer loop
   vertex 146.47463736904055 8.42570430316636 3.22675714052078
   vertex 146.08924637065184 44.86630528976016 3.22675714052078
   vertex 146.05136513253072 44.92777697374714 3.22675714052078
  endloop
 endfacet
 facet normal 0.00000000000000 -0.00000000000000 1.00000000000000
  outer loop
   vertex 146.47463736904055 8.42570430316636 3.22675714052078
   vertex 146.56969621823376 44.54284205560637 3.22675714052078
   vertex 146.31492848728624 44.66475243555379 3.22675714052078
  endloop
 endfacet
 facet normal -0.00000000000000 -0.00000000000000 1.00000000000000
  outer loop
   vertex 149.93743666524682 8.31527362761125 3.22675714052078
   vertex 150.14075362934375 8.13369471017937 3.22675714052078
   vertex 149.75536263095685 44.57429569677298 3.22675714052078
  endloop
 endfacet
 facet normal -0.00341881554446 0.00000899818456 0.99999415579258
  outer loop
   vertex 146.60384877559099 8.45029644063818 3.22719867178182
   vertex 146.86499999999953 8.49999999996813 3.22809105762077
   vertex 146.56969621823376 44.54284205560637 3.22675714052078
  endloop
 endfacet
 facet normal 0.00000000000000 0.00000000000000 1.00000000000000
  outer loop
   vertex 146.29256333474865 44.68472637232793 3.22675714052078
   vertex 146.08924637065184 44.86630528976016 3.22675714052078
   vertex 146.47463736904055 8.42570430316636 3.22675714052078
  endloop
 endfacet
 facet normal 0.00451705522863 0.00000000000000 0.99998979805399
  outer loop
   vertex 149.62845841712539 8.46177800329498 3.22690098925915
   vertex 149.66030378176140 8.45715794433294 3.22675714052078
   vertex 149.36499999999785 44.49999999997122 3.22809105762077
  endloop
 endfacet
 facet normal 0.00003968733929 -0.00003544408670 0.99999999858432
  outer loop
   vertex 145.86499999999785 45.49999999997122 3.22809105762076
   vertex 146.02975243558211 8.05007151267931 3.22675714052078
   vertex 146.04972637235645 8.07243666521714 3.22675714052078
  endloop
 endfacet
 facet normal 0.01944146424434 0.00028371619697 0.99981095661788
  outer loop
   vertex 146.47463736904055 8.42570430316636 3.22675714052078
   vertex 145.93929569679938 45.10963736901314 3.22675714052078
   vertex 145.91470355932776 45.23884877556267 3.22719867178181
  endloop
 endfacet
 facet normal -0.00000000000000 -0.00000000000000 1.00000000000000
  outer loop
   vertex 150.17863486746501 8.07222302619228 3.22675714052078
   vertex 150.29070430319604 7.89036263092702 3.22675714052078
   vertex 149.75536263095685 44.57429569677298 3.22675714052078
  endloop
 endfacet
 facet normal 0.00007375765519 -0.00003529420203 0.99999999665706
  outer loop
   vertex 145.86499999999785 45.49999999997122 3.22809105762076
   vertex 145.90784205563475 7.79530378173179 3.22675714052078
   vertex 146.02975243558211 8.05007151267931 3.22675714052078
  endloop
 endfacet
 facet normal 0.03112061219648 0.00000000000000 0.99951563644423
  outer loop
   vertex 145.86499999999785 45.49999999997122 3.22809105762076
   vertex 145.86499999999870 7.49999999996817 3.22809105762076
   vertex 145.90322199667264 7.76345841709577 3.22690098925915
  endloop
 endfacet
 facet normal -0.00003968733929 0.00003544408670 0.99999999858432
  outer loop
   vertex 150.36499999999785 7.49999999996812 3.22809105762076
   vertex 150.20024756441526 44.94992848726006 3.22675714052078
   vertex 150.18027362764096 44.92756333472222 3.22675714052078
  endloop
 endfacet
 facet normal -0.01944146424426 -0.00028371619697 0.99981095661788
  outer loop
   vertex 149.75536263095685 44.57429569677298 3.22675714052078
   vertex 150.29070430319604 7.89036263092702 3.22675714052078
   vertex 150.31529644066785 7.76115122437666 3.22719867178181
  endloop
 endfacet
 facet normal 0.00000000000000 0.00000000000000 1.00000000000000
  outer loop
   vertex 146.05136513253072 44.92777697374714 3.22675714052078
   vertex 145.93929569679938 45.10963736901314 3.22675714052078
   vertex 146.47463736904055 8.42570430316636 3.22675714052078
  endloop
 endfacet
 facet normal 0.00002194958575 -0.00003561863513 0.99999999912476
  outer loop
   vertex 145.86499999999785 45.49999999997122 3.22809105762076
   vertex 146.23130528978828 8.27575362931409 3.22675714052078
   vertex 146.29277697377540 8.31363486743536 3.22675714052078
  endloop
 endfacet
 facet normal 0.03112061219672 0.00000000000000 0.99951563644422
  outer loop
   vertex 145.90322199667264 7.76345841709577 3.22690098925915
   vertex 145.90784205563475 7.79530378173179 3.22675714052078
   vertex 145.86499999999785 45.49999999997122 3.22809105762076
  endloop
 endfacet
 facet normal -0.00007375765519 0.00003529420203 0.99999999665706
  outer loop
   vertex 150.36499999999785 7.49999999996812 3.22809105762076
   vertex 150.32215794436263 45.20469621820749 3.22675714052078
   vertex 150.20024756441526 44.94992848726006 3.22675714052078
  endloop
 endfacet
 facet normal -0.03112061219705 0.00000000000000 0.99951563644421
  outer loop
   vertex 150.36499999999785 7.49999999996812 3.22809105762076
   vertex 150.36499999999788 45.49999127321656 3.22809105762076
   vertex 150.32677813878345 45.23654157542543 3.22690099347675
  endloop
 endfacet
 facet normal 0.01944146424434 0.00028371619697 0.99981095661788
  outer loop
   vertex 145.91470355932776 45.23884877556267 3.22719867178181
   vertex 145.86499999999785 45.49999999997122 3.22809105762076
   vertex 146.47463736904055 8.42570430316636 3.22675714052078
  endloop
 endfacet
 facet normal 0.00003968733929 -0.00003544408670 0.99999999858432
  outer loop
   vertex 146.04972637235645 8.07243666521714 3.22675714052078
   vertex 146.23130528978828 8.27575362931409 3.22675714052078
   vertex 145.86499999999785 45.49999999997122 3.22809105762076
  endloop
 endfacet
 facet normal -0.00002194958575 0.00003561863513 0.99999999912476
  outer loop
   vertex 150.36499999999785 7.49999999996812 3.22809105762076
   vertex 149.99869471020912 44.72424637062527 3.22675714052078
   vertex 149.93722302622203 44.68636513250399 3.22675714052078
  endloop
 endfacet
 facet normal -0.03112061219735 -0.00000000000000 0.99951563644420
  outer loop
   vertex 150.32677813878345 45.23654157542543 3.22690099347675
   vertex 150.32215794436263 45.20469621820749 3.22675714052078
   vertex 150.36499999999785 7.49999999996812 3.22809105762076
  endloop
 endfacet
 facet normal 0.00002194958575 -0.00003561863513 0.99999999912476
  outer loop
   vertex 146.29277697377540 8.31363486743536 3.22675714052078
   vertex 146.47463736904055 8.42570430316636 3.22675714052078
   vertex 145.86499999999785 45.49999999997122 3.22809105762076
  endloop
 endfacet
 facet normal -0.00003968733929 0.00003544408670 0.99999999858432
  outer loop
   vertex 150.18027362764096 44.92756333472222 3.22675714052078
   vertex 149.99869471020912 44.72424637062527 3.22675714052078
   vertex 150.36499999999785 7.49999999996812 3.22809105762076
  endloop
 endfacet
 facet normal -0.00002194958575 0.00003561863513 0.99999999912476
  outer loop
   vertex 149.93722302622203 44.68636513250399 3.22675714052078
   vertex 149.75536263095685 44.57429569677298 3.22675714052078
   vertex 150.36499999999785 7.49999999996812 3.22809105762076
  endloop
 endfacet
 facet normal -0.01944146424426 -0.00028371619697 0.99981095661788
  outer loop
   vertex 150.31529644066785 7.76115122437666 3.22719867178181
   vertex 150.36499999999785 7.49999999996812 3.22809105762076
   vertex 149.75536263095685 44.57429569677298 3.22675714052078
  endloop
 endfacet
 facet normal 0.43163986313234 0.90203892863107 0.00357767930388
  outer loop
   vertex 149.94000525204109 8.31814971739313 4.52942497472077
   vertex 149.91507151270901 8.33524756438554 3.22675714052078
   vertex 149.66030378176140 8.45715794433294 3.22675714052078
  endloop
 endfacet
 facet normal 0.42577368132380 0.90481513009645 0.00513348230055
  outer loop
   vertex 149.66030378176140 8.45715794433294 3.22675714052078
   vertex 149.62887304996318 8.46455741842591 4.52942497472077
   vertex 149.94000525204109 8.31814971739313 4.52942497472077
  endloop
 endfacet
 facet normal 0.66610656479807 0.74585071017759 -0.00296014535020
  outer loop
   vertex 149.94000525204109 8.31814971739313 4.52942497472077
   vertex 149.93743666524682 8.31527362761125 3.22675714052078
   vertex 149.91507151270901 8.33524756438554 3.22675714052078
  endloop
 endfacet
 facet normal 0.70707912743869 0.70707912743867 0.00884392905316
  outer loop
   vertex 149.94000525204109 8.31814971739313 4.52942497472077
   vertex 150.18314971742282 8.07500525201139 4.52942497472077
   vertex 150.14075362934375 8.13369471017937 3.22675714052078
  endloop
 endfacet
 facet normal 0.85132650489531 0.52462044244060 -0.00407104853262
  outer loop
   vertex 150.18314971742282 8.07500525201139 4.52942497472077
   vertex 150.17863486746501 8.07222302619228 3.22675714052078
   vertex 150.14075362934375 8.13369471017937 3.22675714052078
  endloop
 endfacet
 facet normal 0.90473382488563 0.42573542199575 0.01435467052606
  outer loop
   vertex 150.18314971742282 8.07500525201139 4.52942497472077
   vertex 150.32955741845561 7.76387304993349 4.52942497472077
   vertex 150.29070430319604 7.89036263092702 3.22675714052078
  endloop
 endfacet
 facet normal 0.98231183750471 0.18692022716838 -0.01114820942714
  outer loop
   vertex 150.32955741845561 7.76387304993349 4.52942497472077
   vertex 150.31529644066785 7.76115122437666 3.22719867178181
   vertex 150.29070430319604 7.89036263092702 3.22675714052078
  endloop
 endfacet
 facet normal 0.13312133852655 0.99109974736598 -0.00000000000000
  outer loop
   vertex 149.36499999999779 8.49999999996811 3.22809105762077
   vertex 149.36499999999779 8.49999999996811 4.52942497472077
   vertex 149.62887304996318 8.46455741842591 4.52942497472077
  endloop
 endfacet
 facet normal 0.99103834381548 0.13311309099857 -0.01113131134602
  outer loop
   vertex 150.31529644066785 7.76115122437666 3.22719867178181
   vertex 150.32955741845561 7.76387304993349 4.52942497472077
   vertex 150.36499999999779 7.49999999996812 4.52942497472077
  endloop
 endfacet
 facet normal 0.98236588863718 0.18696860924251 0.00000000000004
  outer loop
   vertex 150.36499999999779 7.49999999996812 4.52942497472077
   vertex 150.36499999999785 7.49999999996812 3.22809105762076
   vertex 150.31529644066785 7.76115122437666 3.22719867178181
  endloop
 endfacet
 facet normal 0.14356494696084 0.98963854581938 -0.00215745976361
  outer loop
   vertex 149.62887304996318 8.46455741842591 4.52942497472077
   vertex 149.62845841712539 8.46177800329498 3.22690098925915
   vertex 149.36499999999779 8.49999999996811 3.22809105762077
  endloop
 endfacet
 facet normal 0.85132650489530 0.52462044244062 -0.00407104853262
  outer loop
   vertex 150.29070430319604 7.89036263092702 3.22675714052078
   vertex 150.17863486746501 8.07222302619228 3.22675714052078
   vertex 150.18314971742282 8.07500525201139 4.52942497472077
  endloop
 endfacet
 facet normal 0.66610656479825 0.74585071017743 -0.00296014535020
  outer loop
   vertex 150.14075362934375 8.13369471017937 3.22675714052078
   vertex 149.93743666524682 8.31527362761125 3.22675714052078
   vertex 149.94000525204109 8.31814971739313 4.52942497472077
  endloop
 endfacet
 facet normal 0.14356494696088 0.98963854581938 -0.00215745976361
  outer loop
   vertex 149.66030378176140 8.45715794433294 3.22675714052078
   vertex 149.62845841712539 8.46177800329498 3.22690098925915
   vertex 149.62887304996318 8.46455741842591 4.52942497472077
  endloop
 endfacet
 facet normal 0.00000000000001 1.00000000000000 0.00000000000000
  outer loop
   vertex 149.36499999999779 8.49999999996811 4.52942497472077
   vertex 149.36499999999779 8.49999999996811 3.22809105762077
   vertex 146.86499999999953 8.49999999996813 3.22809105762077
  endloop
 endfacet
 facet normal -0.00000000000000 1.00000000000000 0.00000000000001
  outer loop
   vertex 146.86499999999953 8.49999999996813 3.22809105762077
   vertex 146.86499999999953 8.49999999996811 4.52942497472077
   vertex 149.36499999999779 8.49999999996811 4.52942497472077
  endloop
 endfacet
 facet normal -0.90203892863107 0.43163986313235 0.00357767930387
  outer loop
   vertex 146.04685028257452 8.07500525201144 4.52942497472077
   vertex 146.02975243558211 8.05007151267931 3.22675714052078
   vertex 145.90784205563475 7.79530378173179 3.22675714052078
  endloop
 endfacet
 facet normal -0.90481513009642 0.42577368132385 0.00513348230053
  outer loop
   vertex 145.90784205563475 7.79530378173179 3.22675714052078
   vertex 145.90044258154174 7.76387304993355 4.52942497472077
   vertex 146.04685028257452 8.07500525201144 4.52942497472077
  endloop
 endfacet
 facet normal -0.74585071017712 0.66610656479859 -0.00296014535024
  outer loop
   vertex 146.04685028257452 8.07500525201144 4.52942497472077
   vertex 146.04972637235645 8.07243666521714 3.22675714052078
   vertex 146.02975243558211 8.05007151267931 3.22675714052078
  endloop
 endfacet
 facet normal -0.70707912743868 0.70707912743869 0.00884392905316
  outer loop
   vertex 146.04685028257452 8.07500525201144 4.52942497472077
   vertex 146.28999474795626 8.31814971739317 4.52942497472077
   vertex 146.23130528978828 8.27575362931409 3.22675714052078
  endloop
 endfacet
 facet normal -0.52462044244053 0.85132650489536 -0.00407104853262
  outer loop
   vertex 146.28999474795626 8.31814971739317 4.52942497472077
   vertex 146.29277697377540 8.31363486743536 3.22675714052078
   vertex 146.23130528978828 8.27575362931409 3.22675714052078
  endloop
 endfacet
 facet normal -0.42573542199571 0.90473382488565 0.01435467052608
  outer loop
   vertex 146.28999474795626 8.31814971739317 4.52942497472077
   vertex 146.60112695003417 8.46455741842594 4.52942497472077
   vertex 146.47463736904055 8.42570430316636 3.22675714052078
  endloop
 endfacet
 facet normal -0.18692022716827 0.98231183750474 -0.01114820942714
  outer loop
   vertex 146.60112695003417 8.46455741842594 4.52942497472077
   vertex 146.60384877559099 8.45029644063818 3.22719867178182
   vertex 146.47463736904055 8.42570430316636 3.22675714052078
  endloop
 endfacet
 facet normal -0.99109974736597 0.13312133852660 0.00000000000063
  outer loop
   vertex 145.86499999999870 7.49999999996817 3.22809105762076
   vertex 145.86499999999953 7.49999999996819 4.52942497472077
   vertex 145.90044258154174 7.76387304993355 4.52942497472077
  endloop
 endfacet
 facet normal -0.13311309099855 0.99103834381548 -0.01113131134602
  outer loop
   vertex 146.60384877559099 8.45029644063818 3.22719867178182
   vertex 146.60112695003417 8.46455741842594 4.52942497472077
   vertex 146.86499999999953 8.49999999996811 4.52942497472077
  endloop
 endfacet
 facet normal -0.18696860924235 0.98236588863721 0.00000000000001
  outer loop
   vertex 146.86499999999953 8.49999999996811 4.52942497472077
   vertex 146.86499999999953 8.49999999996813 3.22809105762077
   vertex 146.60384877559099 8.45029644063818 3.22719867178182
  endloop
 endfacet
 facet normal -0.98963854581895 0.14356494696379 -0.00215745976359
  outer loop
   vertex 145.90044258154174 7.76387304993355 4.52942497472077
   vertex 145.90322199667264 7.76345841709577 3.22690098925915
   vertex 145.86499999999870 7.49999999996817 3.22809105762076
  endloop
 endfacet
 facet normal -0.52462044244076 0.85132650489521 -0.00407104853262
  outer loop
   vertex 146.47463736904055 8.42570430316636 3.22675714052078
   vertex 146.29277697377540 8.31363486743536 3.22675714052078
   vertex 146.28999474795626 8.31814971739317 4.52942497472077
  endloop
 endfacet
 facet normal -0.74585071017754 0.66610656479813 -0.00296014535024
  outer loop
   vertex 146.23130528978828 8.27575362931409 3.22675714052078
   vertex 146.04972637235645 8.07243666521714 3.22675714052078
   vertex 146.04685028257452 8.07500525201144 4.52942497472077
  endloop
 endfacet
 facet normal -0.98963854581906 0.14356494696306 -0.00215745976359
  outer loop
   vertex 145.90784205563475 7.79530378173179 3.22675714052078
   vertex 145.90322199667264 7.76345841709577 3.22690098925915
   vertex 145.90044258154174 7.76387304993355 4.52942497472077
  endloop
 endfacet
 facet normal 0.00000000000000 0.00000000000000 1.00000000000000
  outer loop
   vertex 148.29205098312266 144.35316954885369 4.52942497472077
   vertex 147.36499999999782 144.49999999996811 4.52942497472077
   vertex 147.59229910777674 143.39017623720284 4.52942497472077
  endloop
 endfacet
 facet normal 0.00000000000000 -0.00000000000000 1.00000000000000
  outer loop
   vertex 145.30995047094839 142.07246163734544 4.52942497472077
   vertex 145.66592923516561 142.68903494338522 4.52942497472077
   vertex 141.09829206300230 144.49999999996805 4.52942497472077
  endloop
 endfacet
 facet normal 0.00000000000000 0.00000000000000 1.00000000000000
  outer loop
   vertex 148.26132034355953 143.14667242128593 4.52942497472077
   vertex 149.12835575687527 143.92705098309304 4.52942497472077
   vertex 148.29205098312266 144.35316954885369 4.52942497472077
  endloop
 endfacet
 facet normal 0.00000000000000 0.00000000000000 1.00000000000000
  outer loop
   vertex 141.09829206300230 144.49999999996805 4.52942497472077
   vertex 140.78927506862735 144.45105651626326 4.52942497472077
   vertex 145.30995047094839 142.07246163734544 4.52942497472077
  endloop
 endfacet
 facet normal 0.00000000000000 0.00000000000000 1.00000000000000
  outer loop
   vertex 149.79205098312269 143.26335575684561 4.52942497472077
   vertex 148.80671145195345 142.68903494338522 4.52942497472077
   vertex 149.16269021617066 142.07246163734544 4.52942497472077
  endloop
 endfacet
 facet normal 0.00000000000000 0.00000000000000 1.00000000000000
  outer loop
   vertex 149.12835575687527 143.92705098309304 4.52942497472077
   vertex 148.26132034355953 143.14667242128593 4.52942497472077
   vertex 148.80671145195345 142.68903494338522 4.52942497472077
  endloop
 endfacet
 facet normal 0.00000000000000 0.00000000000000 1.00000000000000
  outer loop
   vertex 147.36499999999782 144.49999999996811 4.52942497472077
   vertex 146.88034157934231 143.39017623720284 4.52942497472077
   vertex 147.59229910777674 143.39017623720284 4.52942497472077
  endloop
 endfacet
 facet normal 0.00000000000000 0.00000000000000 1.00000000000000
  outer loop
   vertex 147.36499999999782 144.49999999996811 4.52942497472077
   vertex 141.09829206300230 144.49999999996805 4.52942497472077
   vertex 146.21132034355952 143.14667242128593 4.52942497472077
  endloop
 endfacet
 facet normal 0.00000000000000 0.00000000000000 1.00000000000000
  outer loop
   vertex 140.78927506862735 144.45105651626326 4.52942497472077
   vertex 140.51050681070981 144.30901699434304 4.52942497472077
   vertex 145.30995047094839 142.07246163734544 4.52942497472077
  endloop
 endfacet
 facet normal 0.00000000000000 0.00000000000000 1.00000000000000
  outer loop
   vertex 148.80671145195345 142.68903494338522 4.52942497472077
   vertex 149.79205098312269 143.26335575684561 4.52942497472077
   vertex 149.12835575687527 143.92705098309304 4.52942497472077
  endloop
 endfacet
 facet normal 0.00000000000000 0.00000000000000 1.00000000000000
  outer loop
   vertex 146.21132034355952 143.14667242128593 4.52942497472077
   vertex 146.88034157934231 143.39017623720284 4.52942497472077
   vertex 147.36499999999782 144.49999999996811 4.52942497472077
  endloop
 endfacet
 facet normal 0.00000000000000 0.00000000000000 1.00000000000000
  outer loop
   vertex 140.51050681070981 144.30901699434304 4.52942497472077
   vertex 140.28927506862735 144.08778525226057 4.52942497472077
   vertex 145.30995047094839 142.07246163734544 4.52942497472077
  endloop
 endfacet
 facet normal 0.00000000000000 0.00000000000000 1.00000000000000
  outer loop
   vertex 145.18632034355954 141.37132034352783 4.52942497472077
   vertex 140.09829206300230 140.99999999996808 4.52942497472077
   vertex 142.86499999999785 139.99999999996805 4.52942497472077
  endloop
 endfacet
 facet normal 0.00000000000000 0.00000000000000 1.00000000000000
  outer loop
   vertex 140.28927506862738 140.41221474767565 4.52942497472077
   vertex 140.51050681070981 140.19098300559315 4.52942497472077
   vertex 140.78927506862732 140.04894348367293 4.52942497472077
  endloop
 endfacet
 facet normal 0.00000000000000 0.00000000000000 1.00000000000000
  outer loop
   vertex 141.09829206300228 139.99999999996805 4.52942497472077
   vertex 140.09829206300230 140.99999999996808 4.52942497472077
   vertex 140.14723554670715 140.69098300559315 4.52942497472077
  endloop
 endfacet
 facet normal 0.00000000000000 0.00000000000000 1.00000000000000
  outer loop
   vertex 146.88034157934231 139.35246444985279 4.52942497472077
   vertex 146.21132034355952 139.59596826576970 4.52942497472077
   vertex 145.71816954888337 137.92705098309295 4.52942497472077
  endloop
 endfacet
 facet normal 0.00000000000000 0.00000000000000 1.00000000000000
  outer loop
   vertex 147.59229910777674 139.35246444985279 4.52942497472077
   vertex 147.93266941344837 48.53404814063402 4.52942497472077
   vertex 148.29733058654895 48.53404814063402 4.52942497472077
  endloop
 endfacet
 facet normal 0.00000000000000 0.00000000000000 1.00000000000000
  outer loop
   vertex 146.88034157934231 139.35246444985279 4.52942497472077
   vertex 147.58999999999867 48.40932667394488 4.52942497472077
   vertex 147.93266941344837 48.53404814063402 4.52942497472077
  endloop
 endfacet
 facet normal 0.00000000000000 0.00000000000000 1.00000000000000
  outer loop
   vertex 147.58999999999867 46.59067332599756 4.52942497472077
   vertex 145.90044258154001 45.23612695000585 4.52942497472077
   vertex 146.04685028257276 44.92499474792794 4.52942497472077
  endloop
 endfacet
 facet normal 0.00000000000000 0.00000000000000 1.00000000000000
  outer loop
   vertex 147.58999999999867 46.59067332599756 4.52942497472077
   vertex 147.31065333472375 46.82507300980035 4.52942497472077
   vertex 145.86499999999776 45.49999999997122 4.52942497472077
  endloop
 endfacet
 facet normal -0.00000000000000 0.00000000000000 1.00000000000000
  outer loop
   vertex 147.59229910777674 143.39017623720284 4.52942497472077
   vertex 148.26132034355953 143.14667242128593 4.52942497472077
   vertex 148.29205098312266 144.35316954885369 4.52942497472077
  endloop
 endfacet
 facet normal 0.00000000000000 0.00000000000000 1.00000000000000
  outer loop
   vertex 140.28927506862735 144.08778525226057 4.52942497472077
   vertex 140.14723554670712 143.80901699434307 4.52942497472077
   vertex 145.30995047094839 142.07246163734544 4.52942497472077
  endloop
 endfacet
 facet normal 0.00000000000000 0.00000000000000 1.00000000000000
  outer loop
   vertex 140.09829206300228 143.49999999996808 4.52942497472077
   vertex 140.09829206300230 140.99999999996808 4.52942497472077
   vertex 145.18632034355954 141.37132034352783 4.52942497472077
  endloop
 endfacet
 facet normal 0.00000000000000 0.00000000000000 1.00000000000000
  outer loop
   vertex 140.09829206300230 140.99999999996808 4.52942497472077
   vertex 141.09829206300228 139.99999999996805 4.52942497472077
   vertex 142.86499999999785 139.99999999996805 4.52942497472077
  endloop
 endfacet
 facet normal 0.00000000000000 0.00000000000000 1.00000000000000
  outer loop
   vertex 140.14723554670715 140.69098300559315 4.52942497472077
   vertex 140.28927506862738 140.41221474767565 4.52942497472077
   vertex 141.09829206300228 139.99999999996805 4.52942497472077
  endloop
 endfacet
 facet normal -0.00000000000000 0.00000000000000 1.00000000000000
  outer loop
   vertex 145.71816954888337 137.92705098309295 4.52942497472077
   vertex 145.86499999999779 136.99999999996805 4.52942497472077
   vertex 146.88034157934231 139.35246444985279 4.52942497472077
  endloop
 endfacet
 facet normal 0.00000000000000 0.00000000000000 1.00000000000000
  outer loop
   vertex 147.93266941344837 48.53404814063402 4.52942497472077
   vertex 147.59229910777674 139.35246444985279 4.52942497472077
   vertex 146.88034157934231 139.35246444985279 4.52942497472077
  endloop
 endfacet
 facet normal -0.00000000000000 0.00000000000000 1.00000000000000
  outer loop
   vertex 145.86499999999776 45.49999999997122 4.52942497472077
   vertex 145.90044258154001 45.23612695000585 4.52942497472077
   vertex 147.58999999999867 46.59067332599756 4.52942497472077
  endloop
 endfacet
 facet normal 0.00000000000000 0.00000000000000 1.00000000000000
  outer loop
   vertex 147.58999999999867 46.59067332599756 4.52942497472077
   vertex 146.60112695003244 44.53544258151343 4.52942497472077
   vertex 146.86499999999779 44.49999999997122 4.52942497472077
  endloop
 endfacet
 facet normal 0.00000000000000 0.00000000000000 1.00000000000000
  outer loop
   vertex 148.63999999999868 46.59067332599756 4.52942497472077
   vertex 150.32955741845564 45.23612695000586 4.52942497472077
   vertex 150.36499999999785 45.49999999997122 4.52942497472077
  endloop
 endfacet
 facet normal 0.00000000000000 0.00000000000000 1.00000000000000
  outer loop
   vertex 148.63999999999868 46.59067332599756 4.52942497472077
   vertex 149.94000525204112 44.68185028254622 4.52942497472077
   vertex 150.18314971742285 44.92499474792795 4.52942497472077
  endloop
 endfacet
 facet normal 0.00000000000000 0.00000000000000 1.00000000000000
  outer loop
   vertex 150.36499999999785 141.49999999996817 4.52942497472077
   vertex 150.21816954888331 142.42705098309304 4.52942497472077
   vertex 149.16269021617066 142.07246163734544 4.52942497472077
  endloop
 endfacet
 facet normal 0.00000000000000 -0.00000000000000 1.00000000000000
  outer loop
   vertex 145.66592923516561 142.68903494338522 4.52942497472077
   vertex 146.21132034355952 143.14667242128593 4.52942497472077
   vertex 141.09829206300230 144.49999999996805 4.52942497472077
  endloop
 endfacet
 facet normal 0.00000000000000 0.00000000000000 1.00000000000000
  outer loop
   vertex 145.30995047094839 142.07246163734544 4.52942497472077
   vertex 140.14723554670712 143.80901699434307 4.52942497472077
   vertex 140.09829206300228 143.49999999996808 4.52942497472077
  endloop
 endfacet
 facet normal -0.00000000000000 -0.00000000000000 1.00000000000000
  outer loop
   vertex 140.78927506862732 140.04894348367293 4.52942497472077
   vertex 141.09829206300228 139.99999999996805 4.52942497472077
   vertex 140.28927506862738 140.41221474767565 4.52942497472077
  endloop
 endfacet
 facet normal 0.00000000000000 0.00000000000000 1.00000000000000
  outer loop
   vertex 145.30995047094839 140.67017904971019 4.52942497472077
   vertex 143.79205098312275 139.85316954885357 4.52942497472077
   vertex 144.62835575687535 139.42705098309295 4.52942497472077
  endloop
 endfacet
 facet normal 0.00000000000000 0.00000000000000 1.00000000000000
  outer loop
   vertex 145.29205098312278 138.76335575684553 4.52942497472077
   vertex 146.21132034355952 139.59596826576970 4.52942497472077
   vertex 145.66592923516561 140.05360574367040 4.52942497472077
  endloop
 endfacet
 facet normal -0.00000000000000 -0.00000000000000 1.00000000000000
  outer loop
   vertex 148.29733058654895 48.53404814063402 4.52942497472077
   vertex 148.63999999999868 48.40932667394488 4.52942497472077
   vertex 147.59229910777674 139.35246444985279 4.52942497472077
  endloop
 endfacet
 facet normal 0.00000000000000 0.00000000000000 1.00000000000000
  outer loop
   vertex 148.63999999999868 48.40932667394488 4.52942497472077
   vertex 150.36499999999785 141.49999999996817 4.52942497472077
   vertex 149.16269021617066 140.67017904971019 4.52942497472077
  endloop
 endfacet
 facet normal -0.00000000000000 0.00000000000000 1.00000000000000
  outer loop
   vertex 146.04685028257276 44.92499474792794 4.52942497472077
   vertex 146.28999474795452 44.68185028254620 4.52942497472077
   vertex 147.58999999999867 46.59067332599756 4.52942497472077
  endloop
 endfacet
 facet normal 0.00000000000000 0.00000000000000 1.00000000000000
  outer loop
   vertex 147.58999999999867 46.59067332599756 4.52942497472077
   vertex 146.28999474795452 44.68185028254620 4.52942497472077
   vertex 146.60112695003244 44.53544258151343 4.52942497472077
  endloop
 endfacet
 facet normal 0.00000000000000 0.00000000000000 1.00000000000000
  outer loop
   vertex 148.63999999999868 46.59067332599756 4.52942497472077
   vertex 148.29733058654895 46.46595185930840 4.52942497472077
   vertex 149.36499999999785 44.49999999997122 4.52942497472077
  endloop
 endfacet
 facet normal 0.00000000000000 -0.00000000000000 1.00000000000000
  outer loop
   vertex 150.18314971742285 44.92499474792795 4.52942497472077
   vertex 150.32955741845564 45.23612695000586 4.52942497472077
   vertex 148.63999999999868 46.59067332599756 4.52942497472077
  endloop
 endfacet
 facet normal 0.00000000000000 0.00000000000000 1.00000000000000
  outer loop
   vertex 149.16269021617066 142.07246163734544 4.52942497472077
   vertex 150.21816954888331 142.42705098309304 4.52942497472077
   vertex 149.79205098312269 143.26335575684561 4.52942497472077
  endloop
 endfacet
 facet normal 0.00000000000000 0.00000000000000 1.00000000000000
  outer loop
   vertex 142.86499999999785 139.99999999996805 4.52942497472077
   vertex 145.30995047094839 140.67017904971019 4.52942497472077
   vertex 145.18632034355954 141.37132034352783 4.52942497472077
  endloop
 endfacet
 facet normal 0.00000000000000 0.00000000000000 1.00000000000000
  outer loop
   vertex 145.30995047094839 140.67017904971019 4.52942497472077
   vertex 142.86499999999785 139.99999999996805 4.52942497472077
   vertex 143.79205098312275 139.85316954885357 4.52942497472077
  endloop
 endfacet
 facet normal 0.00000000000000 0.00000000000000 1.00000000000000
  outer loop
   vertex 145.66592923516561 140.05360574367040 4.52942497472077
   vertex 144.62835575687535 139.42705098309295 4.52942497472077
   vertex 145.29205098312278 138.76335575684553 4.52942497472077
  endloop
 endfacet
 facet normal 0.00000000000000 0.00000000000000 1.00000000000000
  outer loop
   vertex 148.63999999999868 48.40932667394488 4.52942497472077
   vertex 148.26132034355953 139.59596826576970 4.52942497472077
   vertex 147.59229910777674 139.35246444985279 4.52942497472077
  endloop
 endfacet
 facet normal 0.00000000000000 0.00000000000000 1.00000000000000
  outer loop
   vertex 149.16269021617066 140.67017904971019 4.52942497472077
   vertex 148.80671145195345 140.05360574367040 4.52942497472077
   vertex 148.63999999999868 48.40932667394488 4.52942497472077
  endloop
 endfacet
 facet normal 0.00000000000000 0.00000000000000 1.00000000000000
  outer loop
   vertex 145.86499999999776 45.49999999997122 4.52942497472077
   vertex 147.06499999999866 47.49999999997122 4.52942497472077
   vertex 147.12832274817347 47.85912115046316 4.52942497472077
  endloop
 endfacet
 facet normal 0.00000000000000 0.00000000000000 1.00000000000000
  outer loop
   vertex 146.86499999999779 44.49999999997122 4.52942497472077
   vertex 147.93266941344837 46.46595185930840 4.52942497472077
   vertex 147.58999999999867 46.59067332599756 4.52942497472077
  endloop
 endfacet
 facet normal 0.00000000000000 0.00000000000000 1.00000000000000
  outer loop
   vertex 149.36499999999785 44.49999999997122 4.52942497472077
   vertex 148.29733058654895 46.46595185930840 4.52942497472077
   vertex 147.93266941344837 46.46595185930840 4.52942497472077
  endloop
 endfacet
 facet normal 0.00000000000000 -0.00000000000000 1.00000000000000
  outer loop
   vertex 149.36499999999785 44.49999999997122 4.52942497472077
   vertex 149.62887304996320 44.53544258151345 4.52942497472077
   vertex 148.63999999999868 46.59067332599756 4.52942497472077
  endloop
 endfacet
 facet normal 0.00000000000000 0.00000000000000 1.00000000000000
  outer loop
   vertex 150.36499999999785 45.49999999997122 4.52942497472077
   vertex 149.10167725182387 47.14087884947926 4.52942497472077
   vertex 148.91934666527359 46.82507300980035 4.52942497472077
  endloop
 endfacet
 facet normal 0.00000000000000 -0.00000000000000 1.00000000000000
  outer loop
   vertex 145.18632034355954 141.37132034352783 4.52942497472077
   vertex 145.30995047094839 142.07246163734544 4.52942497472077
   vertex 140.09829206300228 143.49999999996808 4.52942497472077
  endloop
 endfacet
 facet normal -0.00000000000000 0.00000000000000 1.00000000000000
  outer loop
   vertex 145.29205098312278 138.76335575684553 4.52942497472077
   vertex 145.71816954888337 137.92705098309295 4.52942497472077
   vertex 146.21132034355952 139.59596826576970 4.52942497472077
  endloop
 endfacet
 facet normal 0.00000000000000 0.00000000000000 1.00000000000000
  outer loop
   vertex 148.80671145195345 140.05360574367040 4.52942497472077
   vertex 148.26132034355953 139.59596826576970 4.52942497472077
   vertex 148.63999999999868 48.40932667394488 4.52942497472077
  endloop
 endfacet
 facet normal 0.00000000000000 0.00000000000000 1.00000000000000
  outer loop
   vertex 145.86499999999779 136.99999999996805 4.52942497472077
   vertex 147.12832274817347 47.85912115046316 4.52942497472077
   vertex 147.31065333472375 48.17492699014207 4.52942497472077
  endloop
 endfacet
 facet normal 0.00000000000000 0.00000000000000 1.00000000000000
  outer loop
   vertex 145.86499999999776 45.49999999997122 4.52942497472077
   vertex 147.12832274817347 47.14087884947926 4.52942497472077
   vertex 147.06499999999866 47.49999999997122 4.52942497472077
  endloop
 endfacet
 facet normal 0.00000000000000 0.00000000000000 1.00000000000000
  outer loop
   vertex 147.93266941344837 46.46595185930840 4.52942497472077
   vertex 146.86499999999779 44.49999999997122 4.52942497472077
   vertex 149.36499999999785 44.49999999997122 4.52942497472077
  endloop
 endfacet
 facet normal 0.00000000000000 0.00000000000000 1.00000000000000
  outer loop
   vertex 150.36499999999785 45.49999999997122 4.52942497472077
   vertex 148.91934666527359 46.82507300980035 4.52942497472077
   vertex 148.63999999999868 46.59067332599756 4.52942497472077
  endloop
 endfacet
 facet normal 0.00000000000000 -0.00000000000000 1.00000000000000
  outer loop
   vertex 150.36499999999785 45.49999999997122 4.52942497472077
   vertex 150.36499999999785 141.49999999996817 4.52942497472077
   vertex 149.10167725182387 47.85912115046316 4.52942497472077
  endloop
 endfacet
 facet normal 0.00000000000000 0.00000000000000 1.00000000000000
  outer loop
   vertex 150.36499999999785 141.49999999996817 4.52942497472077
   vertex 148.63999999999868 48.40932667394488 4.52942497472077
   vertex 148.91934666527359 48.17492699014207 4.52942497472077
  endloop
 endfacet
 facet normal 0.00000000000000 0.00000000000000 1.00000000000000
  outer loop
   vertex 144.62835575687535 139.42705098309295 4.52942497472077
   vertex 145.66592923516561 140.05360574367040 4.52942497472077
   vertex 145.30995047094839 140.67017904971019 4.52942497472077
  endloop
 endfacet
 facet normal 0.00000000000000 0.00000000000000 1.00000000000000
  outer loop
   vertex 150.36499999999785 141.49999999996817 4.52942497472077
   vertex 149.28632034355954 141.37132034352783 4.52942497472077
   vertex 149.16269021617066 140.67017904971019 4.52942497472077
  endloop
 endfacet
 facet normal 0.00000000000000 0.00000000000000 1.00000000000000
  outer loop
   vertex 147.12832274817347 47.85912115046316 4.52942497472077
   vertex 145.86499999999779 136.99999999996805 4.52942497472077
   vertex 145.86499999999776 45.49999999997122 4.52942497472077
  endloop
 endfacet
 facet normal 0.00000000000000 -0.00000000000000 1.00000000000000
  outer loop
   vertex 149.62887304996320 44.53544258151345 4.52942497472077
   vertex 149.94000525204112 44.68185028254622 4.52942497472077
   vertex 148.63999999999868 46.59067332599756 4.52942497472077
  endloop
 endfacet
 facet normal -0.00000000000000 0.00000000000000 1.00000000000000
  outer loop
   vertex 148.91934666527359 48.17492699014207 4.52942497472077
   vertex 149.10167725182387 47.85912115046316 4.52942497472077
   vertex 150.36499999999785 141.49999999996817 4.52942497472077
  endloop
 endfacet
 facet normal -0.00000000000000 0.00000000000000 1.00000000000000
  outer loop
   vertex 145.86499999999779 136.99999999996805 4.52942497472077
   vertex 147.58999999999867 48.40932667394488 4.52942497472077
   vertex 146.88034157934231 139.35246444985279 4.52942497472077
  endloop
 endfacet
 facet normal 0.00000000000000 0.00000000000000 1.00000000000000
  outer loop
   vertex 147.31065333472375 46.82507300980035 4.52942497472077
   vertex 147.12832274817347 47.14087884947926 4.52942497472077
   vertex 145.86499999999776 45.49999999997122 4.52942497472077
  endloop
 endfacet
 facet normal 0.00000000000000 0.00000000000000 1.00000000000000
  outer loop
   vertex 149.16269021617066 142.07246163734544 4.52942497472077
   vertex 149.28632034355954 141.37132034352783 4.52942497472077
   vertex 150.36499999999785 141.49999999996817 4.52942497472077
  endloop
 endfacet
 facet normal 0.00000000000000 0.00000000000000 1.00000000000000
  outer loop
   vertex 150.36499999999785 45.49999999997122 4.52942497472077
   vertex 149.16499999999866 47.49999999997122 4.52942497472077
   vertex 149.10167725182387 47.14087884947926 4.52942497472077
  endloop
 endfacet
 facet normal 0.00000000000000 -0.00000000000000 1.00000000000000
  outer loop
   vertex 147.31065333472375 48.17492699014207 4.52942497472077
   vertex 147.58999999999867 48.40932667394488 4.52942497472077
   vertex 145.86499999999779 136.99999999996805 4.52942497472077
  endloop
 endfacet
 facet normal 0.00000000000000 0.00000000000000 1.00000000000000
  outer loop
   vertex 149.10167725182387 47.85912115046316 4.52942497472077
   vertex 149.16499999999866 47.49999999997122 4.52942497472077
   vertex 150.36499999999785 45.49999999997122 4.52942497472077
  endloop
 endfacet
 facet normal 0.98480775301222 0.17364817766687 -0.00000000000000
  outer loop
   vertex 145.30995047094839 140.67017904971019 1.52942497472077
   vertex 145.18632034355954 141.37132034352783 1.52942497472077
   vertex 145.18632034355954 141.37132034352783 4.52942497472077
  endloop
 endfacet
 facet normal 0.86602540378443 0.50000000000001 -0.00000000000000
  outer loop
   vertex 145.66592923516561 140.05360574367040 1.52942497472077
   vertex 145.30995047094839 140.67017904971019 1.52942497472077
   vertex 145.30995047094839 140.67017904971019 4.52942497472077
  endloop
 endfacet
 facet normal 0.64278760968654 0.76604444311898 0.00000000000000
  outer loop
   vertex 146.21132034355952 139.59596826576970 1.52942497472077
   vertex 145.66592923516561 140.05360574367040 1.52942497472077
   vertex 145.66592923516561 140.05360574367040 4.52942497472077
  endloop
 endfacet
 facet normal 0.34202014332565 0.93969262078592 -0.00000000000000
  outer loop
   vertex 146.88034157934231 139.35246444985279 1.52942497472077
   vertex 146.21132034355952 139.59596826576970 1.52942497472077
   vertex 146.21132034355952 139.59596826576970 4.52942497472077
  endloop
 endfacet
 facet normal 0.00000000000000 1.00000000000000 0.00000000000000
  outer loop
   vertex 147.59229910777674 139.35246444985279 1.52942497472077
   vertex 146.88034157934231 139.35246444985279 1.52942497472077
   vertex 146.88034157934231 139.35246444985279 4.52942497472077
  endloop
 endfacet
 facet normal -0.34202014332565 0.93969262078592 0.00000000000000
  outer loop
   vertex 148.26132034355953 139.59596826576970 1.52942497472077
   vertex 147.59229910777674 139.35246444985279 1.52942497472077
   vertex 147.59229910777674 139.35246444985279 4.52942497472077
  endloop
 endfacet
 facet normal -0.64278760968654 0.76604444311898 -0.00000000000000
  outer loop
   vertex 148.80671145195345 140.05360574367040 1.52942497472077
   vertex 148.26132034355953 139.59596826576970 1.52942497472077
   vertex 148.26132034355953 139.59596826576970 4.52942497472077
  endloop
 endfacet
 facet normal -0.86602540378443 0.50000000000001 0.00000000000000
  outer loop
   vertex 149.16269021617066 140.67017904971019 1.52942497472077
   vertex 148.80671145195345 140.05360574367040 1.52942497472077
   vertex 148.80671145195345 140.05360574367040 4.52942497472077
  endloop
 endfacet
 facet normal -0.98480775301221 0.17364817766691 0.00000000000000
  outer loop
   vertex 149.28632034355954 141.37132034352783 1.52942497472077
   vertex 149.16269021617066 140.67017904971019 1.52942497472077
   vertex 149.16269021617066 140.67017904971019 4.52942497472077
  endloop
 endfacet
 facet normal -0.98480775301221 -0.17364817766692 0.00000000000000
  outer loop
   vertex 149.16269021617066 142.07246163734544 1.52942497472077
   vertex 149.28632034355954 141.37132034352783 1.52942497472077
   vertex 149.28632034355954 141.37132034352783 4.52942497472077
  endloop
 endfacet
 facet normal -0.86602540378443 -0.50000000000001 -0.00000000000000
  outer loop
   vertex 148.80671145195345 142.68903494338522 1.52942497472077
   vertex 149.16269021617066 142.07246163734544 1.52942497472077
   vertex 149.16269021617066 142.07246163734544 4.52942497472077
  endloop
 endfacet
 facet normal -0.64278760968654 -0.76604444311898 0.00000000000000
  outer loop
   vertex 148.26132034355953 143.14667242128593 1.52942497472077
   vertex 148.80671145195345 142.68903494338522 1.52942497472077
   vertex 148.80671145195345 142.68903494338522 4.52942497472077
  endloop
 endfacet
 facet normal -0.34202014332565 -0.93969262078592 -0.00000000000000
  outer loop
   vertex 147.59229910777674 143.39017623720284 1.52942497472077
   vertex 148.26132034355953 143.14667242128593 1.52942497472077
   vertex 148.26132034355953 143.14667242128593 4.52942497472077
  endloop
 endfacet
 facet normal 0.00000000000000 -1.00000000000000 0.00000000000000
  outer loop
   vertex 146.88034157934231 143.39017623720284 1.52942497472077
   vertex 147.59229910777674 143.39017623720284 1.52942497472077
   vertex 147.59229910777674 143.39017623720284 4.52942497472077
  endloop
 endfacet
 facet normal 0.34202014332565 -0.93969262078592 0.00000000000000
  outer loop
   vertex 146.21132034355952 143.14667242128593 1.52942497472077
   vertex 146.88034157934231 143.39017623720284 1.52942497472077
   vertex 146.88034157934231 143.39017623720284 4.52942497472077
  endloop
 endfacet
 facet normal 0.64278760968654 -0.76604444311898 -0.00000000000000
  outer loop
   vertex 145.66592923516561 142.68903494338522 1.52942497472077
   vertex 146.21132034355952 143.14667242128593 1.52942497472077
   vertex 146.21132034355952 143.14667242128593 4.52942497472077
  endloop
 endfacet
 facet normal 0.86602540378443 -0.50000000000001 0.00000000000000
  outer loop
   vertex 145.30995047094839 142.07246163734544 1.52942497472077
   vertex 145.66592923516561 142.68903494338522 1.52942497472077
   vertex 145.66592923516561 142.68903494338522 4.52942497472077
  endloop
 endfacet
 facet normal 0.98480775301222 -0.17364817766688 0.00000000000000
  outer loop
   vertex 145.18632034355954 141.37132034352783 1.52942497472077
   vertex 145.30995047094839 142.07246163734544 1.52942497472077
   vertex 145.30995047094839 142.07246163734544 4.52942497472077
  endloop
 endfacet
 facet normal 0.98480775301222 -0.17364817766688 0.00000000000000
  outer loop
   vertex 145.30995047094839 142.07246163734544 4.52942497472077
   vertex 145.18632034355954 141.37132034352783 4.52942497472077
   vertex 145.18632034355954 141.37132034352783 1.52942497472077
  endloop
 endfacet
 facet normal 0.86602540378443 -0.50000000000001 0.00000000000000
  outer loop
   vertex 145.66592923516561 142.68903494338522 4.52942497472077
   vertex 145.30995047094839 142.07246163734544 4.52942497472077
   vertex 145.30995047094839 142.07246163734544 1.52942497472077
  endloop
 endfacet
 facet normal 0.64278760968654 -0.76604444311898 -0.00000000000000
  outer loop
   vertex 146.21132034355952 143.14667242128593 4.52942497472077
   vertex 145.66592923516561 142.68903494338522 4.52942497472077
   vertex 145.66592923516561 142.68903494338522 1.52942497472077
  endloop
 endfacet
 facet normal 0.34202014332565 -0.93969262078592 0.00000000000000
  outer loop
   vertex 146.88034157934231 143.39017623720284 4.52942497472077
   vertex 146.21132034355952 143.14667242128593 4.52942497472077
   vertex 146.21132034355952 143.14667242128593 1.52942497472077
  endloop
 endfacet
 facet normal -0.00000000000000 -1.00000000000000 0.00000000000000
  outer loop
   vertex 147.59229910777674 143.39017623720284 4.52942497472077
   vertex 146.88034157934231 143.39017623720284 4.52942497472077
   vertex 146.88034157934231 143.39017623720284 1.52942497472077
  endloop
 endfacet
 facet normal -0.34202014332565 -0.93969262078592 -0.00000000000000
  outer loop
   vertex 148.26132034355953 143.14667242128593 4.52942497472077
   vertex 147.59229910777674 143.39017623720284 4.52942497472077
   vertex 147.59229910777674 143.39017623720284 1.52942497472077
  endloop
 endfacet
 facet normal -0.64278760968654 -0.76604444311898 0.00000000000000
  outer loop
   vertex 148.80671145195345 142.68903494338522 4.52942497472077
   vertex 148.26132034355953 143.14667242128593 4.52942497472077
   vertex 148.26132034355953 143.14667242128593 1.52942497472077
  endloop
 endfacet
 facet normal -0.86602540378443 -0.50000000000001 -0.00000000000000
  outer loop
   vertex 149.16269021617066 142.07246163734544 4.52942497472077
   vertex 148.80671145195345 142.68903494338522 4.52942497472077
   vertex 148.80671145195345 142.68903494338522 1.52942497472077
  endloop
 endfacet
 facet normal -0.98480775301221 -0.17364817766692 0.00000000000000
  outer loop
   vertex 149.28632034355954 141.37132034352783 4.52942497472077
   vertex 149.16269021617066 142.07246163734544 4.52942497472077
   vertex 149.16269021617066 142.07246163734544 1.52942497472077
  endloop
 endfacet
 facet normal -0.98480775301221 0.17364817766691 0.00000000000000
  outer loop
   vertex 149.16269021617066 140.67017904971019 4.52942497472077
   vertex 149.28632034355954 141.37132034352783 4.52942497472077
   vertex 149.28632034355954 141.37132034352783 1.52942497472077
  endloop
 endfacet
 facet normal -0.86602540378443 0.50000000000001 0.00000000000000
  outer loop
   vertex 148.80671145195345 140.05360574367040 4.52942497472077
   vertex 149.16269021617066 140.67017904971019 4.52942497472077
   vertex 149.16269021617066 140.67017904971019 1.52942497472077
  endloop
 endfacet
 facet normal -0.64278760968654 0.76604444311898 -0.00000000000000
  outer loop
   vertex 148.26132034355953 139.59596826576970 4.52942497472077
   vertex 148.80671145195345 140.05360574367040 4.52942497472077
   vertex 148.80671145195345 140.05360574367040 1.52942497472077
  endloop
 endfacet
 facet normal -0.34202014332565 0.93969262078592 0.00000000000000
  outer loop
   vertex 147.59229910777674 139.35246444985279 4.52942497472077
   vertex 148.26132034355953 139.59596826576970 4.52942497472077
   vertex 148.26132034355953 139.59596826576970 1.52942497472077
  endloop
 endfacet
 facet normal -0.00000000000000 1.00000000000000 0.00000000000000
  outer loop
   vertex 146.88034157934231 139.35246444985279 4.52942497472077
   vertex 147.59229910777674 139.35246444985279 4.52942497472077
   vertex 147.59229910777674 139.35246444985279 1.52942497472077
  endloop
 endfacet
 facet normal 0.34202014332565 0.93969262078592 -0.00000000000000
  outer loop
   vertex 146.21132034355952 139.59596826576970 4.52942497472077
   vertex 146.88034157934231 139.35246444985279 4.52942497472077
   vertex 146.88034157934231 139.35246444985279 1.52942497472077
  endloop
 endfacet
 facet normal 0.64278760968654 0.76604444311898 0.00000000000000
  outer loop
   vertex 145.66592923516561 140.05360574367040 4.52942497472077
   vertex 146.21132034355952 139.59596826576970 4.52942497472077
   vertex 146.21132034355952 139.59596826576970 1.52942497472077
  endloop
 endfacet
 facet normal 0.86602540378443 0.50000000000001 -0.00000000000000
  outer loop
   vertex 145.30995047094839 140.67017904971019 4.52942497472077
   vertex 145.66592923516561 140.05360574367040 4.52942497472077
   vertex 145.66592923516561 140.05360574367040 1.52942497472077
  endloop
 endfacet
 facet normal 0.98480775301222 0.17364817766687 -0.00000000000000
  outer loop
   vertex 145.18632034355954 141.37132034352783 4.52942497472077
   vertex 145.30995047094839 140.67017904971019 4.52942497472077
   vertex 145.30995047094839 140.67017904971019 1.52942497472077
  endloop
 endfacet
 facet normal 0.00000000000000 0.00000000000000 1.00000000000000
  outer loop
   vertex 147.23632034355953 141.37132034352783 1.52942497472077
   vertex 149.16269021617066 142.07246163734544 1.52942497472077
   vertex 148.80671145195345 142.68903494338522 1.52942497472077
  endloop
 endfacet
 facet normal 0.00000000000000 0.00000000000000 1.00000000000000
  outer loop
   vertex 148.80671145195345 142.68903494338522 1.52942497472077
   vertex 148.26132034355953 143.14667242128593 1.52942497472077
   vertex 147.23632034355953 141.37132034352783 1.52942497472077
  endloop
 endfacet
 facet normal 0.00000000000000 0.00000000000000 1.00000000000000
  outer loop
   vertex 148.26132034355953 143.14667242128593 1.52942497472077
   vertex 147.59229910777674 143.39017623720284 1.52942497472077
   vertex 147.23632034355953 141.37132034352783 1.52942497472077
  endloop
 endfacet
 facet normal 0.00000000000000 0.00000000000000 1.00000000000000
  outer loop
   vertex 147.59229910777674 143.39017623720284 1.52942497472077
   vertex 146.88034157934231 143.39017623720284 1.52942497472077
   vertex 147.23632034355953 141.37132034352783 1.52942497472077
  endloop
 endfacet
 facet normal 0.00000000000000 0.00000000000000 1.00000000000000
  outer loop
   vertex 146.88034157934231 143.39017623720284 1.52942497472077
   vertex 146.21132034355952 143.14667242128593 1.52942497472077
   vertex 147.23632034355953 141.37132034352783 1.52942497472077
  endloop
 endfacet
 facet normal 0.00000000000000 0.00000000000000 1.00000000000000
  outer loop
   vertex 146.21132034355952 143.14667242128593 1.52942497472077
   vertex 145.66592923516561 142.68903494338522 1.52942497472077
   vertex 147.23632034355953 141.37132034352783 1.52942497472077
  endloop
 endfacet
 facet normal 0.00000000000000 0.00000000000000 1.00000000000000
  outer loop
   vertex 145.66592923516561 142.68903494338522 1.52942497472077
   vertex 145.30995047094839 142.07246163734544 1.52942497472077
   vertex 147.23632034355953 141.37132034352783 1.52942497472077
  endloop
 endfacet
 facet normal 0.00000000000000 0.00000000000000 1.00000000000000
  outer loop
   vertex 145.30995047094839 142.07246163734544 1.52942497472077
   vertex 145.18632034355954 141.37132034352783 1.52942497472077
   vertex 147.23632034355953 141.37132034352783 1.52942497472077
  endloop
 endfacet
 facet normal -0.00000000000000 0.00000000000000 1.00000000000000
  outer loop
   vertex 145.18632034355954 141.37132034352783 1.52942497472077
   vertex 145.30995047094839 140.67017904971019 1.52942497472077
   vertex 147.23632034355953 141.37132034352783 1.52942497472077
  endloop
 endfacet
 facet normal -0.00000000000000 0.00000000000000 1.00000000000000
  outer loop
   vertex 145.30995047094839 140.67017904971019 1.52942497472077
   vertex 145.66592923516561 140.05360574367040 1.52942497472077
   vertex 147.23632034355953 141.37132034352783 1.52942497472077
  endloop
 endfacet
 facet normal -0.00000000000000 0.00000000000000 1.00000000000000
  outer loop
   vertex 145.66592923516561 140.05360574367040 1.52942497472077
   vertex 146.21132034355952 139.59596826576970 1.52942497472077
   vertex 147.23632034355953 141.37132034352783 1.52942497472077
  endloop
 endfacet
 facet normal -0.00000000000000 0.00000000000000 1.00000000000000
  outer loop
   vertex 146.21132034355952 139.59596826576970 1.52942497472077
   vertex 146.88034157934231 139.35246444985279 1.52942497472077
   vertex 147.23632034355953 141.37132034352783 1.52942497472077
  endloop
 endfacet
 facet normal 0.00000000000000 0.00000000000000 1.00000000000000
  outer loop
   vertex 146.88034157934231 139.35246444985279 1.52942497472077
   vertex 147.59229910777674 139.35246444985279 1.52942497472077
   vertex 147.23632034355953 141.37132034352783 1.52942497472077
  endloop
 endfacet
 facet normal 0.00000000000000 -0.00000000000000 1.00000000000000
  outer loop
   vertex 147.59229910777674 139.35246444985279 1.52942497472077
   vertex 148.26132034355953 139.59596826576970 1.52942497472077
   vertex 147.23632034355953 141.37132034352783 1.52942497472077
  endloop
 endfacet
 facet normal 0.00000000000000 -0.00000000000000 1.00000000000000
  outer loop
   vertex 148.26132034355953 139.59596826576970 1.52942497472077
   vertex 148.80671145195345 140.05360574367040 1.52942497472077
   vertex 147.23632034355953 141.37132034352783 1.52942497472077
  endloop
 endfacet
 facet normal 0.00000000000000 -0.00000000000000 1.00000000000000
  outer loop
   vertex 148.80671145195345 140.05360574367040 1.52942497472077
   vertex 149.16269021617066 140.67017904971019 1.52942497472077
   vertex 147.23632034355953 141.37132034352783 1.52942497472077
  endloop
 endfacet
 facet normal 0.00000000000000 0.00000000000000 1.00000000000000
  outer loop
   vertex 149.16269021617066 140.67017904971019 1.52942497472077
   vertex 149.28632034355954 141.37132034352783 1.52942497472077
   vertex 147.23632034355953 141.37132034352783 1.52942497472077
  endloop
 endfacet
 facet normal 0.00000000000000 -0.00000000000000 1.00000000000000
  outer loop
   vertex 149.28632034355954 141.37132034352783 1.52942497472077
   vertex 149.16269021617066 142.07246163734544 1.52942497472077
   vertex 147.23632034355953 141.37132034352783 1.52942497472077
  endloop
 endfacet
 facet normal 0.98480775301220 0.17364817766697 -0.00000000000000
  outer loop
   vertex 147.12832274817347 47.14087884947926 1.52942497472077
   vertex 147.06499999999866 47.49999999997122 1.52942497472077
   vertex 147.06499999999866 47.49999999997122 4.52942497472077
  endloop
 endfacet
 facet normal 0.86602540378443 0.50000000000001 0.00000000000000
  outer loop
   vertex 147.31065333472375 46.82507300980035 1.52942497472077
   vertex 147.12832274817347 47.14087884947926 1.52942497472077
   vertex 147.12832274817347 47.14087884947926 4.52942497472077
  endloop
 endfacet
 facet normal 0.64278760968656 0.76604444311896 -0.00000000000000
  outer loop
   vertex 147.58999999999867 46.59067332599755 1.52942497472077
   vertex 147.31065333472375 46.82507300980035 1.52942497472077
   vertex 147.31065333472375 46.82507300980035 4.52942497472077
  endloop
 endfacet
 facet normal 0.34202014332566 0.93969262078591 0.00000000000000
  outer loop
   vertex 147.93266941344837 46.46595185930840 1.52942497472077
   vertex 147.58999999999867 46.59067332599755 1.52942497472077
   vertex 147.58999999999867 46.59067332599755 4.52942497472077
  endloop
 endfacet
 facet normal 0.00000000000000 1.00000000000000 0.00000000000000
  outer loop
   vertex 148.29733058654895 46.46595185930840 1.52942497472077
   vertex 147.93266941344837 46.46595185930840 1.52942497472077
   vertex 147.93266941344837 46.46595185930840 4.52942497472077
  endloop
 endfacet
 facet normal -0.34202014332563 0.93969262078592 -0.00000000000000
  outer loop
   vertex 148.63999999999868 46.59067332599755 1.52942497472077
   vertex 148.29733058654895 46.46595185930840 1.52942497472077
   vertex 148.29733058654895 46.46595185930840 4.52942497472077
  endloop
 endfacet
 facet normal -0.64278760968656 0.76604444311896 0.00000000000000
  outer loop
   vertex 148.91934666527359 46.82507300980035 1.52942497472077
   vertex 148.63999999999868 46.59067332599755 1.52942497472077
   vertex 148.63999999999868 46.59067332599755 4.52942497472077
  endloop
 endfacet
 facet normal -0.86602540378443 0.50000000000001 -0.00000000000000
  outer loop
   vertex 149.10167725182387 47.14087884947926 1.52942497472077
   vertex 148.91934666527359 46.82507300980035 1.52942497472077
   vertex 148.91934666527359 46.82507300980035 4.52942497472077
  endloop
 endfacet
 facet normal -0.98480775301221 0.17364817766689 0.00000000000000
  outer loop
   vertex 149.16499999999866 47.49999999997122 1.52942497472077
   vertex 149.10167725182387 47.14087884947926 1.52942497472077
   vertex 149.10167725182387 47.14087884947926 4.52942497472077
  endloop
 endfacet
 facet normal -0.98480775301221 -0.17364817766690 0.00000000000000
  outer loop
   vertex 149.10167725182387 47.85912115046316 1.52942497472077
   vertex 149.16499999999866 47.49999999997122 1.52942497472077
   vertex 149.16499999999866 47.49999999997122 4.52942497472077
  endloop
 endfacet
 facet normal -0.86602540378443 -0.50000000000001 0.00000000000000
  outer loop
   vertex 148.91934666527359 48.17492699014207 1.52942497472077
   vertex 149.10167725182387 47.85912115046316 1.52942497472077
   vertex 149.10167725182387 47.85912115046316 4.52942497472077
  endloop
 endfacet
 facet normal -0.64278760968656 -0.76604444311896 -0.00000000000000
  outer loop
   vertex 148.63999999999868 48.40932667394487 1.52942497472077
   vertex 148.91934666527359 48.17492699014207 1.52942497472077
   vertex 148.91934666527359 48.17492699014207 4.52942497472077
  endloop
 endfacet
 facet normal -0.34202014332565 -0.93969262078591 0.00000000000000
  outer loop
   vertex 148.29733058654895 48.53404814063402 1.52942497472077
   vertex 148.63999999999868 48.40932667394487 1.52942497472077
   vertex 148.63999999999868 48.40932667394487 4.52942497472077
  endloop
 endfacet
 facet normal 0.00000000000000 -1.00000000000000 0.00000000000000
  outer loop
   vertex 147.93266941344837 48.53404814063402 1.52942497472077
   vertex 148.29733058654895 48.53404814063402 1.52942497472077
   vertex 148.29733058654895 48.53404814063402 4.52942497472077
  endloop
 endfacet
 facet normal 0.34202014332568 -0.93969262078591 0.00000000000000
  outer loop
   vertex 147.58999999999867 48.40932667394487 1.52942497472077
   vertex 147.93266941344837 48.53404814063402 1.52942497472077
   vertex 147.93266941344837 48.53404814063402 4.52942497472077
  endloop
 endfacet
 facet normal 0.64278760968656 -0.76604444311896 0.00000000000000
  outer loop
   vertex 147.31065333472375 48.17492699014207 1.52942497472077
   vertex 147.58999999999867 48.40932667394487 1.52942497472077
   vertex 147.58999999999867 48.40932667394487 4.52942497472077
  endloop
 endfacet
 facet normal 0.86602540378443 -0.50000000000001 -0.00000000000000
  outer loop
   vertex 147.12832274817347 47.85912115046316 1.52942497472077
   vertex 147.31065333472375 48.17492699014207 1.52942497472077
   vertex 147.31065333472375 48.17492699014207 4.52942497472077
  endloop
 endfacet
 facet normal 0.98480775301220 -0.17364817766698 -0.00000000000000
  outer loop
   vertex 147.06499999999866 47.49999999997122 1.52942497472077
   vertex 147.12832274817347 47.85912115046316 1.52942497472077
   vertex 147.12832274817347 47.85912115046316 4.52942497472077
  endloop
 endfacet
 facet normal 0.98480775301220 -0.17364817766698 -0.00000000000000
  outer loop
   vertex 147.12832274817347 47.85912115046316 4.52942497472077
   vertex 147.06499999999866 47.49999999997122 4.52942497472077
   vertex 147.06499999999866 47.49999999997122 1.52942497472077
  endloop
 endfacet
 facet normal 0.86602540378443 -0.50000000000001 -0.00000000000000
  outer loop
   vertex 147.31065333472375 48.17492699014207 4.52942497472077
   vertex 147.12832274817347 47.85912115046316 4.52942497472077
   vertex 147.12832274817347 47.85912115046316 1.52942497472077
  endloop
 endfacet
 facet normal 0.64278760968656 -0.76604444311896 0.00000000000000
  outer loop
   vertex 147.58999999999867 48.40932667394487 4.52942497472077
   vertex 147.31065333472375 48.17492699014207 4.52942497472077
   vertex 147.31065333472375 48.17492699014207 1.52942497472077
  endloop
 endfacet
 facet normal 0.34202014332568 -0.93969262078591 0.00000000000000
  outer loop
   vertex 147.93266941344837 48.53404814063402 4.52942497472077
   vertex 147.58999999999867 48.40932667394487 4.52942497472077
   vertex 147.58999999999867 48.40932667394487 1.52942497472077
  endloop
 endfacet
 facet normal -0.00000000000000 -1.00000000000000 0.00000000000000
  outer loop
   vertex 148.29733058654895 48.53404814063402 4.52942497472077
   vertex 147.93266941344837 48.53404814063402 4.52942497472077
   vertex 147.93266941344837 48.53404814063402 1.52942497472077
  endloop
 endfacet
 facet normal -0.34202014332565 -0.93969262078591 0.00000000000000
  outer loop
   vertex 148.63999999999868 48.40932667394487 4.52942497472077
   vertex 148.29733058654895 48.53404814063402 4.52942497472077
   vertex 148.29733058654895 48.53404814063402 1.52942497472077
  endloop
 endfacet
 facet normal -0.64278760968656 -0.76604444311896 -0.00000000000000
  outer loop
   vertex 148.91934666527359 48.17492699014207 4.52942497472077
   vertex 148.63999999999868 48.40932667394487 4.52942497472077
   vertex 148.63999999999868 48.40932667394487 1.52942497472077
  endloop
 endfacet
 facet normal -0.86602540378443 -0.50000000000001 0.00000000000000
  outer loop
   vertex 149.10167725182387 47.85912115046316 4.52942497472077
   vertex 148.91934666527359 48.17492699014207 4.52942497472077
   vertex 148.91934666527359 48.17492699014207 1.52942497472077
  endloop
 endfacet
 facet normal -0.98480775301221 -0.17364817766690 0.00000000000000
  outer loop
   vertex 149.16499999999866 47.49999999997122 4.52942497472077
   vertex 149.10167725182387 47.85912115046316 4.52942497472077
   vertex 149.10167725182387 47.85912115046316 1.52942497472077
  endloop
 endfacet
 facet normal -0.98480775301221 0.17364817766689 0.00000000000000
  outer loop
   vertex 149.10167725182387 47.14087884947926 4.52942497472077
   vertex 149.16499999999866 47.49999999997122 4.52942497472077
   vertex 149.16499999999866 47.49999999997122 1.52942497472077
  endloop
 endfacet
 facet normal -0.86602540378443 0.50000000000001 -0.00000000000000
  outer loop
   vertex 148.91934666527359 46.82507300980035 4.52942497472077
   vertex 149.10167725182387 47.14087884947926 4.52942497472077
   vertex 149.10167725182387 47.14087884947926 1.52942497472077
  endloop
 endfacet
 facet normal -0.64278760968656 0.76604444311896 0.00000000000000
  outer loop
   vertex 148.63999999999868 46.59067332599755 4.52942497472077
   vertex 148.91934666527359 46.82507300980035 4.52942497472077
   vertex 148.91934666527359 46.82507300980035 1.52942497472077
  endloop
 endfacet
 facet normal -0.34202014332563 0.93969262078592 -0.00000000000000
  outer loop
   vertex 148.29733058654895 46.46595185930840 4.52942497472077
   vertex 148.63999999999868 46.59067332599755 4.52942497472077
   vertex 148.63999999999868 46.59067332599755 1.52942497472077
  endloop
 endfacet
 facet normal -0.00000000000000 1.00000000000000 0.00000000000000
  outer loop
   vertex 147.93266941344837 46.46595185930840 4.52942497472077
   vertex 148.29733058654895 46.46595185930840 4.52942497472077
   vertex 148.29733058654895 46.46595185930840 1.52942497472077
  endloop
 endfacet
 facet normal 0.34202014332566 0.93969262078591 0.00000000000000
  outer loop
   vertex 147.58999999999867 46.59067332599755 4.52942497472077
   vertex 147.93266941344837 46.46595185930840 4.52942497472077
   vertex 147.93266941344837 46.46595185930840 1.52942497472077
  endloop
 endfacet
 facet normal 0.64278760968656 0.76604444311896 -0.00000000000000
  outer loop
   vertex 147.31065333472375 46.82507300980035 4.52942497472077
   vertex 147.58999999999867 46.59067332599755 4.52942497472077
   vertex 147.58999999999867 46.59067332599755 1.52942497472077
  endloop
 endfacet
 facet normal 0.86602540378443 0.50000000000001 0.00000000000000
  outer loop
   vertex 147.12832274817347 47.14087884947926 4.52942497472077
   vertex 147.31065333472375 46.82507300980035 4.52942497472077
   vertex 147.31065333472375 46.82507300980035 1.52942497472077
  endloop
 endfacet
 facet normal 0.98480775301220 0.17364817766697 -0.00000000000000
  outer loop
   vertex 147.06499999999866 47.49999999997122 4.52942497472077
   vertex 147.12832274817347 47.14087884947926 4.52942497472077
   vertex 147.12832274817347 47.14087884947926 1.52942497472077
  endloop
 endfacet
 facet normal 0.00000000000000 0.00000000000000 1.00000000000000
  outer loop
   vertex 148.11499999999867 47.49999999997122 1.52942497472077
   vertex 149.10167725182387 47.85912115046316 1.52942497472077
   vertex 148.91934666527359 48.17492699014207 1.52942497472077
  endloop
 endfacet
 facet normal 0.00000000000000 0.00000000000000 1.00000000000000
  outer loop
   vertex 148.91934666527359 48.17492699014207 1.52942497472077
   vertex 148.63999999999868 48.40932667394488 1.52942497472077
   vertex 148.11499999999867 47.49999999997122 1.52942497472077
  endloop
 endfacet
 facet normal 0.00000000000000 0.00000000000000 1.00000000000000
  outer loop
   vertex 148.63999999999868 48.40932667394488 1.52942497472077
   vertex 148.29733058654895 48.53404814063402 1.52942497472077
   vertex 148.11499999999867 47.49999999997122 1.52942497472077
  endloop
 endfacet
 facet normal 0.00000000000000 0.00000000000000 1.00000000000000
  outer loop
   vertex 148.29733058654895 48.53404814063402 1.52942497472077
   vertex 147.93266941344837 48.53404814063402 1.52942497472077
   vertex 148.11499999999867 47.49999999997122 1.52942497472077
  endloop
 endfacet
 facet normal 0.00000000000000 0.00000000000000 1.00000000000000
  outer loop
   vertex 147.93266941344837 48.53404814063402 1.52942497472077
   vertex 147.58999999999867 48.40932667394488 1.52942497472077
   vertex 148.11499999999867 47.49999999997122 1.52942497472077
  endloop
 endfacet
 facet normal 0.00000000000000 0.00000000000000 1.00000000000000
  outer loop
   vertex 147.58999999999867 48.40932667394488 1.52942497472077
   vertex 147.31065333472375 48.17492699014207 1.52942497472077
   vertex 148.11499999999867 47.49999999997122 1.52942497472077
  endloop
 endfacet
 facet normal 0.00000000000000 0.00000000000000 1.00000000000000
  outer loop
   vertex 147.31065333472375 48.17492699014207 1.52942497472077
   vertex 147.12832274817347 47.85912115046316 1.52942497472077
   vertex 148.11499999999867 47.49999999997122 1.52942497472077
  endloop
 endfacet
 facet normal 0.00000000000000 0.00000000000000 1.00000000000000
  outer loop
   vertex 147.12832274817347 47.85912115046316 1.52942497472077
   vertex 147.06499999999866 47.49999999997122 1.52942497472077
   vertex 148.11499999999867 47.49999999997122 1.52942497472077
  endloop
 endfacet
 facet normal -0.00000000000000 0.00000000000000 1.00000000000000
  outer loop
   vertex 147.06499999999866 47.49999999997122 1.52942497472077
   vertex 147.12832274817347 47.14087884947926 1.52942497472077
   vertex 148.11499999999867 47.49999999997122 1.52942497472077
  endloop
 endfacet
 facet normal -0.00000000000000 0.00000000000000 1.00000000000000
  outer loop
   vertex 147.12832274817347 47.14087884947926 1.52942497472077
   vertex 147.31065333472375 46.82507300980035 1.52942497472077
   vertex 148.11499999999867 47.49999999997122 1.52942497472077
  endloop
 endfacet
 facet normal -0.00000000000000 0.00000000000000 1.00000000000000
  outer loop
   vertex 147.31065333472375 46.82507300980035 1.52942497472077
   vertex 147.58999999999867 46.59067332599756 1.52942497472077
   vertex 148.11499999999867 47.49999999997122 1.52942497472077
  endloop
 endfacet
 facet normal -0.00000000000000 0.00000000000000 1.00000000000000
  outer loop
   vertex 147.58999999999867 46.59067332599756 1.52942497472077
   vertex 147.93266941344837 46.46595185930840 1.52942497472077
   vertex 148.11499999999867 47.49999999997122 1.52942497472077
  endloop
 endfacet
 facet normal 0.00000000000000 0.00000000000000 1.00000000000000
  outer loop
   vertex 147.93266941344837 46.46595185930840 1.52942497472077
   vertex 148.29733058654895 46.46595185930840 1.52942497472077
   vertex 148.11499999999867 47.49999999997122 1.52942497472077
  endloop
 endfacet
 facet normal 0.00000000000000 -0.00000000000000 1.00000000000000
  outer loop
   vertex 148.29733058654895 46.46595185930840 1.52942497472077
   vertex 148.63999999999868 46.59067332599756 1.52942497472077
   vertex 148.11499999999867 47.49999999997122 1.52942497472077
  endloop
 endfacet
 facet normal 0.00000000000000 -0.00000000000000 1.00000000000000
  outer loop
   vertex 148.63999999999868 46.59067332599756 1.52942497472077
   vertex 148.91934666527359 46.82507300980035 1.52942497472077
   vertex 148.11499999999867 47.49999999997122 1.52942497472077
  endloop
 endfacet
 facet normal 0.00000000000000 -0.00000000000000 1.00000000000000
  outer loop
   vertex 148.91934666527359 46.82507300980035 1.52942497472077
   vertex 149.10167725182387 47.14087884947926 1.52942497472077
   vertex 148.11499999999867 47.49999999997122 1.52942497472077
  endloop
 endfacet
 facet normal 0.00000000000000 0.00000000000000 1.00000000000000
  outer loop
   vertex 149.10167725182387 47.14087884947926 1.52942497472077
   vertex 149.16499999999866 47.49999999997122 1.52942497472077
   vertex 148.11499999999867 47.49999999997122 1.52942497472077
  endloop
 endfacet
 facet normal 0.00000000000000 -0.00000000000000 1.00000000000000
  outer loop
   vertex 149.16499999999866 47.49999999997122 1.52942497472077
   vertex 149.10167725182387 47.85912115046316 1.52942497472077
   vertex 148.11499999999867 47.49999999997122 1.52942497472077
  endloop
 endfacet
 facet normal 0.00000000000000 0.00000000000000 1.00000000000000
  outer loop
   vertex 145.18632034355880 -3.42684552819996 4.52942497472077
   vertex 143.79205098312275 -1.88938362843592 4.52942497472077
   vertex 142.86499999999910 -2.03621407955041 4.52942497472077
  endloop
 endfacet
 facet normal 0.00000000000000 0.00000000000000 1.00000000000000
  outer loop
   vertex 143.79205098312275 -1.88938362843592 4.52942497472077
   vertex 145.18632034355880 -3.42684552819996 4.52942497472077
   vertex 145.30995047094768 -2.72570423438234 4.52942497472077
  endloop
 endfacet
 facet normal 0.00000000000000 0.00000000000000 1.00000000000000
  outer loop
   vertex 147.31065333472375 4.82507300979724 4.52942497472077
   vertex 147.12832274817347 5.14087884947616 4.52942497472077
   vertex 145.86499999999913 0.96378592044943 4.52942497472077
  endloop
 endfacet
 facet normal 0.00000000000000 0.00000000000000 1.00000000000000
  outer loop
   vertex 145.30995047094768 -2.72570423438234 4.52942497472077
   vertex 144.62835575687535 -1.46326506267530 4.52942497472077
   vertex 143.79205098312275 -1.88938362843592 4.52942497472077
  endloop
 endfacet
 facet normal -0.00000000000000 0.00000000000000 1.00000000000000
  outer loop
   vertex 145.86499999999913 0.96378592044943 4.52942497472077
   vertex 145.71816954888337 0.03673493732470 4.52942497472077
   vertex 147.31065333472375 4.82507300979724 4.52942497472077
  endloop
 endfacet
 facet normal 0.00000000000000 0.00000000000000 1.00000000000000
  outer loop
   vertex 148.29205098312269 -6.38938362843587 4.52942497472077
   vertex 148.26132034355879 -5.20219760595806 4.52942497472077
   vertex 147.59229910777603 -5.44570142187499 4.52942497472077
  endloop
 endfacet
 facet normal 0.00000000000000 0.00000000000000 1.00000000000000
  outer loop
   vertex 148.26132034355879 -1.65149345044186 4.52942497472077
   vertex 150.36499999999779 7.49999999996812 4.52942497472077
   vertex 149.10167725182387 5.14087884947616 4.52942497472077
  endloop
 endfacet
 facet normal 0.00000000000000 0.00000000000000 1.00000000000000
  outer loop
   vertex 145.30995047094768 -2.72570423438234 4.52942497472077
   vertex 145.29205098312278 -0.79956983642787 4.52942497472077
   vertex 144.62835575687535 -1.46326506267530 4.52942497472077
  endloop
 endfacet
 facet normal -0.00000000000000 0.00000000000000 1.00000000000000
  outer loop
   vertex 145.71816954888337 0.03673493732470 4.52942497472077
   vertex 145.30995047094768 -2.72570423438234 4.52942497472077
   vertex 147.31065333472375 4.82507300979724 4.52942497472077
  endloop
 endfacet
 facet normal -0.00000000000000 0.00000000000000 1.00000000000000
  outer loop
   vertex 125.60198492713448 -6.43732951315066 4.52942497472077
   vertex 126.36587578381932 -6.53621407955043 4.52942497472077
   vertex 126.94839427439236 -2.03621407955039 4.52942497472077
  endloop
 endfacet
 facet normal 0.00000000000000 0.00000000000000 1.00000000000000
  outer loop
   vertex 126.36587578381932 -6.53621407955043 4.52942497472077
   vertex 145.30995047094768 -4.12798682201759 4.52942497472077
   vertex 145.18632034355880 -3.42684552819996 4.52942497472077
  endloop
 endfacet
 facet normal 0.00000000000000 0.00000000000000 1.00000000000000
  outer loop
   vertex 147.59229910777603 -5.44570142187499 4.52942497472077
   vertex 147.36499999999776 -6.53621407955042 4.52942497472077
   vertex 148.29205098312269 -6.38938362843587 4.52942497472077
  endloop
 endfacet
 facet normal 0.00000000000000 -0.00000000000000 1.00000000000000
  outer loop
   vertex 149.12835575687527 -5.96326506267525 4.52942497472077
   vertex 149.79205098312269 -5.29956983642782 4.52942497472077
   vertex 148.80671145195271 -4.74456012805736 4.52942497472077
  endloop
 endfacet
 facet normal 0.00000000000000 0.00000000000000 1.00000000000000
  outer loop
   vertex 150.36499999999779 7.49999999996812 4.52942497472077
   vertex 149.16499999999866 5.49999999996811 4.52942497472077
   vertex 149.10167725182387 5.14087884947616 4.52942497472077
  endloop
 endfacet
 facet normal 0.00000000000000 0.00000000000000 1.00000000000000
  outer loop
   vertex 148.63999999999868 6.40932667394177 4.52942497472077
   vertex 149.62887304996318 8.46455741842591 4.52942497472077
   vertex 149.36499999999779 8.49999999996811 4.52942497472077
  endloop
 endfacet
 facet normal 0.00000000000000 0.00000000000000 1.00000000000000
  outer loop
   vertex 145.71816954888337 0.03673493732470 4.52942497472077
   vertex 145.29205098312278 -0.79956983642787 4.52942497472077
   vertex 145.30995047094768 -2.72570423438234 4.52942497472077
  endloop
 endfacet
 facet normal 0.00000000000000 0.00000000000000 1.00000000000000
  outer loop
   vertex 126.18450341770756 -1.93732951315062 4.52942497472077
   vertex 89.41390874154501 5.69452859094416 4.52942497472077
   vertex 89.35058599337025 5.33540744045221 4.52942497472077
  endloop
 endfacet
 facet normal 0.00000000000000 0.00000000000000 1.00000000000000
  outer loop
   vertex 145.18632034355880 -3.42684552819996 4.52942497472077
   vertex 126.94839427439236 -2.03621407955039 4.52942497472077
   vertex 126.36587578381932 -6.53621407955043 4.52942497472077
  endloop
 endfacet
 facet normal 0.00000000000000 0.00000000000000 1.00000000000000
  outer loop
   vertex 147.36499999999776 -6.53621407955042 4.52942497472077
   vertex 146.88034157934160 -5.44570142187499 4.52942497472077
   vertex 146.21132034355878 -5.20219760595806 4.52942497472077
  endloop
 endfacet
 facet normal 0.00000000000000 0.00000000000000 1.00000000000000
  outer loop
   vertex 148.80671145195271 -4.74456012805736 4.52942497472077
   vertex 148.26132034355879 -5.20219760595806 4.52942497472077
   vertex 149.12835575687527 -5.96326506267525 4.52942497472077
  endloop
 endfacet
 facet normal 0.00000000000000 0.00000000000000 1.00000000000000
  outer loop
   vertex 149.10167725182387 5.14087884947616 4.52942497472077
   vertex 146.88034157934160 -1.40798963452493 4.52942497472077
   vertex 147.59229910777600 -1.40798963452493 4.52942497472077
  endloop
 endfacet
 facet normal 0.00000000000000 0.00000000000000 1.00000000000000
  outer loop
   vertex 148.63999999999868 6.40932667394177 4.52942497472077
   vertex 150.32955741845561 7.76387304993349 4.52942497472077
   vertex 150.18314971742282 8.07500525201139 4.52942497472077
  endloop
 endfacet
 facet normal -0.00000000000000 0.00000000000000 1.00000000000000
  outer loop
   vertex 148.63999999999868 6.40932667394177 4.52942497472077
   vertex 148.91934666527359 6.17492699013898 4.52942497472077
   vertex 150.36499999999779 7.49999999996812 4.52942497472077
  endloop
 endfacet
 facet normal 0.00000000000000 0.00000000000000 1.00000000000000
  outer loop
   vertex 148.63999999999868 6.40932667394177 4.52942497472077
   vertex 149.94000525204109 8.31814971739313 4.52942497472077
   vertex 149.62887304996318 8.46455741842591 4.52942497472077
  endloop
 endfacet
 facet normal 0.00000000000000 0.00000000000000 1.00000000000000
  outer loop
   vertex 149.36499999999779 8.49999999996811 4.52942497472077
   vertex 146.86499999999953 8.49999999996811 4.52942497472077
   vertex 147.93266941344837 6.53404814063093 4.52942497472077
  endloop
 endfacet
 facet normal 0.00000000000000 -0.00000000000000 1.00000000000000
  outer loop
   vertex 147.58999999999867 6.40932667394177 4.52942497472077
   vertex 147.93266941344837 6.53404814063093 4.52942497472077
   vertex 146.86499999999953 8.49999999996811 4.52942497472077
  endloop
 endfacet
 facet normal 0.00000000000000 0.00000000000000 1.00000000000000
  outer loop
   vertex 145.30995047094768 -2.72570423438234 4.52942497472077
   vertex 147.58999999999867 4.59067332599445 4.52942497472077
   vertex 147.31065333472375 4.82507300979724 4.52942497472077
  endloop
 endfacet
 facet normal 0.00000000000000 0.00000000000000 1.00000000000000
  outer loop
   vertex 126.94839427439236 -2.03621407955039 4.52942497472077
   vertex 126.18450341770756 -1.93732951315062 4.52942497472077
   vertex 125.60198492713448 -6.43732951315066 4.52942497472077
  endloop
 endfacet
 facet normal 0.00000000000000 0.00000000000000 1.00000000000000
  outer loop
   vertex 146.21132034355878 -5.20219760595806 4.52942497472077
   vertex 126.36587578381932 -6.53621407955043 4.52942497472077
   vertex 147.36499999999776 -6.53621407955042 4.52942497472077
  endloop
 endfacet
 facet normal 0.00000000000000 -0.00000000000000 1.00000000000000
  outer loop
   vertex 148.29205098312269 -6.38938362843587 4.52942497472077
   vertex 149.12835575687527 -5.96326506267525 4.52942497472077
   vertex 148.26132034355879 -5.20219760595806 4.52942497472077
  endloop
 endfacet
 facet normal 0.00000000000000 0.00000000000000 1.00000000000000
  outer loop
   vertex 149.10167725182387 5.14087884947616 4.52942497472077
   vertex 146.21132034355878 -1.65149345044186 4.52942497472077
   vertex 146.88034157934160 -1.40798963452493 4.52942497472077
  endloop
 endfacet
 facet normal 0.00000000000000 0.00000000000000 1.00000000000000
  outer loop
   vertex 87.00274426778817 8.37959452813248 4.52942497472077
   vertex 88.54623932809531 6.72857673160698 4.52942497472077
   vertex 88.88890874154504 6.60385526491782 4.52942497472077
  endloop
 endfacet
 facet normal 0.00000000000000 -0.00000000000000 1.00000000000000
  outer loop
   vertex 87.55956207627011 6.36945558111504 4.52942497472077
   vertex 87.83890874154503 6.60385526491782 4.52942497472077
   vertex 86.73854445661802 8.41251026130723 4.52942497472077
  endloop
 endfacet
 facet normal 0.00000000000000 0.00000000000000 1.00000000000000
  outer loop
   vertex 150.36499999999779 7.49999999996812 4.52942497472077
   vertex 150.32955741845561 7.76387304993349 4.52942497472077
   vertex 148.63999999999868 6.40932667394177 4.52942497472077
  endloop
 endfacet
 facet normal 0.00000000000000 0.00000000000000 1.00000000000000
  outer loop
   vertex 147.93266941344837 6.53404814063093 4.52942497472077
   vertex 148.29733058654895 6.53404814063093 4.52942497472077
   vertex 149.36499999999779 8.49999999996811 4.52942497472077
  endloop
 endfacet
 facet normal 0.00000000000000 0.00000000000000 1.00000000000000
  outer loop
   vertex 146.86499999999953 8.49999999996811 4.52942497472077
   vertex 146.60112695003417 8.46455741842594 4.52942497472077
   vertex 147.58999999999867 6.40932667394177 4.52942497472077
  endloop
 endfacet
 facet normal 0.00000000000000 0.00000000000000 1.00000000000000
  outer loop
   vertex 147.58999999999867 6.40932667394177 4.52942497472077
   vertex 145.90044258154174 7.76387304993355 4.52942497472077
   vertex 145.86499999999953 7.49999999996819 4.52942497472077
  endloop
 endfacet
 facet normal 0.00000000000000 0.00000000000000 1.00000000000000
  outer loop
   vertex 147.58999999999867 6.40932667394177 4.52942497472077
   vertex 146.28999474795626 8.31814971739317 4.52942497472077
   vertex 146.04685028257452 8.07500525201144 4.52942497472077
  endloop
 endfacet
 facet normal 0.00000000000000 0.00000000000000 1.00000000000000
  outer loop
   vertex 87.37723148971983 5.33540744045221 4.52942497472077
   vertex 85.61075227428903 4.12938721473320 4.52942497472077
   vertex 85.85690320313175 4.02792263625330 4.52942497472077
  endloop
 endfacet
 facet normal 0.00000000000000 0.00000000000000 1.00000000000000
  outer loop
   vertex 87.37723148971983 5.33540744045221 4.52942497472077
   vertex 85.17393706040964 4.64723573732154 4.52942497472077
   vertex 85.34715509167201 4.35019319760504 4.52942497472077
  endloop
 endfacet
 facet normal 0.00000000000000 0.00000000000000 1.00000000000000
  outer loop
   vertex 125.60198492713448 -6.43732951315066 4.52942497472077
   vertex 88.54623932809531 4.66048045028135 4.52942497472077
   vertex 88.18157815499475 4.66048045028135 4.52942497472077
  endloop
 endfacet
 facet normal 0.00000000000000 0.00000000000000 1.00000000000000
  outer loop
   vertex 145.30995047094768 -2.72570423438234 4.52942497472077
   vertex 147.93266941344837 4.46595185930530 4.52942497472077
   vertex 147.58999999999867 4.59067332599445 4.52942497472077
  endloop
 endfacet
 facet normal 0.00000000000000 0.00000000000000 1.00000000000000
  outer loop
   vertex 145.30995047094768 -2.72570423438234 4.52942497472077
   vertex 148.63999999999868 4.59067332599445 4.52942497472077
   vertex 148.29733058654895 4.46595185930530 4.52942497472077
  endloop
 endfacet
 facet normal 0.00000000000000 0.00000000000000 1.00000000000000
  outer loop
   vertex 126.36587578381932 -6.53621407955043 4.52942497472077
   vertex 145.66592923516487 -4.74456012805737 4.52942497472077
   vertex 145.30995047094768 -4.12798682201759 4.52942497472077
  endloop
 endfacet
 facet normal 0.00000000000000 0.00000000000000 1.00000000000000
  outer loop
   vertex 147.59229910777603 -5.44570142187499 4.52942497472077
   vertex 146.88034157934160 -5.44570142187499 4.52942497472077
   vertex 147.36499999999776 -6.53621407955042 4.52942497472077
  endloop
 endfacet
 facet normal 0.00000000000000 -0.00000000000000 1.00000000000000
  outer loop
   vertex 149.79205098312269 -5.29956983642782 4.52942497472077
   vertex 150.21816954888328 -4.46326506267523 4.52942497472077
   vertex 149.16269021616989 -4.12798682201758 4.52942497472077
  endloop
 endfacet
 facet normal 0.00000000000000 0.00000000000000 1.00000000000000
  outer loop
   vertex 150.36499999999779 -3.53621407955042 4.52942497472077
   vertex 149.28632034355880 -3.42684552819996 4.52942497472077
   vertex 149.16269021616989 -4.12798682201758 4.52942497472077
  endloop
 endfacet
 facet normal 0.00000000000000 0.00000000000000 1.00000000000000
  outer loop
   vertex 149.10167725182387 5.14087884947616 4.52942497472077
   vertex 147.59229910777600 -1.40798963452493 4.52942497472077
   vertex 148.26132034355879 -1.65149345044186 4.52942497472077
  endloop
 endfacet
 facet normal 0.00000000000000 0.00000000000000 1.00000000000000
  outer loop
   vertex 87.00274426778817 8.37959452813248 4.52942497472077
   vertex 88.18157815499475 6.72857673160698 4.52942497472077
   vertex 88.54623932809531 6.72857673160698 4.52942497472077
  endloop
 endfacet
 facet normal 0.00000000000000 -0.00000000000000 1.00000000000000
  outer loop
   vertex 87.83890874154503 6.60385526491782 4.52942497472077
   vertex 88.18157815499475 6.72857673160698 4.52942497472077
   vertex 87.00274426778817 8.37959452813248 4.52942497472077
  endloop
 endfacet
 facet normal 0.00000000000000 0.00000000000000 1.00000000000000
  outer loop
   vertex 86.73854445661802 8.41251026130723 4.52942497472077
   vertex 86.40038819762638 8.35015232730834 4.52942497472077
   vertex 87.55956207627011 6.36945558111504 4.52942497472077
  endloop
 endfacet
 facet normal 0.00000000000000 0.00000000000000 1.00000000000000
  outer loop
   vertex 150.18314971742282 8.07500525201139 4.52942497472077
   vertex 149.94000525204109 8.31814971739313 4.52942497472077
   vertex 148.63999999999868 6.40932667394177 4.52942497472077
  endloop
 endfacet
 facet normal 0.00000000000000 0.00000000000000 1.00000000000000
  outer loop
   vertex 146.60112695003417 8.46455741842594 4.52942497472077
   vertex 146.28999474795626 8.31814971739317 4.52942497472077
   vertex 147.58999999999867 6.40932667394177 4.52942497472077
  endloop
 endfacet
 facet normal 0.00000000000000 0.00000000000000 1.00000000000000
  outer loop
   vertex 146.04685028257452 8.07500525201144 4.52942497472077
   vertex 145.90044258154174 7.76387304993355 4.52942497472077
   vertex 147.58999999999867 6.40932667394177 4.52942497472077
  endloop
 endfacet
 facet normal -0.00000000000000 0.00000000000000 1.00000000000000
  outer loop
   vertex 85.34715509167201 4.35019319760504 4.52942497472077
   vertex 85.61075227428903 4.12938721473320 4.52942497472077
   vertex 87.37723148971983 5.33540744045221 4.52942497472077
  endloop
 endfacet
 facet normal 0.00000000000000 0.00000000000000 1.00000000000000
  outer loop
   vertex 125.60198492713448 -6.43732951315066 4.52942497472077
   vertex 88.88890874154504 4.78520191697051 4.52942497472077
   vertex 88.54623932809531 4.66048045028135 4.52942497472077
  endloop
 endfacet
 facet normal 0.00000000000000 0.00000000000000 1.00000000000000
  outer loop
   vertex 148.29733058654895 4.46595185930530 4.52942497472077
   vertex 147.93266941344837 4.46595185930530 4.52942497472077
   vertex 145.30995047094768 -2.72570423438234 4.52942497472077
  endloop
 endfacet
 facet normal 0.00000000000000 0.00000000000000 1.00000000000000
  outer loop
   vertex 145.30995047094768 -2.72570423438234 4.52942497472077
   vertex 149.10167725182387 5.14087884947616 4.52942497472077
   vertex 148.91934666527359 4.82507300979724 4.52942497472077
  endloop
 endfacet
 facet normal 0.00000000000000 0.00000000000000 1.00000000000000
  outer loop
   vertex 146.21132034355878 -5.20219760595806 4.52942497472077
   vertex 145.66592923516487 -4.74456012805737 4.52942497472077
   vertex 126.36587578381932 -6.53621407955043 4.52942497472077
  endloop
 endfacet
 facet normal -0.00000000000000 0.00000000000000 1.00000000000000
  outer loop
   vertex 149.16269021616989 -4.12798682201758 4.52942497472077
   vertex 150.21816954888328 -4.46326506267523 4.52942497472077
   vertex 150.36499999999779 -3.53621407955042 4.52942497472077
  endloop
 endfacet
 facet normal 0.00000000000000 0.00000000000000 1.00000000000000
  outer loop
   vertex 150.36499999999779 7.49999999996812 4.52942497472077
   vertex 148.80671145195271 -2.10913092834256 4.52942497472077
   vertex 149.16269021616989 -2.72570423438234 4.52942497472077
  endloop
 endfacet
 facet normal 0.00000000000000 0.00000000000000 1.00000000000000
  outer loop
   vertex 149.10167725182387 5.14087884947616 4.52942497472077
   vertex 145.66592923516487 -2.10913092834256 4.52942497472077
   vertex 146.21132034355878 -1.65149345044186 4.52942497472077
  endloop
 endfacet
 facet normal 0.00000000000000 0.00000000000000 1.00000000000000
  outer loop
   vertex 126.18450341770756 -1.93732951315062 4.52942497472077
   vertex 88.88890874154504 6.60385526491782 4.52942497472077
   vertex 89.16825540681997 6.36945558111504 4.52942497472077
  endloop
 endfacet
 facet normal 0.00000000000000 0.00000000000000 1.00000000000000
  outer loop
   vertex 87.00274426778817 8.37959452813248 4.52942497472077
   vertex 86.73854445661802 8.41251026130723 4.52942497472077
   vertex 87.83890874154503 6.60385526491782 4.52942497472077
  endloop
 endfacet
 facet normal 0.00000000000000 0.00000000000000 1.00000000000000
  outer loop
   vertex 86.40038819762638 8.35015232730834 4.52942497472077
   vertex 86.10334639817330 8.17693472772480 4.52942497472077
   vertex 87.55956207627011 6.36945558111504 4.52942497472077
  endloop
 endfacet
 facet normal 0.00000000000000 0.00000000000000 1.00000000000000
  outer loop
   vertex 87.55956207627011 6.36945558111504 4.52942497472077
   vertex 85.88254073627552 7.91333839409759 4.52942497472077
   vertex 85.78107600777020 7.66718824767854 4.52942497472077
  endloop
 endfacet
 facet normal 0.00000000000000 0.00000000000000 1.00000000000000
  outer loop
   vertex 149.36499999999779 8.49999999996811 4.52942497472077
   vertex 148.29733058654895 6.53404814063093 4.52942497472077
   vertex 148.63999999999868 6.40932667394177 4.52942497472077
  endloop
 endfacet
 facet normal 0.00000000000000 0.00000000000000 1.00000000000000
  outer loop
   vertex 145.86499999999953 7.49999999996819 4.52942497472077
   vertex 147.12832274817347 5.85912115046007 4.52942497472077
   vertex 147.31065333472375 6.17492699013898 4.52942497472077
  endloop
 endfacet
 facet normal 0.00000000000000 0.00000000000000 1.00000000000000
  outer loop
   vertex 85.85690320313175 4.02792263625330 4.52942497472077
   vertex 87.83890874154503 4.78520191697051 4.52942497472077
   vertex 87.55956207627011 5.01960160077329 4.52942497472077
  endloop
 endfacet
 facet normal 0.00000000000000 0.00000000000000 1.00000000000000
  outer loop
   vertex 88.18157815499475 4.66048045028135 4.52942497472077
   vertex 85.85690320313175 4.02792263625330 4.52942497472077
   vertex 125.60198492713448 -6.43732951315066 4.52942497472077
  endloop
 endfacet
 facet normal 0.00000000000000 0.00000000000000 1.00000000000000
  outer loop
   vertex 148.91934666527359 4.82507300979724 4.52942497472077
   vertex 148.63999999999868 4.59067332599445 4.52942497472077
   vertex 145.30995047094768 -2.72570423438234 4.52942497472077
  endloop
 endfacet
 facet normal 0.00000000000000 0.00000000000000 1.00000000000000
  outer loop
   vertex 149.16269021616989 -4.12798682201758 4.52942497472077
   vertex 148.80671145195271 -4.74456012805736 4.52942497472077
   vertex 149.79205098312269 -5.29956983642782 4.52942497472077
  endloop
 endfacet
 facet normal -0.00000000000000 0.00000000000000 1.00000000000000
  outer loop
   vertex 149.16269021616989 -2.72570423438234 4.52942497472077
   vertex 150.36499999999779 -3.53621407955042 4.52942497472077
   vertex 150.36499999999779 7.49999999996812 4.52942497472077
  endloop
 endfacet
 facet normal 0.00000000000000 0.00000000000000 1.00000000000000
  outer loop
   vertex 149.10167725182387 5.14087884947616 4.52942497472077
   vertex 145.30995047094768 -2.72570423438234 4.52942497472077
   vertex 145.66592923516487 -2.10913092834256 4.52942497472077
  endloop
 endfacet
 facet normal -0.00000000000000 -0.00000000000000 1.00000000000000
  outer loop
   vertex 88.88890874154504 6.60385526491782 4.52942497472077
   vertex 126.18450341770756 -1.93732951315062 4.52942497472077
   vertex 87.00274426778817 8.37959452813248 4.52942497472077
  endloop
 endfacet
 facet normal 0.00000000000000 0.00000000000000 1.00000000000000
  outer loop
   vertex 85.78107600777020 7.66718824767854 4.52942497472077
   vertex 87.37723148971983 6.05364974143612 4.52942497472077
   vertex 87.55956207627011 6.36945558111504 4.52942497472077
  endloop
 endfacet
 facet normal 0.00000000000000 0.00000000000000 1.00000000000000
  outer loop
   vertex 87.37723148971983 5.33540744045221 4.52942497472077
   vertex 87.31390874154505 5.69452859094416 4.52942497472077
   vertex 85.14449551423695 5.24959331153283 4.52942497472077
  endloop
 endfacet
 facet normal 0.00000000000000 0.00000000000000 1.00000000000000
  outer loop
   vertex 145.86499999999953 7.49999999996819 4.52942497472077
   vertex 147.31065333472375 6.17492699013898 4.52942497472077
   vertex 147.58999999999867 6.40932667394177 4.52942497472077
  endloop
 endfacet
 facet normal 0.00000000000000 0.00000000000000 1.00000000000000
  outer loop
   vertex 145.86499999999913 0.96378592044943 4.52942497472077
   vertex 147.12832274817347 5.14087884947616 4.52942497472077
   vertex 147.06499999999866 5.49999999996811 4.52942497472077
  endloop
 endfacet
 facet normal 0.00000000000000 0.00000000000000 1.00000000000000
  outer loop
   vertex 88.18157815499475 4.66048045028135 4.52942497472077
   vertex 87.83890874154503 4.78520191697051 4.52942497472077
   vertex 85.85690320313175 4.02792263625330 4.52942497472077
  endloop
 endfacet
 facet normal 0.00000000000000 0.00000000000000 1.00000000000000
  outer loop
   vertex 125.60198492713448 -6.43732951315066 4.52942497472077
   vertex 89.35058599337025 5.33540744045221 4.52942497472077
   vertex 89.16825540681997 5.01960160077330 4.52942497472077
  endloop
 endfacet
 facet normal 0.00000000000000 0.00000000000000 1.00000000000000
  outer loop
   vertex 89.35058599337025 5.33540744045221 4.52942497472077
   vertex 125.60198492713448 -6.43732951315066 4.52942497472077
   vertex 126.18450341770756 -1.93732951315062 4.52942497472077
  endloop
 endfacet
 facet normal -0.00000000000000 0.00000000000000 1.00000000000000
  outer loop
   vertex 148.26132034355879 -1.65149345044186 4.52942497472077
   vertex 148.80671145195271 -2.10913092834256 4.52942497472077
   vertex 150.36499999999779 7.49999999996812 4.52942497472077
  endloop
 endfacet
 facet normal 0.00000000000000 0.00000000000000 1.00000000000000
  outer loop
   vertex 86.10334639817330 8.17693472772480 4.52942497472077
   vertex 85.88254073627552 7.91333839409759 4.52942497472077
   vertex 87.55956207627011 6.36945558111504 4.52942497472077
  endloop
 endfacet
 facet normal 0.00000000000000 0.00000000000000 1.00000000000000
  outer loop
   vertex 85.14449551423695 5.24959331153283 4.52942497472077
   vertex 87.31390874154505 5.69452859094416 4.52942497472077
   vertex 87.37723148971983 6.05364974143612 4.52942497472077
  endloop
 endfacet
 facet normal -0.00000000000000 0.00000000000000 1.00000000000000
  outer loop
   vertex 85.14449551423695 5.24959331153283 4.52942497472077
   vertex 85.11157926516609 4.98539289328307 4.52942497472077
   vertex 87.37723148971983 5.33540744045221 4.52942497472077
  endloop
 endfacet
 facet normal -0.00000000000000 0.00000000000000 1.00000000000000
  outer loop
   vertex 148.91934666527359 6.17492699013898 4.52942497472077
   vertex 149.10167725182387 5.85912115046007 4.52942497472077
   vertex 150.36499999999779 7.49999999996812 4.52942497472077
  endloop
 endfacet
 facet normal 0.00000000000000 0.00000000000000 1.00000000000000
  outer loop
   vertex 147.06499999999866 5.49999999996811 4.52942497472077
   vertex 145.86499999999953 7.49999999996819 4.52942497472077
   vertex 145.86499999999913 0.96378592044943 4.52942497472077
  endloop
 endfacet
 facet normal 0.00000000000000 0.00000000000000 1.00000000000000
  outer loop
   vertex 89.16825540681997 5.01960160077330 4.52942497472077
   vertex 88.88890874154504 4.78520191697051 4.52942497472077
   vertex 125.60198492713448 -6.43732951315066 4.52942497472077
  endloop
 endfacet
 facet normal 0.00000000000000 0.00000000000000 1.00000000000000
  outer loop
   vertex 149.16269021616989 -2.72570423438234 4.52942497472077
   vertex 149.28632034355880 -3.42684552819996 4.52942497472077
   vertex 150.36499999999779 -3.53621407955042 4.52942497472077
  endloop
 endfacet
 facet normal 0.00000000000000 0.00000000000000 1.00000000000000
  outer loop
   vertex 89.16825540681997 6.36945558111504 4.52942497472077
   vertex 89.35058599337025 6.05364974143612 4.52942497472077
   vertex 126.18450341770756 -1.93732951315062 4.52942497472077
  endloop
 endfacet
 facet normal -0.00000000000000 0.00000000000000 1.00000000000000
  outer loop
   vertex 85.11157926516609 4.98539289328307 4.52942497472077
   vertex 85.17393706040964 4.64723573732154 4.52942497472077
   vertex 87.37723148971983 5.33540744045221 4.52942497472077
  endloop
 endfacet
 facet normal 0.00000000000000 -0.00000000000000 1.00000000000000
  outer loop
   vertex 147.06499999999866 5.49999999996811 4.52942497472077
   vertex 147.12832274817347 5.85912115046007 4.52942497472077
   vertex 145.86499999999953 7.49999999996819 4.52942497472077
  endloop
 endfacet
 facet normal 0.00000000000000 0.00000000000000 1.00000000000000
  outer loop
   vertex 142.86499999999910 -2.03621407955041 4.52942497472077
   vertex 126.94839427439236 -2.03621407955039 4.52942497472077
   vertex 145.18632034355880 -3.42684552819996 4.52942497472077
  endloop
 endfacet
 facet normal 0.00000000000000 0.00000000000000 1.00000000000000
  outer loop
   vertex 87.37723148971983 6.05364974143612 4.52942497472077
   vertex 85.78107600777020 7.66718824767854 4.52942497472077
   vertex 85.14449551423695 5.24959331153283 4.52942497472077
  endloop
 endfacet
 facet normal 0.00000000000000 0.00000000000000 1.00000000000000
  outer loop
   vertex 85.85690320313175 4.02792263625330 4.52942497472077
   vertex 87.55956207627011 5.01960160077329 4.52942497472077
   vertex 87.37723148971983 5.33540744045221 4.52942497472077
  endloop
 endfacet
 facet normal -0.00000000000000 0.00000000000000 1.00000000000000
  outer loop
   vertex 149.10167725182387 5.85912115046007 4.52942497472077
   vertex 149.16499999999866 5.49999999996811 4.52942497472077
   vertex 150.36499999999779 7.49999999996812 4.52942497472077
  endloop
 endfacet
 facet normal 0.00000000000000 0.00000000000000 1.00000000000000
  outer loop
   vertex 89.35058599337025 6.05364974143612 4.52942497472077
   vertex 89.41390874154501 5.69452859094416 4.52942497472077
   vertex 126.18450341770756 -1.93732951315062 4.52942497472077
  endloop
 endfacet
 facet normal 0.98480775301220 0.17364817766697 0.00000000000000
  outer loop
   vertex 147.12832274817347 5.14087884947616 1.52942497472077
   vertex 147.06499999999866 5.49999999996811 1.52942497472077
   vertex 147.06499999999866 5.49999999996811 4.52942497472077
  endloop
 endfacet
 facet normal 0.86602540378444 0.50000000000000 0.00000000000000
  outer loop
   vertex 147.31065333472375 4.82507300979724 1.52942497472077
   vertex 147.12832274817347 5.14087884947616 1.52942497472077
   vertex 147.12832274817347 5.14087884947616 4.52942497472077
  endloop
 endfacet
 facet normal 0.64278760968655 0.76604444311897 -0.00000000000000
  outer loop
   vertex 147.58999999999867 4.59067332599445 1.52942497472077
   vertex 147.31065333472375 4.82507300979724 1.52942497472077
   vertex 147.31065333472375 4.82507300979724 4.52942497472077
  endloop
 endfacet
 facet normal 0.34202014332569 0.93969262078590 0.00000000000000
  outer loop
   vertex 147.93266941344837 4.46595185930530 1.52942497472077
   vertex 147.58999999999867 4.59067332599445 1.52942497472077
   vertex 147.58999999999867 4.59067332599445 4.52942497472077
  endloop
 endfacet
 facet normal 0.00000000000000 1.00000000000000 0.00000000000000
  outer loop
   vertex 148.29733058654895 4.46595185930530 1.52942497472077
   vertex 147.93266941344837 4.46595185930530 1.52942497472077
   vertex 147.93266941344837 4.46595185930530 4.52942497472077
  endloop
 endfacet
 facet normal -0.34202014332567 0.93969262078591 0.00000000000000
  outer loop
   vertex 148.63999999999868 4.59067332599445 1.52942497472077
   vertex 148.29733058654895 4.46595185930530 1.52942497472077
   vertex 148.29733058654895 4.46595185930530 4.52942497472077
  endloop
 endfacet
 facet normal -0.64278760968655 0.76604444311897 -0.00000000000000
  outer loop
   vertex 148.91934666527359 4.82507300979724 1.52942497472077
   vertex 148.63999999999868 4.59067332599445 1.52942497472077
   vertex 148.63999999999868 4.59067332599445 4.52942497472077
  endloop
 endfacet
 facet normal -0.86602540378444 0.50000000000000 -0.00000000000000
  outer loop
   vertex 149.10167725182387 5.14087884947616 1.52942497472077
   vertex 148.91934666527359 4.82507300979724 1.52942497472077
   vertex 148.91934666527359 4.82507300979724 4.52942497472077
  endloop
 endfacet
 facet normal -0.98480775301221 0.17364817766690 -0.00000000000000
  outer loop
   vertex 149.16499999999866 5.49999999996811 1.52942497472077
   vertex 149.10167725182387 5.14087884947616 1.52942497472077
   vertex 149.10167725182387 5.14087884947616 4.52942497472077
  endloop
 endfacet
 facet normal -0.98480775301221 -0.17364817766690 0.00000000000000
  outer loop
   vertex 149.10167725182387 5.85912115046007 1.52942497472077
   vertex 149.16499999999866 5.49999999996811 1.52942497472077
   vertex 149.16499999999866 5.49999999996811 4.52942497472077
  endloop
 endfacet
 facet normal -0.86602540378444 -0.50000000000000 0.00000000000000
  outer loop
   vertex 148.91934666527359 6.17492699013898 1.52942497472077
   vertex 149.10167725182387 5.85912115046007 1.52942497472077
   vertex 149.10167725182387 5.85912115046007 4.52942497472077
  endloop
 endfacet
 facet normal -0.64278760968655 -0.76604444311897 0.00000000000000
  outer loop
   vertex 148.63999999999868 6.40932667394177 1.52942497472077
   vertex 148.91934666527359 6.17492699013898 1.52942497472077
   vertex 148.91934666527359 6.17492699013898 4.52942497472077
  endloop
 endfacet
 facet normal -0.34202014332567 -0.93969262078591 0.00000000000000
  outer loop
   vertex 148.29733058654895 6.53404814063093 1.52942497472077
   vertex 148.63999999999868 6.40932667394177 1.52942497472077
   vertex 148.63999999999868 6.40932667394177 4.52942497472077
  endloop
 endfacet
 facet normal 0.00000000000000 -1.00000000000000 0.00000000000000
  outer loop
   vertex 147.93266941344837 6.53404814063093 1.52942497472077
   vertex 148.29733058654895 6.53404814063093 1.52942497472077
   vertex 148.29733058654895 6.53404814063093 4.52942497472077
  endloop
 endfacet
 facet normal 0.34202014332569 -0.93969262078590 -0.00000000000000
  outer loop
   vertex 147.58999999999867 6.40932667394177 1.52942497472077
   vertex 147.93266941344837 6.53404814063093 1.52942497472077
   vertex 147.93266941344837 6.53404814063093 4.52942497472077
  endloop
 endfacet
 facet normal 0.64278760968655 -0.76604444311897 -0.00000000000000
  outer loop
   vertex 147.31065333472375 6.17492699013898 1.52942497472077
   vertex 147.58999999999867 6.40932667394177 1.52942497472077
   vertex 147.58999999999867 6.40932667394177 4.52942497472077
  endloop
 endfacet
 facet normal 0.86602540378444 -0.50000000000000 -0.00000000000000
  outer loop
   vertex 147.12832274817347 5.85912115046007 1.52942497472077
   vertex 147.31065333472375 6.17492699013898 1.52942497472077
   vertex 147.31065333472375 6.17492699013898 4.52942497472077
  endloop
 endfacet
 facet normal 0.98480775301220 -0.17364817766697 -0.00000000000000
  outer loop
   vertex 147.06499999999866 5.49999999996811 1.52942497472077
   vertex 147.12832274817347 5.85912115046007 1.52942497472077
   vertex 147.12832274817347 5.85912115046007 4.52942497472077
  endloop
 endfacet
 facet normal 0.98480775301220 -0.17364817766697 -0.00000000000000
  outer loop
   vertex 147.12832274817347 5.85912115046007 4.52942497472077
   vertex 147.06499999999866 5.49999999996811 4.52942497472077
   vertex 147.06499999999866 5.49999999996811 1.52942497472077
  endloop
 endfacet
 facet normal 0.86602540378444 -0.50000000000000 -0.00000000000000
  outer loop
   vertex 147.31065333472375 6.17492699013898 4.52942497472077
   vertex 147.12832274817347 5.85912115046007 4.52942497472077
   vertex 147.12832274817347 5.85912115046007 1.52942497472077
  endloop
 endfacet
 facet normal 0.64278760968655 -0.76604444311897 -0.00000000000000
  outer loop
   vertex 147.58999999999867 6.40932667394177 4.52942497472077
   vertex 147.31065333472375 6.17492699013898 4.52942497472077
   vertex 147.31065333472375 6.17492699013898 1.52942497472077
  endloop
 endfacet
 facet normal 0.34202014332569 -0.93969262078590 -0.00000000000000
  outer loop
   vertex 147.93266941344837 6.53404814063093 4.52942497472077
   vertex 147.58999999999867 6.40932667394177 4.52942497472077
   vertex 147.58999999999867 6.40932667394177 1.52942497472077
  endloop
 endfacet
 facet normal -0.00000000000000 -1.00000000000000 0.00000000000000
  outer loop
   vertex 148.29733058654895 6.53404814063093 4.52942497472077
   vertex 147.93266941344837 6.53404814063093 4.52942497472077
   vertex 147.93266941344837 6.53404814063093 1.52942497472077
  endloop
 endfacet
 facet normal -0.34202014332567 -0.93969262078591 0.00000000000000
  outer loop
   vertex 148.63999999999868 6.40932667394177 4.52942497472077
   vertex 148.29733058654895 6.53404814063093 4.52942497472077
   vertex 148.29733058654895 6.53404814063093 1.52942497472077
  endloop
 endfacet
 facet normal -0.64278760968655 -0.76604444311897 0.00000000000000
  outer loop
   vertex 148.91934666527359 6.17492699013898 4.52942497472077
   vertex 148.63999999999868 6.40932667394177 4.52942497472077
   vertex 148.63999999999868 6.40932667394177 1.52942497472077
  endloop
 endfacet
 facet normal -0.86602540378444 -0.50000000000000 0.00000000000000
  outer loop
   vertex 149.10167725182387 5.85912115046007 4.52942497472077
   vertex 148.91934666527359 6.17492699013898 4.52942497472077
   vertex 148.91934666527359 6.17492699013898 1.52942497472077
  endloop
 endfacet
 facet normal -0.98480775301221 -0.17364817766690 0.00000000000000
  outer loop
   vertex 149.16499999999866 5.49999999996811 4.52942497472077
   vertex 149.10167725182387 5.85912115046007 4.52942497472077
   vertex 149.10167725182387 5.85912115046007 1.52942497472077
  endloop
 endfacet
 facet normal -0.98480775301221 0.17364817766690 -0.00000000000000
  outer loop
   vertex 149.10167725182387 5.14087884947616 4.52942497472077
   vertex 149.16499999999866 5.49999999996811 4.52942497472077
   vertex 149.16499999999866 5.49999999996811 1.52942497472077
  endloop
 endfacet
 facet normal -0.86602540378444 0.50000000000000 -0.00000000000000
  outer loop
   vertex 148.91934666527359 4.82507300979724 4.52942497472077
   vertex 149.10167725182387 5.14087884947616 4.52942497472077
   vertex 149.10167725182387 5.14087884947616 1.52942497472077
  endloop
 endfacet
 facet normal -0.64278760968655 0.76604444311897 -0.00000000000000
  outer loop
   vertex 148.63999999999868 4.59067332599445 4.52942497472077
   vertex 148.91934666527359 4.82507300979724 4.52942497472077
   vertex 148.91934666527359 4.82507300979724 1.52942497472077
  endloop
 endfacet
 facet normal -0.34202014332567 0.93969262078591 0.00000000000000
  outer loop
   vertex 148.29733058654895 4.46595185930530 4.52942497472077
   vertex 148.63999999999868 4.59067332599445 4.52942497472077
   vertex 148.63999999999868 4.59067332599445 1.52942497472077
  endloop
 endfacet
 facet normal -0.00000000000000 1.00000000000000 0.00000000000000
  outer loop
   vertex 147.93266941344837 4.46595185930530 4.52942497472077
   vertex 148.29733058654895 4.46595185930530 4.52942497472077
   vertex 148.29733058654895 4.46595185930530 1.52942497472077
  endloop
 endfacet
 facet normal 0.34202014332569 0.93969262078590 0.00000000000000
  outer loop
   vertex 147.58999999999867 4.59067332599445 4.52942497472077
   vertex 147.93266941344837 4.46595185930530 4.52942497472077
   vertex 147.93266941344837 4.46595185930530 1.52942497472077
  endloop
 endfacet
 facet normal 0.64278760968655 0.76604444311897 -0.00000000000000
  outer loop
   vertex 147.31065333472375 4.82507300979724 4.52942497472077
   vertex 147.58999999999867 4.59067332599445 4.52942497472077
   vertex 147.58999999999867 4.59067332599445 1.52942497472077
  endloop
 endfacet
 facet normal 0.86602540378444 0.50000000000000 0.00000000000000
  outer loop
   vertex 147.12832274817347 5.14087884947616 4.52942497472077
   vertex 147.31065333472375 4.82507300979724 4.52942497472077
   vertex 147.31065333472375 4.82507300979724 1.52942497472077
  endloop
 endfacet
 facet normal 0.98480775301220 0.17364817766697 0.00000000000000
  outer loop
   vertex 147.06499999999866 5.49999999996811 4.52942497472077
   vertex 147.12832274817347 5.14087884947616 4.52942497472077
   vertex 147.12832274817347 5.14087884947616 1.52942497472077
  endloop
 endfacet
 facet normal 0.00000000000000 0.00000000000000 1.00000000000000
  outer loop
   vertex 148.11499999999867 5.49999999996811 1.52942497472077
   vertex 149.10167725182387 5.85912115046007 1.52942497472077
   vertex 148.91934666527359 6.17492699013898 1.52942497472077
  endloop
 endfacet
 facet normal 0.00000000000000 0.00000000000000 1.00000000000000
  outer loop
   vertex 148.91934666527359 6.17492699013898 1.52942497472077
   vertex 148.63999999999868 6.40932667394177 1.52942497472077
   vertex 148.11499999999867 5.49999999996811 1.52942497472077
  endloop
 endfacet
 facet normal 0.00000000000000 0.00000000000000 1.00000000000000
  outer loop
   vertex 148.63999999999868 6.40932667394177 1.52942497472077
   vertex 148.29733058654895 6.53404814063093 1.52942497472077
   vertex 148.11499999999867 5.49999999996811 1.52942497472077
  endloop
 endfacet
 facet normal 0.00000000000000 0.00000000000000 1.00000000000000
  outer loop
   vertex 148.29733058654895 6.53404814063093 1.52942497472077
   vertex 147.93266941344837 6.53404814063093 1.52942497472077
   vertex 148.11499999999867 5.49999999996811 1.52942497472077
  endloop
 endfacet
 facet normal 0.00000000000000 0.00000000000000 1.00000000000000
  outer loop
   vertex 147.93266941344837 6.53404814063093 1.52942497472077
   vertex 147.58999999999867 6.40932667394177 1.52942497472077
   vertex 148.11499999999867 5.49999999996811 1.52942497472077
  endloop
 endfacet
 facet normal 0.00000000000000 0.00000000000000 1.00000000000000
  outer loop
   vertex 147.58999999999867 6.40932667394177 1.52942497472077
   vertex 147.31065333472375 6.17492699013898 1.52942497472077
   vertex 148.11499999999867 5.49999999996811 1.52942497472077
  endloop
 endfacet
 facet normal 0.00000000000000 0.00000000000000 1.00000000000000
  outer loop
   vertex 147.31065333472375 6.17492699013898 1.52942497472077
   vertex 147.12832274817347 5.85912115046007 1.52942497472077
   vertex 148.11499999999867 5.49999999996811 1.52942497472077
  endloop
 endfacet
 facet normal 0.00000000000000 0.00000000000000 1.00000000000000
  outer loop
   vertex 147.12832274817347 5.85912115046007 1.52942497472077
   vertex 147.06499999999866 5.49999999996811 1.52942497472077
   vertex 148.11499999999867 5.49999999996811 1.52942497472077
  endloop
 endfacet
 facet normal -0.00000000000000 0.00000000000000 1.00000000000000
  outer loop
   vertex 147.06499999999866 5.49999999996811 1.52942497472077
   vertex 147.12832274817347 5.14087884947616 1.52942497472077
   vertex 148.11499999999867 5.49999999996811 1.52942497472077
  endloop
 endfacet
 facet normal -0.00000000000000 0.00000000000000 1.00000000000000
  outer loop
   vertex 147.12832274817347 5.14087884947616 1.52942497472077
   vertex 147.31065333472375 4.82507300979724 1.52942497472077
   vertex 148.11499999999867 5.49999999996811 1.52942497472077
  endloop
 endfacet
 facet normal -0.00000000000000 0.00000000000000 1.00000000000000
  outer loop
   vertex 147.31065333472375 4.82507300979724 1.52942497472077
   vertex 147.58999999999867 4.59067332599445 1.52942497472077
   vertex 148.11499999999867 5.49999999996811 1.52942497472077
  endloop
 endfacet
 facet normal -0.00000000000000 0.00000000000000 1.00000000000000
  outer loop
   vertex 147.58999999999867 4.59067332599445 1.52942497472077
   vertex 147.93266941344837 4.46595185930530 1.52942497472077
   vertex 148.11499999999867 5.49999999996811 1.52942497472077
  endloop
 endfacet
 facet normal 0.00000000000000 0.00000000000000 1.00000000000000
  outer loop
   vertex 147.93266941344837 4.46595185930530 1.52942497472077
   vertex 148.29733058654895 4.46595185930530 1.52942497472077
   vertex 148.11499999999867 5.49999999996811 1.52942497472077
  endloop
 endfacet
 facet normal 0.00000000000000 -0.00000000000000 1.00000000000000
  outer loop
   vertex 148.29733058654895 4.46595185930530 1.52942497472077
   vertex 148.63999999999868 4.59067332599445 1.52942497472077
   vertex 148.11499999999867 5.49999999996811 1.52942497472077
  endloop
 endfacet
 facet normal 0.00000000000000 -0.00000000000000 1.00000000000000
  outer loop
   vertex 148.63999999999868 4.59067332599445 1.52942497472077
   vertex 148.91934666527359 4.82507300979724 1.52942497472077
   vertex 148.11499999999867 5.49999999996811 1.52942497472077
  endloop
 endfacet
 facet normal 0.00000000000000 -0.00000000000000 1.00000000000000
  outer loop
   vertex 148.91934666527359 4.82507300979724 1.52942497472077
   vertex 149.10167725182387 5.14087884947616 1.52942497472077
   vertex 148.11499999999867 5.49999999996811 1.52942497472077
  endloop
 endfacet
 facet normal 0.00000000000000 0.00000000000000 1.00000000000000
  outer loop
   vertex 149.10167725182387 5.14087884947616 1.52942497472077
   vertex 149.16499999999866 5.49999999996811 1.52942497472077
   vertex 148.11499999999867 5.49999999996811 1.52942497472077
  endloop
 endfacet
 facet normal 0.00000000000000 -0.00000000000000 1.00000000000000
  outer loop
   vertex 149.16499999999866 5.49999999996811 1.52942497472077
   vertex 149.10167725182387 5.85912115046007 1.52942497472077
   vertex 148.11499999999867 5.49999999996811 1.52942497472077
  endloop
 endfacet
 facet normal 0.98480775301221 0.17364817766692 -0.00000000000000
  outer loop
   vertex 145.30995047094768 -4.12798682201759 1.52942497472077
   vertex 145.18632034355880 -3.42684552819996 1.52942497472077
   vertex 145.18632034355880 -3.42684552819996 4.52942497472077
  endloop
 endfacet
 facet normal 0.86602540378445 0.49999999999998 -0.00000000000000
  outer loop
   vertex 145.66592923516487 -4.74456012805737 1.52942497472077
   vertex 145.30995047094768 -4.12798682201759 1.52942497472077
   vertex 145.30995047094768 -4.12798682201759 4.52942497472077
  endloop
 endfacet
 facet normal 0.64278760968653 0.76604444311898 -0.00000000000000
  outer loop
   vertex 146.21132034355878 -5.20219760595806 1.52942497472077
   vertex 145.66592923516487 -4.74456012805737 1.52942497472077
   vertex 145.66592923516487 -4.74456012805737 4.52942497472077
  endloop
 endfacet
 facet normal 0.34202014332566 0.93969262078591 0.00000000000000
  outer loop
   vertex 146.88034157934160 -5.44570142187499 1.52942497472077
   vertex 146.21132034355878 -5.20219760595806 1.52942497472077
   vertex 146.21132034355878 -5.20219760595806 4.52942497472077
  endloop
 endfacet
 facet normal -0.00000000000000 1.00000000000000 0.00000000000000
  outer loop
   vertex 147.59229910777603 -5.44570142187499 1.52942497472077
   vertex 146.88034157934160 -5.44570142187499 1.52942497472077
   vertex 146.88034157934160 -5.44570142187499 4.52942497472077
  endloop
 endfacet
 facet normal -0.34202014332568 0.93969262078590 0.00000000000000
  outer loop
   vertex 148.26132034355879 -5.20219760595806 1.52942497472077
   vertex 147.59229910777603 -5.44570142187499 1.52942497472077
   vertex 147.59229910777603 -5.44570142187499 4.52942497472077
  endloop
 endfacet
 facet normal -0.64278760968653 0.76604444311898 0.00000000000000
  outer loop
   vertex 148.80671145195271 -4.74456012805736 1.52942497472077
   vertex 148.26132034355879 -5.20219760595806 1.52942497472077
   vertex 148.26132034355879 -5.20219760595806 4.52942497472077
  endloop
 endfacet
 facet normal -0.86602540378445 0.49999999999998 -0.00000000000000
  outer loop
   vertex 149.16269021616989 -4.12798682201758 1.52942497472077
   vertex 148.80671145195271 -4.74456012805736 1.52942497472077
   vertex 148.80671145195271 -4.74456012805736 4.52942497472077
  endloop
 endfacet
 facet normal -0.98480775301220 0.17364817766696 0.00000000000000
  outer loop
   vertex 149.28632034355880 -3.42684552819996 1.52942497472077
   vertex 149.16269021616989 -4.12798682201758 1.52942497472077
   vertex 149.16269021616989 -4.12798682201758 4.52942497472077
  endloop
 endfacet
 facet normal -0.98480775301220 -0.17364817766696 -0.00000000000000
  outer loop
   vertex 149.16269021616989 -2.72570423438234 1.52942497472077
   vertex 149.28632034355880 -3.42684552819996 1.52942497472077
   vertex 149.28632034355880 -3.42684552819996 4.52942497472077
  endloop
 endfacet
 facet normal -0.86602540378445 -0.49999999999998 -0.00000000000000
  outer loop
   vertex 148.80671145195271 -2.10913092834256 1.52942497472077
   vertex 149.16269021616989 -2.72570423438234 1.52942497472077
   vertex 149.16269021616989 -2.72570423438234 4.52942497472077
  endloop
 endfacet
 facet normal -0.64278760968653 -0.76604444311898 -0.00000000000000
  outer loop
   vertex 148.26132034355879 -1.65149345044186 1.52942497472077
   vertex 148.80671145195271 -2.10913092834256 1.52942497472077
   vertex 148.80671145195271 -2.10913092834256 4.52942497472077
  endloop
 endfacet
 facet normal -0.34202014332567 -0.93969262078591 -0.00000000000000
  outer loop
   vertex 147.59229910777600 -1.40798963452493 1.52942497472077
   vertex 148.26132034355879 -1.65149345044186 1.52942497472077
   vertex 148.26132034355879 -1.65149345044186 4.52942497472077
  endloop
 endfacet
 facet normal 0.00000000000000 -1.00000000000000 0.00000000000000
  outer loop
   vertex 146.88034157934160 -1.40798963452493 1.52942497472077
   vertex 147.59229910777600 -1.40798963452493 1.52942497472077
   vertex 147.59229910777600 -1.40798963452493 4.52942497472077
  endloop
 endfacet
 facet normal 0.34202014332566 -0.93969262078591 -0.00000000000000
  outer loop
   vertex 146.21132034355878 -1.65149345044186 1.52942497472077
   vertex 146.88034157934160 -1.40798963452493 1.52942497472077
   vertex 146.88034157934160 -1.40798963452493 4.52942497472077
  endloop
 endfacet
 facet normal 0.64278760968653 -0.76604444311898 0.00000000000000
  outer loop
   vertex 145.66592923516487 -2.10913092834256 1.52942497472077
   vertex 146.21132034355878 -1.65149345044186 1.52942497472077
   vertex 146.21132034355878 -1.65149345044186 4.52942497472077
  endloop
 endfacet
 facet normal 0.86602540378445 -0.49999999999998 0.00000000000000
  outer loop
   vertex 145.30995047094768 -2.72570423438234 1.52942497472077
   vertex 145.66592923516487 -2.10913092834256 1.52942497472077
   vertex 145.66592923516487 -2.10913092834256 4.52942497472077
  endloop
 endfacet
 facet normal 0.98480775301221 -0.17364817766692 -0.00000000000000
  outer loop
   vertex 145.18632034355880 -3.42684552819996 1.52942497472077
   vertex 145.30995047094768 -2.72570423438234 1.52942497472077
   vertex 145.30995047094768 -2.72570423438234 4.52942497472077
  endloop
 endfacet
 facet normal 0.98480775301221 -0.17364817766692 -0.00000000000000
  outer loop
   vertex 145.30995047094768 -2.72570423438234 4.52942497472077
   vertex 145.18632034355880 -3.42684552819996 4.52942497472077
   vertex 145.18632034355880 -3.42684552819996 1.52942497472077
  endloop
 endfacet
 facet normal 0.86602540378445 -0.49999999999998 0.00000000000000
  outer loop
   vertex 145.66592923516487 -2.10913092834256 4.52942497472077
   vertex 145.30995047094768 -2.72570423438234 4.52942497472077
   vertex 145.30995047094768 -2.72570423438234 1.52942497472077
  endloop
 endfacet
 facet normal 0.64278760968653 -0.76604444311898 0.00000000000000
  outer loop
   vertex 146.21132034355878 -1.65149345044186 4.52942497472077
   vertex 145.66592923516487 -2.10913092834256 4.52942497472077
   vertex 145.66592923516487 -2.10913092834256 1.52942497472077
  endloop
 endfacet
 facet normal 0.34202014332566 -0.93969262078591 -0.00000000000000
  outer loop
   vertex 146.88034157934160 -1.40798963452493 4.52942497472077
   vertex 146.21132034355878 -1.65149345044186 4.52942497472077
   vertex 146.21132034355878 -1.65149345044186 1.52942497472077
  endloop
 endfacet
 facet normal -0.00000000000000 -1.00000000000000 0.00000000000000
  outer loop
   vertex 147.59229910777600 -1.40798963452493 4.52942497472077
   vertex 146.88034157934160 -1.40798963452493 4.52942497472077
   vertex 146.88034157934160 -1.40798963452493 1.52942497472077
  endloop
 endfacet
 facet normal -0.34202014332567 -0.93969262078591 -0.00000000000000
  outer loop
   vertex 148.26132034355879 -1.65149345044186 4.52942497472077
   vertex 147.59229910777600 -1.40798963452493 4.52942497472077
   vertex 147.59229910777600 -1.40798963452493 1.52942497472077
  endloop
 endfacet
 facet normal -0.64278760968653 -0.76604444311898 -0.00000000000000
  outer loop
   vertex 148.80671145195271 -2.10913092834256 4.52942497472077
   vertex 148.26132034355879 -1.65149345044186 4.52942497472077
   vertex 148.26132034355879 -1.65149345044186 1.52942497472077
  endloop
 endfacet
 facet normal -0.86602540378445 -0.49999999999998 -0.00000000000000
  outer loop
   vertex 149.16269021616989 -2.72570423438234 4.52942497472077
   vertex 148.80671145195271 -2.10913092834256 4.52942497472077
   vertex 148.80671145195271 -2.10913092834256 1.52942497472077
  endloop
 endfacet
 facet normal -0.98480775301220 -0.17364817766696 0.00000000000000
  outer loop
   vertex 149.28632034355880 -3.42684552819996 4.52942497472077
   vertex 149.16269021616989 -2.72570423438234 4.52942497472077
   vertex 149.16269021616989 -2.72570423438234 1.52942497472077
  endloop
 endfacet
 facet normal -0.98480775301220 0.17364817766696 0.00000000000000
  outer loop
   vertex 149.16269021616989 -4.12798682201758 4.52942497472077
   vertex 149.28632034355880 -3.42684552819996 4.52942497472077
   vertex 149.28632034355880 -3.42684552819996 1.52942497472077
  endloop
 endfacet
 facet normal -0.86602540378445 0.49999999999998 -0.00000000000000
  outer loop
   vertex 148.80671145195271 -4.74456012805736 4.52942497472077
   vertex 149.16269021616989 -4.12798682201758 4.52942497472077
   vertex 149.16269021616989 -4.12798682201758 1.52942497472077
  endloop
 endfacet
 facet normal -0.64278760968653 0.76604444311898 0.00000000000000
  outer loop
   vertex 148.26132034355879 -5.20219760595806 4.52942497472077
   vertex 148.80671145195271 -4.74456012805736 4.52942497472077
   vertex 148.80671145195271 -4.74456012805736 1.52942497472077
  endloop
 endfacet
 facet normal -0.34202014332568 0.93969262078590 0.00000000000000
  outer loop
   vertex 147.59229910777603 -5.44570142187499 4.52942497472077
   vertex 148.26132034355879 -5.20219760595806 4.52942497472077
   vertex 148.26132034355879 -5.20219760595806 1.52942497472077
  endloop
 endfacet
 facet normal -0.00000000000000 1.00000000000000 0.00000000000000
  outer loop
   vertex 146.88034157934160 -5.44570142187499 4.52942497472077
   vertex 147.59229910777603 -5.44570142187499 4.52942497472077
   vertex 147.59229910777603 -5.44570142187499 1.52942497472077
  endloop
 endfacet
 facet normal 0.34202014332566 0.93969262078591 0.00000000000000
  outer loop
   vertex 146.21132034355878 -5.20219760595806 4.52942497472077
   vertex 146.88034157934160 -5.44570142187499 4.52942497472077
   vertex 146.88034157934160 -5.44570142187499 1.52942497472077
  endloop
 endfacet
 facet normal 0.64278760968653 0.76604444311898 -0.00000000000000
  outer loop
   vertex 145.66592923516487 -4.74456012805737 4.52942497472077
   vertex 146.21132034355878 -5.20219760595806 4.52942497472077
   vertex 146.21132034355878 -5.20219760595806 1.52942497472077
  endloop
 endfacet
 facet normal 0.86602540378445 0.49999999999998 -0.00000000000000
  outer loop
   vertex 145.30995047094768 -4.12798682201759 4.52942497472077
   vertex 145.66592923516487 -4.74456012805737 4.52942497472077
   vertex 145.66592923516487 -4.74456012805737 1.52942497472077
  endloop
 endfacet
 facet normal 0.98480775301221 0.17364817766692 -0.00000000000000
  outer loop
   vertex 145.18632034355880 -3.42684552819996 4.52942497472077
   vertex 145.30995047094768 -4.12798682201759 4.52942497472077
   vertex 145.30995047094768 -4.12798682201759 1.52942497472077
  endloop
 endfacet
 facet normal 0.00000000000000 0.00000000000000 1.00000000000000
  outer loop
   vertex 147.23632034355882 -3.42684552819996 1.52942497472077
   vertex 149.16269021616989 -2.72570423438234 1.52942497472077
   vertex 148.80671145195271 -2.10913092834256 1.52942497472077
  endloop
 endfacet
 facet normal 0.00000000000000 0.00000000000000 1.00000000000000
  outer loop
   vertex 148.80671145195271 -2.10913092834256 1.52942497472077
   vertex 148.26132034355879 -1.65149345044186 1.52942497472077
   vertex 147.23632034355882 -3.42684552819996 1.52942497472077
  endloop
 endfacet
 facet normal 0.00000000000000 0.00000000000000 1.00000000000000
  outer loop
   vertex 148.26132034355879 -1.65149345044186 1.52942497472077
   vertex 147.59229910777600 -1.40798963452493 1.52942497472077
   vertex 147.23632034355882 -3.42684552819996 1.52942497472077
  endloop
 endfacet
 facet normal 0.00000000000000 0.00000000000000 1.00000000000000
  outer loop
   vertex 147.59229910777600 -1.40798963452493 1.52942497472077
   vertex 146.88034157934160 -1.40798963452493 1.52942497472077
   vertex 147.23632034355882 -3.42684552819996 1.52942497472077
  endloop
 endfacet
 facet normal 0.00000000000000 0.00000000000000 1.00000000000000
  outer loop
   vertex 146.88034157934160 -1.40798963452493 1.52942497472077
   vertex 146.21132034355878 -1.65149345044186 1.52942497472077
   vertex 147.23632034355882 -3.42684552819996 1.52942497472077
  endloop
 endfacet
 facet normal 0.00000000000000 0.00000000000000 1.00000000000000
  outer loop
   vertex 146.21132034355878 -1.65149345044186 1.52942497472077
   vertex 145.66592923516487 -2.10913092834256 1.52942497472077
   vertex 147.23632034355882 -3.42684552819996 1.52942497472077
  endloop
 endfacet
 facet normal 0.00000000000000 0.00000000000000 1.00000000000000
  outer loop
   vertex 145.66592923516487 -2.10913092834256 1.52942497472077
   vertex 145.30995047094768 -2.72570423438234 1.52942497472077
   vertex 147.23632034355882 -3.42684552819996 1.52942497472077
  endloop
 endfacet
 facet normal 0.00000000000000 0.00000000000000 1.00000000000000
  outer loop
   vertex 145.30995047094768 -2.72570423438234 1.52942497472077
   vertex 145.18632034355880 -3.42684552819996 1.52942497472077
   vertex 147.23632034355882 -3.42684552819996 1.52942497472077
  endloop
 endfacet
 facet normal -0.00000000000000 0.00000000000000 1.00000000000000
  outer loop
   vertex 145.18632034355880 -3.42684552819996 1.52942497472077
   vertex 145.30995047094768 -4.12798682201759 1.52942497472077
   vertex 147.23632034355882 -3.42684552819996 1.52942497472077
  endloop
 endfacet
 facet normal -0.00000000000000 0.00000000000000 1.00000000000000
  outer loop
   vertex 145.30995047094768 -4.12798682201759 1.52942497472077
   vertex 145.66592923516487 -4.74456012805737 1.52942497472077
   vertex 147.23632034355882 -3.42684552819996 1.52942497472077
  endloop
 endfacet
 facet normal -0.00000000000000 0.00000000000000 1.00000000000000
  outer loop
   vertex 145.66592923516487 -4.74456012805737 1.52942497472077
   vertex 146.21132034355878 -5.20219760595806 1.52942497472077
   vertex 147.23632034355882 -3.42684552819996 1.52942497472077
  endloop
 endfacet
 facet normal -0.00000000000000 0.00000000000000 1.00000000000000
  outer loop
   vertex 146.21132034355878 -5.20219760595806 1.52942497472077
   vertex 146.88034157934160 -5.44570142187499 1.52942497472077
   vertex 147.23632034355882 -3.42684552819996 1.52942497472077
  endloop
 endfacet
 facet normal 0.00000000000000 0.00000000000000 1.00000000000000
  outer loop
   vertex 146.88034157934160 -5.44570142187499 1.52942497472077
   vertex 147.59229910777603 -5.44570142187499 1.52942497472077
   vertex 147.23632034355882 -3.42684552819996 1.52942497472077
  endloop
 endfacet
 facet normal 0.00000000000000 -0.00000000000000 1.00000000000000
  outer loop
   vertex 147.59229910777603 -5.44570142187499 1.52942497472077
   vertex 148.26132034355879 -5.20219760595806 1.52942497472077
   vertex 147.23632034355882 -3.42684552819996 1.52942497472077
  endloop
 endfacet
 facet normal 0.00000000000000 -0.00000000000000 1.00000000000000
  outer loop
   vertex 148.26132034355879 -5.20219760595806 1.52942497472077
   vertex 148.80671145195271 -4.74456012805736 1.52942497472077
   vertex 147.23632034355882 -3.42684552819996 1.52942497472077
  endloop
 endfacet
 facet normal 0.00000000000000 -0.00000000000000 1.00000000000000
  outer loop
   vertex 148.80671145195271 -4.74456012805736 1.52942497472077
   vertex 149.16269021616989 -4.12798682201758 1.52942497472077
   vertex 147.23632034355882 -3.42684552819996 1.52942497472077
  endloop
 endfacet
 facet normal 0.00000000000000 0.00000000000000 1.00000000000000
  outer loop
   vertex 149.16269021616989 -4.12798682201758 1.52942497472077
   vertex 149.28632034355880 -3.42684552819996 1.52942497472077
   vertex 147.23632034355882 -3.42684552819996 1.52942497472077
  endloop
 endfacet
 facet normal 0.00000000000000 -0.00000000000000 1.00000000000000
  outer loop
   vertex 149.28632034355880 -3.42684552819996 1.52942497472077
   vertex 149.16269021616989 -2.72570423438234 1.52942497472077
   vertex 147.23632034355882 -3.42684552819996 1.52942497472077
  endloop
 endfacet
 facet normal 0.98480775301221 0.17364817766690 -0.00000000000000
  outer loop
   vertex 87.37723148971983 5.33540744045221 1.52942497472077
   vertex 87.31390874154505 5.69452859094416 1.52942497472077
   vertex 87.31390874154505 5.69452859094416 4.52942497472077
  endloop
 endfacet
 facet normal 0.86602540378444 0.50000000000000 -0.00000000000000
  outer loop
   vertex 87.55956207627011 5.01960160077329 1.52942497472077
   vertex 87.37723148971983 5.33540744045221 1.52942497472077
   vertex 87.37723148971983 5.33540744045221 4.52942497472077
  endloop
 endfacet
 facet normal 0.64278760968655 0.76604444311897 0.00000000000000
  outer loop
   vertex 87.83890874154503 4.78520191697051 1.52942497472077
   vertex 87.55956207627011 5.01960160077329 1.52942497472077
   vertex 87.55956207627011 5.01960160077329 4.52942497472077
  endloop
 endfacet
 facet normal 0.34202014332567 0.93969262078591 0.00000000000000
  outer loop
   vertex 88.18157815499475 4.66048045028135 1.52942497472077
   vertex 87.83890874154503 4.78520191697051 1.52942497472077
   vertex 87.83890874154503 4.78520191697051 4.52942497472077
  endloop
 endfacet
 facet normal -0.00000000000000 1.00000000000000 0.00000000000000
  outer loop
   vertex 88.54623932809531 4.66048045028135 1.52942497472077
   vertex 88.18157815499475 4.66048045028135 1.52942497472077
   vertex 88.18157815499475 4.66048045028135 4.52942497472077
  endloop
 endfacet
 facet normal -0.34202014332567 0.93969262078591 0.00000000000000
  outer loop
   vertex 88.88890874154504 4.78520191697051 1.52942497472077
   vertex 88.54623932809531 4.66048045028135 1.52942497472077
   vertex 88.54623932809531 4.66048045028135 4.52942497472077
  endloop
 endfacet
 facet normal -0.64278760968653 0.76604444311899 0.00000000000000
  outer loop
   vertex 89.16825540681997 5.01960160077330 1.52942497472077
   vertex 88.88890874154504 4.78520191697051 1.52942497472077
   vertex 88.88890874154504 4.78520191697051 4.52942497472077
  endloop
 endfacet
 facet normal -0.86602540378444 0.50000000000000 -0.00000000000000
  outer loop
   vertex 89.35058599337025 5.33540744045221 1.52942497472077
   vertex 89.16825540681997 5.01960160077330 1.52942497472077
   vertex 89.16825540681997 5.01960160077330 4.52942497472077
  endloop
 endfacet
 facet normal -0.98480775301222 0.17364817766686 -0.00000000000000
  outer loop
   vertex 89.41390874154501 5.69452859094416 1.52942497472077
   vertex 89.35058599337025 5.33540744045221 1.52942497472077
   vertex 89.35058599337025 5.33540744045221 4.52942497472077
  endloop
 endfacet
 facet normal -0.98480775301222 -0.17364817766686 0.00000000000000
  outer loop
   vertex 89.35058599337025 6.05364974143612 1.52942497472077
   vertex 89.41390874154501 5.69452859094416 1.52942497472077
   vertex 89.41390874154501 5.69452859094416 4.52942497472077
  endloop
 endfacet
 facet normal -0.86602540378444 -0.50000000000000 0.00000000000000
  outer loop
   vertex 89.16825540681997 6.36945558111504 1.52942497472077
   vertex 89.35058599337025 6.05364974143612 1.52942497472077
   vertex 89.35058599337025 6.05364974143612 4.52942497472077
  endloop
 endfacet
 facet normal -0.64278760968653 -0.76604444311899 -0.00000000000000
  outer loop
   vertex 88.88890874154504 6.60385526491782 1.52942497472077
   vertex 89.16825540681997 6.36945558111504 1.52942497472077
   vertex 89.16825540681997 6.36945558111504 4.52942497472077
  endloop
 endfacet
 facet normal -0.34202014332567 -0.93969262078591 -0.00000000000000
  outer loop
   vertex 88.54623932809531 6.72857673160698 1.52942497472077
   vertex 88.88890874154504 6.60385526491782 1.52942497472077
   vertex 88.88890874154504 6.60385526491782 4.52942497472077
  endloop
 endfacet
 facet normal 0.00000000000000 -1.00000000000000 0.00000000000000
  outer loop
   vertex 88.18157815499475 6.72857673160698 1.52942497472077
   vertex 88.54623932809531 6.72857673160698 1.52942497472077
   vertex 88.54623932809531 6.72857673160698 4.52942497472077
  endloop
 endfacet
 facet normal 0.34202014332567 -0.93969262078591 0.00000000000000
  outer loop
   vertex 87.83890874154503 6.60385526491782 1.52942497472077
   vertex 88.18157815499475 6.72857673160698 1.52942497472077
   vertex 88.18157815499475 6.72857673160698 4.52942497472077
  endloop
 endfacet
 facet normal 0.64278760968655 -0.76604444311897 -0.00000000000000
  outer loop
   vertex 87.55956207627011 6.36945558111504 1.52942497472077
   vertex 87.83890874154503 6.60385526491782 1.52942497472077
   vertex 87.83890874154503 6.60385526491782 4.52942497472077
  endloop
 endfacet
 facet normal 0.86602540378444 -0.50000000000000 -0.00000000000000
  outer loop
   vertex 87.37723148971983 6.05364974143612 1.52942497472077
   vertex 87.55956207627011 6.36945558111504 1.52942497472077
   vertex 87.55956207627011 6.36945558111504 4.52942497472077
  endloop
 endfacet
 facet normal 0.98480775301221 -0.17364817766690 0.00000000000000
  outer loop
   vertex 87.31390874154505 5.69452859094416 1.52942497472077
   vertex 87.37723148971983 6.05364974143612 1.52942497472077
   vertex 87.37723148971983 6.05364974143612 4.52942497472077
  endloop
 endfacet
 facet normal 0.98480775301221 -0.17364817766690 0.00000000000000
  outer loop
   vertex 87.37723148971983 6.05364974143612 4.52942497472077
   vertex 87.31390874154505 5.69452859094416 4.52942497472077
   vertex 87.31390874154505 5.69452859094416 1.52942497472077
  endloop
 endfacet
 facet normal 0.86602540378444 -0.50000000000000 -0.00000000000000
  outer loop
   vertex 87.55956207627011 6.36945558111504 4.52942497472077
   vertex 87.37723148971983 6.05364974143612 4.52942497472077
   vertex 87.37723148971983 6.05364974143612 1.52942497472077
  endloop
 endfacet
 facet normal 0.64278760968655 -0.76604444311897 -0.00000000000000
  outer loop
   vertex 87.83890874154503 6.60385526491782 4.52942497472077
   vertex 87.55956207627011 6.36945558111504 4.52942497472077
   vertex 87.55956207627011 6.36945558111504 1.52942497472077
  endloop
 endfacet
 facet normal 0.34202014332567 -0.93969262078591 0.00000000000000
  outer loop
   vertex 88.18157815499475 6.72857673160698 4.52942497472077
   vertex 87.83890874154503 6.60385526491782 4.52942497472077
   vertex 87.83890874154503 6.60385526491782 1.52942497472077
  endloop
 endfacet
 facet normal -0.00000000000000 -1.00000000000000 0.00000000000000
  outer loop
   vertex 88.54623932809531 6.72857673160698 4.52942497472077
   vertex 88.18157815499475 6.72857673160698 4.52942497472077
   vertex 88.18157815499475 6.72857673160698 1.52942497472077
  endloop
 endfacet
 facet normal -0.34202014332567 -0.93969262078591 -0.00000000000000
  outer loop
   vertex 88.88890874154504 6.60385526491782 4.52942497472077
   vertex 88.54623932809531 6.72857673160698 4.52942497472077
   vertex 88.54623932809531 6.72857673160698 1.52942497472077
  endloop
 endfacet
 facet normal -0.64278760968653 -0.76604444311899 -0.00000000000000
  outer loop
   vertex 89.16825540681997 6.36945558111504 4.52942497472077
   vertex 88.88890874154504 6.60385526491782 4.52942497472077
   vertex 88.88890874154504 6.60385526491782 1.52942497472077
  endloop
 endfacet
 facet normal -0.86602540378444 -0.50000000000000 0.00000000000000
  outer loop
   vertex 89.35058599337025 6.05364974143612 4.52942497472077
   vertex 89.16825540681997 6.36945558111504 4.52942497472077
   vertex 89.16825540681997 6.36945558111504 1.52942497472077
  endloop
 endfacet
 facet normal -0.98480775301222 -0.17364817766686 0.00000000000000
  outer loop
   vertex 89.41390874154501 5.69452859094416 4.52942497472077
   vertex 89.35058599337025 6.05364974143612 4.52942497472077
   vertex 89.35058599337025 6.05364974143612 1.52942497472077
  endloop
 endfacet
 facet normal -0.98480775301222 0.17364817766686 -0.00000000000000
  outer loop
   vertex 89.35058599337025 5.33540744045221 4.52942497472077
   vertex 89.41390874154501 5.69452859094416 4.52942497472077
   vertex 89.41390874154501 5.69452859094416 1.52942497472077
  endloop
 endfacet
 facet normal -0.86602540378444 0.50000000000000 -0.00000000000000
  outer loop
   vertex 89.16825540681997 5.01960160077330 4.52942497472077
   vertex 89.35058599337025 5.33540744045221 4.52942497472077
   vertex 89.35058599337025 5.33540744045221 1.52942497472077
  endloop
 endfacet
 facet normal -0.64278760968653 0.76604444311899 0.00000000000000
  outer loop
   vertex 88.88890874154504 4.78520191697051 4.52942497472077
   vertex 89.16825540681997 5.01960160077330 4.52942497472077
   vertex 89.16825540681997 5.01960160077330 1.52942497472077
  endloop
 endfacet
 facet normal -0.34202014332567 0.93969262078591 0.00000000000000
  outer loop
   vertex 88.54623932809531 4.66048045028135 4.52942497472077
   vertex 88.88890874154504 4.78520191697051 4.52942497472077
   vertex 88.88890874154504 4.78520191697051 1.52942497472077
  endloop
 endfacet
 facet normal -0.00000000000000 1.00000000000000 0.00000000000000
  outer loop
   vertex 88.18157815499475 4.66048045028135 4.52942497472077
   vertex 88.54623932809531 4.66048045028135 4.52942497472077
   vertex 88.54623932809531 4.66048045028135 1.52942497472077
  endloop
 endfacet
 facet normal 0.34202014332567 0.93969262078591 0.00000000000000
  outer loop
   vertex 87.83890874154503 4.78520191697051 4.52942497472077
   vertex 88.18157815499475 4.66048045028135 4.52942497472077
   vertex 88.18157815499475 4.66048045028135 1.52942497472077
  endloop
 endfacet
 facet normal 0.64278760968655 0.76604444311897 0.00000000000000
  outer loop
   vertex 87.55956207627011 5.01960160077329 4.52942497472077
   vertex 87.83890874154503 4.78520191697051 4.52942497472077
   vertex 87.83890874154503 4.78520191697051 1.52942497472077
  endloop
 endfacet
 facet normal 0.86602540378444 0.50000000000000 -0.00000000000000
  outer loop
   vertex 87.37723148971983 5.33540744045221 4.52942497472077
   vertex 87.55956207627011 5.01960160077329 4.52942497472077
   vertex 87.55956207627011 5.01960160077329 1.52942497472077
  endloop
 endfacet
 facet normal 0.98480775301221 0.17364817766690 -0.00000000000000
  outer loop
   vertex 87.31390874154505 5.69452859094416 4.52942497472077
   vertex 87.37723148971983 5.33540744045221 4.52942497472077
   vertex 87.37723148971983 5.33540744045221 1.52942497472077
  endloop
 endfacet
 facet normal 0.00000000000000 0.00000000000000 1.00000000000000
  outer loop
   vertex 88.36390874154503 5.69452859094416 1.52942497472077
   vertex 89.35058599337025 6.05364974143612 1.52942497472077
   vertex 89.16825540681997 6.36945558111504 1.52942497472077
  endloop
 endfacet
 facet normal 0.00000000000000 0.00000000000000 1.00000000000000
  outer loop
   vertex 89.16825540681997 6.36945558111504 1.52942497472077
   vertex 88.88890874154504 6.60385526491782 1.52942497472077
   vertex 88.36390874154503 5.69452859094416 1.52942497472077
  endloop
 endfacet
 facet normal 0.00000000000000 0.00000000000000 1.00000000000000
  outer loop
   vertex 88.88890874154504 6.60385526491782 1.52942497472077
   vertex 88.54623932809531 6.72857673160698 1.52942497472077
   vertex 88.36390874154503 5.69452859094416 1.52942497472077
  endloop
 endfacet
 facet normal 0.00000000000000 0.00000000000000 1.00000000000000
  outer loop
   vertex 88.54623932809531 6.72857673160698 1.52942497472077
   vertex 88.18157815499475 6.72857673160698 1.52942497472077
   vertex 88.36390874154503 5.69452859094416 1.52942497472077
  endloop
 endfacet
 facet normal 0.00000000000000 0.00000000000000 1.00000000000000
  outer loop
   vertex 88.18157815499475 6.72857673160698 1.52942497472077
   vertex 87.83890874154503 6.60385526491782 1.52942497472077
   vertex 88.36390874154503 5.69452859094416 1.52942497472077
  endloop
 endfacet
 facet normal 0.00000000000000 0.00000000000000 1.00000000000000
  outer loop
   vertex 87.83890874154503 6.60385526491782 1.52942497472077
   vertex 87.55956207627011 6.36945558111504 1.52942497472077
   vertex 88.36390874154503 5.69452859094416 1.52942497472077
  endloop
 endfacet
 facet normal 0.00000000000000 0.00000000000000 1.00000000000000
  outer loop
   vertex 87.55956207627011 6.36945558111504 1.52942497472077
   vertex 87.37723148971983 6.05364974143612 1.52942497472077
   vertex 88.36390874154503 5.69452859094416 1.52942497472077
  endloop
 endfacet
 facet normal 0.00000000000000 0.00000000000000 1.00000000000000
  outer loop
   vertex 87.37723148971983 6.05364974143612 1.52942497472077
   vertex 87.31390874154505 5.69452859094416 1.52942497472077
   vertex 88.36390874154503 5.69452859094416 1.52942497472077
  endloop
 endfacet
 facet normal -0.00000000000000 0.00000000000000 1.00000000000000
  outer loop
   vertex 87.31390874154505 5.69452859094416 1.52942497472077
   vertex 87.37723148971983 5.33540744045221 1.52942497472077
   vertex 88.36390874154503 5.69452859094416 1.52942497472077
  endloop
 endfacet
 facet normal -0.00000000000000 0.00000000000000 1.00000000000000
  outer loop
   vertex 87.37723148971983 5.33540744045221 1.52942497472077
   vertex 87.55956207627011 5.01960160077329 1.52942497472077
   vertex 88.36390874154503 5.69452859094416 1.52942497472077
  endloop
 endfacet
 facet normal -0.00000000000000 0.00000000000000 1.00000000000000
  outer loop
   vertex 87.55956207627011 5.01960160077329 1.52942497472077
   vertex 87.83890874154503 4.78520191697051 1.52942497472077
   vertex 88.36390874154503 5.69452859094416 1.52942497472077
  endloop
 endfacet
 facet normal -0.00000000000000 0.00000000000000 1.00000000000000
  outer loop
   vertex 87.83890874154503 4.78520191697051 1.52942497472077
   vertex 88.18157815499475 4.66048045028135 1.52942497472077
   vertex 88.36390874154503 5.69452859094416 1.52942497472077
  endloop
 endfacet
 facet normal 0.00000000000000 0.00000000000000 1.00000000000000
  outer loop
   vertex 88.18157815499475 4.66048045028135 1.52942497472077
   vertex 88.54623932809531 4.66048045028135 1.52942497472077
   vertex 88.36390874154503 5.69452859094416 1.52942497472077
  endloop
 endfacet
 facet normal 0.00000000000000 -0.00000000000000 1.00000000000000
  outer loop
   vertex 88.54623932809531 4.66048045028135 1.52942497472077
   vertex 88.88890874154504 4.78520191697051 1.52942497472077
   vertex 88.36390874154503 5.69452859094416 1.52942497472077
  endloop
 endfacet
 facet normal 0.00000000000000 -0.00000000000000 1.00000000000000
  outer loop
   vertex 88.88890874154504 4.78520191697051 1.52942497472077
   vertex 89.16825540681997 5.01960160077330 1.52942497472077
   vertex 88.36390874154503 5.69452859094416 1.52942497472077
  endloop
 endfacet
 facet normal 0.00000000000000 -0.00000000000000 1.00000000000000
  outer loop
   vertex 89.16825540681997 5.01960160077330 1.52942497472077
   vertex 89.35058599337025 5.33540744045221 1.52942497472077
   vertex 88.36390874154503 5.69452859094416 1.52942497472077
  endloop
 endfacet
 facet normal 0.00000000000000 0.00000000000000 1.00000000000000
  outer loop
   vertex 89.35058599337025 5.33540744045221 1.52942497472077
   vertex 89.41390874154501 5.69452859094416 1.52942497472077
   vertex 88.36390874154503 5.69452859094416 1.52942497472077
  endloop
 endfacet
 facet normal 0.00000000000000 -0.00000000000000 1.00000000000000
  outer loop
   vertex 89.41390874154501 5.69452859094416 1.52942497472077
   vertex 89.35058599337025 6.05364974143612 1.52942497472077
   vertex 88.36390874154503 5.69452859094416 1.52942497472077
  endloop
 endfacet
 facet normal -0.00000000000000 0.00000000000000 1.00000000000000
  outer loop
   vertex 99.59829206300228 140.99999999996817 -2.17077142648073
   vertex 140.09829206300230 140.99999999996808 -2.17077142648073
   vertex 140.09829206300228 143.49999999996808 -2.17077142648073
  endloop
 endfacet
 facet normal 0.00000000000000 0.00000000000000 1.00000000000000
  outer loop
   vertex 99.59829206300228 140.99999999996817 -2.17077142648073
   vertex 140.14723554670715 140.69098300559315 -2.17077142648073
   vertex 140.09829206300230 140.99999999996808 -2.17077142648073
  endloop
 endfacet
 facet normal 0.00000000000000 0.00000000000000 1.00000000000000
  outer loop
   vertex 140.09829206300228 143.49999999996808 -2.17077142648073
   vertex 99.59829206300228 143.49999999997044 -2.17077142648073
   vertex 99.59829206300228 140.99999999996817 -2.17077142648073
  endloop
 endfacet
 facet normal 0.00000000000000 0.00000000000000 1.00000000000000
  outer loop
   vertex -7.49499999999998 147.99999999996817 -2.17077142648073
   vertex -3.49500000000010 144.49999999996820 -2.17077142648073
   vertex 98.59829206300225 144.49999999997050 -2.17077142648073
  endloop
 endfacet
 facet normal 0.00000000000000 0.00000000000000 1.00000000000000
  outer loop
   vertex 140.09829206300228 143.49999999996808 -2.17077142648073
   vertex 99.54934857929742 143.80901699434543 -2.17077142648073
   vertex 99.59829206300228 143.49999999997044 -2.17077142648073
  endloop
 endfacet
 facet normal 0.00000000000000 0.00000000000000 1.00000000000000
  outer loop
   vertex -7.49499999999998 147.99999999996817 -2.17077142648073
   vertex -4.42205098312492 144.35316954885363 -2.17077142648073
   vertex -3.49500000000010 144.49999999996820 -2.17077142648073
  endloop
 endfacet
 facet normal 0.00000000000000 0.00000000000000 1.00000000000000
  outer loop
   vertex 99.59829206300228 140.99999999996817 -2.17077142648073
   vertex 99.54934857929743 140.69098300559321 -2.17077142648073
   vertex 140.14723554670715 140.69098300559315 -2.17077142648073
  endloop
 endfacet
 facet normal -0.00000000000000 -0.00000000000000 1.00000000000000
  outer loop
   vertex 98.59829206300225 144.49999999997050 -2.17077142648073
   vertex 140.78927506862735 144.45105651626326 -2.17077142648073
   vertex -7.49499999999998 147.99999999996817 -2.17077142648073
  endloop
 endfacet
 facet normal 0.00000000000000 0.00000000000000 1.00000000000000
  outer loop
   vertex -5.25835575687748 143.92705098309301 -2.17077142648073
   vertex -9.74742216975603 146.58470934776204 -2.17077142648073
   vertex -9.93231978045454 146.05630233485894 -2.17077142648073
  endloop
 endfacet
 facet normal 0.00000000000000 0.00000000000000 1.00000000000000
  outer loop
   vertex -5.25835575687748 143.92705098309301 -2.17077142648073
   vertex -8.05130233489077 147.93731978042271 -2.17077142648073
   vertex -8.57970934779388 147.75242216972421 -2.17077142648073
  endloop
 endfacet
 facet normal 0.00000000000000 0.00000000000000 1.00000000000000
  outer loop
   vertex 149.12835575687527 143.92705098309304 -2.17077142648073
   vertex 152.92372450464478 147.45457870613816 -2.17077142648073
   vertex 152.44970934779184 147.75242216972416 -2.17077142648073
  endloop
 endfacet
 facet normal -0.00000000000000 0.00000000000000 1.00000000000000
  outer loop
   vertex 149.12835575687527 143.92705098309304 -2.17077142648073
   vertex 149.79205098312269 143.26335575684561 -2.17077142648073
   vertex 153.80231978045251 146.05630233485888 -2.17077142648073
  endloop
 endfacet
 facet normal 0.00000000000000 -0.00000000000000 1.00000000000000
  outer loop
   vertex 140.09829206300228 143.49999999996808 -2.17077142648073
   vertex 140.14723554670712 143.80901699434307 -2.17077142648073
   vertex 99.54934857929742 143.80901699434543 -2.17077142648073
  endloop
 endfacet
 facet normal 0.00000000000000 0.00000000000000 1.00000000000000
  outer loop
   vertex 98.59829206300225 144.49999999997050 -2.17077142648073
   vertex 98.90730905737719 144.45105651626562 -2.17077142648073
   vertex 140.78927506862735 144.45105651626326 -2.17077142648073
  endloop
 endfacet
 facet normal 0.00000000000000 0.00000000000000 1.00000000000000
  outer loop
   vertex -5.25835575687748 143.92705098309301 -2.17077142648073
   vertex -9.44957870617005 147.05872450461499 -2.17077142648073
   vertex -9.74742216975603 146.58470934776204 -2.17077142648073
  endloop
 endfacet
 facet normal 0.00000000000000 0.00000000000000 1.00000000000000
  outer loop
   vertex -8.57970934779388 147.75242216972421 -2.17077142648073
   vertex -9.05372450464682 147.45457870613822 -2.17077142648073
   vertex -5.25835575687748 143.92705098309301 -2.17077142648073
  endloop
 endfacet
 facet normal 0.00000000000000 0.00000000000000 1.00000000000000
  outer loop
   vertex 149.12835575687527 143.92705098309304 -2.17077142648073
   vertex 153.31957870616802 147.05872450461493 -2.17077142648073
   vertex 152.92372450464478 147.45457870613816 -2.17077142648073
  endloop
 endfacet
 facet normal 0.00000000000000 0.00000000000000 1.00000000000000
  outer loop
   vertex 153.80231978045251 146.05630233485888 -2.17077142648073
   vertex 153.61742216975398 146.58470934776199 -2.17077142648073
   vertex 149.12835575687527 143.92705098309304 -2.17077142648073
  endloop
 endfacet
 facet normal 0.00000000000000 0.00000000000000 1.00000000000000
  outer loop
   vertex 140.28927506862735 144.08778525226057 -2.17077142648073
   vertex 99.40730905737722 144.08778525226293 -2.17077142648073
   vertex 99.54934857929742 143.80901699434543 -2.17077142648073
  endloop
 endfacet
 facet normal 0.00000000000000 0.00000000000000 1.00000000000000
  outer loop
   vertex 99.54934857929743 140.69098300559321 -2.17077142648073
   vertex 141.09829206300228 139.99999999996805 -2.17077142648073
   vertex 140.78927506862732 140.04894348367293 -2.17077142648073
  endloop
 endfacet
 facet normal 0.00000000000000 0.00000000000000 1.00000000000000
  outer loop
   vertex 98.90730905737719 144.45105651626562 -2.17077142648073
   vertex 99.18607731529471 144.30901699434540 -2.17077142648073
   vertex 140.78927506862735 144.45105651626326 -2.17077142648073
  endloop
 endfacet
 facet normal 0.00000000000000 -0.00000000000000 1.00000000000000
  outer loop
   vertex -5.25835575687748 143.92705098309301 -2.17077142648073
   vertex -4.42205098312492 144.35316954885363 -2.17077142648073
   vertex -7.49499999999998 147.99999999996817 -2.17077142648073
  endloop
 endfacet
 facet normal 0.00000000000000 0.00000000000000 1.00000000000000
  outer loop
   vertex -9.05372450464682 147.45457870613822 -2.17077142648073
   vertex -9.44957870617005 147.05872450461499 -2.17077142648073
   vertex -5.25835575687748 143.92705098309301 -2.17077142648073
  endloop
 endfacet
 facet normal 0.00000000000000 0.00000000000000 1.00000000000000
  outer loop
   vertex -5.92205098312489 143.26335575684558 -2.17077142648073
   vertex -9.93231978045454 146.05630233485894 -2.17077142648073
   vertex -9.99499999999999 145.49999999996817 -2.17077142648073
  endloop
 endfacet
 facet normal 0.00000000000000 0.00000000000000 1.00000000000000
  outer loop
   vertex -9.99499999999999 27.57426778330589 -2.17077142648073
   vertex -6.49500000000006 30.65737039606926 -2.17077142648073
   vertex -6.49500000000002 141.49999999996817 -2.17077142648073
  endloop
 endfacet
 facet normal -0.00000000000000 0.00000000000000 1.00000000000000
  outer loop
   vertex 149.79205098312269 143.26335575684561 -2.17077142648073
   vertex 150.21816954888331 142.42705098309304 -2.17077142648073
   vertex 153.86499999999791 145.49999999996808 -2.17077142648073
  endloop
 endfacet
 facet normal 0.00000000000000 0.00000000000000 1.00000000000000
  outer loop
   vertex 153.61742216975398 146.58470934776199 -2.17077142648073
   vertex 153.31957870616802 147.05872450461493 -2.17077142648073
   vertex 149.12835575687527 143.92705098309304 -2.17077142648073
  endloop
 endfacet
 facet normal 0.00000000000000 -0.00000000000000 1.00000000000000
  outer loop
   vertex 140.14723554670712 143.80901699434307 -2.17077142648073
   vertex 140.28927506862735 144.08778525226057 -2.17077142648073
   vertex 99.54934857929742 143.80901699434543 -2.17077142648073
  endloop
 endfacet
 facet normal 0.00000000000000 0.00000000000000 1.00000000000000
  outer loop
   vertex 140.78927506862732 140.04894348367293 -2.17077142648073
   vertex 140.51050681070981 140.19098300559315 -2.17077142648073
   vertex 99.54934857929743 140.69098300559321 -2.17077142648073
  endloop
 endfacet
 facet normal 0.00000000000000 0.00000000000000 1.00000000000000
  outer loop
   vertex -7.49499999999998 147.99999999996817 -2.17077142648073
   vertex -8.05130233489077 147.93731978042271 -2.17077142648073
   vertex -5.25835575687748 143.92705098309301 -2.17077142648073
  endloop
 endfacet
 facet normal 0.00000000000000 0.00000000000000 1.00000000000000
  outer loop
   vertex -9.99499999999999 145.49999999996817 -2.17077142648073
   vertex -6.34816954888550 142.42705098309301 -2.17077142648073
   vertex -5.92205098312489 143.26335575684558 -2.17077142648073
  endloop
 endfacet
 facet normal 0.00000000000000 0.00000000000000 1.00000000000000
  outer loop
   vertex -6.49500000000002 141.49999999996817 -2.17077142648073
   vertex -9.99499999999999 145.49999999996817 -2.17077142648073
   vertex -9.99499999999999 27.57426778330589 -2.17077142648073
  endloop
 endfacet
 facet normal 0.00000000000000 0.00000000000000 1.00000000000000
  outer loop
   vertex 125.60198492713434 -6.43732951315063 -2.17077142648073
   vertex 125.52713802873151 -10.01552754164701 -2.17077142648073
   vertex 125.84808156997590 -10.03621407955040 -2.17077142648073
  endloop
 endfacet
 facet normal 0.00000000000000 0.00000000000000 1.00000000000000
  outer loop
   vertex 149.79205098312269 -5.29956983642782 -2.17077142648073
   vertex 153.31957870616793 -9.09493858419723 -2.17077142648073
   vertex 153.61742216975389 -8.62092342734429 -2.17077142648073
  endloop
 endfacet
 facet normal 0.00000000000000 0.00000000000000 1.00000000000000
  outer loop
   vertex 149.79205098312269 -5.29956983642782 -2.17077142648073
   vertex 149.12835575687527 -5.96326506267525 -2.17077142648073
   vertex 151.92130233488865 -9.97353386000495 -2.17077142648073
  endloop
 endfacet
 facet normal 0.00000000000000 0.00000000000000 1.00000000000000
  outer loop
   vertex 152.44970934779184 147.75242216972416 -2.17077142648073
   vertex 151.92130233488871 147.93731978042268 -2.17077142648073
   vertex 149.12835575687527 143.92705098309304 -2.17077142648073
  endloop
 endfacet
 facet normal 0.00000000000000 0.00000000000000 1.00000000000000
  outer loop
   vertex 149.12835575687527 143.92705098309304 -2.17077142648073
   vertex 151.92130233488871 147.93731978042268 -2.17077142648073
   vertex 151.36499999999791 147.99999999996817 -2.17077142648073
  endloop
 endfacet
 facet normal 0.00000000000000 0.00000000000000 1.00000000000000
  outer loop
   vertex -7.49499999999998 147.99999999996817 -2.17077142648073
   vertex 140.78927506862735 144.45105651626326 -2.17077142648073
   vertex 141.09829206300230 144.49999999996805 -2.17077142648073
  endloop
 endfacet
 facet normal 0.00000000000000 -0.00000000000000 1.00000000000000
  outer loop
   vertex 140.28927506862735 144.08778525226057 -2.17077142648073
   vertex 140.51050681070981 144.30901699434304 -2.17077142648073
   vertex 99.40730905737722 144.08778525226293 -2.17077142648073
  endloop
 endfacet
 facet normal 0.00000000000000 0.00000000000000 1.00000000000000
  outer loop
   vertex 140.51050681070981 140.19098300559315 -2.17077142648073
   vertex 140.28927506862738 140.41221474767565 -2.17077142648073
   vertex 99.54934857929743 140.69098300559321 -2.17077142648073
  endloop
 endfacet
 facet normal 0.00000000000000 0.00000000000000 1.00000000000000
  outer loop
   vertex -9.93231978045454 146.05630233485894 -2.17077142648073
   vertex -5.92205098312489 143.26335575684558 -2.17077142648073
   vertex -5.25835575687748 143.92705098309301 -2.17077142648073
  endloop
 endfacet
 facet normal 0.00000000000000 0.00000000000000 1.00000000000000
  outer loop
   vertex -9.99499999999999 27.57426778330589 -2.17077142648073
   vertex -6.34041270185079 29.70677765669738 -2.17077142648073
   vertex -6.49500000000006 30.65737039606926 -2.17077142648073
  endloop
 endfacet
 facet normal 0.00000000000000 0.00000000000000 1.00000000000000
  outer loop
   vertex 125.60198492713434 -6.43732951315063 -2.17077142648073
   vertex 125.21150585607175 -9.95381027421723 -2.17077142648073
   vertex 125.52713802873151 -10.01552754164701 -2.17077142648073
  endloop
 endfacet
 facet normal 0.00000000000000 0.00000000000000 1.00000000000000
  outer loop
   vertex 125.84808156997590 -10.03621407955040 -2.17077142648073
   vertex 151.36499999999785 -10.03621407955040 -2.17077142648073
   vertex 147.36499999999785 -6.53621407955040 -2.17077142648073
  endloop
 endfacet
 facet normal 0.00000000000000 0.00000000000000 1.00000000000000
  outer loop
   vertex 149.79205098312269 -5.29956983642782 -2.17077142648073
   vertex 152.92372450464467 -9.49079278572047 -2.17077142648073
   vertex 153.31957870616793 -9.09493858419723 -2.17077142648073
  endloop
 endfacet
 facet normal 0.00000000000000 -0.00000000000000 1.00000000000000
  outer loop
   vertex 151.92130233488865 -9.97353386000495 -2.17077142648073
   vertex 152.44970934779172 -9.78863624930644 -2.17077142648073
   vertex 149.79205098312269 -5.29956983642782 -2.17077142648073
  endloop
 endfacet
 facet normal 0.00000000000000 0.00000000000000 1.00000000000000
  outer loop
   vertex 151.36499999999791 147.99999999996817 -2.17077142648073
   vertex 148.29205098312266 144.35316954885369 -2.17077142648073
   vertex 149.12835575687527 143.92705098309304 -2.17077142648073
  endloop
 endfacet
 facet normal 0.00000000000000 -0.00000000000000 1.00000000000000
  outer loop
   vertex 141.09829206300230 144.49999999996805 -2.17077142648073
   vertex 151.36499999999791 147.99999999996817 -2.17077142648073
   vertex -7.49499999999998 147.99999999996817 -2.17077142648073
  endloop
 endfacet
 facet normal 0.00000000000000 0.00000000000000 1.00000000000000
  outer loop
   vertex 141.09829206300228 139.99999999996805 -2.17077142648073
   vertex 99.40730905737722 140.41221474767570 -2.17077142648073
   vertex 99.18607731529475 140.19098300559324 -2.17077142648073
  endloop
 endfacet
 facet normal 0.00000000000000 0.00000000000000 1.00000000000000
  outer loop
   vertex 140.28927506862738 140.41221474767565 -2.17077142648073
   vertex 140.14723554670715 140.69098300559315 -2.17077142648073
   vertex 99.54934857929743 140.69098300559321 -2.17077142648073
  endloop
 endfacet
 facet normal 0.00000000000000 -0.00000000000000 1.00000000000000
  outer loop
   vertex -6.49500000000002 141.49999999996817 -2.17077142648073
   vertex -6.34816954888550 142.42705098309301 -2.17077142648073
   vertex -9.99499999999999 145.49999999996817 -2.17077142648073
  endloop
 endfacet
 facet normal 0.00000000000000 -0.00000000000000 1.00000000000000
  outer loop
   vertex 125.21150585607175 -9.95381027421723 -2.17077142648073
   vertex 125.60198492713434 -6.43732951315063 -2.17077142648073
   vertex -4.25889085668480 27.75625496246901 -2.17077142648073
  endloop
 endfacet
 facet normal 0.00000000000000 0.00000000000000 1.00000000000000
  outer loop
   vertex 147.36499999999785 -6.53621407955040 -2.17077142648073
   vertex 126.36587578381913 -6.53621407955040 -2.17077142648073
   vertex 125.84808156997590 -10.03621407955040 -2.17077142648073
  endloop
 endfacet
 facet normal 0.00000000000000 0.00000000000000 1.00000000000000
  outer loop
   vertex 149.12835575687527 -5.96326506267525 -2.17077142648073
   vertex 148.29205098312269 -6.38938362843587 -2.17077142648073
   vertex 151.36499999999785 -10.03621407955040 -2.17077142648073
  endloop
 endfacet
 facet normal 0.00000000000000 -0.00000000000000 1.00000000000000
  outer loop
   vertex 152.44970934779172 -9.78863624930644 -2.17077142648073
   vertex 152.92372450464467 -9.49079278572047 -2.17077142648073
   vertex 149.79205098312269 -5.29956983642782 -2.17077142648073
  endloop
 endfacet
 facet normal 0.00000000000000 0.00000000000000 1.00000000000000
  outer loop
   vertex 153.86499999999791 145.49999999996808 -2.17077142648073
   vertex 153.80231978045251 146.05630233485888 -2.17077142648073
   vertex 149.79205098312269 143.26335575684561 -2.17077142648073
  endloop
 endfacet
 facet normal 0.00000000000000 0.00000000000000 1.00000000000000
  outer loop
   vertex 141.09829206300230 144.49999999996805 -2.17077142648073
   vertex 147.36499999999782 144.49999999996820 -2.17077142648073
   vertex 151.36499999999791 147.99999999996817 -2.17077142648073
  endloop
 endfacet
 facet normal 0.00000000000000 0.00000000000000 1.00000000000000
  outer loop
   vertex 141.09829206300228 139.99999999996805 -2.17077142648073
   vertex 99.54934857929743 140.69098300559321 -2.17077142648073
   vertex 99.40730905737722 140.41221474767570 -2.17077142648073
  endloop
 endfacet
 facet normal -0.00000000000000 0.00000000000000 1.00000000000000
  outer loop
   vertex 99.18607731529471 144.30901699434540 -2.17077142648073
   vertex 99.40730905737722 144.08778525226293 -2.17077142648073
   vertex 140.78927506862735 144.45105651626326 -2.17077142648073
  endloop
 endfacet
 facet normal 0.00000000000000 -0.00000000000000 1.00000000000000
  outer loop
   vertex 125.84808156997590 -10.03621407955040 -2.17077142648073
   vertex 126.36587578381913 -6.53621407955040 -2.17077142648073
   vertex 125.60198492713434 -6.43732951315063 -2.17077142648073
  endloop
 endfacet
 facet normal 0.00000000000000 -0.00000000000000 1.00000000000000
  outer loop
   vertex 153.61742216975389 -8.62092342734429 -2.17077142648073
   vertex 153.80231978045242 -8.09251641444118 -2.17077142648073
   vertex 149.79205098312269 -5.29956983642782 -2.17077142648073
  endloop
 endfacet
 facet normal 0.00000000000000 0.00000000000000 1.00000000000000
  outer loop
   vertex 149.79205098312269 -5.29956983642782 -2.17077142648073
   vertex 153.80231978045242 -8.09251641444118 -2.17077142648073
   vertex 153.86499999999785 -7.53621407955039 -2.17077142648073
  endloop
 endfacet
 facet normal 0.00000000000000 0.00000000000000 1.00000000000000
  outer loop
   vertex 153.86499999999791 145.49999999996808 -2.17077142648073
   vertex 150.36499999999788 141.49999999996817 -2.17077142648073
   vertex 150.36499999999785 -3.53621407955038 -2.17077142648073
  endloop
 endfacet
 facet normal -0.00000000000000 0.00000000000000 1.00000000000000
  outer loop
   vertex 147.36499999999782 144.49999999996820 -2.17077142648073
   vertex 148.29205098312266 144.35316954885369 -2.17077142648073
   vertex 151.36499999999791 147.99999999996817 -2.17077142648073
  endloop
 endfacet
 facet normal 0.00000000000000 -0.00000000000000 1.00000000000000
  outer loop
   vertex 140.51050681070981 144.30901699434304 -2.17077142648073
   vertex 140.78927506862735 144.45105651626326 -2.17077142648073
   vertex 99.40730905737722 144.08778525226293 -2.17077142648073
  endloop
 endfacet
 facet normal 0.00000000000000 0.00000000000000 1.00000000000000
  outer loop
   vertex -5.87829427514149 28.83530881695671 -2.17077142648073
   vertex -6.34041270185079 29.70677765669738 -2.17077142648073
   vertex -9.99499999999999 27.57426778330589 -2.17077142648073
  endloop
 endfacet
 facet normal 0.00000000000000 0.00000000000000 1.00000000000000
  outer loop
   vertex -5.87829427514149 28.83530881695671 -2.17077142648073
   vertex -8.64135501592746 25.35258594797079 -2.17077142648073
   vertex -8.13157571390393 25.15667158863904 -2.17077142648073
  endloop
 endfacet
 facet normal 0.00000000000000 0.00000000000000 1.00000000000000
  outer loop
   vertex 151.36499999999785 -10.03621407955040 -2.17077142648073
   vertex 148.29205098312269 -6.38938362843587 -2.17077142648073
   vertex 147.36499999999785 -6.53621407955040 -2.17077142648073
  endloop
 endfacet
 facet normal 0.00000000000000 0.00000000000000 1.00000000000000
  outer loop
   vertex 153.86499999999785 -7.53621407955039 -2.17077142648073
   vertex 150.21816954888328 -4.46326506267523 -2.17077142648073
   vertex 149.79205098312269 -5.29956983642782 -2.17077142648073
  endloop
 endfacet
 facet normal -0.00000000000000 0.00000000000000 1.00000000000000
  outer loop
   vertex 150.36499999999785 -3.53621407955038 -2.17077142648073
   vertex 153.86499999999785 -7.53621407955039 -2.17077142648073
   vertex 153.86499999999791 145.49999999996808 -2.17077142648073
  endloop
 endfacet
 facet normal 0.00000000000000 0.00000000000000 1.00000000000000
  outer loop
   vertex 99.18607731529475 140.19098300559324 -2.17077142648073
   vertex 98.90730905737720 140.04894348367301 -2.17077142648073
   vertex 141.09829206300228 139.99999999996805 -2.17077142648073
  endloop
 endfacet
 facet normal -0.00000000000000 0.00000000000000 1.00000000000000
  outer loop
   vertex -9.99499999999999 27.57426778330589 -2.17077142648073
   vertex -9.93534852540720 27.03140585376683 -2.17077142648073
   vertex -5.87829427514149 28.83530881695671 -2.17077142648073
  endloop
 endfacet
 facet normal 0.00000000000000 0.00000000000000 1.00000000000000
  outer loop
   vertex -5.87829427514149 28.83530881695671 -2.17077142648073
   vertex -9.09642890426545 25.65452158534556 -2.17077142648073
   vertex -8.64135501592746 25.35258594797079 -2.17077142648073
  endloop
 endfacet
 facet normal 0.00000000000000 0.00000000000000 1.00000000000000
  outer loop
   vertex -4.25889085668480 27.75625496246901 -2.17077142648073
   vertex -8.13157571390393 25.15667158863904 -2.17077142648073
   vertex 125.21150585607175 -9.95381027421723 -2.17077142648073
  endloop
 endfacet
 facet normal 0.00000000000000 0.00000000000000 1.00000000000000
  outer loop
   vertex 150.36499999999785 -3.53621407955038 -2.17077142648073
   vertex 150.21816954888328 -4.46326506267523 -2.17077142648073
   vertex 153.86499999999785 -7.53621407955039 -2.17077142648073
  endloop
 endfacet
 facet normal -0.00000000000000 0.00000000000000 1.00000000000000
  outer loop
   vertex 150.21816954888331 142.42705098309304 -2.17077142648073
   vertex 150.36499999999788 141.49999999996817 -2.17077142648073
   vertex 153.86499999999791 145.49999999996808 -2.17077142648073
  endloop
 endfacet
 facet normal -0.00000000000000 0.00000000000000 1.00000000000000
  outer loop
   vertex -9.93534852540720 27.03140585376683 -2.17077142648073
   vertex -9.75924074036569 26.51444993590561 -2.17077142648073
   vertex -5.87829427514149 28.83530881695671 -2.17077142648073
  endloop
 endfacet
 facet normal 0.00000000000000 0.00000000000000 1.00000000000000
  outer loop
   vertex -5.87829427514149 28.83530881695671 -2.17077142648073
   vertex -9.47508071612747 26.04806977596213 -2.17077142648073
   vertex -9.09642890426545 25.65452158534556 -2.17077142648073
  endloop
 endfacet
 facet normal 0.00000000000000 -0.00000000000000 1.00000000000000
  outer loop
   vertex 151.36499999999785 -10.03621407955040 -2.17077142648073
   vertex 151.92130233488865 -9.97353386000495 -2.17077142648073
   vertex 149.12835575687527 -5.96326506267525 -2.17077142648073
  endloop
 endfacet
 facet normal -0.00000000000000 0.00000000000000 1.00000000000000
  outer loop
   vertex -9.75924074036569 26.51444993590561 -2.17077142648073
   vertex -9.47508071612747 26.04806977596213 -2.17077142648073
   vertex -5.87829427514149 28.83530881695671 -2.17077142648073
  endloop
 endfacet
 facet normal 0.00000000000000 0.00000000000000 1.00000000000000
  outer loop
   vertex -4.25889085668480 27.75625496246901 -2.17077142648073
   vertex -5.15851224297854 28.16082738272846 -2.17077142648073
   vertex -8.13157571390393 25.15667158863904 -2.17077142648073
  endloop
 endfacet
 facet normal 0.00000000000000 0.00000000000000 1.00000000000000
  outer loop
   vertex -8.13157571390393 25.15667158863904 -2.17077142648073
   vertex -5.15851224297854 28.16082738272846 -2.17077142648073
   vertex -5.87829427514149 28.83530881695671 -2.17077142648073
  endloop
 endfacet
 facet normal 0.00000000000000 0.00000000000000 1.00000000000000
  outer loop
   vertex 98.90730905737720 140.04894348367301 -2.17077142648073
   vertex 98.59829206300228 139.99999999996820 -2.17077142648073
   vertex 141.09829206300228 139.99999999996805 -2.17077142648073
  endloop
 endfacet
 facet normal 0.00000000000000 -0.98768834059513 0.15643446504028
  outer loop
   vertex 125.84808156997590 -10.53621407955039 -2.67077142648074
   vertex 151.36499999999785 -10.53621407955039 -2.67077142648074
   vertex 151.36499999999785 -10.51174233769796 -2.51626292929326
  endloop
 endfacet
 facet normal -0.00000000000000 -0.89100652418837 0.45399049973954
  outer loop
   vertex 125.84808156997590 -10.51174233769796 -2.51626292929326
   vertex 151.36499999999785 -10.51174233769796 -2.51626292929326
   vertex 151.36499999999785 -10.44072257673786 -2.37687880033450
  endloop
 endfacet
 facet normal -0.00000000000000 -0.70710678118655 0.70710678118654
  outer loop
   vertex 125.84808156997590 -10.44072257673786 -2.37687880033450
   vertex 151.36499999999785 -10.44072257673786 -2.37687880033450
   vertex 151.36499999999785 -10.33010670569663 -2.26626292929327
  endloop
 endfacet
 facet normal -0.00000000000000 -0.45399049973956 0.89100652418836
  outer loop
   vertex 125.84808156997590 -10.33010670569663 -2.26626292929327
   vertex 151.36499999999785 -10.33010670569663 -2.26626292929327
   vertex 151.36499999999785 -10.19072257673787 -2.19524316833316
  endloop
 endfacet
 facet normal -0.00000000000000 -0.15643446504025 0.98768834059513
  outer loop
   vertex 125.84808156997590 -10.19072257673786 -2.19524316833316
   vertex 151.36499999999785 -10.19072257673787 -2.19524316833316
   vertex 151.36499999999785 -10.03621407955040 -2.17077142648073
  endloop
 endfacet
 facet normal 0.00000000000000 -0.15643446504026 0.98768834059513
  outer loop
   vertex 151.36499999999785 -10.03621407955040 -2.17077142648073
   vertex 125.84808156997590 -10.03621407955040 -2.17077142648073
   vertex 125.84808156997590 -10.19072257673786 -2.19524316833316
  endloop
 endfacet
 facet normal -0.00000000000000 -0.45399049973955 0.89100652418836
  outer loop
   vertex 151.36499999999785 -10.19072257673787 -2.19524316833316
   vertex 125.84808156997590 -10.19072257673786 -2.19524316833316
   vertex 125.84808156997590 -10.33010670569663 -2.26626292929327
  endloop
 endfacet
 facet normal -0.00000000000000 -0.70710678118655 0.70710678118654
  outer loop
   vertex 151.36499999999785 -10.33010670569663 -2.26626292929327
   vertex 125.84808156997590 -10.33010670569663 -2.26626292929327
   vertex 125.84808156997590 -10.44072257673786 -2.37687880033450
  endloop
 endfacet
 facet normal -0.00000000000000 -0.89100652418837 0.45399049973954
  outer loop
   vertex 151.36499999999785 -10.44072257673786 -2.37687880033450
   vertex 125.84808156997590 -10.44072257673786 -2.37687880033450
   vertex 125.84808156997590 -10.51174233769796 -2.51626292929326
  endloop
 endfacet
 facet normal -0.00000000000000 -0.98768834059513 0.15643446504030
  outer loop
   vertex 151.36499999999785 -10.51174233769796 -2.51626292929326
   vertex 125.84808156997590 -10.51174233769796 -2.51626292929326
   vertex 125.84808156997590 -10.53621407955039 -2.67077142648074
  endloop
 endfacet
 facet normal 0.11060297423496 -0.98162854659710 0.15547468795933
  outer loop
   vertex 151.36499999999785 -10.51174233769798 -2.51626292929326
   vertex 151.36499999999785 -10.53621407955039 -2.67077142648074
   vertex 152.03256280186679 -10.46099781609587 -2.67077142648074
  endloop
 endfacet
 facet normal 0.32626282773896 -0.93240559234688 0.15547468795932
  outer loop
   vertex 152.65603332649289 -10.21707240570528 -2.51626292929326
   vertex 152.02711732701425 -10.43713963190423 -2.51626292929326
   vertex 152.28607026504906 -10.37229171815988 -2.67077142648074
  endloop
 endfacet
 facet normal 0.32626282773897 -0.93240559234687 0.15547468795936
  outer loop
   vertex 152.02711732701425 -10.43713963190423 -2.51626292929326
   vertex 152.03256280186679 -10.46099781609587 -2.67077142648074
   vertex 152.28607026504906 -10.37229171815988 -2.67077142648074
  endloop
 endfacet
 facet normal 0.52556250070519 -0.83642792830970 0.15547468795934
  outer loop
   vertex 152.65603332649289 -10.21707240570528 -2.51626292929326
   vertex 152.66665121735053 -10.23912068325765 -2.67077142648074
   vertex 153.12193519619152 -9.95304679888339 -2.67077142648074
  endloop
 endfacet
 facet normal 0.52556250070520 -0.83642792830969 0.15547468795938
  outer loop
   vertex 153.12193519619152 -9.95304679888339 -2.67077142648074
   vertex 153.22021152409536 -9.86257574874343 -2.51626292929326
   vertex 152.65603332649289 -10.21707240570528 -2.51626292929326
  endloop
 endfacet
 facet normal 0.69850827532818 -0.69850827532821 0.15547468795935
  outer loop
   vertex 153.22021152409536 -9.86257574874343 -2.51626292929326
   vertex 153.23546940557407 -9.88170852695449 -2.67077142648074
   vertex 153.71049444740197 -9.40668348512660 -2.67077142648074
  endloop
 endfacet
 facet normal 0.83642792830967 -0.52556250070521 0.15547468795944
  outer loop
   vertex 154.04585832615274 -8.82724740604542 -2.51626292929326
   vertex 153.69136166919088 -9.39142560364789 -2.51626292929326
   vertex 153.78183271933085 -9.29314927574405 -2.67077142648074
  endloop
 endfacet
 facet normal 0.83642792830971 -0.52556250070511 0.15547468795953
  outer loop
   vertex 153.69136166919088 -9.39142560364789 -2.51626292929326
   vertex 153.71049444740197 -9.40668348512660 -2.67077142648074
   vertex 153.78183271933085 -9.29314927574405 -2.67077142648074
  endloop
 endfacet
 facet normal 0.93240559234688 -0.32626282773890 0.15547468795941
  outer loop
   vertex 154.04585832615274 -8.82724740604542 -2.51626292929326
   vertex 154.06790660370513 -8.83786529690307 -2.67077142648074
   vertex 154.20107763860733 -8.45728434460161 -2.67077142648074
  endloop
 endfacet
 facet normal 0.93240559234688 -0.32626282773896 0.15547468795929
  outer loop
   vertex 154.20107763860733 -8.45728434460161 -2.67077142648074
   vertex 154.26592555235169 -8.19833140656680 -2.51626292929326
   vertex 154.04585832615274 -8.82724740604542 -2.51626292929326
  endloop
 endfacet
 facet normal 0.98162854659708 -0.11060297423493 0.15547468795947
  outer loop
   vertex 154.26592555235169 -8.19833140656680 -2.51626292929326
   vertex 154.28978373654334 -8.20377688141934 -2.67077142648074
   vertex 154.36499999999785 -7.53621407955039 -2.67077142648074
  endloop
 endfacet
 facet normal 0.09989020886689 -0.88655012423963 0.45171985055255
  outer loop
   vertex 151.36499999999785 -10.44072257673787 -2.37687880033450
   vertex 151.36499999999785 -10.51174233769798 -2.51626292929326
   vertex 152.02711732701425 -10.43713963190423 -2.51626292929326
  endloop
 endfacet
 facet normal 0.29466171442289 -0.84209479909935 0.45171985055252
  outer loop
   vertex 152.01131394347607 -10.36790048462775 -2.37687880033450
   vertex 152.02711732701425 -10.43713963190423 -2.51626292929326
   vertex 152.65603332649289 -10.21707240570528 -2.51626292929326
  endloop
 endfacet
 facet normal 0.47465765121756 -0.75541332445052 0.45171985055258
  outer loop
   vertex 152.62521900705627 -10.15308581207435 -2.37687880033450
   vertex 152.65603332649289 -10.21707240570528 -2.51626292929326
   vertex 153.22021152409536 -9.86257574874343 -2.51626292929326
  endloop
 endfacet
 facet normal 0.63085227138245 -0.63085227138243 0.45171985055257
  outer loop
   vertex 153.17593142740628 -9.80705026374747 -2.37687880033450
   vertex 153.22021152409536 -9.86257574874343 -2.51626292929326
   vertex 153.69136166919088 -9.39142560364789 -2.51626292929326
  endloop
 endfacet
 facet normal 0.75541332445057 -0.47465765121761 0.45171985055244
  outer loop
   vertex 153.63583618419494 -9.34714550695882 -2.37687880033450
   vertex 153.69136166919088 -9.39142560364789 -2.51626292929326
   vertex 154.04585832615274 -8.82724740604542 -2.51626292929326
  endloop
 endfacet
 facet normal 0.84209479909930 -0.29466171442287 0.45171985055263
  outer loop
   vertex 153.98187173252180 -8.79643308660882 -2.37687880033450
   vertex 154.04585832615274 -8.82724740604542 -2.51626292929326
   vertex 154.26592555235169 -8.19833140656680 -2.51626292929326
  endloop
 endfacet
 facet normal 0.88655012423966 -0.09989020886690 0.45171985055250
  outer loop
   vertex 154.19668640507521 -8.18252802302860 -2.37687880033450
   vertex 154.26592555235169 -8.19833140656680 -2.51626292929326
   vertex 154.34052825814544 -7.53621407955039 -2.51626292929326
  endloop
 endfacet
 facet normal 0.07942013514044 -0.70487319502668 0.70487319502670
  outer loop
   vertex 151.36499999999785 -10.33010670569663 -2.26626292929326
   vertex 151.36499999999785 -10.44072257673787 -2.37687880033450
   vertex 152.01131394347607 -10.36790048462775 -2.37687880033450
  endloop
 endfacet
 facet normal 0.23427794821578 -0.66952790973390 0.70487319502670
  outer loop
   vertex 151.98669959654157 -10.26005798441934 -2.26626292929326
   vertex 152.01131394347607 -10.36790048462775 -2.37687880033450
   vertex 152.62521900705627 -10.15308581207435 -2.37687880033450
  endloop
 endfacet
 facet normal 0.37738808670807 -0.60060969934202 0.70487319502667
  outer loop
   vertex 152.57722457932317 -10.05342435597029 -2.26626292929326
   vertex 152.62521900705627 -10.15308581207435 -2.37687880033450
   vertex 153.17593142740628 -9.80705026374747 -2.37687880033450
  endloop
 endfacet
 facet normal 0.50157441069739 -0.50157441069740 0.70487319502668
  outer loop
   vertex 153.10696355988836 -9.72056729330680 -2.26626292929326
   vertex 153.17593142740628 -9.80705026374747 -2.37687880033450
   vertex 153.63583618419494 -9.34714550695882 -2.37687880033450
  endloop
 endfacet
 facet normal 0.60060969934200 -0.37738808670803 0.70487319502672
  outer loop
   vertex 153.54935321375427 -9.27817763944089 -2.26626292929326
   vertex 153.63583618419494 -9.34714550695882 -2.37687880033450
   vertex 153.98187173252180 -8.79643308660882 -2.37687880033450
  endloop
 endfacet
 facet normal 0.66952790973392 -0.23427794821580 0.70487319502668
  outer loop
   vertex 153.88221027641774 -8.74843865887570 -2.26626292929326
   vertex 153.98187173252180 -8.79643308660882 -2.37687880033450
   vertex 154.19668640507521 -8.18252802302860 -2.37687880033450
  endloop
 endfacet
 facet normal 0.70487319502665 -0.07942013514044 0.70487319502673
  outer loop
   vertex 154.08884390486679 -8.15791367609411 -2.26626292929326
   vertex 154.19668640507521 -8.18252802302860 -2.37687880033450
   vertex 154.26950849718534 -7.53621407955039 -2.37687880033450
  endloop
 endfacet
 facet normal 0.05108565329546 -0.45339771324647 0.88984311518955
  outer loop
   vertex 151.36499999999785 -10.19072257673787 -2.19524316833316
   vertex 151.36499999999785 -10.33010670569663 -2.26626292929326
   vertex 151.98669959654157 -10.26005798441934 -2.26626292929326
  endloop
 endfacet
 facet normal 0.15069531191505 -0.43066245868031 0.88984311518956
  outer loop
   vertex 151.95568370998697 -10.12416850658229 -2.19524316833316
   vertex 151.98669959654157 -10.26005798441934 -2.26626292929326
   vertex 152.57722457932317 -10.05342435597029 -2.26626292929326
  endloop
 endfacet
 facet normal 0.24274847834640 -0.38633199014612 0.88984311518955
  outer loop
   vertex 152.51674807227690 -9.92784359509874 -2.19524316833316
   vertex 152.57722457932317 -10.05342435597029 -2.26626292929326
   vertex 153.10696355988836 -9.72056729330680 -2.26626292929326
  endloop
 endfacet
 facet normal 0.32262922244406 -0.32262922244406 0.88984311518957
  outer loop
   vertex 153.02005897694158 -9.61159239313046 -2.19524316833316
   vertex 153.10696355988836 -9.72056729330680 -2.26626292929326
   vertex 153.54935321375427 -9.27817763944089 -2.26626292929326
  endloop
 endfacet
 facet normal 0.38633199014612 -0.24274847834639 0.88984311518956
  outer loop
   vertex 153.44037831357792 -9.19127305649414 -2.19524316833316
   vertex 153.54935321375427 -9.27817763944089 -2.26626292929326
   vertex 153.88221027641774 -8.74843865887570 -2.26626292929326
  endloop
 endfacet
 facet normal 0.43066245868032 -0.15069531191506 0.88984311518955
  outer loop
   vertex 153.75662951554619 -8.68796215182943 -2.19524316833316
   vertex 153.88221027641774 -8.74843865887570 -2.26626292929326
   vertex 154.08884390486679 -8.15791367609411 -2.26626292929326
  endloop
 endfacet
 facet normal 0.45339771324653 -0.05108565329549 0.88984311518952
  outer loop
   vertex 153.95295442702977 -8.12689778953952 -2.19524316833316
   vertex 154.08884390486679 -8.15791367609411 -2.26626292929326
   vertex 154.15889262614411 -7.53621407955039 -2.26626292929326
  endloop
 endfacet
 facet normal 0.01762319376120 -0.15641017068360 0.98753495206417
  outer loop
   vertex 151.36499999999785 -10.03621407955040 -2.17077142648073
   vertex 151.36499999999785 -10.19072257673787 -2.19524316833316
   vertex 151.95568370998697 -10.12416850658229 -2.19524316833316
  endloop
 endfacet
 facet normal 0.05198588076036 -0.14856711161353 0.98753495206417
  outer loop
   vertex 151.92130233488865 -9.97353386000495 -2.17077142648074
   vertex 151.95568370998697 -10.12416850658229 -2.19524316833316
   vertex 152.51674807227690 -9.92784359509874 -2.19524316833316
  endloop
 endfacet
 facet normal 0.08374177862406 -0.13327427720490 0.98753495206417
  outer loop
   vertex 152.44970934779172 -9.78863624930644 -2.17077142648074
   vertex 152.51674807227690 -9.92784359509874 -2.19524316833316
   vertex 153.02005897694158 -9.61159239313046 -2.19524316833316
  endloop
 endfacet
 facet normal 0.11129851403234 -0.11129851403234 0.98753495206417
  outer loop
   vertex 152.92372450464467 -9.49079278572047 -2.17077142648074
   vertex 153.02005897694158 -9.61159239313046 -2.19524316833316
   vertex 153.44037831357792 -9.19127305649414 -2.19524316833316
  endloop
 endfacet
 facet normal 0.13327427720492 -0.08374177862406 0.98753495206417
  outer loop
   vertex 153.31957870616793 -9.09493858419723 -2.17077142648074
   vertex 153.44037831357792 -9.19127305649414 -2.19524316833316
   vertex 153.75662951554619 -8.68796215182943 -2.19524316833316
  endloop
 endfacet
 facet normal 0.14856711161352 -0.05198588076037 0.98753495206417
  outer loop
   vertex 153.61742216975389 -8.62092342734429 -2.17077142648074
   vertex 153.75662951554619 -8.68796215182943 -2.19524316833316
   vertex 153.95295442702977 -8.12689778953952 -2.19524316833316
  endloop
 endfacet
 facet normal 0.15641017068358 -0.01762319376120 0.98753495206417
  outer loop
   vertex 153.80231978045242 -8.09251641444118 -2.17077142648074
   vertex 153.95295442702977 -8.12689778953952 -2.19524316833316
   vertex 154.01950849718534 -7.53621407955039 -2.19524316833316
  endloop
 endfacet
 facet normal 0.15641017068358 -0.01762319376120 0.98753495206417
  outer loop
   vertex 154.01950849718534 -7.53621407955039 -2.19524316833316
   vertex 153.86499999999785 -7.53621407955039 -2.17077142648073
   vertex 153.80231978045242 -8.09251641444118 -2.17077142648074
  endloop
 endfacet
 facet normal 0.14856711161351 -0.05198588076036 0.98753495206417
  outer loop
   vertex 153.95295442702977 -8.12689778953952 -2.19524316833316
   vertex 153.80231978045242 -8.09251641444118 -2.17077142648074
   vertex 153.61742216975389 -8.62092342734429 -2.17077142648074
  endloop
 endfacet
 facet normal 0.13327427720492 -0.08374177862406 0.98753495206417
  outer loop
   vertex 153.75662951554619 -8.68796215182943 -2.19524316833316
   vertex 153.61742216975389 -8.62092342734429 -2.17077142648074
   vertex 153.31957870616793 -9.09493858419723 -2.17077142648074
  endloop
 endfacet
 facet normal 0.11129851403234 -0.11129851403235 0.98753495206417
  outer loop
   vertex 153.44037831357792 -9.19127305649414 -2.19524316833316
   vertex 153.31957870616793 -9.09493858419723 -2.17077142648074
   vertex 152.92372450464467 -9.49079278572047 -2.17077142648074
  endloop
 endfacet
 facet normal 0.08374177862406 -0.13327427720491 0.98753495206417
  outer loop
   vertex 153.02005897694158 -9.61159239313046 -2.19524316833316
   vertex 152.92372450464467 -9.49079278572047 -2.17077142648074
   vertex 152.44970934779172 -9.78863624930644 -2.17077142648074
  endloop
 endfacet
 facet normal 0.05198588076036 -0.14856711161351 0.98753495206417
  outer loop
   vertex 152.51674807227690 -9.92784359509874 -2.19524316833316
   vertex 152.44970934779172 -9.78863624930644 -2.17077142648074
   vertex 151.92130233488865 -9.97353386000495 -2.17077142648074
  endloop
 endfacet
 facet normal 0.01762319376120 -0.15641017068359 0.98753495206417
  outer loop
   vertex 151.95568370998697 -10.12416850658229 -2.19524316833316
   vertex 151.92130233488865 -9.97353386000495 -2.17077142648074
   vertex 151.36499999999785 -10.03621407955040 -2.17077142648073
  endloop
 endfacet
 facet normal 0.45339771324646 -0.05108565329546 0.88984311518956
  outer loop
   vertex 154.15889262614411 -7.53621407955039 -2.26626292929326
   vertex 154.01950849718534 -7.53621407955039 -2.19524316833316
   vertex 153.95295442702977 -8.12689778953952 -2.19524316833316
  endloop
 endfacet
 facet normal 0.43066245868037 -0.15069531191510 0.88984311518952
  outer loop
   vertex 154.08884390486679 -8.15791367609411 -2.26626292929326
   vertex 153.95295442702977 -8.12689778953952 -2.19524316833316
   vertex 153.75662951554619 -8.68796215182943 -2.19524316833316
  endloop
 endfacet
 facet normal 0.38633199014612 -0.24274847834639 0.88984311518955
  outer loop
   vertex 153.88221027641774 -8.74843865887570 -2.26626292929326
   vertex 153.75662951554619 -8.68796215182943 -2.19524316833316
   vertex 153.44037831357792 -9.19127305649414 -2.19524316833316
  endloop
 endfacet
 facet normal 0.32262922244408 -0.32262922244409 0.88984311518955
  outer loop
   vertex 153.54935321375427 -9.27817763944089 -2.26626292929326
   vertex 153.44037831357792 -9.19127305649414 -2.19524316833316
   vertex 153.02005897694158 -9.61159239313046 -2.19524316833316
  endloop
 endfacet
 facet normal 0.24274847834640 -0.38633199014609 0.88984311518957
  outer loop
   vertex 153.10696355988836 -9.72056729330680 -2.26626292929326
   vertex 153.02005897694158 -9.61159239313046 -2.19524316833316
   vertex 152.51674807227690 -9.92784359509874 -2.19524316833316
  endloop
 endfacet
 facet normal 0.15069531191505 -0.43066245868032 0.88984311518955
  outer loop
   vertex 152.57722457932317 -10.05342435597029 -2.26626292929326
   vertex 152.51674807227690 -9.92784359509874 -2.19524316833316
   vertex 151.95568370998697 -10.12416850658229 -2.19524316833316
  endloop
 endfacet
 facet normal 0.05108565329547 -0.45339771324647 0.88984311518955
  outer loop
   vertex 151.98669959654157 -10.26005798441934 -2.26626292929326
   vertex 151.95568370998697 -10.12416850658229 -2.19524316833316
   vertex 151.36499999999785 -10.19072257673787 -2.19524316833316
  endloop
 endfacet
 facet normal 0.70487319502670 -0.07942013514047 0.70487319502668
  outer loop
   vertex 154.26950849718534 -7.53621407955039 -2.37687880033450
   vertex 154.15889262614411 -7.53621407955039 -2.26626292929326
   vertex 154.08884390486679 -8.15791367609411 -2.26626292929326
  endloop
 endfacet
 facet normal 0.66952790973388 -0.23427794821577 0.70487319502673
  outer loop
   vertex 154.19668640507521 -8.18252802302860 -2.37687880033450
   vertex 154.08884390486679 -8.15791367609411 -2.26626292929326
   vertex 153.88221027641774 -8.74843865887570 -2.26626292929326
  endloop
 endfacet
 facet normal 0.60060969934202 -0.37738808670805 0.70487319502668
  outer loop
   vertex 153.98187173252180 -8.79643308660882 -2.37687880033450
   vertex 153.88221027641774 -8.74843865887570 -2.26626292929326
   vertex 153.54935321375427 -9.27817763944089 -2.26626292929326
  endloop
 endfacet
 facet normal 0.50157441069737 -0.50157441069737 0.70487319502672
  outer loop
   vertex 153.63583618419494 -9.34714550695882 -2.37687880033450
   vertex 153.54935321375427 -9.27817763944089 -2.26626292929326
   vertex 153.10696355988836 -9.72056729330680 -2.26626292929326
  endloop
 endfacet
 facet normal 0.37738808670807 -0.60060969934201 0.70487319502669
  outer loop
   vertex 153.17593142740628 -9.80705026374747 -2.37687880033450
   vertex 153.10696355988836 -9.72056729330680 -2.26626292929326
   vertex 152.57722457932317 -10.05342435597029 -2.26626292929326
  endloop
 endfacet
 facet normal 0.23427794821578 -0.66952790973393 0.70487319502668
  outer loop
   vertex 152.62521900705627 -10.15308581207435 -2.37687880033450
   vertex 152.57722457932317 -10.05342435597029 -2.26626292929326
   vertex 151.98669959654157 -10.26005798441934 -2.26626292929326
  endloop
 endfacet
 facet normal 0.07942013514044 -0.70487319502669 0.70487319502670
  outer loop
   vertex 152.01131394347607 -10.36790048462775 -2.37687880033450
   vertex 151.98669959654157 -10.26005798441934 -2.26626292929326
   vertex 151.36499999999785 -10.33010670569663 -2.26626292929326
  endloop
 endfacet
 facet normal 0.88655012423965 -0.09989020886690 0.45171985055251
  outer loop
   vertex 154.34052825814544 -7.53621407955039 -2.51626292929326
   vertex 154.26950849718534 -7.53621407955039 -2.37687880033450
   vertex 154.19668640507521 -8.18252802302860 -2.37687880033450
  endloop
 endfacet
 facet normal 0.84209479909935 -0.29466171442293 0.45171985055250
  outer loop
   vertex 154.26592555235169 -8.19833140656680 -2.51626292929326
   vertex 154.19668640507521 -8.18252802302860 -2.37687880033450
   vertex 153.98187173252180 -8.79643308660882 -2.37687880033450
  endloop
 endfacet
 facet normal 0.75541332445052 -0.47465765121751 0.45171985055263
  outer loop
   vertex 154.04585832615274 -8.82724740604542 -2.51626292929326
   vertex 153.98187173252180 -8.79643308660882 -2.37687880033450
   vertex 153.63583618419494 -9.34714550695882 -2.37687880033450
  endloop
 endfacet
 facet normal 0.63085227138247 -0.63085227138249 0.45171985055246
  outer loop
   vertex 153.69136166919088 -9.39142560364789 -2.51626292929326
   vertex 153.63583618419494 -9.34714550695882 -2.37687880033450
   vertex 153.17593142740628 -9.80705026374747 -2.37687880033450
  endloop
 endfacet
 facet normal 0.47465765121756 -0.75541332445053 0.45171985055257
  outer loop
   vertex 153.22021152409536 -9.86257574874343 -2.51626292929326
   vertex 153.17593142740628 -9.80705026374747 -2.37687880033450
   vertex 152.62521900705627 -10.15308581207435 -2.37687880033450
  endloop
 endfacet
 facet normal 0.29466171442289 -0.84209479909932 0.45171985055257
  outer loop
   vertex 152.65603332649289 -10.21707240570528 -2.51626292929326
   vertex 152.62521900705627 -10.15308581207435 -2.37687880033450
   vertex 152.01131394347607 -10.36790048462775 -2.37687880033450
  endloop
 endfacet
 facet normal 0.09989020886689 -0.88655012423964 0.45171985055253
  outer loop
   vertex 152.02711732701425 -10.43713963190423 -2.51626292929326
   vertex 152.01131394347607 -10.36790048462775 -2.37687880033450
   vertex 151.36499999999785 -10.44072257673787 -2.37687880033450
  endloop
 endfacet
 facet normal 0.98162854659710 -0.11060297423498 0.15547468795928
  outer loop
   vertex 154.36499999999785 -7.53621407955039 -2.67077142648074
   vertex 154.34052825814544 -7.53621407955039 -2.51626292929326
   vertex 154.26592555235169 -8.19833140656680 -2.51626292929326
  endloop
 endfacet
 facet normal 0.93240559234682 -0.32626282773905 0.15547468795946
  outer loop
   vertex 154.20107763860733 -8.45728434460161 -2.67077142648074
   vertex 154.28978373654334 -8.20377688141934 -2.67077142648074
   vertex 154.26592555235169 -8.19833140656680 -2.51626292929326
  endloop
 endfacet
 facet normal 0.83642792830968 -0.52556250070520 0.15547468795940
  outer loop
   vertex 153.78183271933085 -9.29314927574405 -2.67077142648074
   vertex 154.06790660370513 -8.83786529690307 -2.67077142648074
   vertex 154.04585832615274 -8.82724740604542 -2.51626292929326
  endloop
 endfacet
 facet normal 0.69850827532819 -0.69850827532817 0.15547468795950
  outer loop
   vertex 153.71049444740197 -9.40668348512660 -2.67077142648074
   vertex 153.69136166919088 -9.39142560364789 -2.51626292929326
   vertex 153.22021152409536 -9.86257574874343 -2.51626292929326
  endloop
 endfacet
 facet normal 0.52556250070522 -0.83642792830967 0.15547468795936
  outer loop
   vertex 153.12193519619152 -9.95304679888339 -2.67077142648074
   vertex 153.23546940557407 -9.88170852695449 -2.67077142648074
   vertex 153.22021152409536 -9.86257574874343 -2.51626292929326
  endloop
 endfacet
 facet normal 0.32626282773894 -0.93240559234688 0.15547468795935
  outer loop
   vertex 152.28607026504906 -10.37229171815988 -2.67077142648074
   vertex 152.66665121735053 -10.23912068325765 -2.67077142648074
   vertex 152.65603332649289 -10.21707240570528 -2.51626292929326
  endloop
 endfacet
 facet normal 0.11060297423497 -0.98162854659709 0.15547468795936
  outer loop
   vertex 152.03256280186679 -10.46099781609587 -2.67077142648074
   vertex 152.02711732701425 -10.43713963190423 -2.51626292929326
   vertex 151.36499999999785 -10.51174233769798 -2.51626292929326
  endloop
 endfacet
 facet normal -0.18954821285821 -0.96938047874952 0.15611842435027
  outer loop
   vertex 125.09042195990705 -10.41366439715890 -2.51626292929326
   vertex 125.08419071329099 -10.43732951315059 -2.67077142648074
   vertex 125.46294932048268 -10.51139023406634 -2.67077142648074
  endloop
 endfacet
 facet normal -0.06353321287708 -0.98569293821141 0.15611842435044
  outer loop
   vertex 125.46609093947887 -10.48712098646008 -2.51626292929326
   vertex 125.46294932048268 -10.51139023406634 -2.67077142648074
   vertex 125.84808156997590 -10.53621407955039 -2.67077142648074
  endloop
 endfacet
 facet normal -0.17105820533576 -0.87481956427895 0.45324366552892
  outer loop
   vertex 125.10850574192085 -10.34498555562158 -2.37687880033450
   vertex 125.09042195990705 -10.41366439715890 -2.51626292929326
   vertex 125.46609093947887 -10.48712098646008 -2.51626292929326
  endloop
 endfacet
 facet normal -0.05733568895264 -0.88954077952067 0.45324366552891
  outer loop
   vertex 125.47520827291122 -10.41668888669077 -2.37687880033450
   vertex 125.46609093947887 -10.48712098646008 -2.51626292929326
   vertex 125.84808156997590 -10.51174233769796 -2.51626292929326
  endloop
 endfacet
 facet normal -0.13583523869510 -0.69468356747765 0.70637350531087
  outer loop
   vertex 125.13667189275171 -10.23801575206196 -2.26626292929326
   vertex 125.10850574192085 -10.34498555562158 -2.37687880033450
   vertex 125.47520827291122 -10.41668888669077 -2.37687880033450
  endloop
 endfacet
 facet normal -0.04552957269336 -0.70637350531088 0.70637350531088
  outer loop
   vertex 125.48940885265914 -10.30698831941313 -2.26626292929326
   vertex 125.47520827291122 -10.41668888669077 -2.37687880033450
   vertex 125.84808156997590 -10.44072257673786 -2.37687880033450
  endloop
 endfacet
 facet normal -0.08726477156636 -0.44628627600027 0.89062529691071
  outer loop
   vertex 125.17216331331124 -10.10322593615489 -2.19524316833316
   vertex 125.13667189275171 -10.23801575206196 -2.26626292929326
   vertex 125.48940885265914 -10.30698831941313 -2.26626292929326
  endloop
 endfacet
 facet normal -0.02924961003322 -0.45379625473953 0.89062529691070
  outer loop
   vertex 125.50730262703566 -10.16875754048110 -2.19524316833316
   vertex 125.48940885265914 -10.30698831941313 -2.26626292929326
   vertex 125.84808156997590 -10.33010670569663 -2.26626292929326
  endloop
 endfacet
 facet normal -0.03008073297841 -0.15383777507611 0.98763813639567
  outer loop
   vertex 125.21150585607175 -9.95381027421723 -2.17077142648073
   vertex 125.17216331331124 -10.10322593615489 -2.19524316833316
   vertex 125.50730262703566 -10.16875754048110 -2.19524316833316
  endloop
 endfacet
 facet normal -0.01008253036522 -0.15642651347620 0.98763813639567
  outer loop
   vertex 125.52713802873150 -10.01552754164702 -2.17077142648074
   vertex 125.50730262703566 -10.16875754048110 -2.19524316833316
   vertex 125.84808156997590 -10.19072257673786 -2.19524316833316
  endloop
 endfacet
 facet normal -0.01008253036523 -0.15642651347622 0.98763813639567
  outer loop
   vertex 125.84808156997590 -10.19072257673786 -2.19524316833316
   vertex 125.84808156997590 -10.03621407955040 -2.17077142648073
   vertex 125.52713802873150 -10.01552754164702 -2.17077142648074
  endloop
 endfacet
 facet normal -0.03008073297841 -0.15383777507611 0.98763813639567
  outer loop
   vertex 125.50730262703566 -10.16875754048110 -2.19524316833316
   vertex 125.52713802873150 -10.01552754164702 -2.17077142648074
   vertex 125.21150585607175 -9.95381027421723 -2.17077142648073
  endloop
 endfacet
 facet normal -0.02924961003322 -0.45379625473953 0.89062529691071
  outer loop
   vertex 125.84808156997590 -10.33010670569663 -2.26626292929326
   vertex 125.84808156997590 -10.19072257673786 -2.19524316833316
   vertex 125.50730262703566 -10.16875754048110 -2.19524316833316
  endloop
 endfacet
 facet normal -0.08726477156636 -0.44628627600027 0.89062529691071
  outer loop
   vertex 125.48940885265914 -10.30698831941313 -2.26626292929326
   vertex 125.50730262703566 -10.16875754048110 -2.19524316833316
   vertex 125.17216331331124 -10.10322593615489 -2.19524316833316
  endloop
 endfacet
 facet normal -0.04552957269337 -0.70637350531089 0.70637350531087
  outer loop
   vertex 125.84808156997590 -10.44072257673786 -2.37687880033450
   vertex 125.84808156997590 -10.33010670569663 -2.26626292929326
   vertex 125.48940885265914 -10.30698831941313 -2.26626292929326
  endloop
 endfacet
 facet normal -0.13583523869509 -0.69468356747765 0.70637350531088
  outer loop
   vertex 125.47520827291122 -10.41668888669077 -2.37687880033450
   vertex 125.48940885265914 -10.30698831941313 -2.26626292929326
   vertex 125.13667189275171 -10.23801575206196 -2.26626292929326
  endloop
 endfacet
 facet normal -0.05733568895265 -0.88954077952067 0.45324366552891
  outer loop
   vertex 125.84808156997590 -10.51174233769796 -2.51626292929326
   vertex 125.84808156997590 -10.44072257673786 -2.37687880033450
   vertex 125.47520827291122 -10.41668888669077 -2.37687880033450
  endloop
 endfacet
 facet normal -0.17105820533576 -0.87481956427896 0.45324366552892
  outer loop
   vertex 125.46609093947887 -10.48712098646008 -2.51626292929326
   vertex 125.47520827291122 -10.41668888669077 -2.37687880033450
   vertex 125.10850574192085 -10.34498555562158 -2.37687880033450
  endloop
 endfacet
 facet normal -0.06353321287705 -0.98569293821141 0.15611842435051
  outer loop
   vertex 125.84808156997590 -10.53621407955039 -2.67077142648074
   vertex 125.84808156997590 -10.51174233769796 -2.51626292929326
   vertex 125.46609093947887 -10.48712098646008 -2.51626292929326
  endloop
 endfacet
 facet normal -0.18954821285814 -0.96938047874951 0.15611842435043
  outer loop
   vertex 125.46294932048268 -10.51139023406634 -2.67077142648074
   vertex 125.46609093947887 -10.48712098646008 -2.51626292929326
   vertex 125.09042195990705 -10.41366439715890 -2.51626292929326
  endloop
 endfacet
 facet normal 0.00000000000000 -1.00000000000000 0.00000000000000
  outer loop
   vertex 125.84808156997590 -10.53621407955039 -5.89019925136189
   vertex 151.36499999999785 -10.53621407955039 -5.89019925136189
   vertex 151.36499999999785 -10.53621407955039 -2.67077142648074
  endloop
 endfacet
 facet normal -0.00000000000000 -1.00000000000000 0.00000000000000
  outer loop
   vertex 151.36499999999785 -10.53621407955039 -2.67077142648074
   vertex 125.84808156997590 -10.53621407955039 -2.67077142648074
   vertex 125.84808156997590 -10.53621407955039 -5.89019925136189
  endloop
 endfacet
 facet normal 0.98768834059515 -0.00000000000000 0.15643446504014
  outer loop
   vertex 154.36499999999785 -7.53621407955039 -2.67077142648074
   vertex 154.36499999999791 145.49999999996808 -2.67077142648074
   vertex 154.34052825814550 145.49999999996808 -2.51626292929326
  endloop
 endfacet
 facet normal 0.89100652418838 -0.00000000000000 0.45399049973953
  outer loop
   vertex 154.34052825814544 -7.53621407955039 -2.51626292929326
   vertex 154.34052825814550 145.49999999996808 -2.51626292929326
   vertex 154.26950849718540 145.49999999996808 -2.37687880033450
  endloop
 endfacet
 facet normal 0.70710678118656 -0.00000000000000 0.70710678118654
  outer loop
   vertex 154.26950849718534 -7.53621407955039 -2.37687880033450
   vertex 154.26950849718540 145.49999999996808 -2.37687880033450
   vertex 154.15889262614417 145.49999999996808 -2.26626292929327
  endloop
 endfacet
 facet normal 0.45399049973955 -0.00000000000000 0.89100652418836
  outer loop
   vertex 154.15889262614411 -7.53621407955039 -2.26626292929327
   vertex 154.15889262614417 145.49999999996808 -2.26626292929327
   vertex 154.01950849718540 145.49999999996808 -2.19524316833316
  endloop
 endfacet
 facet normal 0.15643446504022 -0.00000000000000 0.98768834059514
  outer loop
   vertex 154.01950849718534 -7.53621407955039 -2.19524316833316
   vertex 154.01950849718540 145.49999999996808 -2.19524316833316
   vertex 153.86499999999791 145.49999999996808 -2.17077142648073
  endloop
 endfacet
 facet normal 0.15643446504022 -0.00000000000000 0.98768834059514
  outer loop
   vertex 153.86499999999791 145.49999999996808 -2.17077142648073
   vertex 153.86499999999785 -7.53621407955039 -2.17077142648073
   vertex 154.01950849718534 -7.53621407955039 -2.19524316833316
  endloop
 endfacet
 facet normal 0.45399049973955 -0.00000000000000 0.89100652418836
  outer loop
   vertex 154.01950849718540 145.49999999996808 -2.19524316833316
   vertex 154.01950849718534 -7.53621407955039 -2.19524316833316
   vertex 154.15889262614411 -7.53621407955039 -2.26626292929327
  endloop
 endfacet
 facet normal 0.70710678118656 -0.00000000000000 0.70710678118654
  outer loop
   vertex 154.15889262614417 145.49999999996808 -2.26626292929327
   vertex 154.15889262614411 -7.53621407955039 -2.26626292929327
   vertex 154.26950849718534 -7.53621407955039 -2.37687880033450
  endloop
 endfacet
 facet normal 0.89100652418838 -0.00000000000000 0.45399049973953
  outer loop
   vertex 154.26950849718540 145.49999999996808 -2.37687880033450
   vertex 154.26950849718534 -7.53621407955039 -2.37687880033450
   vertex 154.34052825814544 -7.53621407955039 -2.51626292929326
  endloop
 endfacet
 facet normal 0.98768834059515 -0.00000000000000 0.15643446504014
  outer loop
   vertex 154.34052825814550 145.49999999996808 -2.51626292929326
   vertex 154.34052825814544 -7.53621407955039 -2.51626292929326
   vertex 154.36499999999785 -7.53621407955039 -2.67077142648074
  endloop
 endfacet
 facet normal 0.94388333030833 -0.33027906195526 0.00000000000000
  outer loop
   vertex 154.20107763860733 -8.45728434460161 -5.89019925136189
   vertex 154.28978373654334 -8.20377688141934 -5.89019925136189
   vertex 154.28978373654334 -8.20377688141934 -2.67077142648074
  endloop
 endfacet
 facet normal 0.99371220989325 -0.11196447610328 -0.00000000000000
  outer loop
   vertex 154.36499999999785 -7.53621407955039 -2.67077142648074
   vertex 154.28978373654334 -8.20377688141934 -2.67077142648074
   vertex 154.28978373654334 -8.20377688141934 -5.89019925136189
  endloop
 endfacet
 facet normal 0.99371220989325 -0.11196447610328 -0.00000000000000
  outer loop
   vertex 154.28978373654334 -8.20377688141934 -5.89019925136189
   vertex 154.36499999999785 -7.53621407955039 -5.89019925136189
   vertex 154.36499999999785 -7.53621407955039 -2.67077142648074
  endloop
 endfacet
 facet normal 0.84672419922828 -0.53203207651534 0.00000000000000
  outer loop
   vertex 153.78183271933085 -9.29314927574405 -5.89019925136189
   vertex 154.06790660370513 -8.83786529690307 -5.89019925136189
   vertex 154.06790660370513 -8.83786529690307 -2.67077142648074
  endloop
 endfacet
 facet normal 0.94388333030839 -0.33027906195511 0.00000000000000
  outer loop
   vertex 154.20107763860733 -8.45728434460161 -2.67077142648074
   vertex 154.06790660370513 -8.83786529690307 -2.67077142648074
   vertex 154.06790660370513 -8.83786529690307 -5.89019925136189
  endloop
 endfacet
 facet normal 0.94388333030839 -0.33027906195511 0.00000000000000
  outer loop
   vertex 154.06790660370513 -8.83786529690307 -5.89019925136189
   vertex 154.20107763860733 -8.45728434460161 -5.89019925136189
   vertex 154.20107763860733 -8.45728434460161 -2.67077142648074
  endloop
 endfacet
 facet normal 0.53203207651537 -0.84672419922826 -0.00000000000000
  outer loop
   vertex 153.12193519619152 -9.95304679888339 -5.89019925136189
   vertex 153.23546940557407 -9.88170852695448 -5.89019925136189
   vertex 153.23546940557407 -9.88170852695448 -2.67077142648074
  endloop
 endfacet
 facet normal 0.70710678118654 -0.70710678118656 -0.00000000000000
  outer loop
   vertex 153.71049444740197 -9.40668348512659 -2.67077142648074
   vertex 153.23546940557407 -9.88170852695448 -2.67077142648074
   vertex 153.23546940557407 -9.88170852695448 -5.89019925136189
  endloop
 endfacet
 facet normal 0.70710678118654 -0.70710678118656 -0.00000000000000
  outer loop
   vertex 153.23546940557407 -9.88170852695448 -5.89019925136189
   vertex 153.71049444740197 -9.40668348512659 -5.89019925136189
   vertex 153.71049444740197 -9.40668348512659 -2.67077142648074
  endloop
 endfacet
 facet normal 0.84672419922833 -0.53203207651527 -0.00000000000000
  outer loop
   vertex 153.78183271933085 -9.29314927574405 -2.67077142648074
   vertex 153.71049444740197 -9.40668348512659 -2.67077142648074
   vertex 153.71049444740197 -9.40668348512659 -5.89019925136189
  endloop
 endfacet
 facet normal 0.84672419922833 -0.53203207651527 -0.00000000000000
  outer loop
   vertex 153.71049444740197 -9.40668348512659 -5.89019925136189
   vertex 153.78183271933085 -9.29314927574405 -5.89019925136189
   vertex 153.78183271933085 -9.29314927574405 -2.67077142648074
  endloop
 endfacet
 facet normal 0.33027906195515 -0.94388333030837 -0.00000000000000
  outer loop
   vertex 152.28607026504906 -10.37229171815988 -5.89019925136189
   vertex 152.66665121735053 -10.23912068325765 -5.89019925136189
   vertex 152.66665121735053 -10.23912068325765 -2.67077142648074
  endloop
 endfacet
 facet normal 0.53203207651533 -0.84672419922829 -0.00000000000000
  outer loop
   vertex 153.12193519619152 -9.95304679888339 -2.67077142648074
   vertex 152.66665121735053 -10.23912068325765 -2.67077142648074
   vertex 152.66665121735053 -10.23912068325765 -5.89019925136189
  endloop
 endfacet
 facet normal 0.53203207651533 -0.84672419922829 -0.00000000000000
  outer loop
   vertex 152.66665121735053 -10.23912068325765 -5.89019925136189
   vertex 153.12193519619152 -9.95304679888339 -5.89019925136189
   vertex 153.12193519619152 -9.95304679888339 -2.67077142648074
  endloop
 endfacet
 facet normal 0.11196447610330 -0.99371220989324 0.00000000000000
  outer loop
   vertex 151.36499999999785 -10.53621407955039 -5.89019925136189
   vertex 152.03256280186679 -10.46099781609587 -5.89019925136189
   vertex 152.03256280186679 -10.46099781609587 -2.67077142648074
  endloop
 endfacet
 facet normal 0.33027906195518 -0.94388333030836 -0.00000000000000
  outer loop
   vertex 152.28607026504906 -10.37229171815988 -2.67077142648074
   vertex 152.03256280186679 -10.46099781609587 -2.67077142648074
   vertex 152.03256280186679 -10.46099781609587 -5.89019925136189
  endloop
 endfacet
 facet normal 0.33027906195518 -0.94388333030836 -0.00000000000000
  outer loop
   vertex 152.03256280186679 -10.46099781609587 -5.89019925136189
   vertex 152.28607026504906 -10.37229171815988 -5.89019925136189
   vertex 152.28607026504906 -10.37229171815988 -2.67077142648074
  endloop
 endfacet
 facet normal 0.11196447610330 -0.99371220989324 0.00000000000000
  outer loop
   vertex 152.03256280186679 -10.46099781609587 -2.67077142648074
   vertex 151.36499999999785 -10.53621407955039 -2.67077142648074
   vertex 151.36499999999785 -10.53621407955039 -5.89019925136189
  endloop
 endfacet
 facet normal 0.33027906195515 -0.94388333030837 -0.00000000000000
  outer loop
   vertex 152.66665121735053 -10.23912068325765 -2.67077142648074
   vertex 152.28607026504906 -10.37229171815988 -2.67077142648074
   vertex 152.28607026504906 -10.37229171815988 -5.89019925136189
  endloop
 endfacet
 facet normal 0.53203207651537 -0.84672419922826 -0.00000000000000
  outer loop
   vertex 153.23546940557407 -9.88170852695448 -2.67077142648074
   vertex 153.12193519619152 -9.95304679888339 -2.67077142648074
   vertex 153.12193519619152 -9.95304679888339 -5.89019925136189
  endloop
 endfacet
 facet normal 0.84672419922828 -0.53203207651534 0.00000000000000
  outer loop
   vertex 154.06790660370513 -8.83786529690307 -2.67077142648074
   vertex 153.78183271933085 -9.29314927574405 -2.67077142648074
   vertex 153.78183271933085 -9.29314927574405 -5.89019925136189
  endloop
 endfacet
 facet normal 0.94388333030833 -0.33027906195526 0.00000000000000
  outer loop
   vertex 154.28978373654334 -8.20377688141934 -2.67077142648074
   vertex 154.20107763860733 -8.45728434460161 -2.67077142648074
   vertex 154.20107763860733 -8.45728434460161 -5.89019925136189
  endloop
 endfacet
 facet normal -0.25149536421159 -0.95513262949587 0.15643446504011
  outer loop
   vertex -8.25889085668474 24.67315234970566 -2.67077142648074
   vertex 125.08419071329099 -10.43732951315059 -2.67077142648074
   vertex 125.09042195990705 -10.41366439715889 -2.51626292929326
  endloop
 endfacet
 facet normal -0.22687724569132 -0.86163759292046 0.45399049973953
  outer loop
   vertex -8.25265961006867 24.69681746569738 -2.51626292929326
   vertex 125.09042195990705 -10.41366439715889 -2.51626292929326
   vertex 125.10850574192084 -10.34498555562157 -2.37687880033450
  endloop
 endfacet
 facet normal -0.18005080161607 -0.68379946536792 0.70710678118652
  outer loop
   vertex -8.23457582805489 24.76549630723469 -2.37687880033450
   vertex 125.10850574192084 -10.34498555562157 -2.37687880033450
   vertex 125.13667189275171 -10.23801575206195 -2.26626292929326
  endloop
 endfacet
 facet normal -0.11559973059092 -0.43902628183408 0.89100652418837
  outer loop
   vertex -8.20640967722401 24.87246611079431 -2.26626292929326
   vertex 125.13667189275171 -10.23801575206195 -2.26626292929326
   vertex 125.17216331331124 -10.10322593615489 -2.19524316833316
  endloop
 endfacet
 facet normal -0.03983295250487 -0.15127814695841 0.98768834059514
  outer loop
   vertex -8.17091825666449 25.00725592670138 -2.19524316833316
   vertex 125.17216331331124 -10.10322593615489 -2.19524316833316
   vertex 125.21150585607175 -9.95381027421723 -2.17077142648073
  endloop
 endfacet
 facet normal -0.03983295250487 -0.15127814695840 0.98768834059514
  outer loop
   vertex 125.21150585607175 -9.95381027421723 -2.17077142648073
   vertex -8.13157571390393 25.15667158863904 -2.17077142648073
   vertex -8.17091825666449 25.00725592670138 -2.19524316833316
  endloop
 endfacet
 facet normal -0.11559973059093 -0.43902628183410 0.89100652418836
  outer loop
   vertex 125.17216331331124 -10.10322593615489 -2.19524316833316
   vertex -8.17091825666449 25.00725592670138 -2.19524316833316
   vertex -8.20640967722401 24.87246611079431 -2.26626292929326
  endloop
 endfacet
 facet normal -0.18005080161606 -0.68379946536789 0.70710678118654
  outer loop
   vertex 125.13667189275171 -10.23801575206195 -2.26626292929326
   vertex -8.20640967722401 24.87246611079431 -2.26626292929326
   vertex -8.23457582805489 24.76549630723469 -2.37687880033450
  endloop
 endfacet
 facet normal -0.22687724569132 -0.86163759292048 0.45399049973949
  outer loop
   vertex 125.10850574192084 -10.34498555562157 -2.37687880033450
   vertex -8.23457582805489 24.76549630723469 -2.37687880033450
   vertex -8.25265961006867 24.69681746569738 -2.51626292929326
  endloop
 endfacet
 facet normal -0.25149536421159 -0.95513262949586 0.15643446504020
  outer loop
   vertex 125.09042195990705 -10.41366439715889 -2.51626292929326
   vertex -8.25265961006867 24.69681746569738 -2.51626292929326
   vertex -8.25889085668474 24.67315234970566 -2.67077142648074
  endloop
 endfacet
 facet normal -0.19190123971240 -0.98141424189628 -0.00000000000000
  outer loop
   vertex 125.08419071329099 -10.43732951315059 -5.89019925136189
   vertex 125.46294932048268 -10.51139023406634 -5.89019925136189
   vertex 125.46294932048268 -10.51139023406634 -2.67077142648074
  endloop
 endfacet
 facet normal -0.06432190591606 -0.99792920210771 0.00000000000000
  outer loop
   vertex 125.84808156997590 -10.53621407955039 -2.67077142648074
   vertex 125.46294932048268 -10.51139023406634 -2.67077142648074
   vertex 125.46294932048268 -10.51139023406634 -5.89019925136189
  endloop
 endfacet
 facet normal -0.06432190591606 -0.99792920210771 0.00000000000000
  outer loop
   vertex 125.46294932048268 -10.51139023406634 -5.89019925136189
   vertex 125.84808156997590 -10.53621407955039 -5.89019925136189
   vertex 125.84808156997590 -10.53621407955039 -2.67077142648074
  endloop
 endfacet
 facet normal -0.19190123971240 -0.98141424189628 -0.00000000000000
  outer loop
   vertex 125.46294932048268 -10.51139023406634 -2.67077142648074
   vertex 125.08419071329099 -10.43732951315059 -2.67077142648074
   vertex 125.08419071329099 -10.43732951315059 -5.89019925136189
  endloop
 endfacet
 facet normal 0.98162854659714 0.11060297423490 0.15547468795911
  outer loop
   vertex 154.34052825814553 145.49999999996808 -2.51626292929327
   vertex 154.36499999999791 145.49999999996808 -2.67077142648074
   vertex 154.28978373654343 146.16756280183702 -2.67077142648074
  endloop
 endfacet
 facet normal 0.93240559234686 0.32626282773894 0.15547468795944
  outer loop
   vertex 154.04585832615282 146.79103332646312 -2.51626292929327
   vertex 154.26592555235177 146.16211732698449 -2.51626292929327
   vertex 154.20107763860744 146.42107026501930 -2.67077142648074
  endloop
 endfacet
 facet normal 0.93240559234685 0.32626282773896 0.15547468795947
  outer loop
   vertex 154.26592555235177 146.16211732698449 -2.51626292929327
   vertex 154.28978373654343 146.16756280183702 -2.67077142648074
   vertex 154.20107763860744 146.42107026501930 -2.67077142648074
  endloop
 endfacet
 facet normal 0.83642792830967 0.52556250070522 0.15547468795940
  outer loop
   vertex 154.04585832615282 146.79103332646312 -2.51626292929327
   vertex 154.06790660370521 146.80165121732077 -2.67077142648074
   vertex 153.78183271933094 147.25693519616172 -2.67077142648074
  endloop
 endfacet
 facet normal 0.83642792830968 0.52556250070521 0.15547468795934
  outer loop
   vertex 153.78183271933094 147.25693519616172 -2.67077142648074
   vertex 153.69136166919097 147.35521152406560 -2.51626292929327
   vertex 154.04585832615282 146.79103332646312 -2.51626292929327
  endloop
 endfacet
 facet normal 0.69850827532817 0.69850827532821 0.15547468795938
  outer loop
   vertex 153.69136166919097 147.35521152406560 -2.51626292929327
   vertex 153.71049444740203 147.37046940554430 -2.67077142648074
   vertex 153.23546940557412 147.84549444737218 -2.67077142648074
  endloop
 endfacet
 facet normal 0.52556250070520 0.83642792830971 0.15547468795921
  outer loop
   vertex 152.65603332649295 148.18085832612300 -2.51626292929327
   vertex 153.22021152409545 147.82636166916114 -2.51626292929327
   vertex 153.12193519619157 147.91683271930108 -2.67077142648074
  endloop
 endfacet
 facet normal 0.52556250070528 0.83642792830968 0.15547468795914
  outer loop
   vertex 153.22021152409545 147.82636166916114 -2.51626292929327
   vertex 153.23546940557412 147.84549444737218 -2.67077142648074
   vertex 153.12193519619157 147.91683271930108 -2.67077142648074
  endloop
 endfacet
 facet normal 0.32626282773896 0.93240559234688 0.15547468795930
  outer loop
   vertex 152.65603332649295 148.18085832612300 -2.51626292929327
   vertex 152.66665121735062 148.20290660367536 -2.67077142648074
   vertex 152.28607026504915 148.33607763857759 -2.67077142648074
  endloop
 endfacet
 facet normal 0.32626282773896 0.93240559234688 0.15547468795929
  outer loop
   vertex 152.28607026504915 148.33607763857759 -2.67077142648074
   vertex 152.02711732701434 148.40092555232195 -2.51626292929327
   vertex 152.65603332649295 148.18085832612300 -2.51626292929327
  endloop
 endfacet
 facet normal 0.11060297423498 0.98162854659710 0.15547468795928
  outer loop
   vertex 152.02711732701434 148.40092555232195 -2.51626292929327
   vertex 152.03256280186685 148.42478373651358 -2.67077142648074
   vertex 151.36499999999791 148.49999999996811 -2.67077142648074
  endloop
 endfacet
 facet normal 0.88655012423965 0.09989020886690 0.45171985055252
  outer loop
   vertex 154.26950849718543 145.49999999996808 -2.37687880033450
   vertex 154.34052825814553 145.49999999996808 -2.51626292929327
   vertex 154.26592555235177 146.16211732698449 -2.51626292929327
  endloop
 endfacet
 facet normal 0.84209479909937 0.29466171442289 0.45171985055249
  outer loop
   vertex 154.19668640507530 146.14631394344630 -2.37687880033450
   vertex 154.26592555235177 146.16211732698449 -2.51626292929327
   vertex 154.04585832615282 146.79103332646312 -2.51626292929327
  endloop
 endfacet
 facet normal 0.75541332445051 0.47465765121757 0.45171985055258
  outer loop
   vertex 153.98187173252188 146.76021900702654 -2.37687880033450
   vertex 154.04585832615282 146.79103332646312 -2.51626292929327
   vertex 153.69136166919097 147.35521152406560 -2.51626292929327
  endloop
 endfacet
 facet normal 0.63085227138245 0.63085227138241 0.45171985055260
  outer loop
   vertex 153.63583618419500 147.31093142737652 -2.37687880033450
   vertex 153.69136166919097 147.35521152406560 -2.51626292929327
   vertex 153.22021152409545 147.82636166916114 -2.51626292929327
  endloop
 endfacet
 facet normal 0.47465765121754 0.75541332445052 0.45171985055260
  outer loop
   vertex 153.17593142740637 147.77083618416518 -2.37687880033450
   vertex 153.22021152409545 147.82636166916114 -2.51626292929327
   vertex 152.65603332649295 148.18085832612300 -2.51626292929327
  endloop
 endfacet
 facet normal 0.29466171442288 0.84209479909930 0.45171985055261
  outer loop
   vertex 152.62521900705636 148.11687173249206 -2.37687880033450
   vertex 152.65603332649295 148.18085832612300 -2.51626292929327
   vertex 152.02711732701434 148.40092555232195 -2.51626292929327
  endloop
 endfacet
 facet normal 0.09989020886685 0.88655012423958 0.45171985055266
  outer loop
   vertex 152.01131394347613 148.33168640504545 -2.37687880033450
   vertex 152.02711732701434 148.40092555232195 -2.51626292929327
   vertex 151.36499999999791 148.47552825811567 -2.51626292929327
  endloop
 endfacet
 facet normal 0.70487319502671 0.07942013514045 0.70487319502668
  outer loop
   vertex 154.15889262614419 145.49999999996808 -2.26626292929327
   vertex 154.26950849718543 145.49999999996808 -2.37687880033450
   vertex 154.19668640507530 146.14631394344630 -2.37687880033450
  endloop
 endfacet
 facet normal 0.66952790973386 0.23427794821578 0.70487319502674
  outer loop
   vertex 154.08884390486688 146.12169959651180 -2.26626292929327
   vertex 154.19668640507530 146.14631394344630 -2.37687880033450
   vertex 153.98187173252188 146.76021900702654 -2.37687880033450
  endloop
 endfacet
 facet normal 0.60060969934195 0.37738808670804 0.70487319502675
  outer loop
   vertex 153.88221027641782 146.71222457929338 -2.26626292929327
   vertex 153.98187173252188 146.76021900702654 -2.37687880033450
   vertex 153.63583618419500 147.31093142737652 -2.37687880033450
  endloop
 endfacet
 facet normal 0.50157441069745 0.50157441069741 0.70487319502663
  outer loop
   vertex 153.54935321375436 147.24196355985859 -2.26626292929327
   vertex 153.63583618419500 147.31093142737652 -2.37687880033450
   vertex 153.17593142740637 147.77083618416518 -2.37687880033450
  endloop
 endfacet
 facet normal 0.37738808670805 0.60060969934200 0.70487319502670
  outer loop
   vertex 153.10696355988844 147.68435321372451 -2.26626292929327
   vertex 153.17593142740637 147.77083618416518 -2.37687880033450
   vertex 152.62521900705636 148.11687173249206 -2.37687880033450
  endloop
 endfacet
 facet normal 0.23427794821577 0.66952790973392 0.70487319502669
  outer loop
   vertex 152.57722457932323 148.01721027638800 -2.26626292929327
   vertex 152.62521900705636 148.11687173249206 -2.37687880033450
   vertex 152.01131394347613 148.33168640504545 -2.37687880033450
  endloop
 endfacet
 facet normal 0.07942013514045 0.70487319502675 0.70487319502664
  outer loop
   vertex 151.98669959654165 148.22384390483705 -2.26626292929327
   vertex 152.01131394347613 148.33168640504545 -2.37687880033450
   vertex 151.36499999999791 148.40450849715558 -2.37687880033450
  endloop
 endfacet
 facet normal 0.45339771324649 0.05108565329549 0.88984311518954
  outer loop
   vertex 154.01950849718543 145.49999999996808 -2.19524316833316
   vertex 154.15889262614419 145.49999999996808 -2.26626292929327
   vertex 154.08884390486688 146.12169959651180 -2.26626292929327
  endloop
 endfacet
 facet normal 0.43066245868033 0.15069531191506 0.88984311518955
  outer loop
   vertex 153.95295442702982 146.09068370995720 -2.19524316833316
   vertex 154.08884390486688 146.12169959651180 -2.26626292929327
   vertex 153.88221027641782 146.71222457929338 -2.26626292929327
  endloop
 endfacet
 facet normal 0.38633199014618 0.24274847834642 0.88984311518952
  outer loop
   vertex 153.75662951554628 146.65174807224713 -2.19524316833316
   vertex 153.88221027641782 146.71222457929338 -2.26626292929327
   vertex 153.54935321375436 147.24196355985859 -2.26626292929327
  endloop
 endfacet
 facet normal 0.32262922244411 0.32262922244411 0.88984311518954
  outer loop
   vertex 153.44037831357801 147.15505897691185 -2.19524316833316
   vertex 153.54935321375436 147.24196355985859 -2.26626292929327
   vertex 153.10696355988844 147.68435321372451 -2.26626292929327
  endloop
 endfacet
 facet normal 0.24274847834639 0.38633199014611 0.88984311518956
  outer loop
   vertex 153.02005897694167 147.57537831354816 -2.19524316833316
   vertex 153.10696355988844 147.68435321372451 -2.26626292929327
   vertex 152.57722457932323 148.01721027638800 -2.26626292929327
  endloop
 endfacet
 facet normal 0.15069531191504 0.43066245868027 0.88984311518958
  outer loop
   vertex 152.51674807227695 147.89162951551643 -2.19524316833316
   vertex 152.57722457932323 148.01721027638800 -2.26626292929327
   vertex 151.98669959654165 148.22384390483705 -2.26626292929327
  endloop
 endfacet
 facet normal 0.05108565329546 0.45339771324648 0.88984311518955
  outer loop
   vertex 151.95568370998706 148.08795442700000 -2.19524316833316
   vertex 151.98669959654165 148.22384390483705 -2.26626292929327
   vertex 151.36499999999791 148.29389262611434 -2.26626292929327
  endloop
 endfacet
 facet normal 0.15641017068357 0.01762319376120 0.98753495206417
  outer loop
   vertex 153.86499999999791 145.49999999996808 -2.17077142648073
   vertex 154.01950849718543 145.49999999996808 -2.19524316833316
   vertex 153.95295442702982 146.09068370995720 -2.19524316833316
  endloop
 endfacet
 facet normal 0.14856711161356 0.05198588076037 0.98753495206416
  outer loop
   vertex 153.80231978045251 146.05630233485888 -2.17077142648074
   vertex 153.95295442702982 146.09068370995720 -2.19524316833316
   vertex 153.75662951554628 146.65174807224713 -2.19524316833316
  endloop
 endfacet
 facet normal 0.13327427720493 0.08374177862407 0.98753495206417
  outer loop
   vertex 153.61742216975398 146.58470934776199 -2.17077142648074
   vertex 153.75662951554628 146.65174807224713 -2.19524316833316
   vertex 153.44037831357801 147.15505897691185 -2.19524316833316
  endloop
 endfacet
 facet normal 0.11129851403234 0.11129851403235 0.98753495206417
  outer loop
   vertex 153.31957870616802 147.05872450461493 -2.17077142648074
   vertex 153.44037831357801 147.15505897691185 -2.19524316833316
   vertex 153.02005897694167 147.57537831354816 -2.19524316833316
  endloop
 endfacet
 facet normal 0.08374177862407 0.13327427720494 0.98753495206417
  outer loop
   vertex 152.92372450464478 147.45457870613816 -2.17077142648074
   vertex 153.02005897694167 147.57537831354816 -2.19524316833316
   vertex 152.51674807227695 147.89162951551643 -2.19524316833316
  endloop
 endfacet
 facet normal 0.05198588076038 0.14856711161357 0.98753495206416
  outer loop
   vertex 152.44970934779184 147.75242216972416 -2.17077142648074
   vertex 152.51674807227695 147.89162951551643 -2.19524316833316
   vertex 151.95568370998706 148.08795442700000 -2.19524316833316
  endloop
 endfacet
 facet normal 0.01762319376120 0.15641017068362 0.98753495206417
  outer loop
   vertex 151.92130233488871 147.93731978042268 -2.17077142648074
   vertex 151.95568370998706 148.08795442700000 -2.19524316833316
   vertex 151.36499999999791 148.15450849715558 -2.19524316833316
  endloop
 endfacet
 facet normal 0.01762319376122 0.15641017068368 0.98753495206416
  outer loop
   vertex 151.36499999999791 148.15450849715558 -2.19524316833316
   vertex 151.36499999999791 147.99999999996817 -2.17077142648073
   vertex 151.92130233488871 147.93731978042268 -2.17077142648074
  endloop
 endfacet
 facet normal 0.05198588076037 0.14856711161355 0.98753495206417
  outer loop
   vertex 151.95568370998706 148.08795442700000 -2.19524316833316
   vertex 151.92130233488871 147.93731978042268 -2.17077142648074
   vertex 152.44970934779184 147.75242216972416 -2.17077142648074
  endloop
 endfacet
 facet normal 0.08374177862409 0.13327427720496 0.98753495206416
  outer loop
   vertex 152.51674807227695 147.89162951551643 -2.19524316833316
   vertex 152.44970934779184 147.75242216972416 -2.17077142648074
   vertex 152.92372450464478 147.45457870613816 -2.17077142648074
  endloop
 endfacet
 facet normal 0.11129851403236 0.11129851403236 0.98753495206417
  outer loop
   vertex 153.02005897694167 147.57537831354816 -2.19524316833316
   vertex 152.92372450464478 147.45457870613816 -2.17077142648074
   vertex 153.31957870616802 147.05872450461493 -2.17077142648074
  endloop
 endfacet
 facet normal 0.13327427720493 0.08374177862407 0.98753495206417
  outer loop
   vertex 153.44037831357801 147.15505897691185 -2.19524316833316
   vertex 153.31957870616802 147.05872450461493 -2.17077142648074
   vertex 153.61742216975398 146.58470934776199 -2.17077142648074
  endloop
 endfacet
 facet normal 0.14856711161353 0.05198588076037 0.98753495206417
  outer loop
   vertex 153.75662951554628 146.65174807224713 -2.19524316833316
   vertex 153.61742216975398 146.58470934776199 -2.17077142648074
   vertex 153.80231978045251 146.05630233485888 -2.17077142648074
  endloop
 endfacet
 facet normal 0.15641017068363 0.01762319376119 0.98753495206417
  outer loop
   vertex 153.95295442702982 146.09068370995720 -2.19524316833316
   vertex 153.80231978045251 146.05630233485888 -2.17077142648074
   vertex 153.86499999999791 145.49999999996808 -2.17077142648073
  endloop
 endfacet
 facet normal 0.05108565329546 0.45339771324649 0.88984311518954
  outer loop
   vertex 151.36499999999791 148.29389262611434 -2.26626292929327
   vertex 151.36499999999791 148.15450849715558 -2.19524316833316
   vertex 151.95568370998706 148.08795442700000 -2.19524316833316
  endloop
 endfacet
 facet normal 0.15069531191508 0.43066245868032 0.88984311518955
  outer loop
   vertex 151.98669959654165 148.22384390483705 -2.26626292929327
   vertex 151.95568370998706 148.08795442700000 -2.19524316833316
   vertex 152.51674807227695 147.89162951551643 -2.19524316833316
  endloop
 endfacet
 facet normal 0.24274847834637 0.38633199014609 0.88984311518957
  outer loop
   vertex 152.57722457932323 148.01721027638800 -2.26626292929327
   vertex 152.51674807227695 147.89162951551643 -2.19524316833316
   vertex 153.02005897694167 147.57537831354816 -2.19524316833316
  endloop
 endfacet
 facet normal 0.32262922244406 0.32262922244408 0.88984311518956
  outer loop
   vertex 153.10696355988844 147.68435321372451 -2.26626292929327
   vertex 153.02005897694167 147.57537831354816 -2.19524316833316
   vertex 153.44037831357801 147.15505897691185 -2.19524316833316
  endloop
 endfacet
 facet normal 0.38633199014615 0.24274847834641 0.88984311518954
  outer loop
   vertex 153.54935321375436 147.24196355985859 -2.26626292929327
   vertex 153.44037831357801 147.15505897691185 -2.19524316833316
   vertex 153.75662951554628 146.65174807224713 -2.19524316833316
  endloop
 endfacet
 facet normal 0.43066245868036 0.15069531191507 0.88984311518953
  outer loop
   vertex 153.88221027641782 146.71222457929338 -2.26626292929327
   vertex 153.75662951554628 146.65174807224713 -2.19524316833316
   vertex 153.95295442702982 146.09068370995720 -2.19524316833316
  endloop
 endfacet
 facet normal 0.45339771324648 0.05108565329549 0.88984311518955
  outer loop
   vertex 154.08884390486688 146.12169959651180 -2.26626292929327
   vertex 153.95295442702982 146.09068370995720 -2.19524316833316
   vertex 154.01950849718543 145.49999999996808 -2.19524316833316
  endloop
 endfacet
 facet normal 0.07942013514043 0.70487319502671 0.70487319502668
  outer loop
   vertex 151.36499999999791 148.40450849715558 -2.37687880033450
   vertex 151.36499999999791 148.29389262611434 -2.26626292929327
   vertex 151.98669959654165 148.22384390483705 -2.26626292929327
  endloop
 endfacet
 facet normal 0.23427794821581 0.66952790973398 0.70487319502663
  outer loop
   vertex 152.01131394347613 148.33168640504545 -2.37687880033450
   vertex 151.98669959654165 148.22384390483705 -2.26626292929327
   vertex 152.57722457932323 148.01721027638800 -2.26626292929327
  endloop
 endfacet
 facet normal 0.37738808670805 0.60060969934200 0.70487319502670
  outer loop
   vertex 152.62521900705636 148.11687173249206 -2.37687880033450
   vertex 152.57722457932323 148.01721027638800 -2.26626292929327
   vertex 153.10696355988844 147.68435321372451 -2.26626292929327
  endloop
 endfacet
 facet normal 0.50157441069739 0.50157441069739 0.70487319502669
  outer loop
   vertex 153.17593142740637 147.77083618416518 -2.37687880033450
   vertex 153.10696355988844 147.68435321372451 -2.26626292929327
   vertex 153.54935321375436 147.24196355985859 -2.26626292929327
  endloop
 endfacet
 facet normal 0.60060969934208 0.37738808670807 0.70487319502662
  outer loop
   vertex 153.63583618419500 147.31093142737652 -2.37687880033450
   vertex 153.54935321375436 147.24196355985859 -2.26626292929327
   vertex 153.88221027641782 146.71222457929338 -2.26626292929327
  endloop
 endfacet
 facet normal 0.66952790973389 0.23427794821578 0.70487319502672
  outer loop
   vertex 153.98187173252188 146.76021900702654 -2.37687880033450
   vertex 153.88221027641782 146.71222457929338 -2.26626292929327
   vertex 154.08884390486688 146.12169959651180 -2.26626292929327
  endloop
 endfacet
 facet normal 0.70487319502664 0.07942013514046 0.70487319502674
  outer loop
   vertex 154.19668640507530 146.14631394344630 -2.37687880033450
   vertex 154.08884390486688 146.12169959651180 -2.26626292929327
   vertex 154.15889262614419 145.49999999996808 -2.26626292929327
  endloop
 endfacet
 facet normal 0.09989020886690 0.88655012423965 0.45171985055252
  outer loop
   vertex 151.36499999999791 148.47552825811567 -2.51626292929327
   vertex 151.36499999999791 148.40450849715558 -2.37687880033450
   vertex 152.01131394347613 148.33168640504545 -2.37687880033450
  endloop
 endfacet
 facet normal 0.29466171442285 0.84209479909928 0.45171985055267
  outer loop
   vertex 152.02711732701434 148.40092555232195 -2.51626292929327
   vertex 152.01131394347613 148.33168640504545 -2.37687880033450
   vertex 152.62521900705636 148.11687173249206 -2.37687880033450
  endloop
 endfacet
 facet normal 0.47465765121755 0.75541332445052 0.45171985055258
  outer loop
   vertex 152.65603332649295 148.18085832612300 -2.51626292929327
   vertex 152.62521900705636 148.11687173249206 -2.37687880033450
   vertex 153.17593142740637 147.77083618416518 -2.37687880033450
  endloop
 endfacet
 facet normal 0.63085227138245 0.63085227138241 0.45171985055260
  outer loop
   vertex 153.22021152409545 147.82636166916114 -2.51626292929327
   vertex 153.17593142740637 147.77083618416518 -2.37687880033450
   vertex 153.63583618419500 147.31093142737652 -2.37687880033450
  endloop
 endfacet
 facet normal 0.75541332445050 0.47465765121756 0.45171985055260
  outer loop
   vertex 153.69136166919097 147.35521152406560 -2.51626292929327
   vertex 153.63583618419500 147.31093142737652 -2.37687880033450
   vertex 153.98187173252188 146.76021900702654 -2.37687880033450
  endloop
 endfacet
 facet normal 0.84209479909930 0.29466171442290 0.45171985055261
  outer loop
   vertex 154.04585832615282 146.79103332646312 -2.51626292929327
   vertex 153.98187173252188 146.76021900702654 -2.37687880033450
   vertex 154.19668640507530 146.14631394344630 -2.37687880033450
  endloop
 endfacet
 facet normal 0.88655012423966 0.09989020886690 0.45171985055250
  outer loop
   vertex 154.26592555235177 146.16211732698449 -2.51626292929327
   vertex 154.19668640507530 146.14631394344630 -2.37687880033450
   vertex 154.26950849718543 145.49999999996808 -2.37687880033450
  endloop
 endfacet
 facet normal 0.11060297423493 0.98162854659708 0.15547468795946
  outer loop
   vertex 151.36499999999791 148.49999999996811 -2.67077142648074
   vertex 151.36499999999791 148.47552825811567 -2.51626292929327
   vertex 152.02711732701434 148.40092555232195 -2.51626292929327
  endloop
 endfacet
 facet normal 0.32626282773894 0.93240559234690 0.15547468795924
  outer loop
   vertex 152.28607026504915 148.33607763857759 -2.67077142648074
   vertex 152.03256280186685 148.42478373651358 -2.67077142648074
   vertex 152.02711732701434 148.40092555232195 -2.51626292929327
  endloop
 endfacet
 facet normal 0.52556250070523 0.83642792830967 0.15547468795935
  outer loop
   vertex 153.12193519619157 147.91683271930108 -2.67077142648074
   vertex 152.66665121735062 148.20290660367536 -2.67077142648074
   vertex 152.65603332649295 148.18085832612300 -2.51626292929327
  endloop
 endfacet
 facet normal 0.69850827532824 0.69850827532820 0.15547468795913
  outer loop
   vertex 153.23546940557412 147.84549444737218 -2.67077142648074
   vertex 153.22021152409545 147.82636166916114 -2.51626292929327
   vertex 153.69136166919097 147.35521152406560 -2.51626292929327
  endloop
 endfacet
 facet normal 0.83642792830971 0.52556250070516 0.15547468795939
  outer loop
   vertex 153.78183271933094 147.25693519616172 -2.67077142648074
   vertex 153.71049444740203 147.37046940554430 -2.67077142648074
   vertex 153.69136166919097 147.35521152406560 -2.51626292929327
  endloop
 endfacet
 facet normal 0.93240559234686 0.32626282773895 0.15547468795941
  outer loop
   vertex 154.20107763860744 146.42107026501930 -2.67077142648074
   vertex 154.06790660370521 146.80165121732077 -2.67077142648074
   vertex 154.04585832615282 146.79103332646312 -2.51626292929327
  endloop
 endfacet
 facet normal 0.98162854659707 0.11060297423498 0.15547468795948
  outer loop
   vertex 154.28978373654343 146.16756280183702 -2.67077142648074
   vertex 154.26592555235177 146.16211732698449 -2.51626292929327
   vertex 154.34052825814553 145.49999999996808 -2.51626292929327
  endloop
 endfacet
 facet normal 1.00000000000000 -0.00000000000000 -0.00000000000000
  outer loop
   vertex 154.36499999999785 -7.53621407955039 -5.89019925136189
   vertex 154.36499999999791 145.49999999996808 -5.89019925136189
   vertex 154.36499999999791 145.49999999996808 -2.67077142648074
  endloop
 endfacet
 facet normal 1.00000000000000 -0.00000000000000 -0.00000000000000
  outer loop
   vertex 154.36499999999791 145.49999999996808 -2.67077142648074
   vertex 154.36499999999785 -7.53621407955039 -2.67077142648074
   vertex 154.36499999999785 -7.53621407955039 -5.89019925136189
  endloop
 endfacet
 facet normal -0.98192230501468 -0.10789688913979 0.15552121472202
  outer loop
   vertex -10.47052825814756 27.57426778330589 -2.51626292929326
   vertex -10.49500000000000 27.57426778330589 -2.67077142648074
   vertex -10.42341823048864 26.92283346785902 -2.67077142648074
  endloop
 endfacet
 facet normal -0.93506381427095 -0.31854170058640 0.15552121472192
  outer loop
   vertex -10.18992492248285 26.31286060193442 -2.51626292929326
   vertex -10.39953039883115 26.92814737865950 -2.51626292929326
   vertex -10.31775355946373 26.61265991714229 -2.67077142648074
  endloop
 endfacet
 facet normal -0.93506381427095 -0.31854170058640 0.15552121472193
  outer loop
   vertex -10.39953039883115 26.92814737865950 -2.51626292929326
   vertex -10.42341823048864 26.92283346785902 -2.67077142648074
   vertex -10.31775355946373 26.61265991714229 -2.67077142648074
  endloop
 endfacet
 facet normal -0.84358297523951 -0.51398532630560 0.15552121472193
  outer loop
   vertex -10.18992492248285 26.31286060193442 -2.51626292929326
   vertex -10.21208888843883 26.30248636642555 -2.67077142648074
   vertex -9.87109685935297 25.74283017449338 -2.67077142648074
  endloop
 endfacet
 facet normal -0.71184536147653 -0.68490096591826 0.15552121472192
  outer loop
   vertex -9.85171444970016 25.75776966395394 -2.51626292929326
   vertex -9.87109685935297 25.74283017449338 -2.67077142648074
   vertex -9.41671468511854 25.27057234575350 -2.67077142648074
  endloop
 endfacet
 facet normal -0.54613764731827 -0.82313232347726 0.15552121472195
  outer loop
   vertex -8.85940469750455 24.92999695064479 -2.51626292929326
   vertex -9.40103878322246 25.28936415910496 -2.51626292929326
   vertex -9.14367035211576 25.08941096332864 -2.67077142648074
  endloop
 endfacet
 facet normal -0.54613764731828 -0.82313232347726 0.15552121472194
  outer loop
   vertex -9.40103878322246 25.28936415910496 -2.51626292929326
   vertex -9.41671468511854 25.27057234575350 -2.67077142648074
   vertex -9.14367035211576 25.08941096332864 -2.67077142648074
  endloop
 endfacet
 facet normal -0.35436760036547 -0.92208283553195 0.15552121472188
  outer loop
   vertex -8.85940469750455 24.92999695064479 -2.51626292929326
   vertex -8.87062601911295 24.90824958090378 -2.67077142648074
   vertex -8.25889085668474 24.67315234970566 -2.67077142648074
  endloop
 endfacet
 facet normal -0.88676650703606 -0.09744085353179 0.45183010309414
  outer loop
   vertex -10.39950849718746 27.57426778330589 -2.37687880033450
   vertex -10.47052825814756 27.57426778330589 -2.51626292929326
   vertex -10.39953039883115 26.92814737865950 -2.51626292929326
  endloop
 endfacet
 facet normal -0.84444896322470 -0.28767256811637 0.45183010309415
  outer loop
   vertex -10.33020521125765 26.94356894844757 -2.37687880033450
   vertex -10.39953039883115 26.92814737865950 -2.51626292929326
   vertex -10.18992492248285 26.31286060193442 -2.51626292929326
  endloop
 endfacet
 facet normal -0.76183331871357 -0.46417620839052 0.45183010309415
  outer loop
   vertex -10.12560258802808 26.34296780600787 -2.37687880033450
   vertex -10.18992492248285 26.31286060193442 -2.51626292929326
   vertex -9.85171444970016 25.75776966395394 -2.51626292929326
  endloop
 endfacet
 facet normal -0.64286208951829 -0.61852881242357 0.45183010309416
  outer loop
   vertex -9.79546450604372 25.80112575101767 -2.37687880033450
   vertex -9.85171444970016 25.75776966395394 -2.51626292929326
   vertex -9.40103878322246 25.28936415910496 -2.51626292929326
  endloop
 endfacet
 facet normal -0.49321272304336 -0.74336449186525 0.45183010309416
  outer loop
   vertex -9.35554554403225 25.34390012553825 -2.37687880033450
   vertex -9.40103878322246 25.28936415910496 -2.51626292929326
   vertex -8.85940469750455 24.92999695064479 -2.51626292929326
  endloop
 endfacet
 facet normal -0.32002666359445 -0.83272594082719 0.45183010309417
  outer loop
   vertex -8.82683915382192 24.99311027579475 -2.37687880033450
   vertex -8.85940469750455 24.92999695064479 -2.51626292929326
   vertex -8.25265961006865 24.69681746569737 -2.51626292929326
  endloop
 endfacet
 facet normal -0.70498193452918 -0.07746576001683 0.70498193452918
  outer loop
   vertex -10.28889262614623 27.57426778330589 -2.26626292929326
   vertex -10.39950849718746 27.57426778330589 -2.37687880033450
   vertex -10.33020521125765 26.94356894844757 -2.37687880033450
  endloop
 endfacet
 facet normal -0.67133936496442 -0.22870052259812 0.70498193452919
  outer loop
   vertex -10.22222870014480 26.96758860652401 -2.26626292929326
   vertex -10.33020521125765 26.94356894844757 -2.37687880033450
   vertex -10.12560258802808 26.34296780600787 -2.37687880033450
  endloop
 endfacet
 facet normal -0.60565968894182 -0.36902142644892 0.70498193452918
  outer loop
   vertex -10.02541820333104 26.38986087574196 -2.26626292929326
   vertex -10.12560258802808 26.34296780600787 -2.37687880033450
   vertex -9.79546450604372 25.80112575101767 -2.37687880033450
  endloop
 endfacet
 facet normal -0.51107721808176 -0.49173219250450 0.70498193452920
  outer loop
   vertex -9.70785316478516 25.86865443980317 -2.26626292929326
   vertex -9.79546450604372 25.80112575101767 -2.37687880033450
   vertex -9.35554554403225 25.34390012553825 -2.37687880033450
  endloop
 endfacet
 facet normal -0.39210553947025 -0.59097691824999 0.70498193452917
  outer loop
   vertex -9.28468816276988 25.42884188468444 -2.26626292929326
   vertex -9.35554554403225 25.34390012553825 -2.37687880033450
   vertex -8.82683915382192 24.99311027579475 -2.37687880033450
  endloop
 endfacet
 facet normal -0.25442212195838 -0.66201952829632 0.70498193452918
  outer loop
   vertex -8.77611713037819 25.09141158435158 -2.26626292929326
   vertex -8.82683915382192 24.99311027579475 -2.37687880033450
   vertex -8.23457582805487 24.76549630723469 -2.37687880033450
  endloop
 endfacet
 facet normal -0.45342664890808 -0.04982402845969 0.88989990462300
  outer loop
   vertex -10.14950849718746 27.57426778330589 -2.19524316833316
   vertex -10.28889262614623 27.57426778330589 -2.26626292929326
   vertex -10.22222870014480 26.96758860652401 -2.26626292929326
  endloop
 endfacet
 facet normal -0.43178859432647 -0.14709442396485 0.88989990462300
  outer loop
   vertex -10.08617035871693 26.99785514140148 -2.19524316833316
   vertex -10.22222870014480 26.96758860652401 -2.26626292929326
   vertex -10.02541820333104 26.38986087574196 -2.26626292929326
  endloop
 endfacet
 facet normal -0.38954507865369 -0.23734530003491 0.88989990462300
  outer loop
   vertex -9.89917851399152 26.44894959074789 -2.19524316833316
   vertex -10.02541820333104 26.38986087574196 -2.26626292929326
   vertex -9.70785316478516 25.86865443980317 -2.26626292929326
  endloop
 endfacet
 facet normal -0.32871201229129 -0.31626977839716 0.88989990462300
  outer loop
   vertex -9.59745643443098 25.95374555175205 -2.19524316833316
   vertex -9.70785316478516 25.86865443980317 -2.26626292929326
   vertex -9.28468816276988 25.42884188468444 -2.26626292929326
  endloop
 endfacet
 facet normal -0.25219242092923 -0.38010148983899 0.88989990462300
  outer loop
   vertex -9.19540265360571 25.53587474533428 -2.19524316833316
   vertex -9.28468816276988 25.42884188468444 -2.26626292929326
   vertex -8.77611713037819 25.09141158435158 -2.26626292929326
  endloop
 endfacet
 facet normal -0.16363790973554 -0.42579430978977 0.88989990462301
  outer loop
   vertex -8.71220365222917 25.21527845932826 -2.19524316833316
   vertex -8.77611713037819 25.09141158435158 -2.26626292929326
   vertex -8.20640967722399 24.87246611079431 -2.26626292929326
  endloop
 endfacet
 facet normal -0.15641135851223 -0.01718700035981 0.98754245171891
  outer loop
   vertex -9.99499999999999 27.57426778330589 -2.17077142648073
   vertex -10.14950849718746 27.57426778330589 -2.19524316833316
   vertex -10.08617035871693 26.99785514140148 -2.19524316833316
  endloop
 endfacet
 facet normal -0.14894722396957 -0.05074081714720 0.98754245171891
  outer loop
   vertex -9.93534852540720 27.03140585376683 -2.17077142648074
   vertex -10.08617035871693 26.99785514140148 -2.19524316833316
   vertex -9.89917851399152 26.44894959074789 -2.19524316833316
  endloop
 endfacet
 facet normal -0.13437515218989 -0.08187322228270 0.98754245171891
  outer loop
   vertex -9.75924074036569 26.51444993590561 -2.17077142648074
   vertex -9.89917851399152 26.44894959074789 -2.19524316833316
   vertex -9.59745643443098 25.95374555175205 -2.19524316833316
  endloop
 endfacet
 facet normal -0.11339053962880 -0.10909854066713 0.98754245171891
  outer loop
   vertex -9.47508071612747 26.04806977596213 -2.17077142648074
   vertex -9.59745643443098 25.95374555175205 -2.19524316833316
   vertex -9.19540265360571 25.53587474533428 -2.19524316833316
  endloop
 endfacet
 facet normal -0.08699479675272 -0.13111754799019 0.98754245171891
  outer loop
   vertex -9.09642890426545 25.65452158534556 -2.17077142648074
   vertex -9.19540265360571 25.53587474533428 -2.19524316833316
   vertex -8.71220365222917 25.21527845932826 -2.19524316833316
  endloop
 endfacet
 facet normal -0.05644755955009 -0.14687947124717 0.98754245171891
  outer loop
   vertex -8.64135501592746 25.35258594797079 -2.17077142648074
   vertex -8.71220365222917 25.21527845932826 -2.19524316833316
   vertex -8.17091825666447 25.00725592670138 -2.19524316833316
  endloop
 endfacet
 facet normal -0.05644755955009 -0.14687947124716 0.98754245171891
  outer loop
   vertex -8.17091825666447 25.00725592670138 -2.19524316833316
   vertex -8.13157571390393 25.15667158863904 -2.17077142648073
   vertex -8.64135501592746 25.35258594797079 -2.17077142648074
  endloop
 endfacet
 facet normal -0.08699479675273 -0.13111754799019 0.98754245171891
  outer loop
   vertex -8.71220365222917 25.21527845932826 -2.19524316833316
   vertex -8.64135501592746 25.35258594797079 -2.17077142648074
   vertex -9.09642890426545 25.65452158534556 -2.17077142648074
  endloop
 endfacet
 facet normal -0.11339053962880 -0.10909854066713 0.98754245171891
  outer loop
   vertex -9.19540265360571 25.53587474533428 -2.19524316833316
   vertex -9.09642890426545 25.65452158534556 -2.17077142648074
   vertex -9.47508071612747 26.04806977596213 -2.17077142648074
  endloop
 endfacet
 facet normal -0.13437515218988 -0.08187322228270 0.98754245171891
  outer loop
   vertex -9.59745643443098 25.95374555175205 -2.19524316833316
   vertex -9.47508071612747 26.04806977596213 -2.17077142648074
   vertex -9.75924074036569 26.51444993590561 -2.17077142648074
  endloop
 endfacet
 facet normal -0.14894722396957 -0.05074081714720 0.98754245171891
  outer loop
   vertex -9.89917851399152 26.44894959074789 -2.19524316833316
   vertex -9.75924074036569 26.51444993590561 -2.17077142648074
   vertex -9.93534852540720 27.03140585376683 -2.17077142648074
  endloop
 endfacet
 facet normal -0.15641135851222 -0.01718700035981 0.98754245171891
  outer loop
   vertex -10.08617035871693 26.99785514140148 -2.19524316833316
   vertex -9.93534852540720 27.03140585376683 -2.17077142648074
   vertex -9.99499999999999 27.57426778330589 -2.17077142648073
  endloop
 endfacet
 facet normal -0.16363790973555 -0.42579430978978 0.88989990462300
  outer loop
   vertex -8.20640967722399 24.87246611079431 -2.26626292929326
   vertex -8.17091825666447 25.00725592670138 -2.19524316833316
   vertex -8.71220365222917 25.21527845932826 -2.19524316833316
  endloop
 endfacet
 facet normal -0.25219242092923 -0.38010148983899 0.88989990462301
  outer loop
   vertex -8.77611713037819 25.09141158435158 -2.26626292929326
   vertex -8.71220365222917 25.21527845932826 -2.19524316833316
   vertex -9.19540265360571 25.53587474533428 -2.19524316833316
  endloop
 endfacet
 facet normal -0.32871201229128 -0.31626977839716 0.88989990462300
  outer loop
   vertex -9.28468816276988 25.42884188468444 -2.26626292929326
   vertex -9.19540265360571 25.53587474533428 -2.19524316833316
   vertex -9.59745643443098 25.95374555175205 -2.19524316833316
  endloop
 endfacet
 facet normal -0.38954507865370 -0.23734530003491 0.88989990462300
  outer loop
   vertex -9.70785316478516 25.86865443980317 -2.26626292929326
   vertex -9.59745643443098 25.95374555175205 -2.19524316833316
   vertex -9.89917851399152 26.44894959074789 -2.19524316833316
  endloop
 endfacet
 facet normal -0.43178859432646 -0.14709442396485 0.88989990462300
  outer loop
   vertex -10.02541820333104 26.38986087574196 -2.26626292929326
   vertex -9.89917851399152 26.44894959074789 -2.19524316833316
   vertex -10.08617035871693 26.99785514140148 -2.19524316833316
  endloop
 endfacet
 facet normal -0.45342664890809 -0.04982402845969 0.88989990462300
  outer loop
   vertex -10.22222870014480 26.96758860652401 -2.26626292929326
   vertex -10.08617035871693 26.99785514140148 -2.19524316833316
   vertex -10.14950849718746 27.57426778330589 -2.19524316833316
  endloop
 endfacet
 facet normal -0.25442212195838 -0.66201952829632 0.70498193452918
  outer loop
   vertex -8.23457582805487 24.76549630723469 -2.37687880033450
   vertex -8.20640967722399 24.87246611079431 -2.26626292929326
   vertex -8.77611713037819 25.09141158435158 -2.26626292929326
  endloop
 endfacet
 facet normal -0.39210553947024 -0.59097691824998 0.70498193452918
  outer loop
   vertex -8.82683915382192 24.99311027579475 -2.37687880033450
   vertex -8.77611713037819 25.09141158435158 -2.26626292929326
   vertex -9.28468816276988 25.42884188468444 -2.26626292929326
  endloop
 endfacet
 facet normal -0.51107721808178 -0.49173219250451 0.70498193452917
  outer loop
   vertex -9.35554554403225 25.34390012553825 -2.37687880033450
   vertex -9.28468816276988 25.42884188468444 -2.26626292929326
   vertex -9.70785316478516 25.86865443980317 -2.26626292929326
  endloop
 endfacet
 facet normal -0.60565968894180 -0.36902142644892 0.70498193452919
  outer loop
   vertex -9.79546450604372 25.80112575101767 -2.37687880033450
   vertex -9.70785316478516 25.86865443980317 -2.26626292929326
   vertex -10.02541820333104 26.38986087574196 -2.26626292929326
  endloop
 endfacet
 facet normal -0.67133936496442 -0.22870052259812 0.70498193452918
  outer loop
   vertex -10.12560258802808 26.34296780600787 -2.37687880033450
   vertex -10.02541820333104 26.38986087574196 -2.26626292929326
   vertex -10.22222870014480 26.96758860652401 -2.26626292929326
  endloop
 endfacet
 facet normal -0.70498193452918 -0.07746576001683 0.70498193452919
  outer loop
   vertex -10.33020521125765 26.94356894844757 -2.37687880033450
   vertex -10.22222870014480 26.96758860652401 -2.26626292929326
   vertex -10.28889262614623 27.57426778330589 -2.26626292929326
  endloop
 endfacet
 facet normal -0.32002666359445 -0.83272594082719 0.45183010309416
  outer loop
   vertex -8.25265961006865 24.69681746569737 -2.51626292929326
   vertex -8.23457582805487 24.76549630723469 -2.37687880033450
   vertex -8.82683915382192 24.99311027579475 -2.37687880033450
  endloop
 endfacet
 facet normal -0.49321272304336 -0.74336449186524 0.45183010309416
  outer loop
   vertex -8.85940469750455 24.92999695064479 -2.51626292929326
   vertex -8.82683915382192 24.99311027579475 -2.37687880033450
   vertex -9.35554554403225 25.34390012553825 -2.37687880033450
  endloop
 endfacet
 facet normal -0.64286208951829 -0.61852881242357 0.45183010309415
  outer loop
   vertex -9.40103878322246 25.28936415910496 -2.51626292929326
   vertex -9.35554554403225 25.34390012553825 -2.37687880033450
   vertex -9.79546450604372 25.80112575101767 -2.37687880033450
  endloop
 endfacet
 facet normal -0.76183331871356 -0.46417620839052 0.45183010309416
  outer loop
   vertex -9.85171444970016 25.75776966395394 -2.51626292929326
   vertex -9.79546450604372 25.80112575101767 -2.37687880033450
   vertex -10.12560258802808 26.34296780600787 -2.37687880033450
  endloop
 endfacet
 facet normal -0.84444896322469 -0.28767256811637 0.45183010309416
  outer loop
   vertex -10.18992492248285 26.31286060193442 -2.51626292929326
   vertex -10.12560258802808 26.34296780600787 -2.37687880033450
   vertex -10.33020521125765 26.94356894844757 -2.37687880033450
  endloop
 endfacet
 facet normal -0.88676650703605 -0.09744085353179 0.45183010309415
  outer loop
   vertex -10.39953039883115 26.92814737865950 -2.51626292929326
   vertex -10.33020521125765 26.94356894844757 -2.37687880033450
   vertex -10.39950849718746 27.57426778330589 -2.37687880033450
  endloop
 endfacet
 facet normal -0.35436760036546 -0.92208283553195 0.15552121472192
  outer loop
   vertex -8.25889085668474 24.67315234970566 -2.67077142648074
   vertex -8.25265961006865 24.69681746569737 -2.51626292929326
   vertex -8.85940469750455 24.92999695064479 -2.51626292929326
  endloop
 endfacet
 facet normal -0.54613764731825 -0.82313232347729 0.15552121472188
  outer loop
   vertex -9.14367035211576 25.08941096332864 -2.67077142648074
   vertex -8.87062601911295 24.90824958090378 -2.67077142648074
   vertex -8.85940469750455 24.92999695064479 -2.51626292929326
  endloop
 endfacet
 facet normal -0.71184536147653 -0.68490096591826 0.15552121472193
  outer loop
   vertex -9.41671468511854 25.27057234575350 -2.67077142648074
   vertex -9.40103878322246 25.28936415910496 -2.51626292929326
   vertex -9.85171444970016 25.75776966395394 -2.51626292929326
  endloop
 endfacet
 facet normal -0.84358297523951 -0.51398532630560 0.15552121472192
  outer loop
   vertex -9.87109685935297 25.74283017449338 -2.67077142648074
   vertex -9.85171444970016 25.75776966395394 -2.51626292929326
   vertex -10.18992492248285 26.31286060193442 -2.51626292929326
  endloop
 endfacet
 facet normal -0.93506381427095 -0.31854170058640 0.15552121472193
  outer loop
   vertex -10.31775355946373 26.61265991714229 -2.67077142648074
   vertex -10.21208888843883 26.30248636642555 -2.67077142648074
   vertex -10.18992492248285 26.31286060193442 -2.51626292929326
  endloop
 endfacet
 facet normal -0.98192230501470 -0.10789688913977 0.15552121472193
  outer loop
   vertex -10.42341823048864 26.92283346785902 -2.67077142648074
   vertex -10.39953039883115 26.92814737865950 -2.51626292929326
   vertex -10.47052825814756 27.57426778330589 -2.51626292929326
  endloop
 endfacet
 facet normal -0.25463028556158 -0.96703847786674 0.00000000000000
  outer loop
   vertex -8.25889085668474 24.67315234970566 -5.89019925136189
   vertex 125.08419071329099 -10.43732951315059 -5.89019925136189
   vertex 125.08419071329099 -10.43732951315059 -2.67077142648074
  endloop
 endfacet
 facet normal -0.25463028556158 -0.96703847786674 0.00000000000000
  outer loop
   vertex 125.08419071329099 -10.43732951315059 -2.67077142648074
   vertex -8.25889085668474 24.67315234970566 -2.67077142648074
   vertex -8.25889085668474 24.67315234970566 -5.89019925136189
  endloop
 endfacet
 facet normal 0.00000000000000 0.98768834059512 0.15643446504032
  outer loop
   vertex 151.36499999999791 148.49999999996811 -2.67077142648074
   vertex -7.49499999999998 148.49999999996817 -2.67077142648074
   vertex -7.49499999999998 148.47552825811573 -2.51626292929326
  endloop
 endfacet
 facet normal 0.00000000000000 0.89100652418838 0.45399049973953
  outer loop
   vertex 151.36499999999791 148.47552825811573 -2.51626292929326
   vertex -7.49499999999998 148.47552825811573 -2.51626292929326
   vertex -7.49499999999998 148.40450849715563 -2.37687880033450
  endloop
 endfacet
 facet normal 0.00000000000000 0.70710678118656 0.70710678118653
  outer loop
   vertex 151.36499999999791 148.40450849715563 -2.37687880033450
   vertex -7.49499999999998 148.40450849715563 -2.37687880033450
   vertex -7.49499999999998 148.29389262611440 -2.26626292929326
  endloop
 endfacet
 facet normal 0.00000000000000 0.45399049973955 0.89100652418837
  outer loop
   vertex 151.36499999999791 148.29389262611440 -2.26626292929326
   vertex -7.49499999999998 148.29389262611440 -2.26626292929326
   vertex -7.49499999999998 148.15450849715563 -2.19524316833316
  endloop
 endfacet
 facet normal 0.00000000000000 0.15643446504024 0.98768834059514
  outer loop
   vertex 151.36499999999791 148.15450849715563 -2.19524316833316
   vertex -7.49499999999998 148.15450849715563 -2.19524316833316
   vertex -7.49499999999998 147.99999999996817 -2.17077142648073
  endloop
 endfacet
 facet normal -0.00000000000000 0.15643446504024 0.98768834059514
  outer loop
   vertex -7.49499999999998 147.99999999996817 -2.17077142648073
   vertex 151.36499999999791 147.99999999996817 -2.17077142648073
   vertex 151.36499999999791 148.15450849715563 -2.19524316833316
  endloop
 endfacet
 facet normal -0.00000000000000 0.45399049973955 0.89100652418837
  outer loop
   vertex -7.49499999999998 148.15450849715563 -2.19524316833316
   vertex 151.36499999999791 148.15450849715563 -2.19524316833316
   vertex 151.36499999999791 148.29389262611440 -2.26626292929326
  endloop
 endfacet
 facet normal -0.00000000000000 0.70710678118656 0.70710678118653
  outer loop
   vertex -7.49499999999998 148.29389262611440 -2.26626292929326
   vertex 151.36499999999791 148.29389262611440 -2.26626292929326
   vertex 151.36499999999791 148.40450849715563 -2.37687880033450
  endloop
 endfacet
 facet normal -0.00000000000000 0.89100652418838 0.45399049973953
  outer loop
   vertex -7.49499999999998 148.40450849715563 -2.37687880033450
   vertex 151.36499999999791 148.40450849715563 -2.37687880033450
   vertex 151.36499999999791 148.47552825811573 -2.51626292929326
  endloop
 endfacet
 facet normal -0.00000000000000 0.98768834059518 0.15643446503997
  outer loop
   vertex -7.49499999999998 148.47552825811573 -2.51626292929326
   vertex 151.36499999999791 148.47552825811573 -2.51626292929326
   vertex 151.36499999999791 148.49999999996811 -2.67077142648074
  endloop
 endfacet
 facet normal 0.33027906195514 0.94388333030838 0.00000000000000
  outer loop
   vertex 152.28607026504915 148.33607763857759 -5.89019925136189
   vertex 152.03256280186685 148.42478373651358 -5.89019925136189
   vertex 152.03256280186685 148.42478373651358 -2.67077142648074
  endloop
 endfacet
 facet normal 0.11196447610332 0.99371220989324 0.00000000000000
  outer loop
   vertex 151.36499999999791 148.49999999996811 -2.67077142648074
   vertex 152.03256280186685 148.42478373651358 -2.67077142648074
   vertex 152.03256280186685 148.42478373651358 -5.89019925136189
  endloop
 endfacet
 facet normal 0.11196447610332 0.99371220989324 0.00000000000000
  outer loop
   vertex 152.03256280186685 148.42478373651358 -5.89019925136189
   vertex 151.36499999999791 148.49999999996811 -5.89019925136189
   vertex 151.36499999999791 148.49999999996811 -2.67077142648074
  endloop
 endfacet
 facet normal 0.53203207651536 0.84672419922827 0.00000000000000
  outer loop
   vertex 153.12193519619157 147.91683271930108 -5.89019925136189
   vertex 152.66665121735062 148.20290660367536 -5.89019925136189
   vertex 152.66665121735062 148.20290660367536 -2.67077142648074
  endloop
 endfacet
 facet normal 0.33027906195516 0.94388333030837 -0.00000000000000
  outer loop
   vertex 152.28607026504915 148.33607763857759 -2.67077142648074
   vertex 152.66665121735062 148.20290660367536 -2.67077142648074
   vertex 152.66665121735062 148.20290660367536 -5.89019925136189
  endloop
 endfacet
 facet normal 0.33027906195516 0.94388333030837 -0.00000000000000
  outer loop
   vertex 152.66665121735062 148.20290660367536 -5.89019925136189
   vertex 152.28607026504915 148.33607763857759 -5.89019925136189
   vertex 152.28607026504915 148.33607763857759 -2.67077142648074
  endloop
 endfacet
 facet normal 0.84672419922831 0.53203207651530 -0.00000000000000
  outer loop
   vertex 153.78183271933094 147.25693519616172 -5.89019925136189
   vertex 153.71049444740203 147.37046940554430 -5.89019925136189
   vertex 153.71049444740203 147.37046940554430 -2.67077142648074
  endloop
 endfacet
 facet normal 0.70710678118653 0.70710678118657 -0.00000000000000
  outer loop
   vertex 153.23546940557412 147.84549444737218 -2.67077142648074
   vertex 153.71049444740203 147.37046940554430 -2.67077142648074
   vertex 153.71049444740203 147.37046940554430 -5.89019925136189
  endloop
 endfacet
 facet normal 0.70710678118653 0.70710678118657 -0.00000000000000
  outer loop
   vertex 153.71049444740203 147.37046940554430 -5.89019925136189
   vertex 153.23546940557412 147.84549444737218 -5.89019925136189
   vertex 153.23546940557412 147.84549444737218 -2.67077142648074
  endloop
 endfacet
 facet normal 0.53203207651540 0.84672419922825 0.00000000000000
  outer loop
   vertex 153.12193519619157 147.91683271930108 -2.67077142648074
   vertex 153.23546940557412 147.84549444737218 -2.67077142648074
   vertex 153.23546940557412 147.84549444737218 -5.89019925136189
  endloop
 endfacet
 facet normal 0.53203207651540 0.84672419922825 0.00000000000000
  outer loop
   vertex 153.23546940557412 147.84549444737218 -5.89019925136189
   vertex 153.12193519619157 147.91683271930108 -5.89019925136189
   vertex 153.12193519619157 147.91683271930108 -2.67077142648074
  endloop
 endfacet
 facet normal 0.94388333030835 0.33027906195522 0.00000000000000
  outer loop
   vertex 154.20107763860744 146.42107026501930 -5.89019925136189
   vertex 154.06790660370518 146.80165121732077 -5.89019925136189
   vertex 154.06790660370518 146.80165121732077 -2.67077142648074
  endloop
 endfacet
 facet normal 0.84672419922829 0.53203207651532 0.00000000000000
  outer loop
   vertex 153.78183271933094 147.25693519616172 -2.67077142648074
   vertex 154.06790660370518 146.80165121732077 -2.67077142648074
   vertex 154.06790660370518 146.80165121732077 -5.89019925136189
  endloop
 endfacet
 facet normal 0.84672419922829 0.53203207651532 0.00000000000000
  outer loop
   vertex 154.06790660370518 146.80165121732077 -5.89019925136189
   vertex 153.78183271933094 147.25693519616172 -5.89019925136189
   vertex 153.78183271933094 147.25693519616172 -2.67077142648074
  endloop
 endfacet
 facet normal 0.99371220989325 0.11196447610323 -0.00000000000000
  outer loop
   vertex 154.36499999999791 145.49999999996808 -5.89019925136189
   vertex 154.28978373654343 146.16756280183702 -5.89019925136189
   vertex 154.28978373654343 146.16756280183702 -2.67077142648074
  endloop
 endfacet
 facet normal 0.94388333030837 0.33027906195517 -0.00000000000000
  outer loop
   vertex 154.20107763860744 146.42107026501930 -2.67077142648074
   vertex 154.28978373654343 146.16756280183702 -2.67077142648074
   vertex 154.28978373654343 146.16756280183702 -5.89019925136189
  endloop
 endfacet
 facet normal 0.94388333030837 0.33027906195517 -0.00000000000000
  outer loop
   vertex 154.28978373654343 146.16756280183702 -5.89019925136189
   vertex 154.20107763860744 146.42107026501930 -5.89019925136189
   vertex 154.20107763860744 146.42107026501930 -2.67077142648074
  endloop
 endfacet
 facet normal 0.99371220989325 0.11196447610323 -0.00000000000000
  outer loop
   vertex 154.28978373654343 146.16756280183702 -2.67077142648074
   vertex 154.36499999999791 145.49999999996808 -2.67077142648074
   vertex 154.36499999999791 145.49999999996808 -5.89019925136189
  endloop
 endfacet
 facet normal 0.94388333030835 0.33027906195522 0.00000000000000
  outer loop
   vertex 154.06790660370518 146.80165121732077 -2.67077142648074
   vertex 154.20107763860744 146.42107026501930 -2.67077142648074
   vertex 154.20107763860744 146.42107026501930 -5.89019925136189
  endloop
 endfacet
 facet normal 0.84672419922831 0.53203207651530 -0.00000000000000
  outer loop
   vertex 153.71049444740203 147.37046940554430 -2.67077142648074
   vertex 153.78183271933094 147.25693519616172 -2.67077142648074
   vertex 153.78183271933094 147.25693519616172 -5.89019925136189
  endloop
 endfacet
 facet normal 0.53203207651536 0.84672419922827 0.00000000000000
  outer loop
   vertex 152.66665121735062 148.20290660367536 -2.67077142648074
   vertex 153.12193519619157 147.91683271930108 -2.67077142648074
   vertex 153.12193519619157 147.91683271930108 -5.89019925136189
  endloop
 endfacet
 facet normal 0.33027906195514 0.94388333030838 0.00000000000000
  outer loop
   vertex 152.03256280186685 148.42478373651358 -2.67077142648074
   vertex 152.28607026504915 148.33607763857759 -2.67077142648074
   vertex 152.28607026504915 148.33607763857759 -5.89019925136189
  endloop
 endfacet
 facet normal -0.98768834059512 0.00000000000000 0.15643446504032
  outer loop
   vertex -10.49500000000000 145.49999999996817 -2.67077142648074
   vertex -10.49500000000000 27.57426778330589 -2.67077142648074
   vertex -10.47052825814756 27.57426778330589 -2.51626292929326
  endloop
 endfacet
 facet normal -0.89100652418837 -0.00000000000000 0.45399049973954
  outer loop
   vertex -10.47052825814757 145.49999999996817 -2.51626292929326
   vertex -10.47052825814756 27.57426778330589 -2.51626292929326
   vertex -10.39950849718746 27.57426778330589 -2.37687880033450
  endloop
 endfacet
 facet normal -0.70710678118655 -0.00000000000000 0.70710678118655
  outer loop
   vertex -10.39950849718747 145.49999999996817 -2.37687880033450
   vertex -10.39950849718746 27.57426778330589 -2.37687880033450
   vertex -10.28889262614623 27.57426778330589 -2.26626292929326
  endloop
 endfacet
 facet normal -0.45399049973954 -0.00000000000000 0.89100652418837
  outer loop
   vertex -10.28889262614623 145.49999999996817 -2.26626292929326
   vertex -10.28889262614623 27.57426778330589 -2.26626292929326
   vertex -10.14950849718746 27.57426778330589 -2.19524316833316
  endloop
 endfacet
 facet normal -0.15643446504024 -0.00000000000000 0.98768834059514
  outer loop
   vertex -10.14950849718747 145.49999999996817 -2.19524316833316
   vertex -10.14950849718746 27.57426778330589 -2.19524316833316
   vertex -9.99499999999999 27.57426778330589 -2.17077142648073
  endloop
 endfacet
 facet normal -0.15643446504023 0.00000000000000 0.98768834059514
  outer loop
   vertex -9.99499999999999 27.57426778330589 -2.17077142648073
   vertex -9.99499999999999 145.49999999996817 -2.17077142648073
   vertex -10.14950849718747 145.49999999996817 -2.19524316833316
  endloop
 endfacet
 facet normal -0.45399049973955 -0.00000000000000 0.89100652418837
  outer loop
   vertex -10.14950849718746 27.57426778330589 -2.19524316833316
   vertex -10.14950849718747 145.49999999996817 -2.19524316833316
   vertex -10.28889262614623 145.49999999996817 -2.26626292929326
  endloop
 endfacet
 facet normal -0.70710678118655 -0.00000000000000 0.70710678118655
  outer loop
   vertex -10.28889262614623 27.57426778330589 -2.26626292929326
   vertex -10.28889262614623 145.49999999996817 -2.26626292929326
   vertex -10.39950849718747 145.49999999996817 -2.37687880033450
  endloop
 endfacet
 facet normal -0.89100652418837 -0.00000000000000 0.45399049973954
  outer loop
   vertex -10.39950849718746 27.57426778330589 -2.37687880033450
   vertex -10.39950849718747 145.49999999996817 -2.37687880033450
   vertex -10.47052825814757 145.49999999996817 -2.51626292929326
  endloop
 endfacet
 facet normal -0.98768834059513 -0.00000000000000 0.15643446504030
  outer loop
   vertex -10.47052825814756 27.57426778330589 -2.51626292929326
   vertex -10.47052825814757 145.49999999996817 -2.51626292929326
   vertex -10.49500000000000 145.49999999996817 -2.67077142648074
  endloop
 endfacet
 facet normal -0.55286459829464 -0.83327110591482 -0.00000000000000
  outer loop
   vertex -9.14367035211576 25.08941096332864 -2.67077142648074
   vertex -9.14367035211576 25.08941096332864 -5.89019925136189
   vertex -8.87062601911297 24.90824958090378 -5.89019925136189
  endloop
 endfacet
 facet normal -0.35873245872487 -0.93344042287508 0.00000000000000
  outer loop
   vertex -8.25889085668474 24.67315234970566 -5.89019925136189
   vertex -8.25889085668474 24.67315234970566 -2.67077142648074
   vertex -8.87062601911295 24.90824958090378 -2.67077142648074
  endloop
 endfacet
 facet normal -0.35873245872486 -0.93344042287508 0.00000000000000
  outer loop
   vertex -8.87062601911295 24.90824958090378 -2.67077142648074
   vertex -8.87062601911297 24.90824958090378 -5.89019925136189
   vertex -8.25889085668474 24.67315234970566 -5.89019925136189
  endloop
 endfacet
 facet normal -0.72061338703372 -0.69333710879182 -0.00000000000000
  outer loop
   vertex -9.87109685935297 25.74283017449338 -2.67077142648074
   vertex -9.87109685935297 25.74283017449338 -5.89019925136189
   vertex -9.41671468511855 25.27057234575350 -5.89019925136189
  endloop
 endfacet
 facet normal -0.55286459829465 -0.83327110591481 0.00000000000000
  outer loop
   vertex -9.14367035211576 25.08941096332864 -5.89019925136189
   vertex -9.14367035211576 25.08941096332864 -2.67077142648074
   vertex -9.41671468511854 25.27057234575349 -2.67077142648074
  endloop
 endfacet
 facet normal -0.55286459829466 -0.83327110591480 -0.00000000000000
  outer loop
   vertex -9.41671468511854 25.27057234575349 -2.67077142648074
   vertex -9.41671468511855 25.27057234575350 -5.89019925136189
   vertex -9.14367035211576 25.08941096332864 -5.89019925136189
  endloop
 endfacet
 facet normal -0.94658129245485 -0.32246527995196 -0.00000000000000
  outer loop
   vertex -10.31775355946373 26.61265991714229 -2.67077142648074
   vertex -10.31775355946373 26.61265991714229 -5.89019925136189
   vertex -10.21208888843883 26.30248636642555 -5.89019925136189
  endloop
 endfacet
 facet normal -0.85397365485446 -0.52031624692538 -0.00000000000000
  outer loop
   vertex -10.21208888843883 26.30248636642555 -2.67077142648074
   vertex -10.21208888843883 26.30248636642555 -5.89019925136189
   vertex -9.87109685935297 25.74283017449338 -5.89019925136189
  endloop
 endfacet
 facet normal -0.85397365485446 -0.52031624692538 0.00000000000000
  outer loop
   vertex -9.87109685935297 25.74283017449338 -5.89019925136189
   vertex -9.87109685935297 25.74283017449338 -2.67077142648074
   vertex -10.21208888843883 26.30248636642555 -2.67077142648074
  endloop
 endfacet
 facet normal -0.99401695412173 -0.10922588941530 -0.00000000000000
  outer loop
   vertex -10.49500000000000 27.57426778330589 -2.67077142648074
   vertex -10.49500000000000 27.57426778330589 -5.89019925136189
   vertex -10.42341823048864 26.92283346785903 -5.89019925136189
  endloop
 endfacet
 facet normal -0.94658129245485 -0.32246527995197 0.00000000000000
  outer loop
   vertex -10.31775355946373 26.61265991714229 -5.89019925136189
   vertex -10.31775355946373 26.61265991714229 -2.67077142648074
   vertex -10.42341823048863 26.92283346785902 -2.67077142648074
  endloop
 endfacet
 facet normal -0.94658129245485 -0.32246527995197 0.00000000000000
  outer loop
   vertex -10.42341823048863 26.92283346785902 -2.67077142648074
   vertex -10.42341823048864 26.92283346785903 -5.89019925136189
   vertex -10.31775355946373 26.61265991714229 -5.89019925136189
  endloop
 endfacet
 facet normal -0.99401695412173 -0.10922588941530 0.00000000000000
  outer loop
   vertex -10.42341823048864 26.92283346785903 -5.89019925136189
   vertex -10.42341823048863 26.92283346785902 -2.67077142648074
   vertex -10.49500000000000 27.57426778330589 -2.67077142648074
  endloop
 endfacet
 facet normal -0.94658129245485 -0.32246527995196 0.00000000000000
  outer loop
   vertex -10.21208888843883 26.30248636642555 -5.89019925136189
   vertex -10.21208888843883 26.30248636642555 -2.67077142648074
   vertex -10.31775355946373 26.61265991714229 -2.67077142648074
  endloop
 endfacet
 facet normal -0.72061338703372 -0.69333710879182 -0.00000000000000
  outer loop
   vertex -9.41671468511855 25.27057234575350 -5.89019925136189
   vertex -9.41671468511854 25.27057234575349 -2.67077142648074
   vertex -9.87109685935297 25.74283017449338 -2.67077142648074
  endloop
 endfacet
 facet normal -0.55286459829464 -0.83327110591482 0.00000000000000
  outer loop
   vertex -8.87062601911297 24.90824958090378 -5.89019925136189
   vertex -8.87062601911295 24.90824958090378 -2.67077142648074
   vertex -9.14367035211576 25.08941096332864 -2.67077142648074
  endloop
 endfacet
 facet normal -0.11060297423498 0.98162854659708 0.15547468795946
  outer loop
   vertex -7.49499999999998 148.47552825811573 -2.51626292929326
   vertex -7.49499999999998 148.49999999996817 -2.67077142648074
   vertex -8.16256280186893 148.42478373651363 -2.67077142648074
  endloop
 endfacet
 facet normal -0.32626282773899 0.93240559234686 0.15547468795935
  outer loop
   vertex -8.78603332649501 148.18085832612303 -2.51626292929326
   vertex -8.15711732701639 148.40092555232201 -2.51626292929326
   vertex -8.41607026505120 148.33607763857765 -2.67077142648074
  endloop
 endfacet
 facet normal -0.32626282773896 0.93240559234688 0.15547468795930
  outer loop
   vertex -8.15711732701639 148.40092555232201 -2.51626292929326
   vertex -8.16256280186893 148.42478373651363 -2.67077142648074
   vertex -8.41607026505120 148.33607763857765 -2.67077142648074
  endloop
 endfacet
 facet normal -0.52556250070520 0.83642792830968 0.15547468795940
  outer loop
   vertex -8.78603332649501 148.18085832612303 -2.51626292929326
   vertex -8.79665121735266 148.20290660367542 -2.67077142648074
   vertex -9.25193519619363 147.91683271930114 -2.67077142648074
  endloop
 endfacet
 facet normal -0.52556250070519 0.83642792830971 0.15547468795930
  outer loop
   vertex -9.25193519619363 147.91683271930114 -2.67077142648074
   vertex -9.35021152409748 147.82636166916120 -2.51626292929326
   vertex -8.78603332649501 148.18085832612303 -2.51626292929326
  endloop
 endfacet
 facet normal -0.69850827532820 0.69850827532822 0.15547468795925
  outer loop
   vertex -9.35021152409748 147.82636166916120 -2.51626292929326
   vertex -9.36546940557619 147.84549444737223 -2.67077142648074
   vertex -9.84049444740407 147.37046940554436 -2.67077142648074
  endloop
 endfacet
 facet normal -0.83642792830969 0.52556250070520 0.15547468795934
  outer loop
   vertex -10.17585832615487 146.79103332646318 -2.51626292929326
   vertex -9.82136166919302 147.35521152406565 -2.51626292929326
   vertex -9.91183271933297 147.25693519616181 -2.67077142648074
  endloop
 endfacet
 facet normal -0.83642792830969 0.52556250070521 0.15547468795934
  outer loop
   vertex -9.82136166919302 147.35521152406565 -2.51626292929326
   vertex -9.84049444740407 147.37046940554436 -2.67077142648074
   vertex -9.91183271933297 147.25693519616181 -2.67077142648074
  endloop
 endfacet
 facet normal -0.93240559234687 0.32626282773896 0.15547468795934
  outer loop
   vertex -10.17585832615487 146.79103332646318 -2.51626292929326
   vertex -10.19790660370724 146.80165121732082 -2.67077142648074
   vertex -10.33107763860948 146.42107026501935 -2.67077142648074
  endloop
 endfacet
 facet normal -0.93240559234687 0.32626282773897 0.15547468795931
  outer loop
   vertex -10.33107763860948 146.42107026501935 -2.67077142648074
   vertex -10.39592555235382 146.16211732698457 -2.51626292929326
   vertex -10.17585832615487 146.79103332646318 -2.51626292929326
  endloop
 endfacet
 facet normal -0.98162854659709 0.11060297423499 0.15547468795935
  outer loop
   vertex -10.39592555235382 146.16211732698457 -2.51626292929326
   vertex -10.41978373654546 146.16756280183711 -2.67077142648074
   vertex -10.49500000000000 145.49999999996817 -2.67077142648074
  endloop
 endfacet
 facet normal -0.09989020886686 0.88655012423965 0.45171985055252
  outer loop
   vertex -7.49499999999998 148.40450849715563 -2.37687880033450
   vertex -7.49499999999998 148.47552825811573 -2.51626292929326
   vertex -8.15711732701639 148.40092555232201 -2.51626292929326
  endloop
 endfacet
 facet normal -0.29466171442290 0.84209479909928 0.45171985055264
  outer loop
   vertex -8.14131394347819 148.33168640504550 -2.37687880033450
   vertex -8.15711732701639 148.40092555232201 -2.51626292929326
   vertex -8.78603332649501 148.18085832612303 -2.51626292929326
  endloop
 endfacet
 facet normal -0.47465765121756 0.75541332445056 0.45171985055251
  outer loop
   vertex -8.75521900705841 148.11687173249211 -2.37687880033450
   vertex -8.78603332649501 148.18085832612303 -2.51626292929326
   vertex -9.35021152409748 147.82636166916120 -2.51626292929326
  endloop
 endfacet
 facet normal -0.63085227138245 0.63085227138244 0.45171985055256
  outer loop
   vertex -9.30593142740841 147.77083618416523 -2.37687880033450
   vertex -9.35021152409748 147.82636166916120 -2.51626292929326
   vertex -9.82136166919302 147.35521152406565 -2.51626292929326
  endloop
 endfacet
 facet normal -0.75541332445056 0.47465765121758 0.45171985055250
  outer loop
   vertex -9.76583618419706 147.31093142737660 -2.37687880033450
   vertex -9.82136166919302 147.35521152406565 -2.51626292929326
   vertex -10.17585832615487 146.79103332646318 -2.51626292929326
  endloop
 endfacet
 facet normal -0.84209479909935 0.29466171442291 0.45171985055251
  outer loop
   vertex -10.11187173252394 146.76021900702659 -2.37687880033450
   vertex -10.17585832615487 146.79103332646318 -2.51626292929326
   vertex -10.39592555235382 146.16211732698457 -2.51626292929326
  endloop
 endfacet
 facet normal -0.88655012423964 0.09989020886689 0.45171985055255
  outer loop
   vertex -10.32668640507734 146.14631394344636 -2.37687880033450
   vertex -10.39592555235382 146.16211732698457 -2.51626292929326
   vertex -10.47052825814756 145.49999999996817 -2.51626292929326
  endloop
 endfacet
 facet normal -0.07942013514045 0.70487319502670 0.70487319502668
  outer loop
   vertex -7.49499999999998 148.29389262611440 -2.26626292929327
   vertex -7.49499999999998 148.40450849715563 -2.37687880033450
   vertex -8.14131394347819 148.33168640504550 -2.37687880033450
  endloop
 endfacet
 facet normal -0.23427794821579 0.66952790973396 0.70487319502665
  outer loop
   vertex -8.11669959654371 148.22384390483711 -2.26626292929327
   vertex -8.14131394347819 148.33168640504550 -2.37687880033450
   vertex -8.75521900705841 148.11687173249211 -2.37687880033450
  endloop
 endfacet
 facet normal -0.37738808670807 0.60060969934201 0.70487319502668
  outer loop
   vertex -8.70722457932529 148.01721027638806 -2.26626292929327
   vertex -8.75521900705841 148.11687173249211 -2.37687880033450
   vertex -9.30593142740841 147.77083618416523 -2.37687880033450
  endloop
 endfacet
 facet normal -0.50157441069736 0.50157441069738 0.70487319502671
  outer loop
   vertex -9.23696355989048 147.68435321372456 -2.26626292929327
   vertex -9.30593142740841 147.77083618416523 -2.37687880033450
   vertex -9.76583618419706 147.31093142737660 -2.37687880033450
  endloop
 endfacet
 facet normal -0.60060969934197 0.37738808670804 0.70487319502673
  outer loop
   vertex -9.67935321375640 147.24196355985865 -2.26626292929327
   vertex -9.76583618419706 147.31093142737660 -2.37687880033450
   vertex -10.11187173252394 146.76021900702659 -2.37687880033450
  endloop
 endfacet
 facet normal -0.66952790973391 0.23427794821577 0.70487319502670
  outer loop
   vertex -10.01221027641988 146.71222457929346 -2.26626292929327
   vertex -10.11187173252394 146.76021900702659 -2.37687880033450
   vertex -10.32668640507734 146.14631394344636 -2.37687880033450
  endloop
 endfacet
 facet normal -0.70487319502669 0.07942013514044 0.70487319502669
  outer loop
   vertex -10.21884390486893 146.12169959651189 -2.26626292929327
   vertex -10.32668640507734 146.14631394344636 -2.37687880033450
   vertex -10.39950849718746 145.49999999996817 -2.37687880033450
  endloop
 endfacet
 facet normal -0.05108565329546 0.45339771324648 0.88984311518955
  outer loop
   vertex -7.49499999999998 148.15450849715563 -2.19524316833316
   vertex -7.49499999999998 148.29389262611440 -2.26626292929327
   vertex -8.11669959654371 148.22384390483711 -2.26626292929327
  endloop
 endfacet
 facet normal -0.15069531191506 0.43066245868033 0.88984311518955
  outer loop
   vertex -8.08568370998911 148.08795442700006 -2.19524316833316
   vertex -8.11669959654371 148.22384390483711 -2.26626292929327
   vertex -8.70722457932529 148.01721027638806 -2.26626292929327
  endloop
 endfacet
 facet normal -0.24274847834638 0.38633199014608 0.88984311518957
  outer loop
   vertex -8.64674807227902 147.89162951551648 -2.19524316833316
   vertex -8.70722457932529 148.01721027638806 -2.26626292929327
   vertex -9.23696355989048 147.68435321372456 -2.26626292929327
  endloop
 endfacet
 facet normal -0.32262922244409 0.32262922244409 0.88984311518955
  outer loop
   vertex -9.15005897694373 147.57537831354821 -2.19524316833316
   vertex -9.23696355989048 147.68435321372456 -2.26626292929327
   vertex -9.67935321375640 147.24196355985865 -2.26626292929327
  endloop
 endfacet
 facet normal -0.38633199014613 0.24274847834641 0.88984311518954
  outer loop
   vertex -9.57037831358005 147.15505897691190 -2.19524316833316
   vertex -9.67935321375640 147.24196355985865 -2.26626292929327
   vertex -10.01221027641988 146.71222457929346 -2.26626292929327
  endloop
 endfacet
 facet normal -0.43066245868032 0.15069531191506 0.88984311518955
  outer loop
   vertex -9.88662951554833 146.65174807224719 -2.19524316833316
   vertex -10.01221027641988 146.71222457929346 -2.26626292929327
   vertex -10.21884390486893 146.12169959651189 -2.26626292929327
  endloop
 endfacet
 facet normal -0.45339771324648 0.05108565329547 0.88984311518955
  outer loop
   vertex -10.08295442703188 146.09068370995729 -2.19524316833316
   vertex -10.21884390486893 146.12169959651189 -2.26626292929327
   vertex -10.28889262614623 145.49999999996817 -2.26626292929327
  endloop
 endfacet
 facet normal -0.01762319376120 0.15641017068362 0.98753495206417
  outer loop
   vertex -7.49499999999998 147.99999999996817 -2.17077142648073
   vertex -7.49499999999998 148.15450849715563 -2.19524316833316
   vertex -8.08568370998911 148.08795442700006 -2.19524316833316
  endloop
 endfacet
 facet normal -0.05198588076037 0.14856711161352 0.98753495206417
  outer loop
   vertex -8.05130233489077 147.93731978042271 -2.17077142648074
   vertex -8.08568370998911 148.08795442700006 -2.19524316833316
   vertex -8.64674807227902 147.89162951551648 -2.19524316833316
  endloop
 endfacet
 facet normal -0.08374177862408 0.13327427720495 0.98753495206417
  outer loop
   vertex -8.57970934779388 147.75242216972421 -2.17077142648074
   vertex -8.64674807227902 147.89162951551648 -2.19524316833316
   vertex -9.15005897694373 147.57537831354821 -2.19524316833316
  endloop
 endfacet
 facet normal -0.11129851403235 0.11129851403235 0.98753495206417
  outer loop
   vertex -9.05372450464682 147.45457870613822 -2.17077142648074
   vertex -9.15005897694373 147.57537831354821 -2.19524316833316
   vertex -9.57037831358005 147.15505897691190 -2.19524316833316
  endloop
 endfacet
 facet normal -0.13327427720494 0.08374177862407 0.98753495206417
  outer loop
   vertex -9.44957870617006 147.05872450461501 -2.17077142648074
   vertex -9.57037831358005 147.15505897691190 -2.19524316833316
   vertex -9.88662951554833 146.65174807224719 -2.19524316833316
  endloop
 endfacet
 facet normal -0.14856711161354 0.05198588076037 0.98753495206417
  outer loop
   vertex -9.74742216975603 146.58470934776207 -2.17077142648074
   vertex -9.88662951554833 146.65174807224719 -2.19524316833316
   vertex -10.08295442703188 146.09068370995729 -2.19524316833316
  endloop
 endfacet
 facet normal -0.15641017068360 0.01762319376120 0.98753495206417
  outer loop
   vertex -9.93231978045455 146.05630233485894 -2.17077142648074
   vertex -10.08295442703188 146.09068370995729 -2.19524316833316
   vertex -10.14950849718746 145.49999999996817 -2.19524316833316
  endloop
 endfacet
 facet normal -0.15641017068361 0.01762319376120 0.98753495206417
  outer loop
   vertex -10.14950849718746 145.49999999996817 -2.19524316833316
   vertex -9.99499999999999 145.49999999996817 -2.17077142648073
   vertex -9.93231978045455 146.05630233485894 -2.17077142648074
  endloop
 endfacet
 facet normal -0.14856711161353 0.05198588076036 0.98753495206417
  outer loop
   vertex -10.08295442703188 146.09068370995729 -2.19524316833316
   vertex -9.93231978045455 146.05630233485894 -2.17077142648074
   vertex -9.74742216975603 146.58470934776207 -2.17077142648074
  endloop
 endfacet
 facet normal -0.13327427720494 0.08374177862407 0.98753495206417
  outer loop
   vertex -9.88662951554833 146.65174807224719 -2.19524316833316
   vertex -9.74742216975603 146.58470934776207 -2.17077142648074
   vertex -9.44957870617006 147.05872450461501 -2.17077142648074
  endloop
 endfacet
 facet normal -0.11129851403235 0.11129851403236 0.98753495206417
  outer loop
   vertex -9.57037831358005 147.15505897691190 -2.19524316833316
   vertex -9.44957870617006 147.05872450461501 -2.17077142648074
   vertex -9.05372450464682 147.45457870613822 -2.17077142648074
  endloop
 endfacet
 facet normal -0.08374177862407 0.13327427720492 0.98753495206417
  outer loop
   vertex -9.15005897694373 147.57537831354821 -2.19524316833316
   vertex -9.05372450464682 147.45457870613822 -2.17077142648074
   vertex -8.57970934779388 147.75242216972421 -2.17077142648074
  endloop
 endfacet
 facet normal -0.05198588076037 0.14856711161356 0.98753495206417
  outer loop
   vertex -8.64674807227902 147.89162951551648 -2.19524316833316
   vertex -8.57970934779388 147.75242216972421 -2.17077142648074
   vertex -8.05130233489077 147.93731978042271 -2.17077142648074
  endloop
 endfacet
 facet normal -0.01762319376120 0.15641017068359 0.98753495206417
  outer loop
   vertex -8.08568370998911 148.08795442700006 -2.19524316833316
   vertex -8.05130233489077 147.93731978042271 -2.17077142648074
   vertex -7.49499999999998 147.99999999996817 -2.17077142648073
  endloop
 endfacet
 facet normal -0.45339771324647 0.05108565329547 0.88984311518955
  outer loop
   vertex -10.28889262614623 145.49999999996817 -2.26626292929327
   vertex -10.14950849718746 145.49999999996817 -2.19524316833316
   vertex -10.08295442703188 146.09068370995729 -2.19524316833316
  endloop
 endfacet
 facet normal -0.43066245868032 0.15069531191506 0.88984311518955
  outer loop
   vertex -10.21884390486893 146.12169959651189 -2.26626292929327
   vertex -10.08295442703188 146.09068370995729 -2.19524316833316
   vertex -9.88662951554833 146.65174807224719 -2.19524316833316
  endloop
 endfacet
 facet normal -0.38633199014612 0.24274847834640 0.88984311518955
  outer loop
   vertex -10.01221027641988 146.71222457929346 -2.26626292929327
   vertex -9.88662951554833 146.65174807224719 -2.19524316833316
   vertex -9.57037831358005 147.15505897691190 -2.19524316833316
  endloop
 endfacet
 facet normal -0.32262922244410 0.32262922244411 0.88984311518954
  outer loop
   vertex -9.67935321375640 147.24196355985865 -2.26626292929327
   vertex -9.57037831358005 147.15505897691190 -2.19524316833316
   vertex -9.15005897694373 147.57537831354821 -2.19524316833316
  endloop
 endfacet
 facet normal -0.24274847834640 0.38633199014613 0.88984311518955
  outer loop
   vertex -9.23696355989048 147.68435321372456 -2.26626292929327
   vertex -9.15005897694373 147.57537831354821 -2.19524316833316
   vertex -8.64674807227902 147.89162951551648 -2.19524316833316
  endloop
 endfacet
 facet normal -0.15069531191506 0.43066245868026 0.88984311518958
  outer loop
   vertex -8.70722457932529 148.01721027638806 -2.26626292929327
   vertex -8.64674807227902 147.89162951551648 -2.19524316833316
   vertex -8.08568370998911 148.08795442700006 -2.19524316833316
  endloop
 endfacet
 facet normal -0.05108565329547 0.45339771324648 0.88984311518955
  outer loop
   vertex -8.11669959654371 148.22384390483711 -2.26626292929327
   vertex -8.08568370998911 148.08795442700006 -2.19524316833316
   vertex -7.49499999999998 148.15450849715563 -2.19524316833316
  endloop
 endfacet
 facet normal -0.70487319502669 0.07942013514045 0.70487319502669
  outer loop
   vertex -10.39950849718746 145.49999999996817 -2.37687880033450
   vertex -10.28889262614623 145.49999999996817 -2.26626292929327
   vertex -10.21884390486893 146.12169959651189 -2.26626292929327
  endloop
 endfacet
 facet normal -0.66952790973393 0.23427794821578 0.70487319502668
  outer loop
   vertex -10.32668640507734 146.14631394344636 -2.37687880033450
   vertex -10.21884390486893 146.12169959651189 -2.26626292929327
   vertex -10.01221027641988 146.71222457929346 -2.26626292929327
  endloop
 endfacet
 facet normal -0.60060969934199 0.37738808670806 0.70487319502671
  outer loop
   vertex -10.11187173252394 146.76021900702659 -2.37687880033450
   vertex -10.01221027641988 146.71222457929346 -2.26626292929327
   vertex -9.67935321375640 147.24196355985865 -2.26626292929327
  endloop
 endfacet
 facet normal -0.50157441069735 0.50157441069735 0.70487319502674
  outer loop
   vertex -9.76583618419706 147.31093142737660 -2.37687880033450
   vertex -9.67935321375640 147.24196355985865 -2.26626292929327
   vertex -9.23696355989048 147.68435321372456 -2.26626292929327
  endloop
 endfacet
 facet normal -0.37738808670806 0.60060969934198 0.70487319502672
  outer loop
   vertex -9.30593142740841 147.77083618416523 -2.37687880033450
   vertex -9.23696355989048 147.68435321372456 -2.26626292929327
   vertex -8.70722457932529 148.01721027638806 -2.26626292929327
  endloop
 endfacet
 facet normal -0.23427794821579 0.66952790973393 0.70487319502668
  outer loop
   vertex -8.75521900705841 148.11687173249211 -2.37687880033450
   vertex -8.70722457932529 148.01721027638806 -2.26626292929327
   vertex -8.11669959654371 148.22384390483711 -2.26626292929327
  endloop
 endfacet
 facet normal -0.07942013514044 0.70487319502674 0.70487319502664
  outer loop
   vertex -8.14131394347819 148.33168640504550 -2.37687880033450
   vertex -8.11669959654371 148.22384390483711 -2.26626292929327
   vertex -7.49499999999998 148.29389262611440 -2.26626292929327
  endloop
 endfacet
 facet normal -0.88655012423964 0.09989020886689 0.45171985055253
  outer loop
   vertex -10.47052825814756 145.49999999996817 -2.51626292929326
   vertex -10.39950849718746 145.49999999996817 -2.37687880033450
   vertex -10.32668640507734 146.14631394344636 -2.37687880033450
  endloop
 endfacet
 facet normal -0.84209479909933 0.29466171442288 0.45171985055257
  outer loop
   vertex -10.39592555235382 146.16211732698457 -2.51626292929326
   vertex -10.32668640507734 146.14631394344636 -2.37687880033450
   vertex -10.11187173252394 146.76021900702659 -2.37687880033450
  endloop
 endfacet
 facet normal -0.75541332445056 0.47465765121758 0.45171985055249
  outer loop
   vertex -10.17585832615487 146.79103332646318 -2.51626292929326
   vertex -10.11187173252394 146.76021900702659 -2.37687880033450
   vertex -9.76583618419706 147.31093142737660 -2.37687880033450
  endloop
 endfacet
 facet normal -0.63085227138246 0.63085227138248 0.45171985055248
  outer loop
   vertex -9.82136166919302 147.35521152406565 -2.51626292929326
   vertex -9.76583618419706 147.31093142737660 -2.37687880033450
   vertex -9.30593142740841 147.77083618416523 -2.37687880033450
  endloop
 endfacet
 facet normal -0.47465765121756 0.75541332445053 0.45171985055257
  outer loop
   vertex -9.35021152409748 147.82636166916120 -2.51626292929326
   vertex -9.30593142740841 147.77083618416523 -2.37687880033450
   vertex -8.75521900705841 148.11687173249211 -2.37687880033450
  endloop
 endfacet
 facet normal -0.29466171442289 0.84209479909936 0.45171985055250
  outer loop
   vertex -8.78603332649501 148.18085832612303 -2.51626292929326
   vertex -8.75521900705841 148.11687173249211 -2.37687880033450
   vertex -8.14131394347819 148.33168640504550 -2.37687880033450
  endloop
 endfacet
 facet normal -0.09989020886689 0.88655012423958 0.45171985055265
  outer loop
   vertex -8.15711732701639 148.40092555232201 -2.51626292929326
   vertex -8.14131394347819 148.33168640504550 -2.37687880033450
   vertex -7.49499999999998 148.40450849715563 -2.37687880033450
  endloop
 endfacet
 facet normal -0.98162854659708 0.11060297423496 0.15547468795946
  outer loop
   vertex -10.49500000000000 145.49999999996817 -2.67077142648074
   vertex -10.47052825814756 145.49999999996817 -2.51626292929326
   vertex -10.39592555235382 146.16211732698457 -2.51626292929326
  endloop
 endfacet
 facet normal -0.93240559234686 0.32626282773899 0.15547468795935
  outer loop
   vertex -10.33107763860948 146.42107026501935 -2.67077142648074
   vertex -10.41978373654546 146.16756280183711 -2.67077142648074
   vertex -10.39592555235382 146.16211732698457 -2.51626292929326
  endloop
 endfacet
 facet normal -0.83642792830969 0.52556250070520 0.15547468795934
  outer loop
   vertex -9.91183271933297 147.25693519616181 -2.67077142648074
   vertex -10.19790660370724 146.80165121732082 -2.67077142648074
   vertex -10.17585832615487 146.79103332646318 -2.51626292929326
  endloop
 endfacet
 facet normal -0.69850827532820 0.69850827532819 0.15547468795934
  outer loop
   vertex -9.84049444740407 147.37046940554436 -2.67077142648074
   vertex -9.82136166919302 147.35521152406565 -2.51626292929326
   vertex -9.35021152409748 147.82636166916120 -2.51626292929326
  endloop
 endfacet
 facet normal -0.52556250070526 0.83642792830967 0.15547468795924
  outer loop
   vertex -9.25193519619363 147.91683271930114 -2.67077142648074
   vertex -9.36546940557619 147.84549444737223 -2.67077142648074
   vertex -9.35021152409748 147.82636166916120 -2.51626292929326
  endloop
 endfacet
 facet normal -0.32626282773897 0.93240559234686 0.15547468795941
  outer loop
   vertex -8.41607026505120 148.33607763857765 -2.67077142648074
   vertex -8.79665121735266 148.20290660367542 -2.67077142648074
   vertex -8.78603332649501 148.18085832612303 -2.51626292929326
  endloop
 endfacet
 facet normal -0.11060297423494 0.98162854659710 0.15547468795930
  outer loop
   vertex -8.16256280186893 148.42478373651363 -2.67077142648074
   vertex -8.15711732701639 148.40092555232201 -2.51626292929326
   vertex -7.49499999999998 148.47552825811573 -2.51626292929326
  endloop
 endfacet
 facet normal 0.00000000000000 1.00000000000000 0.00000000000000
  outer loop
   vertex 151.36499999999791 148.49999999996811 -5.89019925136189
   vertex -7.49499999999998 148.49999999996817 -5.89019925136189
   vertex -7.49499999999998 148.49999999996817 -2.67077142648074
  endloop
 endfacet
 facet normal 0.00000000000000 1.00000000000000 0.00000000000000
  outer loop
   vertex -7.49499999999998 148.49999999996817 -2.67077142648074
   vertex 151.36499999999791 148.49999999996811 -2.67077142648074
   vertex 151.36499999999791 148.49999999996811 -5.89019925136189
  endloop
 endfacet
 facet normal -0.94388333030836 0.33027906195520 0.00000000000000
  outer loop
   vertex -10.33107763860948 146.42107026501935 -5.89019925136189
   vertex -10.41978373654546 146.16756280183711 -5.89019925136189
   vertex -10.41978373654546 146.16756280183711 -2.67077142648074
  endloop
 endfacet
 facet normal -0.99371220989324 0.11196447610333 0.00000000000000
  outer loop
   vertex -10.49500000000000 145.49999999996817 -2.67077142648074
   vertex -10.41978373654546 146.16756280183711 -2.67077142648074
   vertex -10.41978373654546 146.16756280183711 -5.89019925136189
  endloop
 endfacet
 facet normal -0.99371220989324 0.11196447610333 0.00000000000000
  outer loop
   vertex -10.41978373654546 146.16756280183711 -5.89019925136189
   vertex -10.49500000000000 145.49999999996817 -5.89019925136189
   vertex -10.49500000000000 145.49999999996817 -2.67077142648074
  endloop
 endfacet
 facet normal -0.84672419922829 0.53203207651533 -0.00000000000000
  outer loop
   vertex -9.91183271933297 147.25693519616181 -5.89019925136189
   vertex -10.19790660370724 146.80165121732082 -5.89019925136189
   vertex -10.19790660370724 146.80165121732082 -2.67077142648074
  endloop
 endfacet
 facet normal -0.94388333030837 0.33027906195516 0.00000000000000
  outer loop
   vertex -10.33107763860948 146.42107026501935 -2.67077142648074
   vertex -10.19790660370724 146.80165121732082 -2.67077142648074
   vertex -10.19790660370724 146.80165121732082 -5.89019925136189
  endloop
 endfacet
 facet normal -0.94388333030837 0.33027906195516 0.00000000000000
  outer loop
   vertex -10.19790660370724 146.80165121732082 -5.89019925136189
   vertex -10.33107763860948 146.42107026501935 -5.89019925136189
   vertex -10.33107763860948 146.42107026501935 -2.67077142648074
  endloop
 endfacet
 facet normal -0.53203207651537 0.84672419922826 0.00000000000000
  outer loop
   vertex -9.25193519619363 147.91683271930114 -5.89019925136189
   vertex -9.36546940557619 147.84549444737223 -5.89019925136189
   vertex -9.36546940557619 147.84549444737223 -2.67077142648074
  endloop
 endfacet
 facet normal -0.70710678118654 0.70710678118656 0.00000000000000
  outer loop
   vertex -9.84049444740408 147.37046940554436 -2.67077142648074
   vertex -9.36546940557619 147.84549444737223 -2.67077142648074
   vertex -9.36546940557619 147.84549444737223 -5.89019925136189
  endloop
 endfacet
 facet normal -0.70710678118654 0.70710678118656 0.00000000000000
  outer loop
   vertex -9.36546940557619 147.84549444737223 -5.89019925136189
   vertex -9.84049444740408 147.37046940554436 -5.89019925136189
   vertex -9.84049444740408 147.37046940554436 -2.67077142648074
  endloop
 endfacet
 facet normal -0.84672419922830 0.53203207651531 -0.00000000000000
  outer loop
   vertex -9.91183271933297 147.25693519616181 -2.67077142648074
   vertex -9.84049444740408 147.37046940554436 -2.67077142648074
   vertex -9.84049444740408 147.37046940554436 -5.89019925136189
  endloop
 endfacet
 facet normal -0.84672419922830 0.53203207651531 -0.00000000000000
  outer loop
   vertex -9.84049444740408 147.37046940554436 -5.89019925136189
   vertex -9.91183271933297 147.25693519616181 -5.89019925136189
   vertex -9.91183271933297 147.25693519616181 -2.67077142648074
  endloop
 endfacet
 facet normal -0.33027906195517 0.94388333030836 -0.00000000000000
  outer loop
   vertex -8.41607026505120 148.33607763857765 -5.89019925136189
   vertex -8.79665121735266 148.20290660367542 -5.89019925136189
   vertex -8.79665121735266 148.20290660367542 -2.67077142648074
  endloop
 endfacet
 facet normal -0.53203207651534 0.84672419922828 0.00000000000000
  outer loop
   vertex -9.25193519619363 147.91683271930114 -2.67077142648074
   vertex -8.79665121735266 148.20290660367542 -2.67077142648074
   vertex -8.79665121735266 148.20290660367542 -5.89019925136189
  endloop
 endfacet
 facet normal -0.53203207651534 0.84672419922828 0.00000000000000
  outer loop
   vertex -8.79665121735266 148.20290660367542 -5.89019925136189
   vertex -9.25193519619363 147.91683271930114 -5.89019925136189
   vertex -9.25193519619363 147.91683271930114 -2.67077142648074
  endloop
 endfacet
 facet normal -0.11196447610332 0.99371220989324 0.00000000000000
  outer loop
   vertex -7.49499999999998 148.49999999996817 -2.67077142648074
   vertex -7.49499999999998 148.49999999996817 -5.89019925136189
   vertex -8.16256280186893 148.42478373651363 -5.89019925136189
  endloop
 endfacet
 facet normal -0.33027906195517 0.94388333030837 0.00000000000000
  outer loop
   vertex -8.41607026505120 148.33607763857765 -5.89019925136189
   vertex -8.41607026505120 148.33607763857765 -2.67077142648074
   vertex -8.16256280186893 148.42478373651363 -2.67077142648074
  endloop
 endfacet
 facet normal -0.33027906195516 0.94388333030837 -0.00000000000000
  outer loop
   vertex -8.16256280186893 148.42478373651363 -2.67077142648074
   vertex -8.16256280186893 148.42478373651363 -5.89019925136189
   vertex -8.41607026505120 148.33607763857765 -5.89019925136189
  endloop
 endfacet
 facet normal -0.11196447610332 0.99371220989324 -0.00000000000000
  outer loop
   vertex -8.16256280186893 148.42478373651363 -5.89019925136189
   vertex -8.16256280186893 148.42478373651363 -2.67077142648074
   vertex -7.49499999999998 148.49999999996817 -2.67077142648074
  endloop
 endfacet
 facet normal -0.33027906195517 0.94388333030836 -0.00000000000000
  outer loop
   vertex -8.79665121735266 148.20290660367542 -2.67077142648074
   vertex -8.41607026505120 148.33607763857765 -2.67077142648074
   vertex -8.41607026505120 148.33607763857765 -5.89019925136189
  endloop
 endfacet
 facet normal -0.53203207651537 0.84672419922826 0.00000000000000
  outer loop
   vertex -9.36546940557619 147.84549444737223 -2.67077142648074
   vertex -9.25193519619363 147.91683271930114 -2.67077142648074
   vertex -9.25193519619363 147.91683271930114 -5.89019925136189
  endloop
 endfacet
 facet normal -0.84672419922829 0.53203207651533 -0.00000000000000
  outer loop
   vertex -10.19790660370724 146.80165121732082 -2.67077142648074
   vertex -9.91183271933297 147.25693519616181 -2.67077142648074
   vertex -9.91183271933297 147.25693519616181 -5.89019925136189
  endloop
 endfacet
 facet normal -0.94388333030836 0.33027906195520 0.00000000000000
  outer loop
   vertex -10.41978373654546 146.16756280183711 -2.67077142648074
   vertex -10.33107763860948 146.42107026501935 -2.67077142648074
   vertex -10.33107763860948 146.42107026501935 -5.89019925136189
  endloop
 endfacet
 facet normal -1.00000000000000 0.00000000000000 0.00000000000000
  outer loop
   vertex -10.49500000000000 145.49999999996817 -5.89019925136189
   vertex -10.49500000000000 27.57426778330589 -5.89019925136189
   vertex -10.49500000000000 27.57426778330589 -2.67077142648074
  endloop
 endfacet
 facet normal -1.00000000000000 0.00000000000000 0.00000000000000
  outer loop
   vertex -10.49500000000000 27.57426778330589 -2.67077142648074
   vertex -10.49500000000000 145.49999999996817 -2.67077142648074
   vertex -10.49500000000000 145.49999999996817 -5.89019925136189
  endloop
 endfacet
 facet normal -0.00000000000000 -0.98768834059514 -0.15643446504024
  outer loop
   vertex 151.36499999999785 -10.53621407955039 -5.89019925136189
   vertex 125.84808156997590 -10.53621407955039 -5.89019925136189
   vertex 125.84808156997590 -10.51174233769797 -6.04470774854937
  endloop
 endfacet
 facet normal -0.00000000000000 -0.89100652418837 -0.45399049973955
  outer loop
   vertex 151.36499999999785 -10.51174233769797 -6.04470774854937
   vertex 125.84808156997590 -10.51174233769797 -6.04470774854937
   vertex 125.84808156997590 -10.44072257673787 -6.18409187750813
  endloop
 endfacet
 facet normal -0.00000000000000 -0.70710678118655 -0.70710678118655
  outer loop
   vertex 151.36499999999785 -10.44072257673787 -6.18409187750813
   vertex 125.84808156997590 -10.44072257673787 -6.18409187750813
   vertex 125.84808156997590 -10.33010670569663 -6.29470774854937
  endloop
 endfacet
 facet normal -0.00000000000000 -0.45399049973955 -0.89100652418837
  outer loop
   vertex 151.36499999999785 -10.33010670569663 -6.29470774854937
   vertex 125.84808156997590 -10.33010670569663 -6.29470774854937
   vertex 125.84808156997590 -10.19072257673787 -6.36572750950947
  endloop
 endfacet
 facet normal -0.00000000000000 -0.15643446504023 -0.98768834059514
  outer loop
   vertex 151.36499999999785 -10.19072257673787 -6.36572750950947
   vertex 125.84808156997590 -10.19072257673787 -6.36572750950947
   vertex 125.84808156997590 -10.03621407955039 -6.39019925136189
  endloop
 endfacet
 facet normal -0.00000000000000 -0.15643446504023 -0.98768834059514
  outer loop
   vertex 125.84808156997590 -10.03621407955039 -6.39019925136189
   vertex 151.36499999999785 -10.03621407955040 -6.39019925136189
   vertex 151.36499999999785 -10.19072257673787 -6.36572750950947
  endloop
 endfacet
 facet normal -0.00000000000000 -0.45399049973955 -0.89100652418837
  outer loop
   vertex 125.84808156997590 -10.19072257673787 -6.36572750950947
   vertex 151.36499999999785 -10.19072257673787 -6.36572750950947
   vertex 151.36499999999785 -10.33010670569663 -6.29470774854937
  endloop
 endfacet
 facet normal -0.00000000000000 -0.70710678118654 -0.70710678118655
  outer loop
   vertex 125.84808156997590 -10.33010670569663 -6.29470774854937
   vertex 151.36499999999785 -10.33010670569663 -6.29470774854937
   vertex 151.36499999999785 -10.44072257673787 -6.18409187750813
  endloop
 endfacet
 facet normal -0.00000000000000 -0.89100652418837 -0.45399049973955
  outer loop
   vertex 125.84808156997590 -10.44072257673787 -6.18409187750813
   vertex 151.36499999999785 -10.44072257673787 -6.18409187750813
   vertex 151.36499999999785 -10.51174233769797 -6.04470774854937
  endloop
 endfacet
 facet normal -0.00000000000000 -0.98768834059514 -0.15643446504021
  outer loop
   vertex 125.84808156997590 -10.51174233769797 -6.04470774854937
   vertex 151.36499999999785 -10.51174233769797 -6.04470774854937
   vertex 151.36499999999785 -10.53621407955039 -5.89019925136189
  endloop
 endfacet
 facet normal 0.01762319376120 -0.15641017068360 -0.98753495206417
  outer loop
   vertex 151.36499999999785 -10.19072257673788 -6.36572750950947
   vertex 151.36499999999785 -10.03621407955040 -6.39019925136189
   vertex 151.92130233488865 -9.97353386000496 -6.39019925136189
  endloop
 endfacet
 facet normal 0.05198588076037 -0.14856711161354 -0.98753495206417
  outer loop
   vertex 151.95568370998697 -10.12416850658230 -6.36572750950947
   vertex 151.92130233488865 -9.97353386000496 -6.39019925136189
   vertex 152.44970934779175 -9.78863624930645 -6.39019925136189
  endloop
 endfacet
 facet normal 0.08374177862407 -0.13327427720493 -0.98753495206417
  outer loop
   vertex 152.51674807227690 -9.92784359509875 -6.36572750950947
   vertex 152.44970934779175 -9.78863624930645 -6.39019925136189
   vertex 152.92372450464470 -9.49079278572048 -6.39019925136189
  endloop
 endfacet
 facet normal 0.11129851403235 -0.11129851403235 -0.98753495206417
  outer loop
   vertex 153.02005897694161 -9.61159239313046 -6.36572750950947
   vertex 152.92372450464470 -9.49079278572048 -6.39019925136189
   vertex 153.31957870616793 -9.09493858419723 -6.39019925136189
  endloop
 endfacet
 facet normal 0.13327427720493 -0.08374177862407 -0.98753495206417
  outer loop
   vertex 153.44037831357792 -9.19127305649414 -6.36572750950947
   vertex 153.31957870616793 -9.09493858419723 -6.39019925136189
   vertex 153.61742216975392 -8.62092342734429 -6.39019925136189
  endloop
 endfacet
 facet normal 0.14856711161354 -0.05198588076036 -0.98753495206417
  outer loop
   vertex 153.75662951554622 -8.68796215182943 -6.36572750950947
   vertex 153.61742216975392 -8.62092342734429 -6.39019925136189
   vertex 153.80231978045242 -8.09251641444118 -6.39019925136189
  endloop
 endfacet
 facet normal 0.15641017068360 -0.01762319376120 -0.98753495206417
  outer loop
   vertex 153.95295442702977 -8.12689778953952 -6.36572750950947
   vertex 153.80231978045242 -8.09251641444118 -6.39019925136189
   vertex 153.86499999999785 -7.53621407955039 -6.39019925136189
  endloop
 endfacet
 facet normal 0.05108565329547 -0.45339771324649 -0.88984311518954
  outer loop
   vertex 151.36499999999785 -10.33010670569664 -6.29470774854936
   vertex 151.36499999999785 -10.19072257673788 -6.36572750950947
   vertex 151.95568370998697 -10.12416850658230 -6.36572750950947
  endloop
 endfacet
 facet normal 0.15069531191506 -0.43066245868034 -0.88984311518954
  outer loop
   vertex 151.98669959654157 -10.26005798441934 -6.29470774854936
   vertex 151.95568370998697 -10.12416850658230 -6.36572750950947
   vertex 152.51674807227690 -9.92784359509875 -6.36572750950947
  endloop
 endfacet
 facet normal 0.24274847834641 -0.38633199014613 -0.88984311518954
  outer loop
   vertex 152.57722457932317 -10.05342435597029 -6.29470774854936
   vertex 152.51674807227690 -9.92784359509875 -6.36572750950947
   vertex 153.02005897694161 -9.61159239313046 -6.36572750950947
  endloop
 endfacet
 facet normal 0.32262922244412 -0.32262922244411 -0.88984311518953
  outer loop
   vertex 153.10696355988836 -9.72056729330681 -6.29470774854936
   vertex 153.02005897694161 -9.61159239313046 -6.36572750950947
   vertex 153.44037831357792 -9.19127305649414 -6.36572750950947
  endloop
 endfacet
 facet normal 0.38633199014612 -0.24274847834641 -0.88984311518955
  outer loop
   vertex 153.54935321375427 -9.27817763944089 -6.29470774854936
   vertex 153.44037831357792 -9.19127305649414 -6.36572750950947
   vertex 153.75662951554622 -8.68796215182943 -6.36572750950947
  endloop
 endfacet
 facet normal 0.43066245868040 -0.15069531191508 -0.88984311518951
  outer loop
   vertex 153.88221027641774 -8.74843865887570 -6.29470774854936
   vertex 153.75662951554622 -8.68796215182943 -6.36572750950947
   vertex 153.95295442702977 -8.12689778953952 -6.36572750950947
  endloop
 endfacet
 facet normal 0.45339771324655 -0.05108565329547 -0.88984311518951
  outer loop
   vertex 154.08884390486679 -8.15791367609412 -6.29470774854936
   vertex 153.95295442702977 -8.12689778953952 -6.36572750950947
   vertex 154.01950849718534 -7.53621407955039 -6.36572750950947
  endloop
 endfacet
 facet normal 0.07942013514044 -0.70487319502669 -0.70487319502669
  outer loop
   vertex 151.36499999999785 -10.44072257673787 -6.18409187750813
   vertex 151.36499999999785 -10.33010670569664 -6.29470774854936
   vertex 151.98669959654157 -10.26005798441934 -6.29470774854936
  endloop
 endfacet
 facet normal 0.23427794821577 -0.66952790973390 -0.70487319502671
  outer loop
   vertex 152.01131394347607 -10.36790048462775 -6.18409187750813
   vertex 151.98669959654157 -10.26005798441934 -6.29470774854936
   vertex 152.57722457932317 -10.05342435597029 -6.29470774854936
  endloop
 endfacet
 facet normal 0.37738808670808 -0.60060969934202 -0.70487319502667
  outer loop
   vertex 152.62521900705627 -10.15308581207435 -6.18409187750813
   vertex 152.57722457932317 -10.05342435597029 -6.29470774854936
   vertex 153.10696355988836 -9.72056729330681 -6.29470774854936
  endloop
 endfacet
 facet normal 0.50157441069739 -0.50157441069739 -0.70487319502668
  outer loop
   vertex 153.17593142740628 -9.80705026374747 -6.18409187750813
   vertex 153.10696355988836 -9.72056729330681 -6.29470774854936
   vertex 153.54935321375427 -9.27817763944089 -6.29470774854936
  endloop
 endfacet
 facet normal 0.60060969934199 -0.37738808670803 -0.70487319502672
  outer loop
   vertex 153.63583618419494 -9.34714550695882 -6.18409187750813
   vertex 153.54935321375427 -9.27817763944089 -6.29470774854936
   vertex 153.88221027641774 -8.74843865887570 -6.29470774854936
  endloop
 endfacet
 facet normal 0.66952790973392 -0.23427794821579 -0.70487319502668
  outer loop
   vertex 153.98187173252180 -8.79643308660882 -6.18409187750813
   vertex 153.88221027641774 -8.74843865887570 -6.29470774854936
   vertex 154.08884390486679 -8.15791367609412 -6.29470774854936
  endloop
 endfacet
 facet normal 0.70487319502664 -0.07942013514046 -0.70487319502674
  outer loop
   vertex 154.19668640507521 -8.18252802302860 -6.18409187750813
   vertex 154.08884390486679 -8.15791367609412 -6.29470774854936
   vertex 154.15889262614411 -7.53621407955039 -6.29470774854936
  endloop
 endfacet
 facet normal 0.09989020886689 -0.88655012423964 -0.45171985055255
  outer loop
   vertex 151.36499999999785 -10.51174233769798 -6.04470774854937
   vertex 151.36499999999785 -10.44072257673787 -6.18409187750813
   vertex 152.01131394347607 -10.36790048462775 -6.18409187750813
  endloop
 endfacet
 facet normal 0.29466171442290 -0.84209479909935 -0.45171985055252
  outer loop
   vertex 152.02711732701425 -10.43713963190423 -6.04470774854937
   vertex 152.01131394347607 -10.36790048462775 -6.18409187750813
   vertex 152.62521900705627 -10.15308581207435 -6.18409187750813
  endloop
 endfacet
 facet normal 0.47465765121755 -0.75541332445052 -0.45171985055258
  outer loop
   vertex 152.65603332649289 -10.21707240570528 -6.04470774854937
   vertex 152.62521900705627 -10.15308581207435 -6.18409187750813
   vertex 153.17593142740628 -9.80705026374747 -6.18409187750813
  endloop
 endfacet
 facet normal 0.63085227138243 -0.63085227138245 -0.45171985055257
  outer loop
   vertex 153.22021152409536 -9.86257574874343 -6.04470774854937
   vertex 153.17593142740628 -9.80705026374747 -6.18409187750813
   vertex 153.63583618419494 -9.34714550695882 -6.18409187750813
  endloop
 endfacet
 facet normal 0.75541332445060 -0.47465765121756 -0.45171985055244
  outer loop
   vertex 153.69136166919088 -9.39142560364789 -6.04470774854937
   vertex 153.63583618419494 -9.34714550695882 -6.18409187750813
   vertex 153.98187173252180 -8.79643308660882 -6.18409187750813
  endloop
 endfacet
 facet normal 0.84209479909928 -0.29466171442290 -0.45171985055264
  outer loop
   vertex 154.04585832615274 -8.82724740604542 -6.04470774854937
   vertex 153.98187173252180 -8.79643308660882 -6.18409187750813
   vertex 154.19668640507521 -8.18252802302860 -6.18409187750813
  endloop
 endfacet
 facet normal 0.88655012423966 -0.09989020886690 -0.45171985055250
  outer loop
   vertex 154.26592555235169 -8.19833140656680 -6.04470774854937
   vertex 154.19668640507521 -8.18252802302860 -6.18409187750813
   vertex 154.26950849718534 -7.53621407955039 -6.18409187750813
  endloop
 endfacet
 facet normal 0.11060297423497 -0.98162854659710 -0.15547468795933
  outer loop
   vertex 151.36499999999785 -10.53621407955039 -5.89019925136189
   vertex 151.36499999999785 -10.51174233769798 -6.04470774854937
   vertex 152.02711732701425 -10.43713963190423 -6.04470774854937
  endloop
 endfacet
 facet normal 0.32626282773894 -0.93240559234688 -0.15547468795935
  outer loop
   vertex 152.65603332649289 -10.21707240570528 -6.04470774854937
   vertex 152.66665121735053 -10.23912068325765 -5.89019925136189
   vertex 152.28607026504906 -10.37229171815988 -5.89019925136189
  endloop
 endfacet
 facet normal 0.32626282773896 -0.93240559234688 -0.15547468795932
  outer loop
   vertex 152.28607026504906 -10.37229171815988 -5.89019925136189
   vertex 152.02711732701425 -10.43713963190423 -6.04470774854937
   vertex 152.65603332649289 -10.21707240570528 -6.04470774854937
  endloop
 endfacet
 facet normal 0.52556250070520 -0.83642792830969 -0.15547468795938
  outer loop
   vertex 152.65603332649289 -10.21707240570528 -6.04470774854937
   vertex 153.22021152409536 -9.86257574874343 -6.04470774854937
   vertex 153.12193519619152 -9.95304679888339 -5.89019925136189
  endloop
 endfacet
 facet normal 0.52556250070522 -0.83642792830968 -0.15547468795936
  outer loop
   vertex 153.22021152409536 -9.86257574874343 -6.04470774854937
   vertex 153.23546940557407 -9.88170852695449 -5.89019925136189
   vertex 153.12193519619152 -9.95304679888339 -5.89019925136189
  endloop
 endfacet
 facet normal 0.69850827532821 -0.69850827532818 -0.15547468795935
  outer loop
   vertex 153.23546940557407 -9.88170852695449 -5.89019925136189
   vertex 153.22021152409536 -9.86257574874343 -6.04470774854937
   vertex 153.69136166919088 -9.39142560364789 -6.04470774854937
  endloop
 endfacet
 facet normal 0.83642792830968 -0.52556250070520 -0.15547468795941
  outer loop
   vertex 154.04585832615274 -8.82724740604542 -6.04470774854937
   vertex 154.06790660370513 -8.83786529690307 -5.89019925136189
   vertex 153.78183271933085 -9.29314927574405 -5.89019925136189
  endloop
 endfacet
 facet normal 0.83642792830967 -0.52556250070521 -0.15547468795944
  outer loop
   vertex 153.78183271933085 -9.29314927574405 -5.89019925136189
   vertex 153.69136166919088 -9.39142560364789 -6.04470774854937
   vertex 154.04585832615274 -8.82724740604542 -6.04470774854937
  endloop
 endfacet
 facet normal 0.93240559234688 -0.32626282773896 -0.15547468795929
  outer loop
   vertex 154.04585832615274 -8.82724740604542 -6.04470774854937
   vertex 154.26592555235169 -8.19833140656680 -6.04470774854937
   vertex 154.20107763860733 -8.45728434460161 -5.89019925136189
  endloop
 endfacet
 facet normal 0.93240559234682 -0.32626282773905 -0.15547468795947
  outer loop
   vertex 154.26592555235169 -8.19833140656680 -6.04470774854937
   vertex 154.28978373654334 -8.20377688141934 -5.89019925136189
   vertex 154.20107763860733 -8.45728434460161 -5.89019925136189
  endloop
 endfacet
 facet normal 0.98162854659707 -0.11060297423498 -0.15547468795947
  outer loop
   vertex 154.28978373654334 -8.20377688141934 -5.89019925136189
   vertex 154.26592555235169 -8.19833140656680 -6.04470774854937
   vertex 154.34052825814544 -7.53621407955039 -6.04470774854937
  endloop
 endfacet
 facet normal 0.98162854659711 -0.11060297423494 -0.15547468795928
  outer loop
   vertex 154.34052825814544 -7.53621407955039 -6.04470774854937
   vertex 154.36499999999785 -7.53621407955039 -5.89019925136189
   vertex 154.28978373654334 -8.20377688141934 -5.89019925136189
  endloop
 endfacet
 facet normal 0.93240559234688 -0.32626282773890 -0.15547468795941
  outer loop
   vertex 154.20107763860733 -8.45728434460161 -5.89019925136189
   vertex 154.06790660370513 -8.83786529690307 -5.89019925136189
   vertex 154.04585832615274 -8.82724740604542 -6.04470774854937
  endloop
 endfacet
 facet normal 0.83642792830972 -0.52556250070511 -0.15547468795953
  outer loop
   vertex 153.78183271933085 -9.29314927574405 -5.89019925136189
   vertex 153.71049444740197 -9.40668348512660 -5.89019925136189
   vertex 153.69136166919088 -9.39142560364789 -6.04470774854937
  endloop
 endfacet
 facet normal 0.69850827532817 -0.69850827532819 -0.15547468795950
  outer loop
   vertex 153.69136166919088 -9.39142560364789 -6.04470774854937
   vertex 153.71049444740197 -9.40668348512660 -5.89019925136189
   vertex 153.23546940557407 -9.88170852695449 -5.89019925136189
  endloop
 endfacet
 facet normal 0.52556250070519 -0.83642792830969 -0.15547468795934
  outer loop
   vertex 153.12193519619152 -9.95304679888339 -5.89019925136189
   vertex 152.66665121735053 -10.23912068325765 -5.89019925136189
   vertex 152.65603332649289 -10.21707240570528 -6.04470774854937
  endloop
 endfacet
 facet normal 0.32626282773898 -0.93240559234686 -0.15547468795936
  outer loop
   vertex 152.28607026504906 -10.37229171815988 -5.89019925136189
   vertex 152.03256280186679 -10.46099781609587 -5.89019925136189
   vertex 152.02711732701425 -10.43713963190423 -6.04470774854937
  endloop
 endfacet
 facet normal 0.11060297423496 -0.98162854659709 -0.15547468795936
  outer loop
   vertex 152.02711732701425 -10.43713963190423 -6.04470774854937
   vertex 152.03256280186679 -10.46099781609587 -5.89019925136189
   vertex 151.36499999999785 -10.53621407955039 -5.89019925136189
  endloop
 endfacet
 facet normal 0.88655012423965 -0.09989020886690 -0.45171985055252
  outer loop
   vertex 154.26950849718534 -7.53621407955039 -6.18409187750813
   vertex 154.34052825814544 -7.53621407955039 -6.04470774854937
   vertex 154.26592555235169 -8.19833140656680 -6.04470774854937
  endloop
 endfacet
 facet normal 0.84209479909936 -0.29466171442289 -0.45171985055250
  outer loop
   vertex 154.19668640507521 -8.18252802302860 -6.18409187750813
   vertex 154.26592555235169 -8.19833140656680 -6.04470774854937
   vertex 154.04585832615274 -8.82724740604542 -6.04470774854937
  endloop
 endfacet
 facet normal 0.75541332445049 -0.47465765121755 -0.45171985055263
  outer loop
   vertex 153.98187173252180 -8.79643308660882 -6.18409187750813
   vertex 154.04585832615274 -8.82724740604542 -6.04470774854937
   vertex 153.69136166919088 -9.39142560364789 -6.04470774854937
  endloop
 endfacet
 facet normal 0.63085227138249 -0.63085227138247 -0.45171985055246
  outer loop
   vertex 153.63583618419494 -9.34714550695882 -6.18409187750813
   vertex 153.69136166919088 -9.39142560364789 -6.04470774854937
   vertex 153.22021152409536 -9.86257574874343 -6.04470774854937
  endloop
 endfacet
 facet normal 0.47465765121756 -0.75541332445053 -0.45171985055256
  outer loop
   vertex 153.17593142740628 -9.80705026374747 -6.18409187750813
   vertex 153.22021152409536 -9.86257574874343 -6.04470774854937
   vertex 152.65603332649289 -10.21707240570528 -6.04470774854937
  endloop
 endfacet
 facet normal 0.29466171442288 -0.84209479909933 -0.45171985055257
  outer loop
   vertex 152.62521900705627 -10.15308581207435 -6.18409187750813
   vertex 152.65603332649289 -10.21707240570528 -6.04470774854937
   vertex 152.02711732701425 -10.43713963190423 -6.04470774854937
  endloop
 endfacet
 facet normal 0.09989020886689 -0.88655012423964 -0.45171985055253
  outer loop
   vertex 152.01131394347607 -10.36790048462775 -6.18409187750813
   vertex 152.02711732701425 -10.43713963190423 -6.04470774854937
   vertex 151.36499999999785 -10.51174233769798 -6.04470774854937
  endloop
 endfacet
 facet normal 0.70487319502670 -0.07942013514045 -0.70487319502669
  outer loop
   vertex 154.15889262614411 -7.53621407955039 -6.29470774854936
   vertex 154.26950849718534 -7.53621407955039 -6.18409187750813
   vertex 154.19668640507521 -8.18252802302860 -6.18409187750813
  endloop
 endfacet
 facet normal 0.66952790973387 -0.23427794821579 -0.70487319502674
  outer loop
   vertex 154.08884390486679 -8.15791367609412 -6.29470774854936
   vertex 154.19668640507521 -8.18252802302860 -6.18409187750813
   vertex 153.98187173252180 -8.79643308660882 -6.18409187750813
  endloop
 endfacet
 facet normal 0.60060969934202 -0.37738808670804 -0.70487319502669
  outer loop
   vertex 153.88221027641774 -8.74843865887570 -6.29470774854936
   vertex 153.98187173252180 -8.79643308660882 -6.18409187750813
   vertex 153.63583618419494 -9.34714550695882 -6.18409187750813
  endloop
 endfacet
 facet normal 0.50157441069736 -0.50157441069738 -0.70487319502672
  outer loop
   vertex 153.54935321375427 -9.27817763944089 -6.29470774854936
   vertex 153.63583618419494 -9.34714550695882 -6.18409187750813
   vertex 153.17593142740628 -9.80705026374747 -6.18409187750813
  endloop
 endfacet
 facet normal 0.37738808670806 -0.60060969934201 -0.70487319502669
  outer loop
   vertex 153.10696355988836 -9.72056729330681 -6.29470774854936
   vertex 153.17593142740628 -9.80705026374747 -6.18409187750813
   vertex 152.62521900705627 -10.15308581207435 -6.18409187750813
  endloop
 endfacet
 facet normal 0.23427794821579 -0.66952790973393 -0.70487319502668
  outer loop
   vertex 152.57722457932317 -10.05342435597029 -6.29470774854936
   vertex 152.62521900705627 -10.15308581207435 -6.18409187750813
   vertex 152.01131394347607 -10.36790048462775 -6.18409187750813
  endloop
 endfacet
 facet normal 0.07942013514044 -0.70487319502668 -0.70487319502670
  outer loop
   vertex 151.98669959654157 -10.26005798441934 -6.29470774854936
   vertex 152.01131394347607 -10.36790048462775 -6.18409187750813
   vertex 151.36499999999785 -10.44072257673787 -6.18409187750813
  endloop
 endfacet
 facet normal 0.45339771324648 -0.05108565329548 -0.88984311518955
  outer loop
   vertex 154.01950849718534 -7.53621407955039 -6.36572750950947
   vertex 154.15889262614411 -7.53621407955039 -6.29470774854936
   vertex 154.08884390486679 -8.15791367609412 -6.29470774854936
  endloop
 endfacet
 facet normal 0.43066245868039 -0.15069531191508 -0.88984311518951
  outer loop
   vertex 153.95295442702977 -8.12689778953952 -6.36572750950947
   vertex 154.08884390486679 -8.15791367609412 -6.29470774854936
   vertex 153.88221027641774 -8.74843865887570 -6.29470774854936
  endloop
 endfacet
 facet normal 0.38633199014619 -0.24274847834643 -0.88984311518951
  outer loop
   vertex 153.75662951554622 -8.68796215182943 -6.36572750950947
   vertex 153.88221027641774 -8.74843865887570 -6.29470774854936
   vertex 153.54935321375427 -9.27817763944089 -6.29470774854936
  endloop
 endfacet
 facet normal 0.32262922244410 -0.32262922244410 -0.88984311518955
  outer loop
   vertex 153.44037831357792 -9.19127305649414 -6.36572750950947
   vertex 153.54935321375427 -9.27817763944089 -6.29470774854936
   vertex 153.10696355988836 -9.72056729330681 -6.29470774854936
  endloop
 endfacet
 facet normal 0.24274847834642 -0.38633199014614 -0.88984311518954
  outer loop
   vertex 153.02005897694161 -9.61159239313046 -6.36572750950947
   vertex 153.10696355988836 -9.72056729330681 -6.29470774854936
   vertex 152.57722457932317 -10.05342435597029 -6.29470774854936
  endloop
 endfacet
 facet normal 0.15069531191506 -0.43066245868034 -0.88984311518954
  outer loop
   vertex 152.51674807227690 -9.92784359509875 -6.36572750950947
   vertex 152.57722457932317 -10.05342435597029 -6.29470774854936
   vertex 151.98669959654157 -10.26005798441934 -6.29470774854936
  endloop
 endfacet
 facet normal 0.05108565329547 -0.45339771324650 -0.88984311518954
  outer loop
   vertex 151.95568370998697 -10.12416850658230 -6.36572750950947
   vertex 151.98669959654157 -10.26005798441934 -6.29470774854936
   vertex 151.36499999999785 -10.33010670569664 -6.29470774854936
  endloop
 endfacet
 facet normal 0.15641017068359 -0.01762319376120 -0.98753495206417
  outer loop
   vertex 153.86499999999785 -7.53621407955039 -6.39019925136189
   vertex 154.01950849718534 -7.53621407955039 -6.36572750950947
   vertex 153.95295442702977 -8.12689778953952 -6.36572750950947
  endloop
 endfacet
 facet normal 0.14856711161353 -0.05198588076036 -0.98753495206417
  outer loop
   vertex 153.80231978045242 -8.09251641444118 -6.39019925136189
   vertex 153.95295442702977 -8.12689778953952 -6.36572750950947
   vertex 153.75662951554622 -8.68796215182943 -6.36572750950947
  endloop
 endfacet
 facet normal 0.13327427720493 -0.08374177862408 -0.98753495206417
  outer loop
   vertex 153.61742216975392 -8.62092342734429 -6.39019925136189
   vertex 153.75662951554622 -8.68796215182943 -6.36572750950947
   vertex 153.44037831357792 -9.19127305649414 -6.36572750950947
  endloop
 endfacet
 facet normal 0.11129851403235 -0.11129851403235 -0.98753495206417
  outer loop
   vertex 153.31957870616793 -9.09493858419723 -6.39019925136189
   vertex 153.44037831357792 -9.19127305649414 -6.36572750950947
   vertex 153.02005897694161 -9.61159239313046 -6.36572750950947
  endloop
 endfacet
 facet normal 0.08374177862407 -0.13327427720493 -0.98753495206417
  outer loop
   vertex 152.92372450464470 -9.49079278572048 -6.39019925136189
   vertex 153.02005897694161 -9.61159239313046 -6.36572750950947
   vertex 152.51674807227690 -9.92784359509875 -6.36572750950947
  endloop
 endfacet
 facet normal 0.05198588076036 -0.14856711161353 -0.98753495206417
  outer loop
   vertex 152.44970934779175 -9.78863624930645 -6.39019925136189
   vertex 152.51674807227690 -9.92784359509875 -6.36572750950947
   vertex 151.95568370998697 -10.12416850658230 -6.36572750950947
  endloop
 endfacet
 facet normal 0.01762319376120 -0.15641017068361 -0.98753495206417
  outer loop
   vertex 151.92130233488865 -9.97353386000496 -6.39019925136189
   vertex 151.95568370998697 -10.12416850658230 -6.36572750950947
   vertex 151.36499999999785 -10.19072257673788 -6.36572750950947
  endloop
 endfacet
 facet normal -0.03008073297841 -0.15383777507610 -0.98763813639567
  outer loop
   vertex 125.17216331331124 -10.10322593615489 -6.36572750950947
   vertex 125.21150585607177 -9.95381027421724 -6.39019925136189
   vertex 125.52713802873150 -10.01552754164702 -6.39019925136189
  endloop
 endfacet
 facet normal -0.01008253036522 -0.15642651347620 -0.98763813639567
  outer loop
   vertex 125.50730262703566 -10.16875754048110 -6.36572750950947
   vertex 125.52713802873150 -10.01552754164702 -6.39019925136189
   vertex 125.84808156997590 -10.03621407955039 -6.39019925136189
  endloop
 endfacet
 facet normal -0.08726477156636 -0.44628627600027 -0.89062529691071
  outer loop
   vertex 125.13667189275171 -10.23801575206196 -6.29470774854937
   vertex 125.17216331331124 -10.10322593615489 -6.36572750950947
   vertex 125.50730262703566 -10.16875754048110 -6.36572750950947
  endloop
 endfacet
 facet normal -0.02924961003322 -0.45379625473953 -0.89062529691070
  outer loop
   vertex 125.48940885265914 -10.30698831941313 -6.29470774854937
   vertex 125.50730262703566 -10.16875754048110 -6.36572750950947
   vertex 125.84808156997590 -10.19072257673786 -6.36572750950947
  endloop
 endfacet
 facet normal -0.13583523869509 -0.69468356747765 -0.70637350531087
  outer loop
   vertex 125.10850574192085 -10.34498555562158 -6.18409187750813
   vertex 125.13667189275171 -10.23801575206196 -6.29470774854937
   vertex 125.48940885265914 -10.30698831941313 -6.29470774854937
  endloop
 endfacet
 facet normal -0.04552957269336 -0.70637350531088 -0.70637350531088
  outer loop
   vertex 125.47520827291122 -10.41668888669077 -6.18409187750813
   vertex 125.48940885265914 -10.30698831941313 -6.29470774854937
   vertex 125.84808156997590 -10.33010670569663 -6.29470774854937
  endloop
 endfacet
 facet normal -0.17105820533576 -0.87481956427896 -0.45324366552891
  outer loop
   vertex 125.09042195990705 -10.41366439715890 -6.04470774854937
   vertex 125.10850574192085 -10.34498555562158 -6.18409187750813
   vertex 125.47520827291122 -10.41668888669077 -6.18409187750813
  endloop
 endfacet
 facet normal -0.05733568895264 -0.88954077952067 -0.45324366552891
  outer loop
   vertex 125.46609093947887 -10.48712098646008 -6.04470774854937
   vertex 125.47520827291122 -10.41668888669077 -6.18409187750813
   vertex 125.84808156997590 -10.44072257673786 -6.18409187750813
  endloop
 endfacet
 facet normal -0.18954821285814 -0.96938047874953 -0.15611842435026
  outer loop
   vertex 125.08419071329099 -10.43732951315059 -5.89019925136189
   vertex 125.09042195990705 -10.41366439715890 -6.04470774854937
   vertex 125.46609093947887 -10.48712098646008 -6.04470774854937
  endloop
 endfacet
 facet normal -0.06353321287705 -0.98569293821142 -0.15611842435044
  outer loop
   vertex 125.46294932048268 -10.51139023406634 -5.89019925136189
   vertex 125.46609093947887 -10.48712098646008 -6.04470774854937
   vertex 125.84808156997590 -10.51174233769796 -6.04470774854937
  endloop
 endfacet
 facet normal -0.06353321287708 -0.98569293821140 -0.15611842435050
  outer loop
   vertex 125.84808156997590 -10.51174233769796 -6.04470774854937
   vertex 125.84808156997590 -10.53621407955039 -5.89019925136189
   vertex 125.46294932048268 -10.51139023406634 -5.89019925136189
  endloop
 endfacet
 facet normal -0.18954821285820 -0.96938047874950 -0.15611842435043
  outer loop
   vertex 125.46609093947887 -10.48712098646008 -6.04470774854937
   vertex 125.46294932048268 -10.51139023406634 -5.89019925136189
   vertex 125.08419071329099 -10.43732951315059 -5.89019925136189
  endloop
 endfacet
 facet normal -0.05733568895264 -0.88954077952067 -0.45324366552891
  outer loop
   vertex 125.84808156997590 -10.44072257673786 -6.18409187750813
   vertex 125.84808156997590 -10.51174233769796 -6.04470774854937
   vertex 125.46609093947887 -10.48712098646008 -6.04470774854937
  endloop
 endfacet
 facet normal -0.17105820533576 -0.87481956427896 -0.45324366552891
  outer loop
   vertex 125.47520827291122 -10.41668888669077 -6.18409187750813
   vertex 125.46609093947887 -10.48712098646008 -6.04470774854937
   vertex 125.09042195990705 -10.41366439715890 -6.04470774854937
  endloop
 endfacet
 facet normal -0.04552957269336 -0.70637350531089 -0.70637350531087
  outer loop
   vertex 125.84808156997590 -10.33010670569663 -6.29470774854937
   vertex 125.84808156997590 -10.44072257673786 -6.18409187750813
   vertex 125.47520827291122 -10.41668888669077 -6.18409187750813
  endloop
 endfacet
 facet normal -0.13583523869509 -0.69468356747764 -0.70637350531088
  outer loop
   vertex 125.48940885265914 -10.30698831941313 -6.29470774854937
   vertex 125.47520827291122 -10.41668888669077 -6.18409187750813
   vertex 125.10850574192085 -10.34498555562158 -6.18409187750813
  endloop
 endfacet
 facet normal -0.02924961003322 -0.45379625473953 -0.89062529691071
  outer loop
   vertex 125.84808156997590 -10.19072257673786 -6.36572750950947
   vertex 125.84808156997590 -10.33010670569663 -6.29470774854937
   vertex 125.48940885265914 -10.30698831941313 -6.29470774854937
  endloop
 endfacet
 facet normal -0.08726477156636 -0.44628627600027 -0.89062529691071
  outer loop
   vertex 125.50730262703566 -10.16875754048110 -6.36572750950947
   vertex 125.48940885265914 -10.30698831941313 -6.29470774854937
   vertex 125.13667189275171 -10.23801575206196 -6.29470774854937
  endloop
 endfacet
 facet normal -0.01008253036522 -0.15642651347620 -0.98763813639567
  outer loop
   vertex 125.84808156997590 -10.03621407955039 -6.39019925136189
   vertex 125.84808156997590 -10.19072257673786 -6.36572750950947
   vertex 125.50730262703566 -10.16875754048110 -6.36572750950947
  endloop
 endfacet
 facet normal -0.03008073297841 -0.15383777507611 -0.98763813639567
  outer loop
   vertex 125.52713802873150 -10.01552754164702 -6.39019925136189
   vertex 125.50730262703566 -10.16875754048110 -6.36572750950947
   vertex 125.17216331331124 -10.10322593615489 -6.36572750950947
  endloop
 endfacet
 facet normal 0.98768834059512 -0.00000000000000 -0.15643446504032
  outer loop
   vertex 154.36499999999791 145.49999999996808 -5.89019925136189
   vertex 154.36499999999785 -7.53621407955039 -5.89019925136189
   vertex 154.34052825814541 -7.53621407955039 -6.04470774854936
  endloop
 endfacet
 facet normal 0.89100652418838 -0.00000000000000 -0.45399049973953
  outer loop
   vertex 154.34052825814550 145.49999999996808 -6.04470774854936
   vertex 154.34052825814541 -7.53621407955039 -6.04470774854936
   vertex 154.26950849718531 -7.53621407955039 -6.18409187750813
  endloop
 endfacet
 facet normal 0.70710678118656 -0.00000000000000 -0.70710678118653
  outer loop
   vertex 154.26950849718540 145.49999999996808 -6.18409187750813
   vertex 154.26950849718531 -7.53621407955039 -6.18409187750813
   vertex 154.15889262614408 -7.53621407955039 -6.29470774854936
  endloop
 endfacet
 facet normal 0.45399049973955 -0.00000000000000 -0.89100652418837
  outer loop
   vertex 154.15889262614417 145.49999999996808 -6.29470774854936
   vertex 154.15889262614408 -7.53621407955039 -6.29470774854936
   vertex 154.01950849718531 -7.53621407955039 -6.36572750950947
  endloop
 endfacet
 facet normal 0.15643446504024 -0.00000000000000 -0.98768834059514
  outer loop
   vertex 154.01950849718537 145.49999999996808 -6.36572750950947
   vertex 154.01950849718531 -7.53621407955039 -6.36572750950947
   vertex 153.86499999999785 -7.53621407955039 -6.39019925136189
  endloop
 endfacet
 facet normal 0.15643446504024 -0.00000000000000 -0.98768834059514
  outer loop
   vertex 153.86499999999785 -7.53621407955039 -6.39019925136189
   vertex 153.86499999999791 145.49999999996808 -6.39019925136189
   vertex 154.01950849718537 145.49999999996808 -6.36572750950947
  endloop
 endfacet
 facet normal 0.45399049973948 -0.00000000000000 -0.89100652418840
  outer loop
   vertex 154.01950849718531 -7.53621407955039 -6.36572750950947
   vertex 154.01950849718537 145.49999999996808 -6.36572750950947
   vertex 154.15889262614417 145.49999999996808 -6.29470774854936
  endloop
 endfacet
 facet normal 0.70710678118656 -0.00000000000000 -0.70710678118653
  outer loop
   vertex 154.15889262614408 -7.53621407955039 -6.29470774854936
   vertex 154.15889262614417 145.49999999996808 -6.29470774854936
   vertex 154.26950849718540 145.49999999996808 -6.18409187750813
  endloop
 endfacet
 facet normal 0.89100652418838 -0.00000000000000 -0.45399049973953
  outer loop
   vertex 154.26950849718531 -7.53621407955039 -6.18409187750813
   vertex 154.26950849718540 145.49999999996808 -6.18409187750813
   vertex 154.34052825814550 145.49999999996808 -6.04470774854936
  endloop
 endfacet
 facet normal 0.98768834059515 -0.00000000000000 -0.15643446504014
  outer loop
   vertex 154.34052825814541 -7.53621407955039 -6.04470774854936
   vertex 154.34052825814550 145.49999999996808 -6.04470774854936
   vertex 154.36499999999791 145.49999999996808 -5.89019925136189
  endloop
 endfacet
 facet normal -0.25149536421159 -0.95513262949585 -0.15643446504021
  outer loop
   vertex 125.08419071329099 -10.43732951315059 -5.89019925136189
   vertex -8.25889085668474 24.67315234970566 -5.89019925136189
   vertex -8.25265961006867 24.69681746569739 -6.04470774854937
  endloop
 endfacet
 facet normal -0.22687724569132 -0.86163759292047 -0.45399049973952
  outer loop
   vertex 125.09042195990705 -10.41366439715888 -6.04470774854937
   vertex -8.25265961006867 24.69681746569739 -6.04470774854937
   vertex -8.23457582805488 24.76549630723470 -6.18409187750813
  endloop
 endfacet
 facet normal -0.18005080161606 -0.68379946536790 -0.70710678118654
  outer loop
   vertex 125.10850574192085 -10.34498555562156 -6.18409187750813
   vertex -8.23457582805488 24.76549630723470 -6.18409187750813
   vertex -8.20640967722401 24.87246611079432 -6.29470774854936
  endloop
 endfacet
 facet normal -0.11559973059093 -0.43902628183410 -0.89100652418836
  outer loop
   vertex 125.13667189275171 -10.23801575206194 -6.29470774854936
   vertex -8.20640967722401 24.87246611079432 -6.29470774854936
   vertex -8.17091825666448 25.00725592670139 -6.36572750950947
  endloop
 endfacet
 facet normal -0.03983295250487 -0.15127814695840 -0.98768834059514
  outer loop
   vertex 125.17216331331124 -10.10322593615487 -6.36572750950947
   vertex -8.17091825666448 25.00725592670139 -6.36572750950947
   vertex -8.13157571390395 25.15667158863904 -6.39019925136189
  endloop
 endfacet
 facet normal -0.03983295250487 -0.15127814695842 -0.98768834059513
  outer loop
   vertex -8.13157571390395 25.15667158863904 -6.39019925136189
   vertex 125.21150585607177 -9.95381027421724 -6.39019925136189
   vertex 125.17216331331124 -10.10322593615487 -6.36572750950947
  endloop
 endfacet
 facet normal -0.11559973059092 -0.43902628183408 -0.89100652418837
  outer loop
   vertex -8.17091825666448 25.00725592670139 -6.36572750950947
   vertex 125.17216331331124 -10.10322593615487 -6.36572750950947
   vertex 125.13667189275171 -10.23801575206194 -6.29470774854936
  endloop
 endfacet
 facet normal -0.18005080161607 -0.68379946536792 -0.70710678118652
  outer loop
   vertex -8.20640967722401 24.87246611079432 -6.29470774854936
   vertex 125.13667189275171 -10.23801575206194 -6.29470774854936
   vertex 125.10850574192085 -10.34498555562156 -6.18409187750813
  endloop
 endfacet
 facet normal -0.22687724569132 -0.86163759292046 -0.45399049973954
  outer loop
   vertex -8.23457582805488 24.76549630723470 -6.18409187750813
   vertex 125.10850574192085 -10.34498555562156 -6.18409187750813
   vertex 125.09042195990705 -10.41366439715888 -6.04470774854937
  endloop
 endfacet
 facet normal -0.25149536421159 -0.95513262949587 -0.15643446504012
  outer loop
   vertex -8.25265961006867 24.69681746569739 -6.04470774854937
   vertex 125.09042195990705 -10.41366439715888 -6.04470774854937
   vertex 125.08419071329099 -10.43732951315059 -5.89019925136189
  endloop
 endfacet
 facet normal 0.15641017068356 0.01762319376118 -0.98753495206418
  outer loop
   vertex 154.01950849718543 145.49999999996808 -6.36572750950947
   vertex 153.86499999999791 145.49999999996808 -6.39019925136189
   vertex 153.80231978045251 146.05630233485888 -6.39019925136189
  endloop
 endfacet
 facet normal 0.14856711161356 0.05198588076038 -0.98753495206416
  outer loop
   vertex 153.95295442702982 146.09068370995720 -6.36572750950947
   vertex 153.80231978045251 146.05630233485888 -6.39019925136189
   vertex 153.61742216975398 146.58470934776199 -6.39019925136189
  endloop
 endfacet
 facet normal 0.13327427720493 0.08374177862407 -0.98753495206417
  outer loop
   vertex 153.75662951554628 146.65174807224713 -6.36572750950947
   vertex 153.61742216975398 146.58470934776199 -6.39019925136189
   vertex 153.31957870616802 147.05872450461493 -6.39019925136189
  endloop
 endfacet
 facet normal 0.11129851403235 0.11129851403235 -0.98753495206417
  outer loop
   vertex 153.44037831357801 147.15505897691185 -6.36572750950947
   vertex 153.31957870616802 147.05872450461493 -6.39019925136189
   vertex 152.92372450464478 147.45457870613816 -6.39019925136189
  endloop
 endfacet
 facet normal 0.08374177862408 0.13327427720494 -0.98753495206417
  outer loop
   vertex 153.02005897694167 147.57537831354816 -6.36572750950947
   vertex 152.92372450464478 147.45457870613816 -6.39019925136189
   vertex 152.44970934779184 147.75242216972416 -6.39019925136189
  endloop
 endfacet
 facet normal 0.05198588076038 0.14856711161357 -0.98753495206416
  outer loop
   vertex 152.51674807227695 147.89162951551643 -6.36572750950947
   vertex 152.44970934779184 147.75242216972416 -6.39019925136189
   vertex 151.92130233488871 147.93731978042268 -6.39019925136189
  endloop
 endfacet
 facet normal 0.01762319376121 0.15641017068362 -0.98753495206417
  outer loop
   vertex 151.95568370998706 148.08795442700000 -6.36572750950947
   vertex 151.92130233488871 147.93731978042268 -6.39019925136189
   vertex 151.36499999999791 147.99999999996817 -6.39019925136189
  endloop
 endfacet
 facet normal 0.45339771324649 0.05108565329549 -0.88984311518954
  outer loop
   vertex 154.15889262614419 145.49999999996808 -6.29470774854936
   vertex 154.01950849718543 145.49999999996808 -6.36572750950947
   vertex 153.95295442702982 146.09068370995720 -6.36572750950947
  endloop
 endfacet
 facet normal 0.43066245868033 0.15069531191505 -0.88984311518955
  outer loop
   vertex 154.08884390486688 146.12169959651180 -6.29470774854936
   vertex 153.95295442702982 146.09068370995720 -6.36572750950947
   vertex 153.75662951554628 146.65174807224713 -6.36572750950947
  endloop
 endfacet
 facet normal 0.38633199014617 0.24274847834642 -0.88984311518952
  outer loop
   vertex 153.88221027641782 146.71222457929338 -6.29470774854936
   vertex 153.75662951554628 146.65174807224713 -6.36572750950947
   vertex 153.44037831357801 147.15505897691185 -6.36572750950947
  endloop
 endfacet
 facet normal 0.32262922244410 0.32262922244412 -0.88984311518953
  outer loop
   vertex 153.54935321375436 147.24196355985859 -6.29470774854936
   vertex 153.44037831357801 147.15505897691185 -6.36572750950947
   vertex 153.02005897694167 147.57537831354816 -6.36572750950947
  endloop
 endfacet
 facet normal 0.24274847834639 0.38633199014611 -0.88984311518956
  outer loop
   vertex 153.10696355988844 147.68435321372451 -6.29470774854936
   vertex 153.02005897694167 147.57537831354816 -6.36572750950947
   vertex 152.51674807227695 147.89162951551643 -6.36572750950947
  endloop
 endfacet
 facet normal 0.15069531191506 0.43066245868026 -0.88984311518958
  outer loop
   vertex 152.57722457932323 148.01721027638800 -6.29470774854936
   vertex 152.51674807227695 147.89162951551643 -6.36572750950947
   vertex 151.95568370998706 148.08795442700000 -6.36572750950947
  endloop
 endfacet
 facet normal 0.05108565329546 0.45339771324648 -0.88984311518955
  outer loop
   vertex 151.98669959654165 148.22384390483705 -6.29470774854936
   vertex 151.95568370998706 148.08795442700000 -6.36572750950947
   vertex 151.36499999999791 148.15450849715558 -6.36572750950947
  endloop
 endfacet
 facet normal 0.70487319502670 0.07942013514047 -0.70487319502668
  outer loop
   vertex 154.26950849718543 145.49999999996808 -6.18409187750812
   vertex 154.15889262614419 145.49999999996808 -6.29470774854936
   vertex 154.08884390486688 146.12169959651180 -6.29470774854936
  endloop
 endfacet
 facet normal 0.66952790973386 0.23427794821577 -0.70487319502675
  outer loop
   vertex 154.19668640507530 146.14631394344630 -6.18409187750812
   vertex 154.08884390486688 146.12169959651180 -6.29470774854936
   vertex 153.88221027641782 146.71222457929338 -6.29470774854936
  endloop
 endfacet
 facet normal 0.60060969934197 0.37738808670800 -0.70487319502675
  outer loop
   vertex 153.98187173252188 146.76021900702654 -6.18409187750812
   vertex 153.88221027641782 146.71222457929338 -6.29470774854936
   vertex 153.54935321375436 147.24196355985859 -6.29470774854936
  endloop
 endfacet
 facet normal 0.50157441069743 0.50157441069743 -0.70487319502663
  outer loop
   vertex 153.63583618419500 147.31093142737652 -6.18409187750812
   vertex 153.54935321375436 147.24196355985859 -6.29470774854936
   vertex 153.10696355988844 147.68435321372451 -6.29470774854936
  endloop
 endfacet
 facet normal 0.37738808670805 0.60060969934199 -0.70487319502670
  outer loop
   vertex 153.17593142740637 147.77083618416518 -6.18409187750812
   vertex 153.10696355988844 147.68435321372451 -6.29470774854936
   vertex 152.57722457932323 148.01721027638800 -6.29470774854936
  endloop
 endfacet
 facet normal 0.23427794821579 0.66952790973391 -0.70487319502669
  outer loop
   vertex 152.62521900705636 148.11687173249206 -6.18409187750812
   vertex 152.57722457932323 148.01721027638800 -6.29470774854936
   vertex 151.98669959654165 148.22384390483705 -6.29470774854936
  endloop
 endfacet
 facet normal 0.07942013514044 0.70487319502675 -0.70487319502664
  outer loop
   vertex 152.01131394347613 148.33168640504545 -6.18409187750812
   vertex 151.98669959654165 148.22384390483705 -6.29470774854936
   vertex 151.36499999999791 148.29389262611434 -6.29470774854936
  endloop
 endfacet
 facet normal 0.88655012423965 0.09989020886690 -0.45171985055252
  outer loop
   vertex 154.34052825814553 145.49999999996808 -6.04470774854936
   vertex 154.26950849718543 145.49999999996808 -6.18409187750812
   vertex 154.19668640507530 146.14631394344630 -6.18409187750812
  endloop
 endfacet
 facet normal 0.84209479909936 0.29466171442292 -0.45171985055248
  outer loop
   vertex 154.26592555235177 146.16211732698449 -6.04470774854936
   vertex 154.19668640507530 146.14631394344630 -6.18409187750812
   vertex 153.98187173252188 146.76021900702654 -6.18409187750812
  endloop
 endfacet
 facet normal 0.75541332445051 0.47465765121757 -0.45171985055258
  outer loop
   vertex 154.04585832615282 146.79103332646312 -6.04470774854936
   vertex 153.98187173252188 146.76021900702654 -6.18409187750812
   vertex 153.63583618419500 147.31093142737652 -6.18409187750812
  endloop
 endfacet
 facet normal 0.63085227138245 0.63085227138241 -0.45171985055260
  outer loop
   vertex 153.69136166919097 147.35521152406560 -6.04470774854936
   vertex 153.63583618419500 147.31093142737652 -6.18409187750812
   vertex 153.17593142740637 147.77083618416518 -6.18409187750812
  endloop
 endfacet
 facet normal 0.47465765121755 0.75541332445052 -0.45171985055260
  outer loop
   vertex 153.22021152409545 147.82636166916114 -6.04470774854936
   vertex 153.17593142740637 147.77083618416518 -6.18409187750812
   vertex 152.62521900705636 148.11687173249206 -6.18409187750812
  endloop
 endfacet
 facet normal 0.29466171442286 0.84209479909931 -0.45171985055261
  outer loop
   vertex 152.65603332649295 148.18085832612300 -6.04470774854936
   vertex 152.62521900705636 148.11687173249206 -6.18409187750812
   vertex 152.01131394347613 148.33168640504545 -6.18409187750812
  endloop
 endfacet
 facet normal 0.09989020886689 0.88655012423958 -0.45171985055266
  outer loop
   vertex 152.02711732701434 148.40092555232195 -6.04470774854936
   vertex 152.01131394347613 148.33168640504545 -6.18409187750812
   vertex 151.36499999999791 148.40450849715558 -6.18409187750812
  endloop
 endfacet
 facet normal 0.98162854659713 0.11060297423499 -0.15547468795910
  outer loop
   vertex 154.36499999999791 145.49999999996808 -5.89019925136189
   vertex 154.34052825814553 145.49999999996808 -6.04470774854936
   vertex 154.26592555235177 146.16211732698449 -6.04470774854936
  endloop
 endfacet
 facet normal 0.93240559234686 0.32626282773895 -0.15547468795941
  outer loop
   vertex 154.04585832615282 146.79103332646312 -6.04470774854936
   vertex 154.06790660370521 146.80165121732077 -5.89019925136189
   vertex 154.20107763860744 146.42107026501930 -5.89019925136189
  endloop
 endfacet
 facet normal 0.93240559234686 0.32626282773894 -0.15547468795943
  outer loop
   vertex 154.20107763860744 146.42107026501930 -5.89019925136189
   vertex 154.26592555235177 146.16211732698449 -6.04470774854936
   vertex 154.04585832615282 146.79103332646312 -6.04470774854936
  endloop
 endfacet
 facet normal 0.83642792830968 0.52556250070521 -0.15547468795934
  outer loop
   vertex 154.04585832615282 146.79103332646312 -6.04470774854936
   vertex 153.69136166919097 147.35521152406560 -6.04470774854936
   vertex 153.78183271933094 147.25693519616172 -5.89019925136189
  endloop
 endfacet
 facet normal 0.83642792830971 0.52556250070516 -0.15547468795939
  outer loop
   vertex 153.69136166919097 147.35521152406560 -6.04470774854936
   vertex 153.71049444740203 147.37046940554430 -5.89019925136189
   vertex 153.78183271933094 147.25693519616172 -5.89019925136189
  endloop
 endfacet
 facet normal 0.69850827532821 0.69850827532817 -0.15547468795938
  outer loop
   vertex 153.71049444740203 147.37046940554430 -5.89019925136189
   vertex 153.69136166919097 147.35521152406560 -6.04470774854936
   vertex 153.22021152409545 147.82636166916114 -6.04470774854936
  endloop
 endfacet
 facet normal 0.52556250070523 0.83642792830967 -0.15547468795935
  outer loop
   vertex 152.65603332649295 148.18085832612300 -6.04470774854936
   vertex 152.66665121735062 148.20290660367536 -5.89019925136189
   vertex 153.12193519619157 147.91683271930108 -5.89019925136189
  endloop
 endfacet
 facet normal 0.52556250070520 0.83642792830971 -0.15547468795921
  outer loop
   vertex 153.12193519619157 147.91683271930108 -5.89019925136189
   vertex 153.22021152409545 147.82636166916114 -6.04470774854936
   vertex 152.65603332649295 148.18085832612300 -6.04470774854936
  endloop
 endfacet
 facet normal 0.32626282773896 0.93240559234688 -0.15547468795929
  outer loop
   vertex 152.65603332649295 148.18085832612300 -6.04470774854936
   vertex 152.02711732701434 148.40092555232195 -6.04470774854936
   vertex 152.28607026504915 148.33607763857759 -5.89019925136189
  endloop
 endfacet
 facet normal 0.32626282773894 0.93240559234690 -0.15547468795924
  outer loop
   vertex 152.02711732701434 148.40092555232195 -6.04470774854936
   vertex 152.03256280186685 148.42478373651358 -5.89019925136189
   vertex 152.28607026504915 148.33607763857759 -5.89019925136189
  endloop
 endfacet
 facet normal 0.11060297423494 0.98162854659711 -0.15547468795928
  outer loop
   vertex 152.03256280186685 148.42478373651358 -5.89019925136189
   vertex 152.02711732701434 148.40092555232195 -6.04470774854936
   vertex 151.36499999999791 148.47552825811567 -6.04470774854936
  endloop
 endfacet
 facet normal 0.11060297423498 0.98162854659708 -0.15547468795946
  outer loop
   vertex 151.36499999999791 148.47552825811567 -6.04470774854936
   vertex 151.36499999999791 148.49999999996811 -5.89019925136189
   vertex 152.03256280186685 148.42478373651358 -5.89019925136189
  endloop
 endfacet
 facet normal 0.32626282773896 0.93240559234688 -0.15547468795930
  outer loop
   vertex 152.28607026504915 148.33607763857759 -5.89019925136189
   vertex 152.66665121735062 148.20290660367536 -5.89019925136189
   vertex 152.65603332649295 148.18085832612300 -6.04470774854936
  endloop
 endfacet
 facet normal 0.52556250070528 0.83642792830968 -0.15547468795914
  outer loop
   vertex 153.12193519619157 147.91683271930108 -5.89019925136189
   vertex 153.23546940557412 147.84549444737218 -5.89019925136189
   vertex 153.22021152409545 147.82636166916114 -6.04470774854936
  endloop
 endfacet
 facet normal 0.69850827532820 0.69850827532824 -0.15547468795913
  outer loop
   vertex 153.22021152409545 147.82636166916114 -6.04470774854936
   vertex 153.23546940557412 147.84549444737218 -5.89019925136189
   vertex 153.71049444740203 147.37046940554430 -5.89019925136189
  endloop
 endfacet
 facet normal 0.83642792830967 0.52556250070522 -0.15547468795940
  outer loop
   vertex 153.78183271933094 147.25693519616172 -5.89019925136189
   vertex 154.06790660370521 146.80165121732077 -5.89019925136189
   vertex 154.04585832615282 146.79103332646312 -6.04470774854936
  endloop
 endfacet
 facet normal 0.93240559234685 0.32626282773896 -0.15547468795947
  outer loop
   vertex 154.20107763860744 146.42107026501930 -5.89019925136189
   vertex 154.28978373654343 146.16756280183702 -5.89019925136189
   vertex 154.26592555235177 146.16211732698449 -6.04470774854936
  endloop
 endfacet
 facet normal 0.98162854659708 0.11060297423489 -0.15547468795947
  outer loop
   vertex 154.26592555235177 146.16211732698449 -6.04470774854936
   vertex 154.28978373654343 146.16756280183702 -5.89019925136189
   vertex 154.36499999999791 145.49999999996808 -5.89019925136189
  endloop
 endfacet
 facet normal 0.09989020886686 0.88655012423965 -0.45171985055252
  outer loop
   vertex 151.36499999999791 148.40450849715558 -6.18409187750812
   vertex 151.36499999999791 148.47552825811567 -6.04470774854936
   vertex 152.02711732701434 148.40092555232195 -6.04470774854936
  endloop
 endfacet
 facet normal 0.29466171442287 0.84209479909928 -0.45171985055267
  outer loop
   vertex 152.01131394347613 148.33168640504545 -6.18409187750812
   vertex 152.02711732701434 148.40092555232195 -6.04470774854936
   vertex 152.65603332649295 148.18085832612300 -6.04470774854936
  endloop
 endfacet
 facet normal 0.47465765121755 0.75541332445053 -0.45171985055258
  outer loop
   vertex 152.62521900705636 148.11687173249206 -6.18409187750812
   vertex 152.65603332649295 148.18085832612300 -6.04470774854936
   vertex 153.22021152409545 147.82636166916114 -6.04470774854936
  endloop
 endfacet
 facet normal 0.63085227138245 0.63085227138241 -0.45171985055260
  outer loop
   vertex 153.17593142740637 147.77083618416518 -6.18409187750812
   vertex 153.22021152409545 147.82636166916114 -6.04470774854936
   vertex 153.69136166919097 147.35521152406560 -6.04470774854936
  endloop
 endfacet
 facet normal 0.75541332445051 0.47465765121756 -0.45171985055260
  outer loop
   vertex 153.63583618419500 147.31093142737652 -6.18409187750812
   vertex 153.69136166919097 147.35521152406560 -6.04470774854936
   vertex 154.04585832615282 146.79103332646312 -6.04470774854936
  endloop
 endfacet
 facet normal 0.84209479909931 0.29466171442287 -0.45171985055261
  outer loop
   vertex 153.98187173252188 146.76021900702654 -6.18409187750812
   vertex 154.04585832615282 146.79103332646312 -6.04470774854936
   vertex 154.26592555235177 146.16211732698449 -6.04470774854936
  endloop
 endfacet
 facet normal 0.88655012423966 0.09989020886690 -0.45171985055250
  outer loop
   vertex 154.19668640507530 146.14631394344630 -6.18409187750812
   vertex 154.26592555235177 146.16211732698449 -6.04470774854936
   vertex 154.34052825814553 145.49999999996808 -6.04470774854936
  endloop
 endfacet
 facet normal 0.07942013514045 0.70487319502670 -0.70487319502668
  outer loop
   vertex 151.36499999999791 148.29389262611434 -6.29470774854936
   vertex 151.36499999999791 148.40450849715558 -6.18409187750812
   vertex 152.01131394347613 148.33168640504545 -6.18409187750812
  endloop
 endfacet
 facet normal 0.23427794821579 0.66952790973398 -0.70487319502663
  outer loop
   vertex 151.98669959654165 148.22384390483705 -6.29470774854936
   vertex 152.01131394347613 148.33168640504545 -6.18409187750812
   vertex 152.62521900705636 148.11687173249206 -6.18409187750812
  endloop
 endfacet
 facet normal 0.37738808670805 0.60060969934200 -0.70487319502670
  outer loop
   vertex 152.57722457932323 148.01721027638800 -6.29470774854936
   vertex 152.62521900705636 148.11687173249206 -6.18409187750812
   vertex 153.17593142740637 147.77083618416518 -6.18409187750812
  endloop
 endfacet
 facet normal 0.50157441069740 0.50157441069737 -0.70487319502670
  outer loop
   vertex 153.10696355988844 147.68435321372451 -6.29470774854936
   vertex 153.17593142740637 147.77083618416518 -6.18409187750812
   vertex 153.63583618419500 147.31093142737652 -6.18409187750812
  endloop
 endfacet
 facet normal 0.60060969934205 0.37738808670811 -0.70487319502663
  outer loop
   vertex 153.54935321375436 147.24196355985859 -6.29470774854936
   vertex 153.63583618419500 147.31093142737652 -6.18409187750812
   vertex 153.98187173252188 146.76021900702654 -6.18409187750812
  endloop
 endfacet
 facet normal 0.66952790973388 0.23427794821578 -0.70487319502672
  outer loop
   vertex 153.88221027641782 146.71222457929338 -6.29470774854936
   vertex 153.98187173252188 146.76021900702654 -6.18409187750812
   vertex 154.19668640507530 146.14631394344630 -6.18409187750812
  endloop
 endfacet
 facet normal 0.70487319502664 0.07942013514044 -0.70487319502674
  outer loop
   vertex 154.08884390486688 146.12169959651180 -6.29470774854936
   vertex 154.19668640507530 146.14631394344630 -6.18409187750812
   vertex 154.26950849718543 145.49999999996808 -6.18409187750812
  endloop
 endfacet
 facet normal 0.05108565329546 0.45339771324649 -0.88984311518954
  outer loop
   vertex 151.36499999999791 148.15450849715558 -6.36572750950947
   vertex 151.36499999999791 148.29389262611434 -6.29470774854936
   vertex 151.98669959654165 148.22384390483705 -6.29470774854936
  endloop
 endfacet
 facet normal 0.15069531191506 0.43066245868033 -0.88984311518955
  outer loop
   vertex 151.95568370998706 148.08795442700000 -6.36572750950947
   vertex 151.98669959654165 148.22384390483705 -6.29470774854936
   vertex 152.57722457932323 148.01721027638800 -6.29470774854936
  endloop
 endfacet
 facet normal 0.24274847834638 0.38633199014608 -0.88984311518957
  outer loop
   vertex 152.51674807227695 147.89162951551643 -6.36572750950947
   vertex 152.57722457932323 148.01721027638800 -6.29470774854936
   vertex 153.10696355988844 147.68435321372451 -6.29470774854936
  endloop
 endfacet
 facet normal 0.32262922244407 0.32262922244407 -0.88984311518956
  outer loop
   vertex 153.02005897694167 147.57537831354816 -6.36572750950947
   vertex 153.10696355988844 147.68435321372451 -6.29470774854936
   vertex 153.54935321375436 147.24196355985859 -6.29470774854936
  endloop
 endfacet
 facet normal 0.38633199014615 0.24274847834640 -0.88984311518954
  outer loop
   vertex 153.44037831357801 147.15505897691185 -6.36572750950947
   vertex 153.54935321375436 147.24196355985859 -6.29470774854936
   vertex 153.88221027641782 146.71222457929338 -6.29470774854936
  endloop
 endfacet
 facet normal 0.43066245868036 0.15069531191508 -0.88984311518953
  outer loop
   vertex 153.75662951554628 146.65174807224713 -6.36572750950947
   vertex 153.88221027641782 146.71222457929338 -6.29470774854936
   vertex 154.08884390486688 146.12169959651180 -6.29470774854936
  endloop
 endfacet
 facet normal 0.45339771324648 0.05108565329548 -0.88984311518955
  outer loop
   vertex 153.95295442702982 146.09068370995720 -6.36572750950947
   vertex 154.08884390486688 146.12169959651180 -6.29470774854936
   vertex 154.15889262614419 145.49999999996808 -6.29470774854936
  endloop
 endfacet
 facet normal 0.01762319376121 0.15641017068367 -0.98753495206416
  outer loop
   vertex 151.36499999999791 147.99999999996817 -6.39019925136189
   vertex 151.36499999999791 148.15450849715558 -6.36572750950947
   vertex 151.95568370998706 148.08795442700000 -6.36572750950947
  endloop
 endfacet
 facet normal 0.05198588076038 0.14856711161355 -0.98753495206417
  outer loop
   vertex 151.92130233488871 147.93731978042268 -6.39019925136189
   vertex 151.95568370998706 148.08795442700000 -6.36572750950947
   vertex 152.51674807227695 147.89162951551643 -6.36572750950947
  endloop
 endfacet
 facet normal 0.08374177862409 0.13327427720496 -0.98753495206416
  outer loop
   vertex 152.44970934779184 147.75242216972416 -6.39019925136189
   vertex 152.51674807227695 147.89162951551643 -6.36572750950947
   vertex 153.02005897694167 147.57537831354816 -6.36572750950947
  endloop
 endfacet
 facet normal 0.11129851403236 0.11129851403237 -0.98753495206417
  outer loop
   vertex 152.92372450464478 147.45457870613816 -6.39019925136189
   vertex 153.02005897694167 147.57537831354816 -6.36572750950947
   vertex 153.44037831357801 147.15505897691185 -6.36572750950947
  endloop
 endfacet
 facet normal 0.13327427720493 0.08374177862407 -0.98753495206417
  outer loop
   vertex 153.31957870616802 147.05872450461493 -6.39019925136189
   vertex 153.44037831357801 147.15505897691185 -6.36572750950947
   vertex 153.75662951554628 146.65174807224713 -6.36572750950947
  endloop
 endfacet
 facet normal 0.14856711161354 0.05198588076036 -0.98753495206417
  outer loop
   vertex 153.61742216975398 146.58470934776199 -6.39019925136189
   vertex 153.75662951554628 146.65174807224713 -6.36572750950947
   vertex 153.95295442702982 146.09068370995720 -6.36572750950947
  endloop
 endfacet
 facet normal 0.15641017068363 0.01762319376121 -0.98753495206417
  outer loop
   vertex 153.80231978045251 146.05630233485888 -6.39019925136189
   vertex 153.95295442702982 146.09068370995720 -6.36572750950947
   vertex 154.01950849718543 145.49999999996808 -6.36572750950947
  endloop
 endfacet
 facet normal -0.15641135851222 -0.01718700035981 -0.98754245171891
  outer loop
   vertex -10.14950849718746 27.57426778330589 -6.36572750950947
   vertex -9.99499999999999 27.57426778330589 -6.39019925136189
   vertex -9.93534852540720 27.03140585376683 -6.39019925136189
  endloop
 endfacet
 facet normal -0.14894722396957 -0.05074081714720 -0.98754245171891
  outer loop
   vertex -10.08617035871693 26.99785514140149 -6.36572750950947
   vertex -9.93534852540720 27.03140585376683 -6.39019925136189
   vertex -9.75924074036569 26.51444993590561 -6.39019925136189
  endloop
 endfacet
 facet normal -0.13437515218989 -0.08187322228270 -0.98754245171891
  outer loop
   vertex -9.89917851399152 26.44894959074790 -6.36572750950947
   vertex -9.75924074036569 26.51444993590561 -6.39019925136189
   vertex -9.47508071612748 26.04806977596214 -6.39019925136189
  endloop
 endfacet
 facet normal -0.11339053962879 -0.10909854066713 -0.98754245171891
  outer loop
   vertex -9.59745643443098 25.95374555175205 -6.36572750950947
   vertex -9.47508071612748 26.04806977596214 -6.39019925136189
   vertex -9.09642890426546 25.65452158534557 -6.39019925136189
  endloop
 endfacet
 facet normal -0.08699479675272 -0.13111754799019 -0.98754245171891
  outer loop
   vertex -9.19540265360571 25.53587474533428 -6.36572750950947
   vertex -9.09642890426546 25.65452158534557 -6.39019925136189
   vertex -8.64135501592747 25.35258594797079 -6.39019925136189
  endloop
 endfacet
 facet normal -0.05644755955009 -0.14687947124716 -0.98754245171891
  outer loop
   vertex -8.71220365222918 25.21527845932826 -6.36572750950947
   vertex -8.64135501592747 25.35258594797079 -6.39019925136189
   vertex -8.13157571390395 25.15667158863904 -6.39019925136189
  endloop
 endfacet
 facet normal -0.45342664890809 -0.04982402845969 -0.88989990462300
  outer loop
   vertex -10.28889262614623 27.57426778330589 -6.29470774854937
   vertex -10.14950849718746 27.57426778330589 -6.36572750950947
   vertex -10.08617035871693 26.99785514140149 -6.36572750950947
  endloop
 endfacet
 facet normal -0.43178859432646 -0.14709442396485 -0.88989990462300
  outer loop
   vertex -10.22222870014480 26.96758860652401 -6.29470774854937
   vertex -10.08617035871693 26.99785514140149 -6.36572750950947
   vertex -9.89917851399152 26.44894959074790 -6.36572750950947
  endloop
 endfacet
 facet normal -0.38954507865369 -0.23734530003490 -0.88989990462301
  outer loop
   vertex -10.02541820333104 26.38986087574196 -6.29470774854937
   vertex -9.89917851399152 26.44894959074790 -6.36572750950947
   vertex -9.59745643443098 25.95374555175205 -6.36572750950947
  endloop
 endfacet
 facet normal -0.32871201229129 -0.31626977839716 -0.88989990462300
  outer loop
   vertex -9.70785316478517 25.86865443980317 -6.29470774854937
   vertex -9.59745643443098 25.95374555175205 -6.36572750950947
   vertex -9.19540265360571 25.53587474533428 -6.36572750950947
  endloop
 endfacet
 facet normal -0.25219242092924 -0.38010148983900 -0.88989990462300
  outer loop
   vertex -9.28468816276988 25.42884188468445 -6.29470774854937
   vertex -9.19540265360571 25.53587474533428 -6.36572750950947
   vertex -8.71220365222918 25.21527845932826 -6.36572750950947
  endloop
 endfacet
 facet normal -0.16363790973555 -0.42579430978978 -0.88989990462300
  outer loop
   vertex -8.77611713037821 25.09141158435159 -6.29470774854937
   vertex -8.71220365222918 25.21527845932826 -6.36572750950947
   vertex -8.17091825666449 25.00725592670138 -6.36572750950947
  endloop
 endfacet
 facet normal -0.70498193452918 -0.07746576001683 -0.70498193452918
  outer loop
   vertex -10.39950849718746 27.57426778330589 -6.18409187750813
   vertex -10.28889262614623 27.57426778330589 -6.29470774854937
   vertex -10.22222870014480 26.96758860652401 -6.29470774854937
  endloop
 endfacet
 facet normal -0.67133936496442 -0.22870052259812 -0.70498193452919
  outer loop
   vertex -10.33020521125765 26.94356894844758 -6.18409187750813
   vertex -10.22222870014480 26.96758860652401 -6.29470774854937
   vertex -10.02541820333104 26.38986087574196 -6.29470774854937
  endloop
 endfacet
 facet normal -0.60565968894181 -0.36902142644892 -0.70498193452918
  outer loop
   vertex -10.12560258802809 26.34296780600787 -6.18409187750813
   vertex -10.02541820333104 26.38986087574196 -6.29470774854937
   vertex -9.70785316478517 25.86865443980317 -6.29470774854937
  endloop
 endfacet
 facet normal -0.51107721808178 -0.49173219250451 -0.70498193452918
  outer loop
   vertex -9.79546450604373 25.80112575101768 -6.18409187750813
   vertex -9.70785316478517 25.86865443980317 -6.29470774854937
   vertex -9.28468816276988 25.42884188468445 -6.29470774854937
  endloop
 endfacet
 facet normal -0.39210553947024 -0.59097691824998 -0.70498193452918
  outer loop
   vertex -9.35554554403226 25.34390012553825 -6.18409187750813
   vertex -9.28468816276988 25.42884188468445 -6.29470774854937
   vertex -8.77611713037821 25.09141158435159 -6.29470774854937
  endloop
 endfacet
 facet normal -0.25442212195839 -0.66201952829632 -0.70498193452919
  outer loop
   vertex -8.82683915382193 24.99311027579476 -6.18409187750813
   vertex -8.77611713037821 25.09141158435159 -6.29470774854937
   vertex -8.20640967722401 24.87246611079432 -6.29470774854937
  endloop
 endfacet
 facet normal -0.88676650703606 -0.09744085353179 -0.45183010309414
  outer loop
   vertex -10.47052825814756 27.57426778330589 -6.04470774854937
   vertex -10.39950849718746 27.57426778330589 -6.18409187750813
   vertex -10.33020521125765 26.94356894844758 -6.18409187750813
  endloop
 endfacet
 facet normal -0.84444896322469 -0.28767256811637 -0.45183010309416
  outer loop
   vertex -10.39953039883116 26.92814737865950 -6.04470774854937
   vertex -10.33020521125765 26.94356894844758 -6.18409187750813
   vertex -10.12560258802809 26.34296780600787 -6.18409187750813
  endloop
 endfacet
 facet normal -0.76183331871357 -0.46417620839053 -0.45183010309415
  outer loop
   vertex -10.18992492248285 26.31286060193442 -6.04470774854937
   vertex -10.12560258802809 26.34296780600787 -6.18409187750813
   vertex -9.79546450604373 25.80112575101768 -6.18409187750813
  endloop
 endfacet
 facet normal -0.64286208951829 -0.61852881242356 -0.45183010309416
  outer loop
   vertex -9.85171444970016 25.75776966395394 -6.04470774854937
   vertex -9.79546450604373 25.80112575101768 -6.18409187750813
   vertex -9.35554554403226 25.34390012553825 -6.18409187750813
  endloop
 endfacet
 facet normal -0.49321272304336 -0.74336449186525 -0.45183010309415
  outer loop
   vertex -9.40103878322247 25.28936415910497 -6.04470774854937
   vertex -9.35554554403226 25.34390012553825 -6.18409187750813
   vertex -8.82683915382193 24.99311027579476 -6.18409187750813
  endloop
 endfacet
 facet normal -0.32002666359446 -0.83272594082718 -0.45183010309417
  outer loop
   vertex -8.85940469750457 24.92999695064479 -6.04470774854937
   vertex -8.82683915382193 24.99311027579476 -6.18409187750813
   vertex -8.23457582805488 24.76549630723469 -6.18409187750813
  endloop
 endfacet
 facet normal -0.98192230501468 -0.10789688913977 -0.15552121472202
  outer loop
   vertex -10.49500000000000 27.57426778330589 -5.89019925136189
   vertex -10.47052825814756 27.57426778330589 -6.04470774854937
   vertex -10.39953039883116 26.92814737865950 -6.04470774854937
  endloop
 endfacet
 facet normal -0.93506381427095 -0.31854170058640 -0.15552121472191
  outer loop
   vertex -10.39953039883116 26.92814737865950 -6.04470774854937
   vertex -10.18992492248285 26.31286060193442 -6.04470774854937
   vertex -10.31775355946373 26.61265991714229 -5.89019925136189
  endloop
 endfacet
 facet normal -0.93506381427095 -0.31854170058639 -0.15552121472194
  outer loop
   vertex -10.18992492248285 26.31286060193442 -6.04470774854937
   vertex -10.21208888843883 26.30248636642555 -5.89019925136189
   vertex -10.31775355946373 26.61265991714229 -5.89019925136189
  endloop
 endfacet
 facet normal -0.84358297523951 -0.51398532630560 -0.15552121472194
  outer loop
   vertex -10.21208888843883 26.30248636642555 -5.89019925136189
   vertex -10.18992492248285 26.31286060193442 -6.04470774854937
   vertex -9.85171444970016 25.75776966395394 -6.04470774854937
  endloop
 endfacet
 facet normal -0.71184536147654 -0.68490096591826 -0.15552121472191
  outer loop
   vertex -9.87109685935298 25.74283017449339 -5.89019925136189
   vertex -9.85171444970016 25.75776966395394 -6.04470774854937
   vertex -9.40103878322247 25.28936415910497 -6.04470774854937
  endloop
 endfacet
 facet normal -0.54613764731827 -0.82313232347726 -0.15552121472194
  outer loop
   vertex -9.40103878322247 25.28936415910497 -6.04470774854937
   vertex -8.85940469750457 24.92999695064479 -6.04470774854937
   vertex -9.14367035211576 25.08941096332864 -5.89019925136189
  endloop
 endfacet
 facet normal -0.54613764731826 -0.82313232347728 -0.15552121472190
  outer loop
   vertex -8.85940469750457 24.92999695064479 -6.04470774854937
   vertex -8.87062601911297 24.90824958090378 -5.89019925136189
   vertex -9.14367035211576 25.08941096332864 -5.89019925136189
  endloop
 endfacet
 facet normal -0.35436760036547 -0.92208283553195 -0.15552121472190
  outer loop
   vertex -8.87062601911297 24.90824958090378 -5.89019925136189
   vertex -8.85940469750457 24.92999695064479 -6.04470774854937
   vertex -8.25265961006867 24.69681746569738 -6.04470774854937
  endloop
 endfacet
 facet normal -0.35436760036547 -0.92208283553195 -0.15552121472190
  outer loop
   vertex -8.25265961006867 24.69681746569738 -6.04470774854937
   vertex -8.25889085668474 24.67315234970566 -5.89019925136189
   vertex -8.87062601911297 24.90824958090378 -5.89019925136189
  endloop
 endfacet
 facet normal -0.54613764731827 -0.82313232347726 -0.15552121472195
  outer loop
   vertex -9.14367035211576 25.08941096332864 -5.89019925136189
   vertex -9.41671468511855 25.27057234575350 -5.89019925136189
   vertex -9.40103878322247 25.28936415910497 -6.04470774854937
  endloop
 endfacet
 facet normal -0.71184536147654 -0.68490096591825 -0.15552121472194
  outer loop
   vertex -9.40103878322247 25.28936415910497 -6.04470774854937
   vertex -9.41671468511855 25.27057234575350 -5.89019925136189
   vertex -9.87109685935298 25.74283017449339 -5.89019925136189
  endloop
 endfacet
 facet normal -0.84358297523951 -0.51398532630560 -0.15552121472192
  outer loop
   vertex -9.85171444970016 25.75776966395394 -6.04470774854937
   vertex -9.87109685935298 25.74283017449339 -5.89019925136189
   vertex -10.21208888843883 26.30248636642555 -5.89019925136189
  endloop
 endfacet
 facet normal -0.93506381427096 -0.31854170058640 -0.15552121472191
  outer loop
   vertex -10.31775355946373 26.61265991714229 -5.89019925136189
   vertex -10.42341823048864 26.92283346785903 -5.89019925136189
   vertex -10.39953039883116 26.92814737865950 -6.04470774854937
  endloop
 endfacet
 facet normal -0.98192230501470 -0.10789688913980 -0.15552121472191
  outer loop
   vertex -10.39953039883116 26.92814737865950 -6.04470774854937
   vertex -10.42341823048864 26.92283346785903 -5.89019925136189
   vertex -10.49500000000000 27.57426778330589 -5.89019925136189
  endloop
 endfacet
 facet normal -0.32002666359446 -0.83272594082719 -0.45183010309414
  outer loop
   vertex -8.23457582805488 24.76549630723469 -6.18409187750813
   vertex -8.25265961006867 24.69681746569738 -6.04470774854937
   vertex -8.85940469750457 24.92999695064479 -6.04470774854937
  endloop
 endfacet
 facet normal -0.49321272304336 -0.74336449186524 -0.45183010309417
  outer loop
   vertex -8.82683915382193 24.99311027579476 -6.18409187750813
   vertex -8.85940469750457 24.92999695064479 -6.04470774854937
   vertex -9.40103878322247 25.28936415910497 -6.04470774854937
  endloop
 endfacet
 facet normal -0.64286208951829 -0.61852881242357 -0.45183010309415
  outer loop
   vertex -9.35554554403226 25.34390012553825 -6.18409187750813
   vertex -9.40103878322247 25.28936415910497 -6.04470774854937
   vertex -9.85171444970016 25.75776966395394 -6.04470774854937
  endloop
 endfacet
 facet normal -0.76183331871356 -0.46417620839052 -0.45183010309416
  outer loop
   vertex -9.79546450604373 25.80112575101768 -6.18409187750813
   vertex -9.85171444970016 25.75776966395394 -6.04470774854937
   vertex -10.18992492248285 26.31286060193442 -6.04470774854937
  endloop
 endfacet
 facet normal -0.84444896322469 -0.28767256811637 -0.45183010309415
  outer loop
   vertex -10.12560258802809 26.34296780600787 -6.18409187750813
   vertex -10.18992492248285 26.31286060193442 -6.04470774854937
   vertex -10.39953039883116 26.92814737865950 -6.04470774854937
  endloop
 endfacet
 facet normal -0.88676650703605 -0.09744085353178 -0.45183010309417
  outer loop
   vertex -10.33020521125765 26.94356894844758 -6.18409187750813
   vertex -10.39953039883116 26.92814737865950 -6.04470774854937
   vertex -10.47052825814756 27.57426778330589 -6.04470774854937
  endloop
 endfacet
 facet normal -0.25442212195839 -0.66201952829631 -0.70498193452919
  outer loop
   vertex -8.20640967722401 24.87246611079432 -6.29470774854937
   vertex -8.23457582805488 24.76549630723469 -6.18409187750813
   vertex -8.82683915382193 24.99311027579476 -6.18409187750813
  endloop
 endfacet
 facet normal -0.39210553947024 -0.59097691824998 -0.70498193452919
  outer loop
   vertex -8.77611713037821 25.09141158435159 -6.29470774854937
   vertex -8.82683915382193 24.99311027579476 -6.18409187750813
   vertex -9.35554554403226 25.34390012553825 -6.18409187750813
  endloop
 endfacet
 facet normal -0.51107721808177 -0.49173219250450 -0.70498193452918
  outer loop
   vertex -9.28468816276988 25.42884188468445 -6.29470774854937
   vertex -9.35554554403226 25.34390012553825 -6.18409187750813
   vertex -9.79546450604373 25.80112575101768 -6.18409187750813
  endloop
 endfacet
 facet normal -0.60565968894181 -0.36902142644892 -0.70498193452918
  outer loop
   vertex -9.70785316478517 25.86865443980317 -6.29470774854937
   vertex -9.79546450604373 25.80112575101768 -6.18409187750813
   vertex -10.12560258802809 26.34296780600787 -6.18409187750813
  endloop
 endfacet
 facet normal -0.67133936496442 -0.22870052259812 -0.70498193452918
  outer loop
   vertex -10.02541820333104 26.38986087574196 -6.29470774854937
   vertex -10.12560258802809 26.34296780600787 -6.18409187750813
   vertex -10.33020521125765 26.94356894844758 -6.18409187750813
  endloop
 endfacet
 facet normal -0.70498193452918 -0.07746576001683 -0.70498193452918
  outer loop
   vertex -10.22222870014480 26.96758860652401 -6.29470774854937
   vertex -10.33020521125765 26.94356894844758 -6.18409187750813
   vertex -10.39950849718746 27.57426778330589 -6.18409187750813
  endloop
 endfacet
 facet normal -0.16363790973555 -0.42579430978978 -0.88989990462300
  outer loop
   vertex -8.17091825666449 25.00725592670138 -6.36572750950947
   vertex -8.20640967722401 24.87246611079432 -6.29470774854937
   vertex -8.77611713037821 25.09141158435159 -6.29470774854937
  endloop
 endfacet
 facet normal -0.25219242092924 -0.38010148983900 -0.88989990462300
  outer loop
   vertex -8.71220365222918 25.21527845932826 -6.36572750950947
   vertex -8.77611713037821 25.09141158435159 -6.29470774854937
   vertex -9.28468816276988 25.42884188468445 -6.29470774854937
  endloop
 endfacet
 facet normal -0.32871201229129 -0.31626977839716 -0.88989990462300
  outer loop
   vertex -9.19540265360571 25.53587474533428 -6.36572750950947
   vertex -9.28468816276988 25.42884188468445 -6.29470774854937
   vertex -9.70785316478517 25.86865443980317 -6.29470774854937
  endloop
 endfacet
 facet normal -0.38954507865370 -0.23734530003491 -0.88989990462300
  outer loop
   vertex -9.59745643443098 25.95374555175205 -6.36572750950947
   vertex -9.70785316478517 25.86865443980317 -6.29470774854937
   vertex -10.02541820333104 26.38986087574196 -6.29470774854937
  endloop
 endfacet
 facet normal -0.43178859432646 -0.14709442396485 -0.88989990462300
  outer loop
   vertex -9.89917851399152 26.44894959074790 -6.36572750950947
   vertex -10.02541820333104 26.38986087574196 -6.29470774854937
   vertex -10.22222870014480 26.96758860652401 -6.29470774854937
  endloop
 endfacet
 facet normal -0.45342664890809 -0.04982402845969 -0.88989990462300
  outer loop
   vertex -10.08617035871693 26.99785514140149 -6.36572750950947
   vertex -10.22222870014480 26.96758860652401 -6.29470774854937
   vertex -10.28889262614623 27.57426778330589 -6.29470774854937
  endloop
 endfacet
 facet normal -0.05644755955009 -0.14687947124715 -0.98754245171891
  outer loop
   vertex -8.13157571390395 25.15667158863904 -6.39019925136189
   vertex -8.17091825666449 25.00725592670138 -6.36572750950947
   vertex -8.71220365222918 25.21527845932826 -6.36572750950947
  endloop
 endfacet
 facet normal -0.08699479675272 -0.13111754799019 -0.98754245171891
  outer loop
   vertex -8.64135501592747 25.35258594797079 -6.39019925136189
   vertex -8.71220365222918 25.21527845932826 -6.36572750950947
   vertex -9.19540265360571 25.53587474533428 -6.36572750950947
  endloop
 endfacet
 facet normal -0.11339053962879 -0.10909854066713 -0.98754245171891
  outer loop
   vertex -9.09642890426546 25.65452158534557 -6.39019925136189
   vertex -9.19540265360571 25.53587474533428 -6.36572750950947
   vertex -9.59745643443098 25.95374555175205 -6.36572750950947
  endloop
 endfacet
 facet normal -0.13437515218988 -0.08187322228269 -0.98754245171891
  outer loop
   vertex -9.47508071612748 26.04806977596214 -6.39019925136189
   vertex -9.59745643443098 25.95374555175205 -6.36572750950947
   vertex -9.89917851399152 26.44894959074790 -6.36572750950947
  endloop
 endfacet
 facet normal -0.14894722396957 -0.05074081714720 -0.98754245171891
  outer loop
   vertex -9.75924074036569 26.51444993590561 -6.39019925136189
   vertex -9.89917851399152 26.44894959074790 -6.36572750950947
   vertex -10.08617035871693 26.99785514140149 -6.36572750950947
  endloop
 endfacet
 facet normal -0.15641135851222 -0.01718700035981 -0.98754245171891
  outer loop
   vertex -9.93534852540720 27.03140585376683 -6.39019925136189
   vertex -10.08617035871693 26.99785514140149 -6.36572750950947
   vertex -10.14950849718746 27.57426778330589 -6.36572750950947
  endloop
 endfacet
 facet normal 0.00000000000000 0.98768834059521 -0.15643446503979
  outer loop
   vertex -7.49499999999998 148.49999999996817 -5.89019925136189
   vertex 151.36499999999791 148.49999999996811 -5.89019925136189
   vertex 151.36499999999791 148.47552825811576 -6.04470774854937
  endloop
 endfacet
 facet normal 0.00000000000000 0.89100652418831 -0.45399049973967
  outer loop
   vertex -7.49499999999997 148.47552825811576 -6.04470774854937
   vertex 151.36499999999791 148.47552825811576 -6.04470774854937
   vertex 151.36499999999791 148.40450849715563 -6.18409187750813
  endloop
 endfacet
 facet normal 0.00000000000000 0.70710678118656 -0.70710678118654
  outer loop
   vertex -7.49499999999997 148.40450849715563 -6.18409187750813
   vertex 151.36499999999791 148.40450849715563 -6.18409187750813
   vertex 151.36499999999791 148.29389262611440 -6.29470774854936
  endloop
 endfacet
 facet normal 0.00000000000000 0.45399049973955 -0.89100652418837
  outer loop
   vertex -7.49499999999997 148.29389262611440 -6.29470774854936
   vertex 151.36499999999791 148.29389262611440 -6.29470774854936
   vertex 151.36499999999791 148.15450849715563 -6.36572750950947
  endloop
 endfacet
 facet normal 0.00000000000000 0.15643446504023 -0.98768834059514
  outer loop
   vertex -7.49499999999997 148.15450849715563 -6.36572750950947
   vertex 151.36499999999791 148.15450849715563 -6.36572750950947
   vertex 151.36499999999791 147.99999999996817 -6.39019925136189
  endloop
 endfacet
 facet normal 0.00000000000000 0.15643446504023 -0.98768834059514
  outer loop
   vertex 151.36499999999791 147.99999999996817 -6.39019925136189
   vertex -7.49499999999998 147.99999999996817 -6.39019925136189
   vertex -7.49499999999997 148.15450849715563 -6.36572750950947
  endloop
 endfacet
 facet normal 0.00000000000000 0.45399049973955 -0.89100652418837
  outer loop
   vertex 151.36499999999791 148.15450849715563 -6.36572750950947
   vertex -7.49499999999997 148.15450849715563 -6.36572750950947
   vertex -7.49499999999997 148.29389262611440 -6.29470774854936
  endloop
 endfacet
 facet normal 0.00000000000000 0.70710678118656 -0.70710678118654
  outer loop
   vertex 151.36499999999791 148.29389262611440 -6.29470774854936
   vertex -7.49499999999997 148.29389262611440 -6.29470774854936
   vertex -7.49499999999997 148.40450849715563 -6.18409187750813
  endloop
 endfacet
 facet normal 0.00000000000000 0.89100652418831 -0.45399049973967
  outer loop
   vertex 151.36499999999791 148.40450849715563 -6.18409187750813
   vertex -7.49499999999997 148.40450849715563 -6.18409187750813
   vertex -7.49499999999997 148.47552825811576 -6.04470774854937
  endloop
 endfacet
 facet normal 0.00000000000000 0.98768834059515 -0.15643446504014
  outer loop
   vertex 151.36499999999791 148.47552825811576 -6.04470774854937
   vertex -7.49499999999997 148.47552825811576 -6.04470774854937
   vertex -7.49499999999998 148.49999999996817 -5.89019925136189
  endloop
 endfacet
 facet normal -0.98768834059515 0.00000000000000 -0.15643446504018
  outer loop
   vertex -10.49500000000000 27.57426778330589 -5.89019925136189
   vertex -10.49500000000000 145.49999999996817 -5.89019925136189
   vertex -10.47052825814758 145.49999999996817 -6.04470774854937
  endloop
 endfacet
 facet normal -0.89100652418837 -0.00000000000000 -0.45399049973955
  outer loop
   vertex -10.47052825814758 27.57426778330590 -6.04470774854937
   vertex -10.47052825814758 145.49999999996817 -6.04470774854937
   vertex -10.39950849718748 145.49999999996817 -6.18409187750813
  endloop
 endfacet
 facet normal -0.70710678118655 -0.00000000000000 -0.70710678118654
  outer loop
   vertex -10.39950849718748 27.57426778330590 -6.18409187750813
   vertex -10.39950849718748 145.49999999996817 -6.18409187750813
   vertex -10.28889262614625 145.49999999996817 -6.29470774854937
  endloop
 endfacet
 facet normal -0.45399049973955 -0.00000000000000 -0.89100652418837
  outer loop
   vertex -10.28889262614624 27.57426778330590 -6.29470774854937
   vertex -10.28889262614625 145.49999999996817 -6.29470774854937
   vertex -10.14950849718748 145.49999999996817 -6.36572750950947
  endloop
 endfacet
 facet normal -0.15643446504023 -0.00000000000000 -0.98768834059514
  outer loop
   vertex -10.14950849718748 27.57426778330590 -6.36572750950947
   vertex -10.14950849718748 145.49999999996817 -6.36572750950947
   vertex -9.99500000000000 145.49999999996817 -6.39019925136189
  endloop
 endfacet
 facet normal -0.15643446504021 -0.00000000000000 -0.98768834059514
  outer loop
   vertex -9.99500000000000 145.49999999996817 -6.39019925136189
   vertex -9.99499999999999 27.57426778330589 -6.39019925136189
   vertex -10.14950849718748 27.57426778330590 -6.36572750950947
  endloop
 endfacet
 facet normal -0.45399049973954 -0.00000000000000 -0.89100652418837
  outer loop
   vertex -10.14950849718748 145.49999999996817 -6.36572750950947
   vertex -10.14950849718748 27.57426778330590 -6.36572750950947
   vertex -10.28889262614624 27.57426778330590 -6.29470774854937
  endloop
 endfacet
 facet normal -0.70710678118655 -0.00000000000000 -0.70710678118654
  outer loop
   vertex -10.28889262614625 145.49999999996817 -6.29470774854937
   vertex -10.28889262614624 27.57426778330590 -6.29470774854937
   vertex -10.39950849718748 27.57426778330590 -6.18409187750813
  endloop
 endfacet
 facet normal -0.89100652418837 -0.00000000000000 -0.45399049973954
  outer loop
   vertex -10.39950849718748 145.49999999996817 -6.18409187750813
   vertex -10.39950849718748 27.57426778330590 -6.18409187750813
   vertex -10.47052825814758 27.57426778330590 -6.04470774854937
  endloop
 endfacet
 facet normal -0.98768834059514 -0.00000000000000 -0.15643446504022
  outer loop
   vertex -10.47052825814758 145.49999999996817 -6.04470774854937
   vertex -10.47052825814758 27.57426778330590 -6.04470774854937
   vertex -10.49500000000000 27.57426778330589 -5.89019925136189
  endloop
 endfacet
 facet normal -0.01762319376120 0.15641017068360 -0.98753495206417
  outer loop
   vertex -7.49499999999998 148.15450849715563 -6.36572750950947
   vertex -7.49499999999998 147.99999999996817 -6.39019925136189
   vertex -8.05130233489077 147.93731978042271 -6.39019925136189
  endloop
 endfacet
 facet normal -0.05198588076036 0.14856711161352 -0.98753495206417
  outer loop
   vertex -8.08568370998911 148.08795442700006 -6.36572750950947
   vertex -8.05130233489077 147.93731978042271 -6.39019925136189
   vertex -8.57970934779388 147.75242216972421 -6.39019925136189
  endloop
 endfacet
 facet normal -0.08374177862408 0.13327427720494 -0.98753495206417
  outer loop
   vertex -8.64674807227902 147.89162951551648 -6.36572750950947
   vertex -8.57970934779388 147.75242216972421 -6.39019925136189
   vertex -9.05372450464682 147.45457870613822 -6.39019925136189
  endloop
 endfacet
 facet normal -0.11129851403234 0.11129851403235 -0.98753495206417
  outer loop
   vertex -9.15005897694373 147.57537831354821 -6.36572750950947
   vertex -9.05372450464682 147.45457870613822 -6.39019925136189
   vertex -9.44957870617006 147.05872450461501 -6.39019925136189
  endloop
 endfacet
 facet normal -0.13327427720493 0.08374177862407 -0.98753495206417
  outer loop
   vertex -9.57037831358005 147.15505897691190 -6.36572750950947
   vertex -9.44957870617006 147.05872450461501 -6.39019925136189
   vertex -9.74742216975603 146.58470934776207 -6.39019925136189
  endloop
 endfacet
 facet normal -0.14856711161354 0.05198588076036 -0.98753495206417
  outer loop
   vertex -9.88662951554833 146.65174807224719 -6.36572750950947
   vertex -9.74742216975603 146.58470934776207 -6.39019925136189
   vertex -9.93231978045455 146.05630233485894 -6.39019925136189
  endloop
 endfacet
 facet normal -0.15641017068360 0.01762319376120 -0.98753495206417
  outer loop
   vertex -10.08295442703188 146.09068370995729 -6.36572750950947
   vertex -9.93231978045455 146.05630233485894 -6.39019925136189
   vertex -9.99500000000000 145.49999999996817 -6.39019925136189
  endloop
 endfacet
 facet normal -0.05108565329547 0.45339771324649 -0.88984311518954
  outer loop
   vertex -7.49499999999998 148.29389262611440 -6.29470774854936
   vertex -7.49499999999998 148.15450849715563 -6.36572750950947
   vertex -8.08568370998911 148.08795442700006 -6.36572750950947
  endloop
 endfacet
 facet normal -0.15069531191508 0.43066245868033 -0.88984311518954
  outer loop
   vertex -8.11669959654371 148.22384390483711 -6.29470774854936
   vertex -8.08568370998911 148.08795442700006 -6.36572750950947
   vertex -8.64674807227902 147.89162951551648 -6.36572750950947
  endloop
 endfacet
 facet normal -0.24274847834637 0.38633199014609 -0.88984311518957
  outer loop
   vertex -8.70722457932529 148.01721027638806 -6.29470774854936
   vertex -8.64674807227902 147.89162951551648 -6.36572750950947
   vertex -9.15005897694373 147.57537831354821 -6.36572750950947
  endloop
 endfacet
 facet normal -0.32262922244409 0.32262922244410 -0.88984311518955
  outer loop
   vertex -9.23696355989048 147.68435321372456 -6.29470774854936
   vertex -9.15005897694373 147.57537831354821 -6.36572750950947
   vertex -9.57037831358005 147.15505897691190 -6.36572750950947
  endloop
 endfacet
 facet normal -0.38633199014614 0.24274847834641 -0.88984311518954
  outer loop
   vertex -9.67935321375640 147.24196355985865 -6.29470774854936
   vertex -9.57037831358005 147.15505897691190 -6.36572750950947
   vertex -9.88662951554833 146.65174807224719 -6.36572750950947
  endloop
 endfacet
 facet normal -0.43066245868032 0.15069531191506 -0.88984311518955
  outer loop
   vertex -10.01221027641988 146.71222457929346 -6.29470774854936
   vertex -9.88662951554833 146.65174807224719 -6.36572750950947
   vertex -10.08295442703188 146.09068370995729 -6.36572750950947
  endloop
 endfacet
 facet normal -0.45339771324648 0.05108565329547 -0.88984311518955
  outer loop
   vertex -10.21884390486893 146.12169959651189 -6.29470774854936
   vertex -10.08295442703188 146.09068370995729 -6.36572750950947
   vertex -10.14950849718746 145.49999999996817 -6.36572750950947
  endloop
 endfacet
 facet normal -0.07942013514044 0.70487319502670 -0.70487319502668
  outer loop
   vertex -7.49499999999998 148.40450849715563 -6.18409187750813
   vertex -7.49499999999998 148.29389262611440 -6.29470774854936
   vertex -8.11669959654371 148.22384390483711 -6.29470774854936
  endloop
 endfacet
 facet normal -0.23427794821580 0.66952790973395 -0.70487319502665
  outer loop
   vertex -8.14131394347819 148.33168640504550 -6.18409187750813
   vertex -8.11669959654371 148.22384390483711 -6.29470774854936
   vertex -8.70722457932529 148.01721027638806 -6.29470774854936
  endloop
 endfacet
 facet normal -0.37738808670807 0.60060969934200 -0.70487319502669
  outer loop
   vertex -8.75521900705841 148.11687173249211 -6.18409187750813
   vertex -8.70722457932529 148.01721027638806 -6.29470774854936
   vertex -9.23696355989048 147.68435321372456 -6.29470774854936
  endloop
 endfacet
 facet normal -0.50157441069737 0.50157441069737 -0.70487319502672
  outer loop
   vertex -9.30593142740841 147.77083618416523 -6.18409187750813
   vertex -9.23696355989048 147.68435321372456 -6.29470774854936
   vertex -9.67935321375640 147.24196355985865 -6.29470774854936
  endloop
 endfacet
 facet normal -0.60060969934197 0.37738808670805 -0.70487319502673
  outer loop
   vertex -9.76583618419706 147.31093142737660 -6.18409187750813
   vertex -9.67935321375640 147.24196355985865 -6.29470774854936
   vertex -10.01221027641988 146.71222457929346 -6.29470774854936
  endloop
 endfacet
 facet normal -0.66952790973390 0.23427794821577 -0.70487319502671
  outer loop
   vertex -10.11187173252394 146.76021900702659 -6.18409187750813
   vertex -10.01221027641988 146.71222457929346 -6.29470774854936
   vertex -10.21884390486893 146.12169959651189 -6.29470774854936
  endloop
 endfacet
 facet normal -0.70487319502669 0.07942013514044 -0.70487319502670
  outer loop
   vertex -10.32668640507734 146.14631394344636 -6.18409187750813
   vertex -10.21884390486893 146.12169959651189 -6.29470774854936
   vertex -10.28889262614623 145.49999999996817 -6.29470774854936
  endloop
 endfacet
 facet normal -0.09989020886690 0.88655012423965 -0.45171985055252
  outer loop
   vertex -7.49499999999998 148.47552825811573 -6.04470774854937
   vertex -7.49499999999998 148.40450849715563 -6.18409187750813
   vertex -8.14131394347819 148.33168640504550 -6.18409187750813
  endloop
 endfacet
 facet normal -0.29466171442287 0.84209479909929 -0.45171985055264
  outer loop
   vertex -8.15711732701639 148.40092555232201 -6.04470774854937
   vertex -8.14131394347819 148.33168640504550 -6.18409187750813
   vertex -8.75521900705841 148.11687173249211 -6.18409187750813
  endloop
 endfacet
 facet normal -0.47465765121758 0.75541332445056 -0.45171985055250
  outer loop
   vertex -8.78603332649501 148.18085832612303 -6.04470774854937
   vertex -8.75521900705841 148.11687173249211 -6.18409187750813
   vertex -9.30593142740841 147.77083618416523 -6.18409187750813
  endloop
 endfacet
 facet normal -0.63085227138243 0.63085227138245 -0.45171985055256
  outer loop
   vertex -9.35021152409748 147.82636166916120 -6.04470774854937
   vertex -9.30593142740841 147.77083618416523 -6.18409187750813
   vertex -9.76583618419706 147.31093142737660 -6.18409187750813
  endloop
 endfacet
 facet normal -0.75541332445056 0.47465765121758 -0.45171985055250
  outer loop
   vertex -9.82136166919302 147.35521152406565 -6.04470774854937
   vertex -9.76583618419706 147.31093142737660 -6.18409187750813
   vertex -10.11187173252394 146.76021900702659 -6.18409187750813
  endloop
 endfacet
 facet normal -0.84209479909936 0.29466171442289 -0.45171985055250
  outer loop
   vertex -10.17585832615487 146.79103332646318 -6.04470774854937
   vertex -10.11187173252394 146.76021900702659 -6.18409187750813
   vertex -10.32668640507734 146.14631394344636 -6.18409187750813
  endloop
 endfacet
 facet normal -0.88655012423964 0.09989020886689 -0.45171985055255
  outer loop
   vertex -10.39592555235382 146.16211732698457 -6.04470774854937
   vertex -10.32668640507734 146.14631394344636 -6.18409187750813
   vertex -10.39950849718746 145.49999999996817 -6.18409187750813
  endloop
 endfacet
 facet normal -0.11060297423494 0.98162854659708 -0.15547468795946
  outer loop
   vertex -7.49499999999998 148.49999999996817 -5.89019925136189
   vertex -7.49499999999998 148.47552825811573 -6.04470774854937
   vertex -8.15711732701639 148.40092555232201 -6.04470774854937
  endloop
 endfacet
 facet normal -0.32626282773897 0.93240559234686 -0.15547468795941
  outer loop
   vertex -8.78603332649501 148.18085832612303 -6.04470774854937
   vertex -8.79665121735266 148.20290660367542 -5.89019925136189
   vertex -8.41607026505120 148.33607763857765 -5.89019925136189
  endloop
 endfacet
 facet normal -0.32626282773899 0.93240559234686 -0.15547468795935
  outer loop
   vertex -8.41607026505120 148.33607763857765 -5.89019925136189
   vertex -8.15711732701639 148.40092555232201 -6.04470774854937
   vertex -8.78603332649501 148.18085832612303 -6.04470774854937
  endloop
 endfacet
 facet normal -0.52556250070519 0.83642792830971 -0.15547468795930
  outer loop
   vertex -8.78603332649501 148.18085832612303 -6.04470774854937
   vertex -9.35021152409748 147.82636166916120 -6.04470774854937
   vertex -9.25193519619363 147.91683271930114 -5.89019925136189
  endloop
 endfacet
 facet normal -0.52556250070526 0.83642792830967 -0.15547468795923
  outer loop
   vertex -9.35021152409748 147.82636166916120 -6.04470774854937
   vertex -9.36546940557618 147.84549444737223 -5.89019925136189
   vertex -9.25193519619363 147.91683271930114 -5.89019925136189
  endloop
 endfacet
 facet normal -0.69850827532821 0.69850827532820 -0.15547468795925
  outer loop
   vertex -9.36546940557618 147.84549444737223 -5.89019925136189
   vertex -9.35021152409748 147.82636166916120 -6.04470774854937
   vertex -9.82136166919302 147.35521152406565 -6.04470774854937
  endloop
 endfacet
 facet normal -0.83642792830969 0.52556250070520 -0.15547468795933
  outer loop
   vertex -10.17585832615487 146.79103332646318 -6.04470774854937
   vertex -10.19790660370724 146.80165121732082 -5.89019925136189
   vertex -9.91183271933297 147.25693519616181 -5.89019925136189
  endloop
 endfacet
 facet normal -0.83642792830969 0.52556250070520 -0.15547468795934
  outer loop
   vertex -9.91183271933297 147.25693519616181 -5.89019925136189
   vertex -9.82136166919302 147.35521152406565 -6.04470774854937
   vertex -10.17585832615487 146.79103332646318 -6.04470774854937
  endloop
 endfacet
 facet normal -0.93240559234687 0.32626282773897 -0.15547468795931
  outer loop
   vertex -10.17585832615487 146.79103332646318 -6.04470774854937
   vertex -10.39592555235382 146.16211732698457 -6.04470774854937
   vertex -10.33107763860948 146.42107026501935 -5.89019925136189
  endloop
 endfacet
 facet normal -0.93240559234686 0.32626282773899 -0.15547468795935
  outer loop
   vertex -10.39592555235382 146.16211732698457 -6.04470774854937
   vertex -10.41978373654546 146.16756280183711 -5.89019925136189
   vertex -10.33107763860948 146.42107026501935 -5.89019925136189
  endloop
 endfacet
 facet normal -0.98162854659709 0.11060297423497 -0.15547468795935
  outer loop
   vertex -10.41978373654546 146.16756280183711 -5.89019925136189
   vertex -10.39592555235382 146.16211732698457 -6.04470774854937
   vertex -10.47052825814756 145.49999999996817 -6.04470774854937
  endloop
 endfacet
 facet normal -0.98162854659707 0.11060297423499 -0.15547468795945
  outer loop
   vertex -10.47052825814756 145.49999999996817 -6.04470774854937
   vertex -10.49500000000000 145.49999999996817 -5.89019925136189
   vertex -10.41978373654546 146.16756280183711 -5.89019925136189
  endloop
 endfacet
 facet normal -0.93240559234687 0.32626282773896 -0.15547468795934
  outer loop
   vertex -10.33107763860948 146.42107026501935 -5.89019925136189
   vertex -10.19790660370724 146.80165121732082 -5.89019925136189
   vertex -10.17585832615487 146.79103332646318 -6.04470774854937
  endloop
 endfacet
 facet normal -0.83642792830969 0.52556250070521 -0.15547468795933
  outer loop
   vertex -9.91183271933297 147.25693519616181 -5.89019925136189
   vertex -9.84049444740407 147.37046940554436 -5.89019925136189
   vertex -9.82136166919302 147.35521152406565 -6.04470774854937
  endloop
 endfacet
 facet normal -0.69850827532819 0.69850827532821 -0.15547468795933
  outer loop
   vertex -9.82136166919302 147.35521152406565 -6.04470774854937
   vertex -9.84049444740407 147.37046940554436 -5.89019925136189
   vertex -9.36546940557618 147.84549444737223 -5.89019925136189
  endloop
 endfacet
 facet normal -0.52556250070520 0.83642792830968 -0.15547468795941
  outer loop
   vertex -9.25193519619363 147.91683271930114 -5.89019925136189
   vertex -8.79665121735266 148.20290660367542 -5.89019925136189
   vertex -8.78603332649501 148.18085832612303 -6.04470774854937
  endloop
 endfacet
 facet normal -0.32626282773896 0.93240559234688 -0.15547468795930
  outer loop
   vertex -8.41607026505120 148.33607763857765 -5.89019925136189
   vertex -8.16256280186893 148.42478373651363 -5.89019925136189
   vertex -8.15711732701639 148.40092555232201 -6.04470774854937
  endloop
 endfacet
 facet normal -0.11060297423498 0.98162854659710 -0.15547468795930
  outer loop
   vertex -8.15711732701639 148.40092555232201 -6.04470774854937
   vertex -8.16256280186893 148.42478373651363 -5.89019925136189
   vertex -7.49499999999998 148.49999999996817 -5.89019925136189
  endloop
 endfacet
 facet normal -0.88655012423964 0.09989020886689 -0.45171985055253
  outer loop
   vertex -10.39950849718746 145.49999999996817 -6.18409187750813
   vertex -10.47052825814756 145.49999999996817 -6.04470774854937
   vertex -10.39592555235382 146.16211732698457 -6.04470774854937
  endloop
 endfacet
 facet normal -0.84209479909932 0.29466171442290 -0.45171985055257
  outer loop
   vertex -10.32668640507734 146.14631394344636 -6.18409187750813
   vertex -10.39592555235382 146.16211732698457 -6.04470774854937
   vertex -10.17585832615487 146.79103332646318 -6.04470774854937
  endloop
 endfacet
 facet normal -0.75541332445056 0.47465765121758 -0.45171985055249
  outer loop
   vertex -10.11187173252394 146.76021900702659 -6.18409187750813
   vertex -10.17585832615487 146.79103332646318 -6.04470774854937
   vertex -9.82136166919302 147.35521152406565 -6.04470774854937
  endloop
 endfacet
 facet normal -0.63085227138248 0.63085227138247 -0.45171985055248
  outer loop
   vertex -9.76583618419706 147.31093142737660 -6.18409187750813
   vertex -9.82136166919302 147.35521152406565 -6.04470774854937
   vertex -9.35021152409748 147.82636166916120 -6.04470774854937
  endloop
 endfacet
 facet normal -0.47465765121755 0.75541332445054 -0.45171985055256
  outer loop
   vertex -9.30593142740841 147.77083618416523 -6.18409187750813
   vertex -9.35021152409748 147.82636166916120 -6.04470774854937
   vertex -8.78603332649501 148.18085832612303 -6.04470774854937
  endloop
 endfacet
 facet normal -0.29466171442293 0.84209479909935 -0.45171985055250
  outer loop
   vertex -8.75521900705841 148.11687173249211 -6.18409187750813
   vertex -8.78603332649501 148.18085832612303 -6.04470774854937
   vertex -8.15711732701639 148.40092555232201 -6.04470774854937
  endloop
 endfacet
 facet normal -0.09989020886686 0.88655012423959 -0.45171985055264
  outer loop
   vertex -8.14131394347819 148.33168640504550 -6.18409187750813
   vertex -8.15711732701639 148.40092555232201 -6.04470774854937
   vertex -7.49499999999998 148.47552825811573 -6.04470774854937
  endloop
 endfacet
 facet normal -0.70487319502669 0.07942013514044 -0.70487319502669
  outer loop
   vertex -10.28889262614623 145.49999999996817 -6.29470774854936
   vertex -10.39950849718746 145.49999999996817 -6.18409187750813
   vertex -10.32668640507734 146.14631394344636 -6.18409187750813
  endloop
 endfacet
 facet normal -0.66952790973392 0.23427794821577 -0.70487319502669
  outer loop
   vertex -10.21884390486893 146.12169959651189 -6.29470774854936
   vertex -10.32668640507734 146.14631394344636 -6.18409187750813
   vertex -10.11187173252394 146.76021900702659 -6.18409187750813
  endloop
 endfacet
 facet normal -0.60060969934198 0.37738808670805 -0.70487319502671
  outer loop
   vertex -10.01221027641988 146.71222457929346 -6.29470774854936
   vertex -10.11187173252394 146.76021900702659 -6.18409187750813
   vertex -9.76583618419706 147.31093142737660 -6.18409187750813
  endloop
 endfacet
 facet normal -0.50157441069734 0.50157441069736 -0.70487319502674
  outer loop
   vertex -9.67935321375640 147.24196355985865 -6.29470774854936
   vertex -9.76583618419706 147.31093142737660 -6.18409187750813
   vertex -9.30593142740841 147.77083618416523 -6.18409187750813
  endloop
 endfacet
 facet normal -0.37738808670805 0.60060969934198 -0.70487319502672
  outer loop
   vertex -9.23696355989048 147.68435321372456 -6.29470774854936
   vertex -9.30593142740841 147.77083618416523 -6.18409187750813
   vertex -8.75521900705841 148.11687173249211 -6.18409187750813
  endloop
 endfacet
 facet normal -0.23427794821578 0.66952790973393 -0.70487319502668
  outer loop
   vertex -8.70722457932529 148.01721027638806 -6.29470774854936
   vertex -8.75521900705841 148.11687173249211 -6.18409187750813
   vertex -8.14131394347819 148.33168640504550 -6.18409187750813
  endloop
 endfacet
 facet normal -0.07942013514045 0.70487319502673 -0.70487319502665
  outer loop
   vertex -8.11669959654371 148.22384390483711 -6.29470774854936
   vertex -8.14131394347819 148.33168640504550 -6.18409187750813
   vertex -7.49499999999998 148.40450849715563 -6.18409187750813
  endloop
 endfacet
 facet normal -0.45339771324648 0.05108565329547 -0.88984311518955
  outer loop
   vertex -10.14950849718746 145.49999999996817 -6.36572750950947
   vertex -10.28889262614623 145.49999999996817 -6.29470774854936
   vertex -10.21884390486893 146.12169959651189 -6.29470774854936
  endloop
 endfacet
 facet normal -0.43066245868033 0.15069531191506 -0.88984311518955
  outer loop
   vertex -10.08295442703188 146.09068370995729 -6.36572750950947
   vertex -10.21884390486893 146.12169959651189 -6.29470774854936
   vertex -10.01221027641988 146.71222457929346 -6.29470774854936
  endloop
 endfacet
 facet normal -0.38633199014612 0.24274847834641 -0.88984311518955
  outer loop
   vertex -9.88662951554833 146.65174807224719 -6.36572750950947
   vertex -10.01221027641988 146.71222457929346 -6.29470774854936
   vertex -9.67935321375640 147.24196355985865 -6.29470774854936
  endloop
 endfacet
 facet normal -0.32262922244411 0.32262922244411 -0.88984311518954
  outer loop
   vertex -9.57037831358005 147.15505897691190 -6.36572750950947
   vertex -9.67935321375640 147.24196355985865 -6.29470774854936
   vertex -9.23696355989048 147.68435321372456 -6.29470774854936
  endloop
 endfacet
 facet normal -0.24274847834641 0.38633199014612 -0.88984311518955
  outer loop
   vertex -9.15005897694373 147.57537831354821 -6.36572750950947
   vertex -9.23696355989048 147.68435321372456 -6.29470774854936
   vertex -8.70722457932529 148.01721027638806 -6.29470774854936
  endloop
 endfacet
 facet normal -0.15069531191504 0.43066245868027 -0.88984311518958
  outer loop
   vertex -8.64674807227902 147.89162951551648 -6.36572750950947
   vertex -8.70722457932529 148.01721027638806 -6.29470774854936
   vertex -8.11669959654371 148.22384390483711 -6.29470774854936
  endloop
 endfacet
 facet normal -0.05108565329546 0.45339771324648 -0.88984311518955
  outer loop
   vertex -8.08568370998911 148.08795442700006 -6.36572750950947
   vertex -8.11669959654371 148.22384390483711 -6.29470774854936
   vertex -7.49499999999998 148.29389262611440 -6.29470774854936
  endloop
 endfacet
 facet normal -0.15641017068362 0.01762319376120 -0.98753495206417
  outer loop
   vertex -9.99500000000000 145.49999999996817 -6.39019925136189
   vertex -10.14950849718746 145.49999999996817 -6.36572750950947
   vertex -10.08295442703188 146.09068370995729 -6.36572750950947
  endloop
 endfacet
 facet normal -0.14856711161353 0.05198588076036 -0.98753495206417
  outer loop
   vertex -9.93231978045455 146.05630233485894 -6.39019925136189
   vertex -10.08295442703188 146.09068370995729 -6.36572750950947
   vertex -9.88662951554833 146.65174807224719 -6.36572750950947
  endloop
 endfacet
 facet normal -0.13327427720493 0.08374177862407 -0.98753495206417
  outer loop
   vertex -9.74742216975603 146.58470934776207 -6.39019925136189
   vertex -9.88662951554833 146.65174807224719 -6.36572750950947
   vertex -9.57037831358005 147.15505897691190 -6.36572750950947
  endloop
 endfacet
 facet normal -0.11129851403236 0.11129851403236 -0.98753495206417
  outer loop
   vertex -9.44957870617006 147.05872450461501 -6.39019925136189
   vertex -9.57037831358005 147.15505897691190 -6.36572750950947
   vertex -9.15005897694373 147.57537831354821 -6.36572750950947
  endloop
 endfacet
 facet normal -0.08374177862406 0.13327427720492 -0.98753495206417
  outer loop
   vertex -9.05372450464682 147.45457870613822 -6.39019925136189
   vertex -9.15005897694373 147.57537831354821 -6.36572750950947
   vertex -8.64674807227902 147.89162951551648 -6.36572750950947
  endloop
 endfacet
 facet normal -0.05198588076038 0.14856711161355 -0.98753495206417
  outer loop
   vertex -8.57970934779388 147.75242216972421 -6.39019925136189
   vertex -8.64674807227902 147.89162951551648 -6.36572750950947
   vertex -8.08568370998911 148.08795442700006 -6.36572750950947
  endloop
 endfacet
 facet normal -0.01762319376120 0.15641017068359 -0.98753495206417
  outer loop
   vertex -8.05130233489077 147.93731978042271 -6.39019925136189
   vertex -8.08568370998911 148.08795442700006 -6.36572750950947
   vertex -7.49499999999998 148.15450849715563 -6.36572750950947
  endloop
 endfacet
 facet normal 0.00000000000000 0.00000000000000 -1.00000000000000
  outer loop
   vertex 143.93136524629560 -1.17356529594546 -6.39019925136189
   vertex -4.82768444102526 137.64782534895096 -6.39019925136189
   vertex -3.66524071790537 137.38250515480306 -6.39019925136189
  endloop
 endfacet
 facet normal 0.00000000000000 0.00000000000000 -1.00000000000000
  outer loop
   vertex -3.66524071790537 137.38250515480306 -6.39019925136189
   vertex 143.41402912041499 140.19229964588416 -6.39019925136189
   vertex 145.77495624609401 0.29664946637687 -6.39019925136189
  endloop
 endfacet
 facet normal 0.00000000000000 0.00000000000000 -1.00000000000000
  outer loop
   vertex 150.16852783087887 -6.14753647928362 -6.39019925136189
   vertex 150.84019581516924 -5.16238048467018 -6.39019925136189
   vertex 153.86499999999785 -7.53621407955039 -6.39019925136189
  endloop
 endfacet
 facet normal 0.00000000000000 0.00000000000000 -1.00000000000000
  outer loop
   vertex 150.16852783087887 -6.14753647928362 -6.39019925136189
   vertex 151.92130233488865 -9.97353386000496 -6.39019925136189
   vertex 151.36499999999785 -10.03621407955040 -6.39019925136189
  endloop
 endfacet
 facet normal 0.00000000000000 0.00000000000000 -1.00000000000000
  outer loop
   vertex 150.16852783087887 -6.14753647928362 -6.39019925136189
   vertex 152.92372450464470 -9.49079278572048 -6.39019925136189
   vertex 152.44970934779175 -9.78863624930645 -6.39019925136189
  endloop
 endfacet
 facet normal -0.00000000000000 0.00000000000000 -1.00000000000000
  outer loop
   vertex 145.77495624609401 0.29664946637687 -6.39019925136189
   vertex 144.74236113612466 -0.29951959832783 -6.39019925136189
   vertex -3.66524071790537 137.38250515480306 -6.39019925136189
  endloop
 endfacet
 facet normal -0.00000000000000 0.00000000000000 -1.00000000000000
  outer loop
   vertex 153.86499999999785 -7.53621407955039 -6.39019925136189
   vertex 153.80231978045242 -8.09251641444118 -6.39019925136189
   vertex 150.16852783087887 -6.14753647928362 -6.39019925136189
  endloop
 endfacet
 facet normal -0.00000000000000 0.00000000000000 -1.00000000000000
  outer loop
   vertex 152.44970934779175 -9.78863624930645 -6.39019925136189
   vertex 151.92130233488865 -9.97353386000496 -6.39019925136189
   vertex 150.16852783087887 -6.14753647928362 -6.39019925136189
  endloop
 endfacet
 facet normal 0.00000000000000 0.00000000000000 -1.00000000000000
  outer loop
   vertex 143.41402912041499 -2.24782483055633 -6.39019925136189
   vertex 0.33417584688247 29.96673358057599 -6.39019925136189
   vertex 0.37885254198196 30.56290264528069 -6.39019925136189
  endloop
 endfacet
 facet normal 0.00000000000000 -0.00000000000000 -1.00000000000000
  outer loop
   vertex -6.92610255528202 28.30962241302620 -6.39019925136189
   vertex -6.11510666545298 27.43557671540857 -6.39019925136189
   vertex -8.13157571390395 25.15667158863904 -6.39019925136189
  endloop
 endfacet
 facet normal 0.00000000000000 0.00000000000000 -1.00000000000000
  outer loop
   vertex 143.41402912041499 140.19229964588416 -6.39019925136189
   vertex 146.93739996921389 0.56196966052477 -6.39019925136189
   vertex 145.77495624609401 0.29664946637687 -6.39019925136189
  endloop
 endfacet
 facet normal 0.00000000000000 0.00000000000000 -1.00000000000000
  outer loop
   vertex 150.16852783087887 144.09201129461144 -6.39019925136189
   vertex 151.92130233488871 147.93731978042268 -6.39019925136189
   vertex 152.44970934779184 147.75242216972416 -6.39019925136189
  endloop
 endfacet
 facet normal -0.00000000000000 0.00000000000000 -1.00000000000000
  outer loop
   vertex 153.80231978045242 -8.09251641444118 -6.39019925136189
   vertex 153.61742216975392 -8.62092342734429 -6.39019925136189
   vertex 150.16852783087887 -6.14753647928362 -6.39019925136189
  endloop
 endfacet
 facet normal 0.00000000000000 0.00000000000000 -1.00000000000000
  outer loop
   vertex 150.16852783087887 -6.14753647928362 -6.39019925136189
   vertex 153.31957870616793 -9.09493858419724 -6.39019925136189
   vertex 152.92372450464470 -9.49079278572048 -6.39019925136189
  endloop
 endfacet
 facet normal 0.00000000000000 0.00000000000000 -1.00000000000000
  outer loop
   vertex 0.37885254198196 30.56290264528069 -6.39019925136189
   vertex 0.33417584688247 31.15907170998538 -6.39019925136189
   vertex 143.41402912041499 -2.24782483055633 -6.39019925136189
  endloop
 endfacet
 facet normal 0.00000000000000 0.00000000000000 -1.00000000000000
  outer loop
   vertex 143.23632034355958 -3.42684552819995 -6.39019925136189
   vertex -0.01727198640837 28.82736768881045 -6.39019925136189
   vertex 0.33417584688247 29.96673358057599 -6.39019925136189
  endloop
 endfacet
 facet normal 0.00000000000000 0.00000000000000 -1.00000000000000
  outer loop
   vertex 143.23632034355958 -3.42684552819995 -6.39019925136189
   vertex -2.73106372219278 26.66319099655340 -6.39019925136189
   vertex -1.62114745801804 27.09880103014294 -6.39019925136189
  endloop
 endfacet
 facet normal 0.00000000000000 0.00000000000000 -1.00000000000000
  outer loop
   vertex -8.13157571390395 25.15667158863904 -6.39019925136189
   vertex -8.64135501592747 25.35258594797079 -6.39019925136189
   vertex -6.92610255528202 28.30962241302620 -6.39019925136189
  endloop
 endfacet
 facet normal 0.00000000000000 0.00000000000000 -1.00000000000000
  outer loop
   vertex 143.41402912041499 140.19229964588416 -6.39019925136189
   vertex 148.12640407938483 0.47286612052735 -6.39019925136189
   vertex 146.93739996921389 0.56196966052477 -6.39019925136189
  endloop
 endfacet
 facet normal 0.00000000000000 -0.00000000000000 -1.00000000000000
  outer loop
   vertex 152.44970934779184 147.75242216972416 -6.39019925136189
   vertex 152.92372450464478 147.45457870613816 -6.39019925136189
   vertex 150.16852783087887 144.09201129461144 -6.39019925136189
  endloop
 endfacet
 facet normal 0.00000000000000 0.00000000000000 -1.00000000000000
  outer loop
   vertex 150.16852783087887 144.09201129461144 -6.39019925136189
   vertex 149.23632034355958 144.83542195866553 -6.39019925136189
   vertex 151.36499999999791 147.99999999996817 -6.39019925136189
  endloop
 endfacet
 facet normal 0.00000000000000 0.00000000000000 -1.00000000000000
  outer loop
   vertex 148.12640407938483 137.47160869480047 -6.39019925136189
   vertex 153.86499999999785 -7.53621407955039 -6.39019925136189
   vertex 151.23632034355956 -3.42684552819995 -6.39019925136189
  endloop
 endfacet
 facet normal 0.00000000000000 0.00000000000000 -1.00000000000000
  outer loop
   vertex 151.36499999999785 -10.03621407955040 -6.39019925136189
   vertex 149.23632034355958 -6.89094714333770 -6.39019925136189
   vertex 150.16852783087887 -6.14753647928362 -6.39019925136189
  endloop
 endfacet
 facet normal 0.00000000000000 0.00000000000000 -1.00000000000000
  outer loop
   vertex 0.33417584688247 29.96673358057599 -6.39019925136189
   vertex 143.41402912041499 -2.24782483055633 -6.39019925136189
   vertex 143.23632034355958 -3.42684552819995 -6.39019925136189
  endloop
 endfacet
 facet normal 0.00000000000000 0.00000000000000 -1.00000000000000
  outer loop
   vertex -1.62114745801804 27.09880103014294 -6.39019925136189
   vertex -0.68893997069874 27.84221169419702 -6.39019925136189
   vertex 143.23632034355958 -3.42684552819995 -6.39019925136189
  endloop
 endfacet
 facet normal 0.00000000000000 0.00000000000000 -1.00000000000000
  outer loop
   vertex -8.64135501592747 25.35258594797079 -6.39019925136189
   vertex -9.09642890426546 25.65452158534557 -6.39019925136189
   vertex -6.92610255528202 28.30962241302620 -6.39019925136189
  endloop
 endfacet
 facet normal 0.00000000000000 0.00000000000000 -1.00000000000000
  outer loop
   vertex -6.92610255528202 28.30962241302620 -6.39019925136189
   vertex -9.93534852540720 27.03140585376683 -6.39019925136189
   vertex -9.99499999999999 27.57426778330589 -6.39019925136189
  endloop
 endfacet
 facet normal 0.00000000000000 0.00000000000000 -1.00000000000000
  outer loop
   vertex -2.73106372219278 34.46261429400798 -6.39019925136189
   vertex -4.82768444102526 137.64782534895096 -6.39019925136189
   vertex 143.93136524629560 -1.17356529594546 -6.39019925136189
  endloop
 endfacet
 facet normal 0.00000000000000 0.00000000000000 -1.00000000000000
  outer loop
   vertex 143.41402912041499 140.19229964588416 -6.39019925136189
   vertex 149.23632034355958 0.03725608693780 -6.39019925136189
   vertex 148.12640407938483 0.47286612052735 -6.39019925136189
  endloop
 endfacet
 facet normal 0.00000000000000 0.00000000000000 -1.00000000000000
  outer loop
   vertex 143.41402912041499 140.19229964588416 -6.39019925136189
   vertex 150.84019581516924 -1.69131057172972 -6.39019925136189
   vertex 150.16852783087887 -0.70615457711627 -6.39019925136189
  endloop
 endfacet
 facet normal 0.00000000000000 0.00000000000000 -1.00000000000000
  outer loop
   vertex -3.92006783236374 34.55171783400541 -6.39019925136189
   vertex -7.18861156670424 140.19229964588416 -6.39019925136189
   vertex -6.67127544082366 139.11804011127330 -6.39019925136189
  endloop
 endfacet
 facet normal -0.00000000000000 0.00000000000000 -1.00000000000000
  outer loop
   vertex -5.86027955099461 144.49864627339988 -6.39019925136189
   vertex -6.67127544082366 143.62460057578227 -6.39019925136189
   vertex -9.93231978045454 146.05630233485894 -6.39019925136189
  endloop
 endfacet
 facet normal 0.00000000000000 0.00000000000000 -1.00000000000000
  outer loop
   vertex 143.41402912041499 142.55034104117141 -6.39019925136189
   vertex -1.36632034355967 144.83542195866553 -6.39019925136189
   vertex -2.47623660773442 145.27103199225508 -6.39019925136189
  endloop
 endfacet
 facet normal 0.00000000000000 0.00000000000000 -1.00000000000000
  outer loop
   vertex 143.41402912041499 142.55034104117141 -6.39019925136189
   vertex 0.58900296134084 140.77515127882307 -6.39019925136189
   vertex 0.63367965644032 141.37132034352777 -6.39019925136189
  endloop
 endfacet
 facet normal 0.00000000000000 -0.00000000000000 -1.00000000000000
  outer loop
   vertex 151.36499999999791 147.99999999996817 -6.39019925136189
   vertex 151.92130233488871 147.93731978042268 -6.39019925136189
   vertex 150.16852783087887 144.09201129461144 -6.39019925136189
  endloop
 endfacet
 facet normal 0.00000000000000 0.00000000000000 -1.00000000000000
  outer loop
   vertex 150.16852783087887 144.09201129461144 -6.39019925136189
   vertex 153.80231978045251 146.05630233485888 -6.39019925136189
   vertex 153.86499999999791 145.49999999996808 -6.39019925136189
  endloop
 endfacet
 facet normal 0.00000000000000 0.00000000000000 -1.00000000000000
  outer loop
   vertex 153.86499999999785 -7.53621407955039 -6.39019925136189
   vertex 151.19164364846009 -4.02301459290465 -6.39019925136189
   vertex 151.23632034355956 -3.42684552819995 -6.39019925136189
  endloop
 endfacet
 facet normal 0.00000000000000 0.00000000000000 -1.00000000000000
  outer loop
   vertex 151.36499999999785 -10.03621407955040 -6.39019925136189
   vertex 148.12640407938483 -7.32655717692724 -6.39019925136189
   vertex 149.23632034355958 -6.89094714333770 -6.39019925136189
  endloop
 endfacet
 facet normal 0.00000000000000 0.00000000000000 -1.00000000000000
  outer loop
   vertex 125.84808156997590 -10.03621407955039 -6.39019925136189
   vertex 145.77495624609401 -7.15034052277677 -6.39019925136189
   vertex 146.93739996921389 -7.41566071692467 -6.39019925136189
  endloop
 endfacet
 facet normal 0.00000000000000 0.00000000000000 -1.00000000000000
  outer loop
   vertex 125.84808156997590 -10.03621407955039 -6.39019925136189
   vertex 143.93136524629560 -5.68012576045443 -6.39019925136189
   vertex 144.74236113612466 -6.55417145807207 -6.39019925136189
  endloop
 endfacet
 facet normal 0.00000000000000 0.00000000000000 -1.00000000000000
  outer loop
   vertex 143.41402912041499 -2.24782483055633 -6.39019925136189
   vertex -0.01727198640837 32.29843760175092 -6.39019925136189
   vertex -0.68893997069874 33.28359359636436 -6.39019925136189
  endloop
 endfacet
 facet normal 0.00000000000000 0.00000000000000 -1.00000000000000
  outer loop
   vertex -0.68893997069874 27.84221169419702 -6.39019925136189
   vertex -0.01727198640837 28.82736768881045 -6.39019925136189
   vertex 143.23632034355958 -3.42684552819995 -6.39019925136189
  endloop
 endfacet
 facet normal 0.00000000000000 0.00000000000000 -1.00000000000000
  outer loop
   vertex 143.23632034355958 -3.42684552819995 -6.39019925136189
   vertex -8.13157571390395 25.15667158863904 -6.39019925136189
   vertex -3.92006783236374 26.57408745655597 -6.39019925136189
  endloop
 endfacet
 facet normal 0.00000000000000 0.00000000000000 -1.00000000000000
  outer loop
   vertex -9.09642890426546 25.65452158534557 -6.39019925136189
   vertex -9.47508071612748 26.04806977596214 -6.39019925136189
   vertex -6.92610255528202 28.30962241302620 -6.39019925136189
  endloop
 endfacet
 facet normal 0.00000000000000 0.00000000000000 -1.00000000000000
  outer loop
   vertex -6.92610255528202 28.30962241302620 -6.39019925136189
   vertex -9.75924074036569 26.51444993590561 -6.39019925136189
   vertex -9.93534852540720 27.03140585376683 -6.39019925136189
  endloop
 endfacet
 facet normal 0.00000000000000 0.00000000000000 -1.00000000000000
  outer loop
   vertex -9.99500000000000 145.49999999996817 -6.39019925136189
   vertex -6.11510666545298 33.69022857515281 -6.39019925136189
   vertex -6.92610255528202 32.81618287753518 -6.39019925136189
  endloop
 endfacet
 facet normal 0.00000000000000 0.00000000000000 -1.00000000000000
  outer loop
   vertex -9.99500000000000 145.49999999996817 -6.39019925136189
   vertex -3.92006783236374 34.55171783400541 -6.39019925136189
   vertex -5.08251155548362 34.28639763985750 -6.39019925136189
  endloop
 endfacet
 facet normal -0.00000000000000 0.00000000000000 -1.00000000000000
  outer loop
   vertex 143.93136524629560 -1.17356529594546 -6.39019925136189
   vertex 143.41402912041499 -2.24782483055633 -6.39019925136189
   vertex -2.73106372219278 34.46261429400798 -6.39019925136189
  endloop
 endfacet
 facet normal 0.00000000000000 0.00000000000000 -1.00000000000000
  outer loop
   vertex 150.16852783087887 -0.70615457711627 -6.39019925136189
   vertex 149.23632034355958 0.03725608693780 -6.39019925136189
   vertex 143.41402912041499 140.19229964588416 -6.39019925136189
  endloop
 endfacet
 facet normal 0.00000000000000 0.00000000000000 -1.00000000000000
  outer loop
   vertex -6.67127544082366 139.11804011127330 -6.39019925136189
   vertex -5.86027955099461 138.24399441365566 -6.39019925136189
   vertex -3.92006783236374 34.55171783400541 -6.39019925136189
  endloop
 endfacet
 facet normal 0.00000000000000 0.00000000000000 -1.00000000000000
  outer loop
   vertex -9.99500000000000 145.49999999996817 -6.39019925136189
   vertex -7.36632034355968 141.37132034352777 -6.39019925136189
   vertex -7.18861156670424 140.19229964588416 -6.39019925136189
  endloop
 endfacet
 facet normal 0.00000000000000 0.00000000000000 -1.00000000000000
  outer loop
   vertex -5.86027955099461 144.49864627339988 -6.39019925136189
   vertex -9.44957870617005 147.05872450461499 -6.39019925136189
   vertex -9.05372450464682 147.45457870613822 -6.39019925136189
  endloop
 endfacet
 facet normal 0.00000000000000 0.00000000000000 -1.00000000000000
  outer loop
   vertex -9.93231978045454 146.05630233485894 -6.39019925136189
   vertex -9.74742216975603 146.58470934776204 -6.39019925136189
   vertex -5.86027955099461 144.49864627339988 -6.39019925136189
  endloop
 endfacet
 facet normal 0.00000000000000 0.00000000000000 -1.00000000000000
  outer loop
   vertex -5.86027955099461 144.49864627339988 -6.39019925136189
   vertex -8.05130233489077 147.93731978042271 -6.39019925136189
   vertex -7.49499999999998 147.99999999996817 -6.39019925136189
  endloop
 endfacet
 facet normal 0.00000000000000 0.00000000000000 -1.00000000000000
  outer loop
   vertex 143.41402912041499 142.55034104117141 -6.39019925136189
   vertex -0.43411285624037 144.09201129461144 -6.39019925136189
   vertex -1.36632034355967 144.83542195866553 -6.39019925136189
  endloop
 endfacet
 facet normal 0.00000000000000 0.00000000000000 -1.00000000000000
  outer loop
   vertex 0.63367965644032 141.37132034352777 -6.39019925136189
   vertex 0.58900296134084 141.96748940823250 -6.39019925136189
   vertex 143.41402912041499 142.55034104117141 -6.39019925136189
  endloop
 endfacet
 facet normal 0.00000000000000 -0.00000000000000 -1.00000000000000
  outer loop
   vertex 152.92372450464478 147.45457870613816 -6.39019925136189
   vertex 153.31957870616802 147.05872450461493 -6.39019925136189
   vertex 150.16852783087887 144.09201129461144 -6.39019925136189
  endloop
 endfacet
 facet normal 0.00000000000000 0.00000000000000 -1.00000000000000
  outer loop
   vertex 150.16852783087887 144.09201129461144 -6.39019925136189
   vertex 153.61742216975398 146.58470934776199 -6.39019925136189
   vertex 153.80231978045251 146.05630233485888 -6.39019925136189
  endloop
 endfacet
 facet normal 0.00000000000000 0.00000000000000 -1.00000000000000
  outer loop
   vertex 153.86499999999791 145.49999999996808 -6.39019925136189
   vertex 151.19164364846009 140.77515127882307 -6.39019925136189
   vertex 151.23632034355956 141.37132034352777 -6.39019925136189
  endloop
 endfacet
 facet normal 0.00000000000000 0.00000000000000 -1.00000000000000
  outer loop
   vertex 153.86499999999785 -7.53621407955039 -6.39019925136189
   vertex 148.12640407938483 137.47160869480047 -6.39019925136189
   vertex 149.23632034355958 137.90721872839003 -6.39019925136189
  endloop
 endfacet
 facet normal 0.00000000000000 0.00000000000000 -1.00000000000000
  outer loop
   vertex 153.86499999999785 -7.53621407955039 -6.39019925136189
   vertex 150.84019581516924 -5.16238048467018 -6.39019925136189
   vertex 151.19164364846009 -4.02301459290465 -6.39019925136189
  endloop
 endfacet
 facet normal 0.00000000000000 0.00000000000000 -1.00000000000000
  outer loop
   vertex 151.36499999999785 -10.03621407955040 -6.39019925136189
   vertex 146.93739996921389 -7.41566071692467 -6.39019925136189
   vertex 148.12640407938483 -7.32655717692724 -6.39019925136189
  endloop
 endfacet
 facet normal 0.00000000000000 -0.00000000000000 -1.00000000000000
  outer loop
   vertex 144.74236113612466 -6.55417145807207 -6.39019925136189
   vertex 145.77495624609401 -7.15034052277677 -6.39019925136189
   vertex 125.84808156997590 -10.03621407955039 -6.39019925136189
  endloop
 endfacet
 facet normal 0.00000000000000 0.00000000000000 -1.00000000000000
  outer loop
   vertex 0.33417584688247 31.15907170998538 -6.39019925136189
   vertex -0.01727198640837 32.29843760175092 -6.39019925136189
   vertex 143.41402912041499 -2.24782483055633 -6.39019925136189
  endloop
 endfacet
 facet normal 0.00000000000000 0.00000000000000 -1.00000000000000
  outer loop
   vertex -8.13157571390395 25.15667158863904 -6.39019925136189
   vertex -5.08251155548362 26.83940765070387 -6.39019925136189
   vertex -3.92006783236374 26.57408745655597 -6.39019925136189
  endloop
 endfacet
 facet normal 0.00000000000000 0.00000000000000 -1.00000000000000
  outer loop
   vertex -9.47508071612748 26.04806977596214 -6.39019925136189
   vertex -9.75924074036569 26.51444993590561 -6.39019925136189
   vertex -6.92610255528202 28.30962241302620 -6.39019925136189
  endloop
 endfacet
 facet normal 0.00000000000000 0.00000000000000 -1.00000000000000
  outer loop
   vertex -9.99499999999999 27.57426778330589 -6.39019925136189
   vertex -7.62114745801804 30.56290264528069 -6.39019925136189
   vertex -7.44343868116260 29.38388194763708 -6.39019925136189
  endloop
 endfacet
 facet normal 0.00000000000000 0.00000000000000 -1.00000000000000
  outer loop
   vertex -9.99499999999999 27.57426778330589 -6.39019925136189
   vertex -9.99500000000000 145.49999999996817 -6.39019925136189
   vertex -7.44343868116260 31.74192334292431 -6.39019925136189
  endloop
 endfacet
 facet normal -0.00000000000000 0.00000000000000 -1.00000000000000
  outer loop
   vertex -5.08251155548362 34.28639763985750 -6.39019925136189
   vertex -6.11510666545298 33.69022857515281 -6.39019925136189
   vertex -9.99500000000000 145.49999999996817 -6.39019925136189
  endloop
 endfacet
 facet normal 0.00000000000000 0.00000000000000 -1.00000000000000
  outer loop
   vertex -3.66524071790537 137.38250515480306 -6.39019925136189
   vertex 144.74236113612466 -0.29951959832783 -6.39019925136189
   vertex 143.93136524629560 -1.17356529594546 -6.39019925136189
  endloop
 endfacet
 facet normal -0.00000000000000 -0.00000000000000 -1.00000000000000
  outer loop
   vertex -7.18861156670424 140.19229964588416 -6.39019925136189
   vertex -3.92006783236374 34.55171783400541 -6.39019925136189
   vertex -9.99500000000000 145.49999999996817 -6.39019925136189
  endloop
 endfacet
 facet normal 0.00000000000000 0.00000000000000 -1.00000000000000
  outer loop
   vertex 151.23632034355956 -3.42684552819995 -6.39019925136189
   vertex 144.74236113612466 138.24399441365566 -6.39019925136189
   vertex 145.77495624609401 137.64782534895096 -6.39019925136189
  endloop
 endfacet
 facet normal 0.00000000000000 0.00000000000000 -1.00000000000000
  outer loop
   vertex 143.93136524629560 139.11804011127330 -6.39019925136189
   vertex 151.23632034355956 -3.42684552819995 -6.39019925136189
   vertex 151.19164364846009 -2.83067646349525 -6.39019925136189
  endloop
 endfacet
 facet normal -0.00000000000000 0.00000000000000 -1.00000000000000
  outer loop
   vertex -6.67127544082366 143.62460057578227 -6.39019925136189
   vertex -7.18861156670424 142.55034104117141 -6.39019925136189
   vertex -9.99500000000000 145.49999999996817 -6.39019925136189
  endloop
 endfacet
 facet normal 0.00000000000000 0.00000000000000 -1.00000000000000
  outer loop
   vertex -9.74742216975603 146.58470934776204 -6.39019925136189
   vertex -9.44957870617005 147.05872450461499 -6.39019925136189
   vertex -5.86027955099461 144.49864627339988 -6.39019925136189
  endloop
 endfacet
 facet normal 0.00000000000000 0.00000000000000 -1.00000000000000
  outer loop
   vertex -5.86027955099461 144.49864627339988 -6.39019925136189
   vertex -8.57970934779388 147.75242216972421 -6.39019925136189
   vertex -8.05130233489077 147.93731978042271 -6.39019925136189
  endloop
 endfacet
 facet normal 0.00000000000000 0.00000000000000 -1.00000000000000
  outer loop
   vertex 143.41402912041499 142.55034104117141 -6.39019925136189
   vertex 0.23755512805000 143.10685529999802 -6.39019925136189
   vertex -0.43411285624037 144.09201129461144 -6.39019925136189
  endloop
 endfacet
 facet normal 0.00000000000000 0.00000000000000 -1.00000000000000
  outer loop
   vertex 143.41402912041499 142.55034104117141 -6.39019925136189
   vertex 0.23755512805000 139.63578538705752 -6.39019925136189
   vertex 0.58900296134084 140.77515127882307 -6.39019925136189
  endloop
 endfacet
 facet normal 0.00000000000000 0.00000000000000 -1.00000000000000
  outer loop
   vertex 143.41402912041499 142.55034104117141 -6.39019925136189
   vertex -2.47623660773442 137.47160869480047 -6.39019925136189
   vertex -1.36632034355967 137.90721872839003 -6.39019925136189
  endloop
 endfacet
 facet normal 0.00000000000000 0.00000000000000 -1.00000000000000
  outer loop
   vertex 149.23632034355958 144.83542195866553 -6.39019925136189
   vertex 148.12640407938483 145.27103199225508 -6.39019925136189
   vertex 151.36499999999791 147.99999999996817 -6.39019925136189
  endloop
 endfacet
 facet normal 0.00000000000000 0.00000000000000 -1.00000000000000
  outer loop
   vertex 150.16852783087887 144.09201129461144 -6.39019925136189
   vertex 153.31957870616802 147.05872450461493 -6.39019925136189
   vertex 153.61742216975398 146.58470934776199 -6.39019925136189
  endloop
 endfacet
 facet normal 0.00000000000000 0.00000000000000 -1.00000000000000
  outer loop
   vertex 151.23632034355956 141.37132034352777 -6.39019925136189
   vertex 151.19164364846009 141.96748940823250 -6.39019925136189
   vertex 153.86499999999791 145.49999999996808 -6.39019925136189
  endloop
 endfacet
 facet normal 0.00000000000000 0.00000000000000 -1.00000000000000
  outer loop
   vertex 153.86499999999785 -7.53621407955039 -6.39019925136189
   vertex 150.84019581516924 139.63578538705752 -6.39019925136189
   vertex 151.19164364846009 140.77515127882307 -6.39019925136189
  endloop
 endfacet
 facet normal 0.00000000000000 0.00000000000000 -1.00000000000000
  outer loop
   vertex 151.23632034355956 -3.42684552819995 -6.39019925136189
   vertex 146.93739996921389 137.38250515480306 -6.39019925136189
   vertex 148.12640407938483 137.47160869480047 -6.39019925136189
  endloop
 endfacet
 facet normal 0.00000000000000 -0.00000000000000 -1.00000000000000
  outer loop
   vertex 146.93739996921389 -7.41566071692467 -6.39019925136189
   vertex 151.36499999999785 -10.03621407955040 -6.39019925136189
   vertex 125.84808156997590 -10.03621407955039 -6.39019925136189
  endloop
 endfacet
 facet normal 0.00000000000000 0.00000000000000 -1.00000000000000
  outer loop
   vertex -3.92006783236374 26.57408745655597 -6.39019925136189
   vertex -2.73106372219278 26.66319099655340 -6.39019925136189
   vertex 143.23632034355958 -3.42684552819995 -6.39019925136189
  endloop
 endfacet
 facet normal 0.00000000000000 0.00000000000000 -1.00000000000000
  outer loop
   vertex -9.99499999999999 27.57426778330589 -6.39019925136189
   vertex -7.44343868116260 29.38388194763708 -6.39019925136189
   vertex -6.92610255528202 28.30962241302620 -6.39019925136189
  endloop
 endfacet
 facet normal -0.00000000000000 0.00000000000000 -1.00000000000000
  outer loop
   vertex -6.92610255528202 32.81618287753518 -6.39019925136189
   vertex -7.44343868116260 31.74192334292431 -6.39019925136189
   vertex -9.99500000000000 145.49999999996817 -6.39019925136189
  endloop
 endfacet
 facet normal 0.00000000000000 0.00000000000000 -1.00000000000000
  outer loop
   vertex -5.86027955099461 138.24399441365566 -6.39019925136189
   vertex -4.82768444102526 137.64782534895096 -6.39019925136189
   vertex -3.92006783236374 34.55171783400541 -6.39019925136189
  endloop
 endfacet
 facet normal 0.00000000000000 0.00000000000000 -1.00000000000000
  outer loop
   vertex 151.23632034355956 -3.42684552819995 -6.39019925136189
   vertex 143.93136524629560 139.11804011127330 -6.39019925136189
   vertex 144.74236113612466 138.24399441365566 -6.39019925136189
  endloop
 endfacet
 facet normal 0.00000000000000 0.00000000000000 -1.00000000000000
  outer loop
   vertex 151.19164364846009 -2.83067646349525 -6.39019925136189
   vertex 143.41402912041499 140.19229964588416 -6.39019925136189
   vertex 143.93136524629560 139.11804011127330 -6.39019925136189
  endloop
 endfacet
 facet normal 0.00000000000000 0.00000000000000 -1.00000000000000
  outer loop
   vertex -9.99500000000000 145.49999999996817 -6.39019925136189
   vertex -9.93231978045454 146.05630233485894 -6.39019925136189
   vertex -6.67127544082366 143.62460057578227 -6.39019925136189
  endloop
 endfacet
 facet normal 0.00000000000000 0.00000000000000 -1.00000000000000
  outer loop
   vertex -7.49499999999998 147.99999999996817 -6.39019925136189
   vertex -4.82768444102526 145.09481533810458 -6.39019925136189
   vertex -5.86027955099461 144.49864627339988 -6.39019925136189
  endloop
 endfacet
 facet normal 0.00000000000000 0.00000000000000 -1.00000000000000
  outer loop
   vertex 0.58900296134084 141.96748940823250 -6.39019925136189
   vertex 0.23755512805000 143.10685529999802 -6.39019925136189
   vertex 143.41402912041499 142.55034104117141 -6.39019925136189
  endloop
 endfacet
 facet normal 0.00000000000000 0.00000000000000 -1.00000000000000
  outer loop
   vertex -1.36632034355967 137.90721872839003 -6.39019925136189
   vertex -0.43411285624037 138.65062939244410 -6.39019925136189
   vertex 143.41402912041499 142.55034104117141 -6.39019925136189
  endloop
 endfacet
 facet normal 0.00000000000000 0.00000000000000 -1.00000000000000
  outer loop
   vertex 151.36499999999791 147.99999999996817 -6.39019925136189
   vertex 146.93739996921389 145.36013553225251 -6.39019925136189
   vertex 145.77495624609401 145.09481533810458 -6.39019925136189
  endloop
 endfacet
 facet normal 0.00000000000000 0.00000000000000 -1.00000000000000
  outer loop
   vertex 153.86499999999791 145.49999999996808 -6.39019925136189
   vertex 150.84019581516924 143.10685529999802 -6.39019925136189
   vertex 150.16852783087887 144.09201129461144 -6.39019925136189
  endloop
 endfacet
 facet normal 0.00000000000000 0.00000000000000 -1.00000000000000
  outer loop
   vertex 151.19164364846009 140.77515127882307 -6.39019925136189
   vertex 153.86499999999791 145.49999999996808 -6.39019925136189
   vertex 153.86499999999785 -7.53621407955039 -6.39019925136189
  endloop
 endfacet
 facet normal 0.00000000000000 0.00000000000000 -1.00000000000000
  outer loop
   vertex 149.23632034355958 137.90721872839003 -6.39019925136189
   vertex 150.16852783087887 138.65062939244410 -6.39019925136189
   vertex 153.86499999999785 -7.53621407955039 -6.39019925136189
  endloop
 endfacet
 facet normal 0.00000000000000 0.00000000000000 -1.00000000000000
  outer loop
   vertex 125.84808156997590 -10.03621407955039 -6.39019925136189
   vertex 143.41402912041499 -4.60586622584356 -6.39019925136189
   vertex 143.93136524629560 -5.68012576045443 -6.39019925136189
  endloop
 endfacet
 facet normal 0.00000000000000 -0.00000000000000 -1.00000000000000
  outer loop
   vertex 143.23632034355958 -3.42684552819995 -6.39019925136189
   vertex 143.41402912041499 -4.60586622584356 -6.39019925136189
   vertex 125.84808156997590 -10.03621407955039 -6.39019925136189
  endloop
 endfacet
 facet normal 0.00000000000000 -0.00000000000000 -1.00000000000000
  outer loop
   vertex -6.11510666545298 27.43557671540857 -6.39019925136189
   vertex -5.08251155548362 26.83940765070387 -6.39019925136189
   vertex -8.13157571390395 25.15667158863904 -6.39019925136189
  endloop
 endfacet
 facet normal 0.00000000000000 0.00000000000000 -1.00000000000000
  outer loop
   vertex -2.73106372219278 34.46261429400798 -6.39019925136189
   vertex -3.92006783236374 34.55171783400541 -6.39019925136189
   vertex -4.82768444102526 137.64782534895096 -6.39019925136189
  endloop
 endfacet
 facet normal 0.00000000000000 0.00000000000000 -1.00000000000000
  outer loop
   vertex 151.19164364846009 -2.83067646349525 -6.39019925136189
   vertex 150.84019581516924 -1.69131057172972 -6.39019925136189
   vertex 143.41402912041499 140.19229964588416 -6.39019925136189
  endloop
 endfacet
 facet normal 0.00000000000000 0.00000000000000 -1.00000000000000
  outer loop
   vertex -9.05372450464682 147.45457870613822 -6.39019925136189
   vertex -8.57970934779388 147.75242216972421 -6.39019925136189
   vertex -5.86027955099461 144.49864627339988 -6.39019925136189
  endloop
 endfacet
 facet normal 0.00000000000000 0.00000000000000 -1.00000000000000
  outer loop
   vertex -7.49499999999998 147.99999999996817 -6.39019925136189
   vertex -2.47623660773442 145.27103199225508 -6.39019925136189
   vertex -3.66524071790537 145.36013553225249 -6.39019925136189
  endloop
 endfacet
 facet normal 0.00000000000000 0.00000000000000 -1.00000000000000
  outer loop
   vertex -0.43411285624037 138.65062939244410 -6.39019925136189
   vertex 0.23755512805000 139.63578538705752 -6.39019925136189
   vertex 143.41402912041499 142.55034104117141 -6.39019925136189
  endloop
 endfacet
 facet normal 0.00000000000000 0.00000000000000 -1.00000000000000
  outer loop
   vertex 143.23632034355958 141.37132034352777 -6.39019925136189
   vertex -3.66524071790537 137.38250515480306 -6.39019925136189
   vertex -2.47623660773442 137.47160869480047 -6.39019925136189
  endloop
 endfacet
 facet normal 0.00000000000000 0.00000000000000 -1.00000000000000
  outer loop
   vertex 145.77495624609401 145.09481533810458 -6.39019925136189
   vertex -7.49499999999998 147.99999999996817 -6.39019925136189
   vertex 151.36499999999791 147.99999999996817 -6.39019925136189
  endloop
 endfacet
 facet normal 0.00000000000000 0.00000000000000 -1.00000000000000
  outer loop
   vertex 151.19164364846009 141.96748940823250 -6.39019925136189
   vertex 150.84019581516924 143.10685529999802 -6.39019925136189
   vertex 153.86499999999791 145.49999999996808 -6.39019925136189
  endloop
 endfacet
 facet normal -0.00000000000000 0.00000000000000 -1.00000000000000
  outer loop
   vertex 153.61742216975392 -8.62092342734429 -6.39019925136189
   vertex 153.31957870616793 -9.09493858419724 -6.39019925136189
   vertex 150.16852783087887 -6.14753647928362 -6.39019925136189
  endloop
 endfacet
 facet normal 0.00000000000000 0.00000000000000 -1.00000000000000
  outer loop
   vertex 125.84808156997590 -10.03621407955039 -6.39019925136189
   vertex 125.52713802873151 -10.01552754164701 -6.39019925136189
   vertex 143.23632034355958 -3.42684552819995 -6.39019925136189
  endloop
 endfacet
 facet normal 0.00000000000000 0.00000000000000 -1.00000000000000
  outer loop
   vertex -0.68893997069874 33.28359359636436 -6.39019925136189
   vertex -1.62114745801804 34.02700426041844 -6.39019925136189
   vertex 143.41402912041499 -2.24782483055633 -6.39019925136189
  endloop
 endfacet
 facet normal 0.00000000000000 0.00000000000000 -1.00000000000000
  outer loop
   vertex 145.77495624609401 137.64782534895096 -6.39019925136189
   vertex 146.93739996921389 137.38250515480306 -6.39019925136189
   vertex 151.23632034355956 -3.42684552819995 -6.39019925136189
  endloop
 endfacet
 facet normal -0.00000000000000 0.00000000000000 -1.00000000000000
  outer loop
   vertex -3.66524071790537 145.36013553225249 -6.39019925136189
   vertex -4.82768444102526 145.09481533810458 -6.39019925136189
   vertex -7.49499999999998 147.99999999996817 -6.39019925136189
  endloop
 endfacet
 facet normal 0.00000000000000 0.00000000000000 -1.00000000000000
  outer loop
   vertex -2.47623660773442 137.47160869480047 -6.39019925136189
   vertex 143.41402912041499 142.55034104117141 -6.39019925136189
   vertex 143.23632034355958 141.37132034352777 -6.39019925136189
  endloop
 endfacet
 facet normal -0.00000000000000 0.00000000000000 -1.00000000000000
  outer loop
   vertex 145.77495624609401 145.09481533810458 -6.39019925136189
   vertex 144.74236113612466 144.49864627339988 -6.39019925136189
   vertex -7.49499999999998 147.99999999996817 -6.39019925136189
  endloop
 endfacet
 facet normal 0.00000000000000 0.00000000000000 -1.00000000000000
  outer loop
   vertex 150.16852783087887 138.65062939244410 -6.39019925136189
   vertex 150.84019581516924 139.63578538705752 -6.39019925136189
   vertex 153.86499999999785 -7.53621407955039 -6.39019925136189
  endloop
 endfacet
 facet normal 0.00000000000000 0.00000000000000 -1.00000000000000
  outer loop
   vertex 125.52713802873151 -10.01552754164701 -6.39019925136189
   vertex 125.21150585607177 -9.95381027421724 -6.39019925136189
   vertex 143.23632034355958 -3.42684552819995 -6.39019925136189
  endloop
 endfacet
 facet normal 0.00000000000000 0.00000000000000 -1.00000000000000
  outer loop
   vertex -7.44343868116260 31.74192334292431 -6.39019925136189
   vertex -7.62114745801804 30.56290264528069 -6.39019925136189
   vertex -9.99499999999999 27.57426778330589 -6.39019925136189
  endloop
 endfacet
 facet normal 0.00000000000000 0.00000000000000 -1.00000000000000
  outer loop
   vertex -2.47623660773442 145.27103199225508 -6.39019925136189
   vertex -7.49499999999998 147.99999999996817 -6.39019925136189
   vertex 143.41402912041499 142.55034104117141 -6.39019925136189
  endloop
 endfacet
 facet normal -0.00000000000000 0.00000000000000 -1.00000000000000
  outer loop
   vertex 144.74236113612466 144.49864627339988 -6.39019925136189
   vertex 143.93136524629560 143.62460057578227 -6.39019925136189
   vertex -7.49499999999998 147.99999999996817 -6.39019925136189
  endloop
 endfacet
 facet normal 0.00000000000000 0.00000000000000 -1.00000000000000
  outer loop
   vertex 125.21150585607177 -9.95381027421724 -6.39019925136189
   vertex -8.13157571390395 25.15667158863904 -6.39019925136189
   vertex 143.23632034355958 -3.42684552819995 -6.39019925136189
  endloop
 endfacet
 facet normal 0.00000000000000 0.00000000000000 -1.00000000000000
  outer loop
   vertex -3.66524071790537 137.38250515480306 -6.39019925136189
   vertex 143.23632034355958 141.37132034352777 -6.39019925136189
   vertex 143.41402912041499 140.19229964588416 -6.39019925136189
  endloop
 endfacet
 facet normal -0.00000000000000 0.00000000000000 -1.00000000000000
  outer loop
   vertex 143.93136524629560 143.62460057578227 -6.39019925136189
   vertex 143.41402912041499 142.55034104117141 -6.39019925136189
   vertex -7.49499999999998 147.99999999996817 -6.39019925136189
  endloop
 endfacet
 facet normal 0.00000000000000 0.00000000000000 -1.00000000000000
  outer loop
   vertex -1.62114745801804 34.02700426041844 -6.39019925136189
   vertex -2.73106372219278 34.46261429400798 -6.39019925136189
   vertex 143.41402912041499 -2.24782483055633 -6.39019925136189
  endloop
 endfacet
 facet normal 0.00000000000000 0.00000000000000 -1.00000000000000
  outer loop
   vertex 148.12640407938483 145.27103199225508 -6.39019925136189
   vertex 146.93739996921389 145.36013553225251 -6.39019925136189
   vertex 151.36499999999791 147.99999999996817 -6.39019925136189
  endloop
 endfacet
 facet normal -0.00000000000000 0.00000000000000 -1.00000000000000
  outer loop
   vertex -7.18861156670424 142.55034104117141 -6.39019925136189
   vertex -7.36632034355968 141.37132034352777 -6.39019925136189
   vertex -9.99500000000000 145.49999999996817 -6.39019925136189
  endloop
 endfacet
 facet normal 0.98883082622513 0.14904226617618 0.00000000000000
  outer loop
   vertex -7.18861156670424 140.19229964588416 -6.39019925136189
   vertex -7.36632034355968 141.37132034352777 -6.39019925136189
   vertex -7.36632034355968 141.37132034352777 -4.89019925136189
  endloop
 endfacet
 facet normal 0.90096886790242 0.43388373911756 0.00000000000000
  outer loop
   vertex -6.67127544082366 139.11804011127330 -6.39019925136189
   vertex -7.18861156670424 140.19229964588416 -6.39019925136189
   vertex -7.18861156670424 140.19229964588416 -4.89019925136189
  endloop
 endfacet
 facet normal 0.73305187182983 0.68017273777091 -0.00000000000000
  outer loop
   vertex -5.86027955099461 138.24399441365566 -6.39019925136189
   vertex -6.67127544082366 139.11804011127330 -6.39019925136189
   vertex -6.67127544082366 139.11804011127330 -4.89019925136189
  endloop
 endfacet
 facet normal 0.50000000000000 0.86602540378444 -0.00000000000000
  outer loop
   vertex -4.82768444102526 137.64782534895096 -6.39019925136189
   vertex -5.86027955099461 138.24399441365566 -6.39019925136189
   vertex -5.86027955099461 138.24399441365566 -4.89019925136189
  endloop
 endfacet
 facet normal 0.22252093395631 0.97492791218182 -0.00000000000000
  outer loop
   vertex -3.66524071790537 137.38250515480306 -6.39019925136189
   vertex -4.82768444102526 137.64782534895096 -6.39019925136189
   vertex -4.82768444102526 137.64782534895096 -4.89019925136189
  endloop
 endfacet
 facet normal -0.07473009358641 0.99720379718118 0.00000000000000
  outer loop
   vertex -2.47623660773442 137.47160869480047 -6.39019925136189
   vertex -3.66524071790537 137.38250515480306 -6.39019925136189
   vertex -3.66524071790537 137.38250515480306 -4.89019925136189
  endloop
 endfacet
 facet normal -0.36534102436642 0.93087374864420 0.00000000000000
  outer loop
   vertex -1.36632034355967 137.90721872839003 -6.39019925136189
   vertex -2.47623660773442 137.47160869480047 -6.39019925136189
   vertex -2.47623660773442 137.47160869480047 -4.89019925136189
  endloop
 endfacet
 facet normal -0.62348980185873 0.78183148246803 -0.00000000000000
  outer loop
   vertex -0.43411285624037 138.65062939244410 -6.39019925136189
   vertex -1.36632034355967 137.90721872839003 -6.39019925136189
   vertex -1.36632034355967 137.90721872839003 -4.89019925136189
  endloop
 endfacet
 facet normal -0.82623877431599 0.56332005806363 -0.00000000000000
  outer loop
   vertex 0.23755512805000 139.63578538705752 -6.39019925136189
   vertex -0.43411285624037 138.65062939244410 -6.39019925136189
   vertex -0.43411285624037 138.65062939244410 -4.89019925136189
  endloop
 endfacet
 facet normal -0.95557280578614 0.29475517441090 -0.00000000000000
  outer loop
   vertex 0.58900296134084 140.77515127882307 -6.39019925136189
   vertex 0.23755512805000 139.63578538705752 -6.39019925136189
   vertex 0.23755512805000 139.63578538705752 -4.89019925136189
  endloop
 endfacet
 facet normal -0.99720379718118 -0.07473009358642 -0.00000000000000
  outer loop
   vertex 0.58900296134084 141.96748940823250 -6.39019925136189
   vertex 0.63367965644032 141.37132034352777 -6.39019925136189
   vertex 0.63367965644032 141.37132034352777 -4.89019925136189
  endloop
 endfacet
 facet normal -0.99720379718118 0.07473009358642 0.00000000000000
  outer loop
   vertex 0.58900296134084 140.77515127882307 -4.89019925136189
   vertex 0.63367965644032 141.37132034352777 -4.89019925136189
   vertex 0.63367965644032 141.37132034352777 -6.39019925136189
  endloop
 endfacet
 facet normal -0.99720379718118 0.07473009358642 0.00000000000000
  outer loop
   vertex 0.63367965644032 141.37132034352777 -6.39019925136189
   vertex 0.58900296134084 140.77515127882307 -6.39019925136189
   vertex 0.58900296134084 140.77515127882307 -4.89019925136189
  endloop
 endfacet
 facet normal -0.95557280578614 -0.29475517441091 0.00000000000000
  outer loop
   vertex 0.23755512805000 143.10685529999802 -6.39019925136189
   vertex 0.58900296134084 141.96748940823250 -6.39019925136189
   vertex 0.58900296134084 141.96748940823250 -4.89019925136189
  endloop
 endfacet
 facet normal -0.82623877431599 -0.56332005806363 0.00000000000000
  outer loop
   vertex -0.43411285624037 144.09201129461144 -6.39019925136189
   vertex 0.23755512805000 143.10685529999802 -6.39019925136189
   vertex 0.23755512805000 143.10685529999802 -4.89019925136189
  endloop
 endfacet
 facet normal -0.62348980185874 -0.78183148246802 -0.00000000000000
  outer loop
   vertex -1.36632034355967 144.83542195866553 -6.39019925136189
   vertex -0.43411285624037 144.09201129461144 -6.39019925136189
   vertex -0.43411285624037 144.09201129461144 -4.89019925136189
  endloop
 endfacet
 facet normal -0.36534102436639 -0.93087374864420 -0.00000000000000
  outer loop
   vertex -2.47623660773442 145.27103199225508 -6.39019925136189
   vertex -1.36632034355967 144.83542195866553 -6.39019925136189
   vertex -1.36632034355967 144.83542195866553 -4.89019925136189
  endloop
 endfacet
 facet normal -0.07473009358641 -0.99720379718118 -0.00000000000000
  outer loop
   vertex -3.66524071790537 145.36013553225249 -6.39019925136189
   vertex -2.47623660773442 145.27103199225508 -6.39019925136189
   vertex -2.47623660773442 145.27103199225508 -4.89019925136189
  endloop
 endfacet
 facet normal 0.22252093395631 -0.97492791218182 0.00000000000000
  outer loop
   vertex -4.82768444102526 145.09481533810458 -6.39019925136189
   vertex -3.66524071790537 145.36013553225249 -6.39019925136189
   vertex -3.66524071790537 145.36013553225249 -4.89019925136189
  endloop
 endfacet
 facet normal 0.50000000000000 -0.86602540378444 0.00000000000000
  outer loop
   vertex -5.86027955099461 144.49864627339988 -6.39019925136189
   vertex -4.82768444102526 145.09481533810458 -6.39019925136189
   vertex -4.82768444102526 145.09481533810458 -4.89019925136189
  endloop
 endfacet
 facet normal 0.73305187182982 -0.68017273777093 -0.00000000000000
  outer loop
   vertex -6.67127544082366 143.62460057578227 -6.39019925136189
   vertex -5.86027955099461 144.49864627339988 -6.39019925136189
   vertex -5.86027955099461 144.49864627339988 -4.89019925136189
  endloop
 endfacet
 facet normal 0.90096886790242 -0.43388373911756 0.00000000000000
  outer loop
   vertex -7.18861156670424 142.55034104117141 -6.39019925136189
   vertex -6.67127544082366 143.62460057578227 -6.39019925136189
   vertex -6.67127544082366 143.62460057578227 -4.89019925136189
  endloop
 endfacet
 facet normal 0.98883082622513 -0.14904226617617 -0.00000000000000
  outer loop
   vertex -7.36632034355968 141.37132034352777 -6.39019925136189
   vertex -7.18861156670424 142.55034104117141 -6.39019925136189
   vertex -7.18861156670424 142.55034104117141 -4.89019925136189
  endloop
 endfacet
 facet normal 0.98883082622513 -0.14904226617617 -0.00000000000000
  outer loop
   vertex -7.18861156670424 142.55034104117141 -4.89019925136189
   vertex -7.36632034355968 141.37132034352777 -4.89019925136189
   vertex -7.36632034355968 141.37132034352777 -6.39019925136189
  endloop
 endfacet
 facet normal 0.90096886790242 -0.43388373911756 0.00000000000000
  outer loop
   vertex -6.67127544082366 143.62460057578227 -4.89019925136189
   vertex -7.18861156670424 142.55034104117141 -4.89019925136189
   vertex -7.18861156670424 142.55034104117141 -6.39019925136189
  endloop
 endfacet
 facet normal 0.73305187182982 -0.68017273777093 -0.00000000000000
  outer loop
   vertex -5.86027955099461 144.49864627339988 -4.89019925136189
   vertex -6.67127544082366 143.62460057578227 -4.89019925136189
   vertex -6.67127544082366 143.62460057578227 -6.39019925136189
  endloop
 endfacet
 facet normal 0.50000000000000 -0.86602540378444 0.00000000000000
  outer loop
   vertex -4.82768444102526 145.09481533810458 -4.89019925136189
   vertex -5.86027955099461 144.49864627339988 -4.89019925136189
   vertex -5.86027955099461 144.49864627339988 -6.39019925136189
  endloop
 endfacet
 facet normal 0.22252093395631 -0.97492791218182 0.00000000000000
  outer loop
   vertex -3.66524071790537 145.36013553225249 -4.89019925136189
   vertex -4.82768444102526 145.09481533810458 -4.89019925136189
   vertex -4.82768444102526 145.09481533810458 -6.39019925136189
  endloop
 endfacet
 facet normal -0.07473009358641 -0.99720379718118 -0.00000000000000
  outer loop
   vertex -2.47623660773442 145.27103199225508 -4.89019925136189
   vertex -3.66524071790537 145.36013553225249 -4.89019925136189
   vertex -3.66524071790537 145.36013553225249 -6.39019925136189
  endloop
 endfacet
 facet normal -0.36534102436639 -0.93087374864420 -0.00000000000000
  outer loop
   vertex -1.36632034355967 144.83542195866553 -4.89019925136189
   vertex -2.47623660773442 145.27103199225508 -4.89019925136189
   vertex -2.47623660773442 145.27103199225508 -6.39019925136189
  endloop
 endfacet
 facet normal -0.62348980185874 -0.78183148246802 -0.00000000000000
  outer loop
   vertex -0.43411285624037 144.09201129461144 -4.89019925136189
   vertex -1.36632034355967 144.83542195866553 -4.89019925136189
   vertex -1.36632034355967 144.83542195866553 -6.39019925136189
  endloop
 endfacet
 facet normal -0.82623877431599 -0.56332005806363 0.00000000000000
  outer loop
   vertex 0.23755512805000 143.10685529999802 -4.89019925136189
   vertex -0.43411285624037 144.09201129461144 -4.89019925136189
   vertex -0.43411285624037 144.09201129461144 -6.39019925136189
  endloop
 endfacet
 facet normal -0.95557280578614 -0.29475517441091 0.00000000000000
  outer loop
   vertex 0.58900296134084 141.96748940823250 -4.89019925136189
   vertex 0.23755512805000 143.10685529999802 -4.89019925136189
   vertex 0.23755512805000 143.10685529999802 -6.39019925136189
  endloop
 endfacet
 facet normal -0.99720379718118 -0.07473009358642 -0.00000000000000
  outer loop
   vertex 0.63367965644032 141.37132034352777 -4.89019925136189
   vertex 0.58900296134084 141.96748940823250 -4.89019925136189
   vertex 0.58900296134084 141.96748940823250 -6.39019925136189
  endloop
 endfacet
 facet normal -0.95557280578614 0.29475517441090 -0.00000000000000
  outer loop
   vertex 0.23755512805000 139.63578538705752 -4.89019925136189
   vertex 0.58900296134084 140.77515127882307 -4.89019925136189
   vertex 0.58900296134084 140.77515127882307 -6.39019925136189
  endloop
 endfacet
 facet normal -0.82623877431599 0.56332005806363 -0.00000000000000
  outer loop
   vertex -0.43411285624037 138.65062939244410 -4.89019925136189
   vertex 0.23755512805000 139.63578538705752 -4.89019925136189
   vertex 0.23755512805000 139.63578538705752 -6.39019925136189
  endloop
 endfacet
 facet normal -0.62348980185873 0.78183148246803 -0.00000000000000
  outer loop
   vertex -1.36632034355967 137.90721872839003 -4.89019925136189
   vertex -0.43411285624037 138.65062939244410 -4.89019925136189
   vertex -0.43411285624037 138.65062939244410 -6.39019925136189
  endloop
 endfacet
 facet normal -0.36534102436642 0.93087374864420 0.00000000000000
  outer loop
   vertex -2.47623660773442 137.47160869480047 -4.89019925136189
   vertex -1.36632034355967 137.90721872839003 -4.89019925136189
   vertex -1.36632034355967 137.90721872839003 -6.39019925136189
  endloop
 endfacet
 facet normal -0.07473009358641 0.99720379718118 0.00000000000000
  outer loop
   vertex -3.66524071790537 137.38250515480306 -4.89019925136189
   vertex -2.47623660773442 137.47160869480047 -4.89019925136189
   vertex -2.47623660773442 137.47160869480047 -6.39019925136189
  endloop
 endfacet
 facet normal 0.22252093395631 0.97492791218182 -0.00000000000000
  outer loop
   vertex -4.82768444102526 137.64782534895096 -4.89019925136189
   vertex -3.66524071790537 137.38250515480306 -4.89019925136189
   vertex -3.66524071790537 137.38250515480306 -6.39019925136189
  endloop
 endfacet
 facet normal 0.50000000000000 0.86602540378444 -0.00000000000000
  outer loop
   vertex -5.86027955099461 138.24399441365566 -4.89019925136189
   vertex -4.82768444102526 137.64782534895096 -4.89019925136189
   vertex -4.82768444102526 137.64782534895096 -6.39019925136189
  endloop
 endfacet
 facet normal 0.73305187182983 0.68017273777091 -0.00000000000000
  outer loop
   vertex -6.67127544082366 139.11804011127330 -4.89019925136189
   vertex -5.86027955099461 138.24399441365566 -4.89019925136189
   vertex -5.86027955099461 138.24399441365566 -6.39019925136189
  endloop
 endfacet
 facet normal 0.90096886790242 0.43388373911756 0.00000000000000
  outer loop
   vertex -7.18861156670424 140.19229964588416 -4.89019925136189
   vertex -6.67127544082366 139.11804011127330 -4.89019925136189
   vertex -6.67127544082366 139.11804011127330 -6.39019925136189
  endloop
 endfacet
 facet normal 0.98883082622513 0.14904226617618 0.00000000000000
  outer loop
   vertex -7.36632034355968 141.37132034352777 -4.89019925136189
   vertex -7.18861156670424 140.19229964588416 -4.89019925136189
   vertex -7.18861156670424 140.19229964588416 -6.39019925136189
  endloop
 endfacet
 facet normal 0.00000000000000 0.00000000000000 -1.00000000000000
  outer loop
   vertex -3.36632034355968 141.37132034352777 -4.89019925136189
   vertex 0.58900296134084 140.77515127882307 -4.89019925136189
   vertex 0.23755512805000 139.63578538705752 -4.89019925136189
  endloop
 endfacet
 facet normal -0.00000000000000 0.00000000000000 -1.00000000000000
  outer loop
   vertex 0.23755512805000 139.63578538705752 -4.89019925136189
   vertex -0.43411285624037 138.65062939244410 -4.89019925136189
   vertex -3.36632034355968 141.37132034352777 -4.89019925136189
  endloop
 endfacet
 facet normal -0.00000000000000 0.00000000000000 -1.00000000000000
  outer loop
   vertex -0.43411285624037 138.65062939244410 -4.89019925136189
   vertex -1.36632034355967 137.90721872839003 -4.89019925136189
   vertex -3.36632034355968 141.37132034352777 -4.89019925136189
  endloop
 endfacet
 facet normal -0.00000000000000 0.00000000000000 -1.00000000000000
  outer loop
   vertex -1.36632034355967 137.90721872839003 -4.89019925136189
   vertex -2.47623660773442 137.47160869480047 -4.89019925136189
   vertex -3.36632034355968 141.37132034352777 -4.89019925136189
  endloop
 endfacet
 facet normal -0.00000000000000 0.00000000000000 -1.00000000000000
  outer loop
   vertex -2.47623660773442 137.47160869480047 -4.89019925136189
   vertex -3.66524071790537 137.38250515480306 -4.89019925136189
   vertex -3.36632034355968 141.37132034352777 -4.89019925136189
  endloop
 endfacet
 facet normal 0.00000000000000 0.00000000000000 -1.00000000000000
  outer loop
   vertex -3.66524071790537 137.38250515480306 -4.89019925136189
   vertex -4.82768444102526 137.64782534895096 -4.89019925136189
   vertex -3.36632034355968 141.37132034352777 -4.89019925136189
  endloop
 endfacet
 facet normal 0.00000000000000 0.00000000000000 -1.00000000000000
  outer loop
   vertex -4.82768444102526 137.64782534895096 -4.89019925136189
   vertex -5.86027955099461 138.24399441365566 -4.89019925136189
   vertex -3.36632034355968 141.37132034352777 -4.89019925136189
  endloop
 endfacet
 facet normal 0.00000000000000 0.00000000000000 -1.00000000000000
  outer loop
   vertex -5.86027955099461 138.24399441365566 -4.89019925136189
   vertex -6.67127544082366 139.11804011127330 -4.89019925136189
   vertex -3.36632034355968 141.37132034352777 -4.89019925136189
  endloop
 endfacet
 facet normal 0.00000000000000 0.00000000000000 -1.00000000000000
  outer loop
   vertex -6.67127544082366 139.11804011127330 -4.89019925136189
   vertex -7.18861156670424 140.19229964588416 -4.89019925136189
   vertex -3.36632034355968 141.37132034352777 -4.89019925136189
  endloop
 endfacet
 facet normal 0.00000000000000 0.00000000000000 -1.00000000000000
  outer loop
   vertex -7.18861156670424 140.19229964588416 -4.89019925136189
   vertex -7.36632034355968 141.37132034352777 -4.89019925136189
   vertex -3.36632034355968 141.37132034352777 -4.89019925136189
  endloop
 endfacet
 facet normal 0.00000000000000 0.00000000000000 -1.00000000000000
  outer loop
   vertex -7.36632034355968 141.37132034352777 -4.89019925136189
   vertex -7.18861156670424 142.55034104117141 -4.89019925136189
   vertex -3.36632034355968 141.37132034352777 -4.89019925136189
  endloop
 endfacet
 facet normal 0.00000000000000 0.00000000000000 -1.00000000000000
  outer loop
   vertex -7.18861156670424 142.55034104117141 -4.89019925136189
   vertex -6.67127544082366 143.62460057578227 -4.89019925136189
   vertex -3.36632034355968 141.37132034352777 -4.89019925136189
  endloop
 endfacet
 facet normal 0.00000000000000 0.00000000000000 -1.00000000000000
  outer loop
   vertex -6.67127544082366 143.62460057578227 -4.89019925136189
   vertex -5.86027955099461 144.49864627339988 -4.89019925136189
   vertex -3.36632034355968 141.37132034352777 -4.89019925136189
  endloop
 endfacet
 facet normal 0.00000000000000 0.00000000000000 -1.00000000000000
  outer loop
   vertex -5.86027955099461 144.49864627339988 -4.89019925136189
   vertex -4.82768444102526 145.09481533810458 -4.89019925136189
   vertex -3.36632034355968 141.37132034352777 -4.89019925136189
  endloop
 endfacet
 facet normal 0.00000000000000 0.00000000000000 -1.00000000000000
  outer loop
   vertex -4.82768444102526 145.09481533810458 -4.89019925136189
   vertex -3.66524071790537 145.36013553225249 -4.89019925136189
   vertex -3.36632034355968 141.37132034352777 -4.89019925136189
  endloop
 endfacet
 facet normal 0.00000000000000 0.00000000000000 -1.00000000000000
  outer loop
   vertex -3.66524071790537 145.36013553225249 -4.89019925136189
   vertex -2.47623660773442 145.27103199225508 -4.89019925136189
   vertex -3.36632034355968 141.37132034352777 -4.89019925136189
  endloop
 endfacet
 facet normal 0.00000000000000 -0.00000000000000 -1.00000000000000
  outer loop
   vertex -2.47623660773442 145.27103199225508 -4.89019925136189
   vertex -1.36632034355967 144.83542195866553 -4.89019925136189
   vertex -3.36632034355968 141.37132034352777 -4.89019925136189
  endloop
 endfacet
 facet normal 0.00000000000000 -0.00000000000000 -1.00000000000000
  outer loop
   vertex -1.36632034355967 144.83542195866553 -4.89019925136189
   vertex -0.43411285624037 144.09201129461144 -4.89019925136189
   vertex -3.36632034355968 141.37132034352777 -4.89019925136189
  endloop
 endfacet
 facet normal 0.00000000000000 -0.00000000000000 -1.00000000000000
  outer loop
   vertex -0.43411285624037 144.09201129461144 -4.89019925136189
   vertex 0.23755512805000 143.10685529999802 -4.89019925136189
   vertex -3.36632034355968 141.37132034352777 -4.89019925136189
  endloop
 endfacet
 facet normal 0.00000000000000 -0.00000000000000 -1.00000000000000
  outer loop
   vertex 0.23755512805000 143.10685529999802 -4.89019925136189
   vertex 0.58900296134084 141.96748940823250 -4.89019925136189
   vertex -3.36632034355968 141.37132034352777 -4.89019925136189
  endloop
 endfacet
 facet normal 0.00000000000000 -0.00000000000000 -1.00000000000000
  outer loop
   vertex 0.58900296134084 141.96748940823250 -4.89019925136189
   vertex 0.63367965644032 141.37132034352777 -4.89019925136189
   vertex -3.36632034355968 141.37132034352777 -4.89019925136189
  endloop
 endfacet
 facet normal -0.00000000000000 0.00000000000000 -1.00000000000000
  outer loop
   vertex 0.63367965644032 141.37132034352777 -4.89019925136189
   vertex 0.58900296134084 140.77515127882307 -4.89019925136189
   vertex -3.36632034355968 141.37132034352777 -4.89019925136189
  endloop
 endfacet
 facet normal 0.98883082622513 0.14904226617615 0.00000000000000
  outer loop
   vertex 143.41402912041499 140.19229964588416 -6.39019925136189
   vertex 143.23632034355958 141.37132034352777 -6.39019925136189
   vertex 143.23632034355958 141.37132034352777 -4.89019925136189
  endloop
 endfacet
 facet normal 0.90096886790241 0.43388373911758 0.00000000000000
  outer loop
   vertex 143.93136524629560 139.11804011127330 -6.39019925136189
   vertex 143.41402912041499 140.19229964588416 -6.39019925136189
   vertex 143.41402912041499 140.19229964588416 -4.89019925136189
  endloop
 endfacet
 facet normal 0.73305187182983 0.68017273777092 -0.00000000000000
  outer loop
   vertex 144.74236113612466 138.24399441365566 -6.39019925136189
   vertex 143.93136524629560 139.11804011127330 -6.39019925136189
   vertex 143.93136524629560 139.11804011127330 -4.89019925136189
  endloop
 endfacet
 facet normal 0.50000000000000 0.86602540378444 0.00000000000000
  outer loop
   vertex 145.77495624609401 137.64782534895096 -6.39019925136189
   vertex 144.74236113612466 138.24399441365566 -6.39019925136189
   vertex 144.74236113612466 138.24399441365566 -4.89019925136189
  endloop
 endfacet
 facet normal 0.22252093395632 0.97492791218182 0.00000000000000
  outer loop
   vertex 146.93739996921389 137.38250515480306 -6.39019925136189
   vertex 145.77495624609401 137.64782534895096 -6.39019925136189
   vertex 145.77495624609401 137.64782534895096 -4.89019925136189
  endloop
 endfacet
 facet normal -0.07473009358641 0.99720379718118 -0.00000000000000
  outer loop
   vertex 148.12640407938483 137.47160869480047 -6.39019925136189
   vertex 146.93739996921389 137.38250515480306 -6.39019925136189
   vertex 146.93739996921389 137.38250515480306 -4.89019925136189
  endloop
 endfacet
 facet normal -0.36534102436641 0.93087374864420 -0.00000000000000
  outer loop
   vertex 149.23632034355958 137.90721872839003 -6.39019925136189
   vertex 148.12640407938483 137.47160869480047 -6.39019925136189
   vertex 148.12640407938483 137.47160869480047 -4.89019925136189
  endloop
 endfacet
 facet normal -0.62348980185874 0.78183148246803 -0.00000000000000
  outer loop
   vertex 150.16852783087887 138.65062939244410 -6.39019925136189
   vertex 149.23632034355958 137.90721872839003 -6.39019925136189
   vertex 149.23632034355958 137.90721872839003 -4.89019925136189
  endloop
 endfacet
 facet normal -0.82623877431599 0.56332005806363 -0.00000000000000
  outer loop
   vertex 150.84019581516924 139.63578538705752 -6.39019925136189
   vertex 150.16852783087887 138.65062939244410 -6.39019925136189
   vertex 150.16852783087887 138.65062939244410 -4.89019925136189
  endloop
 endfacet
 facet normal -0.95557280578614 0.29475517441091 -0.00000000000000
  outer loop
   vertex 151.19164364846009 140.77515127882307 -6.39019925136189
   vertex 150.84019581516924 139.63578538705752 -6.39019925136189
   vertex 150.84019581516924 139.63578538705752 -4.89019925136189
  endloop
 endfacet
 facet normal -0.99720379718118 -0.07473009358639 -0.00000000000000
  outer loop
   vertex 151.19164364846009 141.96748940823250 -6.39019925136189
   vertex 151.23632034355956 141.37132034352777 -6.39019925136189
   vertex 151.23632034355956 141.37132034352777 -4.89019925136189
  endloop
 endfacet
 facet normal -0.99720379718118 0.07473009358640 -0.00000000000000
  outer loop
   vertex 151.19164364846009 140.77515127882307 -4.89019925136189
   vertex 151.23632034355956 141.37132034352777 -4.89019925136189
   vertex 151.23632034355956 141.37132034352777 -6.39019925136189
  endloop
 endfacet
 facet normal -0.99720379718118 0.07473009358640 -0.00000000000000
  outer loop
   vertex 151.23632034355956 141.37132034352777 -6.39019925136189
   vertex 151.19164364846009 140.77515127882307 -6.39019925136189
   vertex 151.19164364846009 140.77515127882307 -4.89019925136189
  endloop
 endfacet
 facet normal -0.95557280578614 -0.29475517441092 0.00000000000000
  outer loop
   vertex 150.84019581516924 143.10685529999802 -6.39019925136189
   vertex 151.19164364846009 141.96748940823250 -6.39019925136189
   vertex 151.19164364846009 141.96748940823250 -4.89019925136189
  endloop
 endfacet
 facet normal -0.82623877431599 -0.56332005806363 0.00000000000000
  outer loop
   vertex 150.16852783087887 144.09201129461144 -6.39019925136189
   vertex 150.84019581516924 143.10685529999802 -6.39019925136189
   vertex 150.84019581516924 143.10685529999802 -4.89019925136189
  endloop
 endfacet
 facet normal -0.62348980185875 -0.78183148246802 -0.00000000000000
  outer loop
   vertex 149.23632034355958 144.83542195866553 -6.39019925136189
   vertex 150.16852783087887 144.09201129461144 -6.39019925136189
   vertex 150.16852783087887 144.09201129461144 -4.89019925136189
  endloop
 endfacet
 facet normal -0.36534102436639 -0.93087374864421 -0.00000000000000
  outer loop
   vertex 148.12640407938483 145.27103199225508 -6.39019925136189
   vertex 149.23632034355958 144.83542195866553 -6.39019925136189
   vertex 149.23632034355958 144.83542195866553 -4.89019925136189
  endloop
 endfacet
 facet normal -0.07473009358644 -0.99720379718118 0.00000000000000
  outer loop
   vertex 146.93739996921389 145.36013553225251 -6.39019925136189
   vertex 148.12640407938483 145.27103199225508 -6.39019925136189
   vertex 148.12640407938483 145.27103199225508 -4.89019925136189
  endloop
 endfacet
 facet normal 0.22252093395634 -0.97492791218182 0.00000000000000
  outer loop
   vertex 145.77495624609401 145.09481533810458 -6.39019925136189
   vertex 146.93739996921389 145.36013553225251 -6.39019925136189
   vertex 146.93739996921389 145.36013553225251 -4.89019925136189
  endloop
 endfacet
 facet normal 0.50000000000000 -0.86602540378444 -0.00000000000000
  outer loop
   vertex 144.74236113612466 144.49864627339988 -6.39019925136189
   vertex 145.77495624609401 145.09481533810458 -6.39019925136189
   vertex 145.77495624609401 145.09481533810458 -4.89019925136189
  endloop
 endfacet
 facet normal 0.73305187182982 -0.68017273777093 0.00000000000000
  outer loop
   vertex 143.93136524629560 143.62460057578227 -6.39019925136189
   vertex 144.74236113612466 144.49864627339988 -6.39019925136189
   vertex 144.74236113612466 144.49864627339988 -4.89019925136189
  endloop
 endfacet
 facet normal 0.90096886790241 -0.43388373911758 -0.00000000000000
  outer loop
   vertex 143.41402912041499 142.55034104117141 -6.39019925136189
   vertex 143.93136524629560 143.62460057578227 -6.39019925136189
   vertex 143.93136524629560 143.62460057578227 -4.89019925136189
  endloop
 endfacet
 facet normal 0.98883082622513 -0.14904226617615 -0.00000000000000
  outer loop
   vertex 143.23632034355958 141.37132034352777 -6.39019925136189
   vertex 143.41402912041499 142.55034104117141 -6.39019925136189
   vertex 143.41402912041499 142.55034104117141 -4.89019925136189
  endloop
 endfacet
 facet normal 0.98883082622513 -0.14904226617615 -0.00000000000000
  outer loop
   vertex 143.41402912041499 142.55034104117141 -4.89019925136189
   vertex 143.23632034355958 141.37132034352777 -4.89019925136189
   vertex 143.23632034355958 141.37132034352777 -6.39019925136189
  endloop
 endfacet
 facet normal 0.90096886790241 -0.43388373911758 -0.00000000000000
  outer loop
   vertex 143.93136524629560 143.62460057578227 -4.89019925136189
   vertex 143.41402912041499 142.55034104117141 -4.89019925136189
   vertex 143.41402912041499 142.55034104117141 -6.39019925136189
  endloop
 endfacet
 facet normal 0.73305187182982 -0.68017273777093 0.00000000000000
  outer loop
   vertex 144.74236113612466 144.49864627339988 -4.89019925136189
   vertex 143.93136524629560 143.62460057578227 -4.89019925136189
   vertex 143.93136524629560 143.62460057578227 -6.39019925136189
  endloop
 endfacet
 facet normal 0.50000000000000 -0.86602540378444 -0.00000000000000
  outer loop
   vertex 145.77495624609401 145.09481533810458 -4.89019925136189
   vertex 144.74236113612466 144.49864627339988 -4.89019925136189
   vertex 144.74236113612466 144.49864627339988 -6.39019925136189
  endloop
 endfacet
 facet normal 0.22252093395634 -0.97492791218182 0.00000000000000
  outer loop
   vertex 146.93739996921389 145.36013553225251 -4.89019925136189
   vertex 145.77495624609401 145.09481533810458 -4.89019925136189
   vertex 145.77495624609401 145.09481533810458 -6.39019925136189
  endloop
 endfacet
 facet normal -0.07473009358644 -0.99720379718118 0.00000000000000
  outer loop
   vertex 148.12640407938483 145.27103199225508 -4.89019925136189
   vertex 146.93739996921389 145.36013553225251 -4.89019925136189
   vertex 146.93739996921389 145.36013553225251 -6.39019925136189
  endloop
 endfacet
 facet normal -0.36534102436639 -0.93087374864421 -0.00000000000000
  outer loop
   vertex 149.23632034355958 144.83542195866553 -4.89019925136189
   vertex 148.12640407938483 145.27103199225508 -4.89019925136189
   vertex 148.12640407938483 145.27103199225508 -6.39019925136189
  endloop
 endfacet
 facet normal -0.62348980185875 -0.78183148246802 -0.00000000000000
  outer loop
   vertex 150.16852783087887 144.09201129461144 -4.89019925136189
   vertex 149.23632034355958 144.83542195866553 -4.89019925136189
   vertex 149.23632034355958 144.83542195866553 -6.39019925136189
  endloop
 endfacet
 facet normal -0.82623877431599 -0.56332005806363 0.00000000000000
  outer loop
   vertex 150.84019581516924 143.10685529999802 -4.89019925136189
   vertex 150.16852783087887 144.09201129461144 -4.89019925136189
   vertex 150.16852783087887 144.09201129461144 -6.39019925136189
  endloop
 endfacet
 facet normal -0.95557280578614 -0.29475517441092 0.00000000000000
  outer loop
   vertex 151.19164364846009 141.96748940823250 -4.89019925136189
   vertex 150.84019581516924 143.10685529999802 -4.89019925136189
   vertex 150.84019581516924 143.10685529999802 -6.39019925136189
  endloop
 endfacet
 facet normal -0.99720379718118 -0.07473009358639 -0.00000000000000
  outer loop
   vertex 151.23632034355956 141.37132034352777 -4.89019925136189
   vertex 151.19164364846009 141.96748940823250 -4.89019925136189
   vertex 151.19164364846009 141.96748940823250 -6.39019925136189
  endloop
 endfacet
 facet normal -0.95557280578614 0.29475517441091 -0.00000000000000
  outer loop
   vertex 150.84019581516924 139.63578538705752 -4.89019925136189
   vertex 151.19164364846009 140.77515127882307 -4.89019925136189
   vertex 151.19164364846009 140.77515127882307 -6.39019925136189
  endloop
 endfacet
 facet normal -0.82623877431599 0.56332005806363 -0.00000000000000
  outer loop
   vertex 150.16852783087887 138.65062939244410 -4.89019925136189
   vertex 150.84019581516924 139.63578538705752 -4.89019925136189
   vertex 150.84019581516924 139.63578538705752 -6.39019925136189
  endloop
 endfacet
 facet normal -0.62348980185874 0.78183148246803 -0.00000000000000
  outer loop
   vertex 149.23632034355958 137.90721872839003 -4.89019925136189
   vertex 150.16852783087887 138.65062939244410 -4.89019925136189
   vertex 150.16852783087887 138.65062939244410 -6.39019925136189
  endloop
 endfacet
 facet normal -0.36534102436641 0.93087374864420 -0.00000000000000
  outer loop
   vertex 148.12640407938483 137.47160869480047 -4.89019925136189
   vertex 149.23632034355958 137.90721872839003 -4.89019925136189
   vertex 149.23632034355958 137.90721872839003 -6.39019925136189
  endloop
 endfacet
 facet normal -0.07473009358641 0.99720379718118 -0.00000000000000
  outer loop
   vertex 146.93739996921389 137.38250515480306 -4.89019925136189
   vertex 148.12640407938483 137.47160869480047 -4.89019925136189
   vertex 148.12640407938483 137.47160869480047 -6.39019925136189
  endloop
 endfacet
 facet normal 0.22252093395632 0.97492791218182 0.00000000000000
  outer loop
   vertex 145.77495624609401 137.64782534895096 -4.89019925136189
   vertex 146.93739996921389 137.38250515480306 -4.89019925136189
   vertex 146.93739996921389 137.38250515480306 -6.39019925136189
  endloop
 endfacet
 facet normal 0.50000000000000 0.86602540378444 0.00000000000000
  outer loop
   vertex 144.74236113612466 138.24399441365566 -4.89019925136189
   vertex 145.77495624609401 137.64782534895096 -4.89019925136189
   vertex 145.77495624609401 137.64782534895096 -6.39019925136189
  endloop
 endfacet
 facet normal 0.73305187182983 0.68017273777092 -0.00000000000000
  outer loop
   vertex 143.93136524629560 139.11804011127330 -4.89019925136189
   vertex 144.74236113612466 138.24399441365566 -4.89019925136189
   vertex 144.74236113612466 138.24399441365566 -6.39019925136189
  endloop
 endfacet
 facet normal 0.90096886790241 0.43388373911758 0.00000000000000
  outer loop
   vertex 143.41402912041499 140.19229964588416 -4.89019925136189
   vertex 143.93136524629560 139.11804011127330 -4.89019925136189
   vertex 143.93136524629560 139.11804011127330 -6.39019925136189
  endloop
 endfacet
 facet normal 0.98883082622513 0.14904226617615 0.00000000000000
  outer loop
   vertex 143.23632034355958 141.37132034352777 -4.89019925136189
   vertex 143.41402912041499 140.19229964588416 -4.89019925136189
   vertex 143.41402912041499 140.19229964588416 -6.39019925136189
  endloop
 endfacet
 facet normal 0.00000000000000 0.00000000000000 -1.00000000000000
  outer loop
   vertex 147.23632034355958 141.37132034352777 -4.89019925136189
   vertex 151.19164364846009 140.77515127882307 -4.89019925136189
   vertex 150.84019581516924 139.63578538705752 -4.89019925136189
  endloop
 endfacet
 facet normal -0.00000000000000 0.00000000000000 -1.00000000000000
  outer loop
   vertex 150.84019581516924 139.63578538705752 -4.89019925136189
   vertex 150.16852783087887 138.65062939244410 -4.89019925136189
   vertex 147.23632034355958 141.37132034352777 -4.89019925136189
  endloop
 endfacet
 facet normal -0.00000000000000 0.00000000000000 -1.00000000000000
  outer loop
   vertex 150.16852783087887 138.65062939244410 -4.89019925136189
   vertex 149.23632034355958 137.90721872839003 -4.89019925136189
   vertex 147.23632034355958 141.37132034352777 -4.89019925136189
  endloop
 endfacet
 facet normal -0.00000000000000 0.00000000000000 -1.00000000000000
  outer loop
   vertex 149.23632034355958 137.90721872839003 -4.89019925136189
   vertex 148.12640407938483 137.47160869480047 -4.89019925136189
   vertex 147.23632034355958 141.37132034352777 -4.89019925136189
  endloop
 endfacet
 facet normal -0.00000000000000 0.00000000000000 -1.00000000000000
  outer loop
   vertex 148.12640407938483 137.47160869480047 -4.89019925136189
   vertex 146.93739996921389 137.38250515480306 -4.89019925136189
   vertex 147.23632034355958 141.37132034352777 -4.89019925136189
  endloop
 endfacet
 facet normal 0.00000000000000 0.00000000000000 -1.00000000000000
  outer loop
   vertex 146.93739996921389 137.38250515480306 -4.89019925136189
   vertex 145.77495624609401 137.64782534895096 -4.89019925136189
   vertex 147.23632034355958 141.37132034352777 -4.89019925136189
  endloop
 endfacet
 facet normal 0.00000000000000 0.00000000000000 -1.00000000000000
  outer loop
   vertex 145.77495624609401 137.64782534895096 -4.89019925136189
   vertex 144.74236113612466 138.24399441365566 -4.89019925136189
   vertex 147.23632034355958 141.37132034352777 -4.89019925136189
  endloop
 endfacet
 facet normal 0.00000000000000 0.00000000000000 -1.00000000000000
  outer loop
   vertex 144.74236113612466 138.24399441365566 -4.89019925136189
   vertex 143.93136524629560 139.11804011127330 -4.89019925136189
   vertex 147.23632034355958 141.37132034352777 -4.89019925136189
  endloop
 endfacet
 facet normal 0.00000000000000 0.00000000000000 -1.00000000000000
  outer loop
   vertex 143.93136524629560 139.11804011127330 -4.89019925136189
   vertex 143.41402912041499 140.19229964588416 -4.89019925136189
   vertex 147.23632034355958 141.37132034352777 -4.89019925136189
  endloop
 endfacet
 facet normal 0.00000000000000 0.00000000000000 -1.00000000000000
  outer loop
   vertex 143.41402912041499 140.19229964588416 -4.89019925136189
   vertex 143.23632034355958 141.37132034352777 -4.89019925136189
   vertex 147.23632034355958 141.37132034352777 -4.89019925136189
  endloop
 endfacet
 facet normal 0.00000000000000 0.00000000000000 -1.00000000000000
  outer loop
   vertex 143.23632034355958 141.37132034352777 -4.89019925136189
   vertex 143.41402912041499 142.55034104117141 -4.89019925136189
   vertex 147.23632034355958 141.37132034352777 -4.89019925136189
  endloop
 endfacet
 facet normal 0.00000000000000 0.00000000000000 -1.00000000000000
  outer loop
   vertex 143.41402912041499 142.55034104117141 -4.89019925136189
   vertex 143.93136524629560 143.62460057578227 -4.89019925136189
   vertex 147.23632034355958 141.37132034352777 -4.89019925136189
  endloop
 endfacet
 facet normal 0.00000000000000 0.00000000000000 -1.00000000000000
  outer loop
   vertex 143.93136524629560 143.62460057578227 -4.89019925136189
   vertex 144.74236113612466 144.49864627339988 -4.89019925136189
   vertex 147.23632034355958 141.37132034352777 -4.89019925136189
  endloop
 endfacet
 facet normal 0.00000000000000 0.00000000000000 -1.00000000000000
  outer loop
   vertex 144.74236113612466 144.49864627339988 -4.89019925136189
   vertex 145.77495624609401 145.09481533810458 -4.89019925136189
   vertex 147.23632034355958 141.37132034352777 -4.89019925136189
  endloop
 endfacet
 facet normal 0.00000000000000 0.00000000000000 -1.00000000000000
  outer loop
   vertex 145.77495624609401 145.09481533810458 -4.89019925136189
   vertex 146.93739996921389 145.36013553225251 -4.89019925136189
   vertex 147.23632034355958 141.37132034352777 -4.89019925136189
  endloop
 endfacet
 facet normal 0.00000000000000 0.00000000000000 -1.00000000000000
  outer loop
   vertex 146.93739996921389 145.36013553225251 -4.89019925136189
   vertex 148.12640407938483 145.27103199225508 -4.89019925136189
   vertex 147.23632034355958 141.37132034352777 -4.89019925136189
  endloop
 endfacet
 facet normal 0.00000000000000 -0.00000000000000 -1.00000000000000
  outer loop
   vertex 148.12640407938483 145.27103199225508 -4.89019925136189
   vertex 149.23632034355958 144.83542195866553 -4.89019925136189
   vertex 147.23632034355958 141.37132034352777 -4.89019925136189
  endloop
 endfacet
 facet normal 0.00000000000000 -0.00000000000000 -1.00000000000000
  outer loop
   vertex 149.23632034355958 144.83542195866553 -4.89019925136189
   vertex 150.16852783087887 144.09201129461144 -4.89019925136189
   vertex 147.23632034355958 141.37132034352777 -4.89019925136189
  endloop
 endfacet
 facet normal 0.00000000000000 -0.00000000000000 -1.00000000000000
  outer loop
   vertex 150.16852783087887 144.09201129461144 -4.89019925136189
   vertex 150.84019581516924 143.10685529999802 -4.89019925136189
   vertex 147.23632034355958 141.37132034352777 -4.89019925136189
  endloop
 endfacet
 facet normal 0.00000000000000 -0.00000000000000 -1.00000000000000
  outer loop
   vertex 150.84019581516924 143.10685529999802 -4.89019925136189
   vertex 151.19164364846009 141.96748940823250 -4.89019925136189
   vertex 147.23632034355958 141.37132034352777 -4.89019925136189
  endloop
 endfacet
 facet normal 0.00000000000000 -0.00000000000000 -1.00000000000000
  outer loop
   vertex 151.19164364846009 141.96748940823250 -4.89019925136189
   vertex 151.23632034355956 141.37132034352777 -4.89019925136189
   vertex 147.23632034355958 141.37132034352777 -4.89019925136189
  endloop
 endfacet
 facet normal -0.00000000000000 0.00000000000000 -1.00000000000000
  outer loop
   vertex 151.23632034355956 141.37132034352777 -4.89019925136189
   vertex 151.19164364846009 140.77515127882307 -4.89019925136189
   vertex 147.23632034355958 141.37132034352777 -4.89019925136189
  endloop
 endfacet
 facet normal 0.98883082622513 0.14904226617615 -0.00000000000000
  outer loop
   vertex 143.41402912041499 -4.60586622584356 -6.39019925136189
   vertex 143.23632034355958 -3.42684552819995 -6.39019925136189
   vertex 143.23632034355958 -3.42684552819995 -4.89019925136189
  endloop
 endfacet
 facet normal 0.90096886790241 0.43388373911757 -0.00000000000000
  outer loop
   vertex 143.93136524629560 -5.68012576045443 -6.39019925136189
   vertex 143.41402912041499 -4.60586622584356 -6.39019925136189
   vertex 143.41402912041499 -4.60586622584356 -4.89019925136189
  endloop
 endfacet
 facet normal 0.73305187182982 0.68017273777092 -0.00000000000000
  outer loop
   vertex 144.74236113612466 -6.55417145807207 -6.39019925136189
   vertex 143.93136524629560 -5.68012576045443 -6.39019925136189
   vertex 143.93136524629560 -5.68012576045443 -4.89019925136189
  endloop
 endfacet
 facet normal 0.50000000000000 0.86602540378444 -0.00000000000000
  outer loop
   vertex 145.77495624609401 -7.15034052277677 -6.39019925136189
   vertex 144.74236113612466 -6.55417145807207 -6.39019925136189
   vertex 144.74236113612466 -6.55417145807207 -4.89019925136189
  endloop
 endfacet
 facet normal 0.22252093395632 0.97492791218182 0.00000000000000
  outer loop
   vertex 146.93739996921389 -7.41566071692467 -6.39019925136189
   vertex 145.77495624609401 -7.15034052277677 -6.39019925136189
   vertex 145.77495624609401 -7.15034052277677 -4.89019925136189
  endloop
 endfacet
 facet normal -0.07473009358643 0.99720379718118 -0.00000000000000
  outer loop
   vertex 148.12640407938483 -7.32655717692724 -6.39019925136189
   vertex 146.93739996921389 -7.41566071692467 -6.39019925136189
   vertex 146.93739996921389 -7.41566071692467 -4.89019925136189
  endloop
 endfacet
 facet normal -0.36534102436639 0.93087374864420 -0.00000000000000
  outer loop
   vertex 149.23632034355958 -6.89094714333770 -6.39019925136189
   vertex 148.12640407938483 -7.32655717692724 -6.39019925136189
   vertex 148.12640407938483 -7.32655717692724 -4.89019925136189
  endloop
 endfacet
 facet normal -0.62348980185874 0.78183148246802 -0.00000000000000
  outer loop
   vertex 150.16852783087887 -6.14753647928362 -6.39019925136189
   vertex 149.23632034355958 -6.89094714333770 -6.39019925136189
   vertex 149.23632034355958 -6.89094714333770 -4.89019925136189
  endloop
 endfacet
 facet normal -0.82623877431600 0.56332005806362 0.00000000000000
  outer loop
   vertex 150.84019581516924 -5.16238048467018 -6.39019925136189
   vertex 150.16852783087887 -6.14753647928362 -6.39019925136189
   vertex 150.16852783087887 -6.14753647928362 -4.89019925136189
  endloop
 endfacet
 facet normal -0.95557280578614 0.29475517441091 -0.00000000000000
  outer loop
   vertex 151.19164364846009 -4.02301459290465 -6.39019925136189
   vertex 150.84019581516924 -5.16238048467018 -6.39019925136189
   vertex 150.84019581516924 -5.16238048467018 -4.89019925136189
  endloop
 endfacet
 facet normal -0.99720379718118 -0.07473009358640 -0.00000000000000
  outer loop
   vertex 151.19164364846009 -2.83067646349525 -4.89019925136189
   vertex 151.19164364846009 -2.83067646349525 -6.39019925136189
   vertex 151.23632034355956 -3.42684552819995 -6.39019925136189
  endloop
 endfacet
 facet normal -0.99720379718118 0.07473009358640 0.00000000000000
  outer loop
   vertex 151.19164364846009 -4.02301459290465 -6.39019925136189
   vertex 151.19164364846009 -4.02301459290465 -4.89019925136189
   vertex 151.23632034355956 -3.42684552819995 -4.89019925136189
  endloop
 endfacet
 facet normal -0.99720379718118 0.07473009358640 0.00000000000000
  outer loop
   vertex 151.23632034355956 -3.42684552819995 -4.89019925136189
   vertex 151.23632034355956 -3.42684552819995 -6.39019925136189
   vertex 151.19164364846009 -4.02301459290465 -6.39019925136189
  endloop
 endfacet
 facet normal -0.95557280578614 -0.29475517441091 -0.00000000000000
  outer loop
   vertex 150.84019581516924 -1.69131057172972 -6.39019925136189
   vertex 151.19164364846009 -2.83067646349525 -6.39019925136189
   vertex 151.19164364846009 -2.83067646349525 -4.89019925136189
  endloop
 endfacet
 facet normal -0.82623877431600 -0.56332005806362 -0.00000000000000
  outer loop
   vertex 150.16852783087887 -0.70615457711627 -6.39019925136189
   vertex 150.84019581516924 -1.69131057172972 -6.39019925136189
   vertex 150.84019581516924 -1.69131057172972 -4.89019925136189
  endloop
 endfacet
 facet normal -0.62348980185874 -0.78183148246802 0.00000000000000
  outer loop
   vertex 149.23632034355958 0.03725608693780 -6.39019925136189
   vertex 150.16852783087887 -0.70615457711627 -6.39019925136189
   vertex 150.16852783087887 -0.70615457711627 -4.89019925136189
  endloop
 endfacet
 facet normal -0.36534102436639 -0.93087374864421 0.00000000000000
  outer loop
   vertex 148.12640407938483 0.47286612052735 -6.39019925136189
   vertex 149.23632034355958 0.03725608693780 -6.39019925136189
   vertex 149.23632034355958 0.03725608693780 -4.89019925136189
  endloop
 endfacet
 facet normal -0.07473009358643 -0.99720379718118 0.00000000000000
  outer loop
   vertex 146.93739996921389 0.56196966052477 -6.39019925136189
   vertex 148.12640407938483 0.47286612052735 -6.39019925136189
   vertex 148.12640407938483 0.47286612052735 -4.89019925136189
  endloop
 endfacet
 facet normal 0.22252093395631 -0.97492791218182 0.00000000000000
  outer loop
   vertex 145.77495624609401 0.29664946637687 -6.39019925136189
   vertex 146.93739996921389 0.56196966052477 -6.39019925136189
   vertex 146.93739996921389 0.56196966052477 -4.89019925136189
  endloop
 endfacet
 facet normal 0.50000000000000 -0.86602540378444 -0.00000000000000
  outer loop
   vertex 144.74236113612466 -0.29951959832783 -6.39019925136189
   vertex 145.77495624609401 0.29664946637687 -6.39019925136189
   vertex 145.77495624609401 0.29664946637687 -4.89019925136189
  endloop
 endfacet
 facet normal 0.73305187182982 -0.68017273777092 0.00000000000000
  outer loop
   vertex 143.93136524629560 -1.17356529594546 -6.39019925136189
   vertex 144.74236113612466 -0.29951959832783 -6.39019925136189
   vertex 144.74236113612466 -0.29951959832783 -4.89019925136189
  endloop
 endfacet
 facet normal 0.90096886790241 -0.43388373911757 -0.00000000000000
  outer loop
   vertex 143.41402912041499 -2.24782483055633 -6.39019925136189
   vertex 143.93136524629560 -1.17356529594546 -6.39019925136189
   vertex 143.93136524629560 -1.17356529594546 -4.89019925136189
  endloop
 endfacet
 facet normal 0.98883082622513 -0.14904226617615 -0.00000000000000
  outer loop
   vertex 143.23632034355958 -3.42684552819995 -6.39019925136189
   vertex 143.41402912041499 -2.24782483055633 -6.39019925136189
   vertex 143.41402912041499 -2.24782483055633 -4.89019925136189
  endloop
 endfacet
 facet normal 0.98883082622513 -0.14904226617615 -0.00000000000000
  outer loop
   vertex 143.41402912041499 -2.24782483055633 -4.89019925136189
   vertex 143.23632034355958 -3.42684552819995 -4.89019925136189
   vertex 143.23632034355958 -3.42684552819995 -6.39019925136189
  endloop
 endfacet
 facet normal 0.90096886790241 -0.43388373911757 -0.00000000000000
  outer loop
   vertex 143.93136524629560 -1.17356529594546 -4.89019925136189
   vertex 143.41402912041499 -2.24782483055633 -4.89019925136189
   vertex 143.41402912041499 -2.24782483055633 -6.39019925136189
  endloop
 endfacet
 facet normal 0.73305187182982 -0.68017273777092 0.00000000000000
  outer loop
   vertex 144.74236113612466 -0.29951959832783 -4.89019925136189
   vertex 143.93136524629560 -1.17356529594546 -4.89019925136189
   vertex 143.93136524629560 -1.17356529594546 -6.39019925136189
  endloop
 endfacet
 facet normal 0.50000000000000 -0.86602540378444 -0.00000000000000
  outer loop
   vertex 145.77495624609401 0.29664946637687 -4.89019925136189
   vertex 144.74236113612466 -0.29951959832783 -4.89019925136189
   vertex 144.74236113612466 -0.29951959832783 -6.39019925136189
  endloop
 endfacet
 facet normal 0.22252093395631 -0.97492791218182 0.00000000000000
  outer loop
   vertex 146.93739996921389 0.56196966052477 -4.89019925136189
   vertex 145.77495624609401 0.29664946637687 -4.89019925136189
   vertex 145.77495624609401 0.29664946637687 -6.39019925136189
  endloop
 endfacet
 facet normal -0.07473009358643 -0.99720379718118 0.00000000000000
  outer loop
   vertex 148.12640407938483 0.47286612052735 -4.89019925136189
   vertex 146.93739996921389 0.56196966052477 -4.89019925136189
   vertex 146.93739996921389 0.56196966052477 -6.39019925136189
  endloop
 endfacet
 facet normal -0.36534102436639 -0.93087374864421 0.00000000000000
  outer loop
   vertex 149.23632034355958 0.03725608693780 -4.89019925136189
   vertex 148.12640407938483 0.47286612052735 -4.89019925136189
   vertex 148.12640407938483 0.47286612052735 -6.39019925136189
  endloop
 endfacet
 facet normal -0.62348980185874 -0.78183148246802 0.00000000000000
  outer loop
   vertex 150.16852783087887 -0.70615457711627 -4.89019925136189
   vertex 149.23632034355958 0.03725608693780 -4.89019925136189
   vertex 149.23632034355958 0.03725608693780 -6.39019925136189
  endloop
 endfacet
 facet normal -0.82623877431600 -0.56332005806362 -0.00000000000000
  outer loop
   vertex 150.84019581516924 -1.69131057172972 -4.89019925136189
   vertex 150.16852783087887 -0.70615457711627 -4.89019925136189
   vertex 150.16852783087887 -0.70615457711627 -6.39019925136189
  endloop
 endfacet
 facet normal -0.95557280578614 -0.29475517441091 -0.00000000000000
  outer loop
   vertex 151.19164364846009 -2.83067646349525 -4.89019925136189
   vertex 150.84019581516924 -1.69131057172972 -4.89019925136189
   vertex 150.84019581516924 -1.69131057172972 -6.39019925136189
  endloop
 endfacet
 facet normal -0.99720379718118 -0.07473009358640 -0.00000000000000
  outer loop
   vertex 151.23632034355956 -3.42684552819995 -6.39019925136189
   vertex 151.23632034355956 -3.42684552819995 -4.89019925136189
   vertex 151.19164364846009 -2.83067646349525 -4.89019925136189
  endloop
 endfacet
 facet normal -0.95557280578614 0.29475517441091 -0.00000000000000
  outer loop
   vertex 150.84019581516924 -5.16238048467018 -4.89019925136189
   vertex 151.19164364846009 -4.02301459290465 -4.89019925136189
   vertex 151.19164364846009 -4.02301459290465 -6.39019925136189
  endloop
 endfacet
 facet normal -0.82623877431600 0.56332005806362 0.00000000000000
  outer loop
   vertex 150.16852783087887 -6.14753647928362 -4.89019925136189
   vertex 150.84019581516924 -5.16238048467018 -4.89019925136189
   vertex 150.84019581516924 -5.16238048467018 -6.39019925136189
  endloop
 endfacet
 facet normal -0.62348980185874 0.78183148246802 -0.00000000000000
  outer loop
   vertex 149.23632034355958 -6.89094714333770 -4.89019925136189
   vertex 150.16852783087887 -6.14753647928362 -4.89019925136189
   vertex 150.16852783087887 -6.14753647928362 -6.39019925136189
  endloop
 endfacet
 facet normal -0.36534102436639 0.93087374864420 -0.00000000000000
  outer loop
   vertex 148.12640407938483 -7.32655717692724 -4.89019925136189
   vertex 149.23632034355958 -6.89094714333770 -4.89019925136189
   vertex 149.23632034355958 -6.89094714333770 -6.39019925136189
  endloop
 endfacet
 facet normal -0.07473009358643 0.99720379718118 -0.00000000000000
  outer loop
   vertex 146.93739996921389 -7.41566071692467 -4.89019925136189
   vertex 148.12640407938483 -7.32655717692724 -4.89019925136189
   vertex 148.12640407938483 -7.32655717692724 -6.39019925136189
  endloop
 endfacet
 facet normal 0.22252093395632 0.97492791218182 0.00000000000000
  outer loop
   vertex 145.77495624609401 -7.15034052277677 -4.89019925136189
   vertex 146.93739996921389 -7.41566071692467 -4.89019925136189
   vertex 146.93739996921389 -7.41566071692467 -6.39019925136189
  endloop
 endfacet
 facet normal 0.50000000000000 0.86602540378444 -0.00000000000000
  outer loop
   vertex 144.74236113612466 -6.55417145807207 -4.89019925136189
   vertex 145.77495624609401 -7.15034052277677 -4.89019925136189
   vertex 145.77495624609401 -7.15034052277677 -6.39019925136189
  endloop
 endfacet
 facet normal 0.73305187182982 0.68017273777092 -0.00000000000000
  outer loop
   vertex 143.93136524629560 -5.68012576045443 -4.89019925136189
   vertex 144.74236113612466 -6.55417145807207 -4.89019925136189
   vertex 144.74236113612466 -6.55417145807207 -6.39019925136189
  endloop
 endfacet
 facet normal 0.90096886790241 0.43388373911757 -0.00000000000000
  outer loop
   vertex 143.41402912041499 -4.60586622584356 -4.89019925136189
   vertex 143.93136524629560 -5.68012576045443 -4.89019925136189
   vertex 143.93136524629560 -5.68012576045443 -6.39019925136189
  endloop
 endfacet
 facet normal 0.98883082622513 0.14904226617615 -0.00000000000000
  outer loop
   vertex 143.23632034355958 -3.42684552819995 -4.89019925136189
   vertex 143.41402912041499 -4.60586622584356 -4.89019925136189
   vertex 143.41402912041499 -4.60586622584356 -6.39019925136189
  endloop
 endfacet
 facet normal 0.00000000000000 0.00000000000000 -1.00000000000000
  outer loop
   vertex 147.23632034355958 -3.42684552819995 -4.89019925136189
   vertex 151.19164364846009 -4.02301459290465 -4.89019925136189
   vertex 150.84019581516924 -5.16238048467018 -4.89019925136189
  endloop
 endfacet
 facet normal -0.00000000000000 0.00000000000000 -1.00000000000000
  outer loop
   vertex 150.84019581516924 -5.16238048467018 -4.89019925136189
   vertex 150.16852783087887 -6.14753647928362 -4.89019925136189
   vertex 147.23632034355958 -3.42684552819995 -4.89019925136189
  endloop
 endfacet
 facet normal -0.00000000000000 0.00000000000000 -1.00000000000000
  outer loop
   vertex 150.16852783087887 -6.14753647928362 -4.89019925136189
   vertex 149.23632034355958 -6.89094714333770 -4.89019925136189
   vertex 147.23632034355958 -3.42684552819995 -4.89019925136189
  endloop
 endfacet
 facet normal -0.00000000000000 0.00000000000000 -1.00000000000000
  outer loop
   vertex 149.23632034355958 -6.89094714333770 -4.89019925136189
   vertex 148.12640407938483 -7.32655717692724 -4.89019925136189
   vertex 147.23632034355958 -3.42684552819995 -4.89019925136189
  endloop
 endfacet
 facet normal -0.00000000000000 0.00000000000000 -1.00000000000000
  outer loop
   vertex 148.12640407938483 -7.32655717692724 -4.89019925136189
   vertex 146.93739996921389 -7.41566071692467 -4.89019925136189
   vertex 147.23632034355958 -3.42684552819995 -4.89019925136189
  endloop
 endfacet
 facet normal 0.00000000000000 0.00000000000000 -1.00000000000000
  outer loop
   vertex 146.93739996921389 -7.41566071692467 -4.89019925136189
   vertex 145.77495624609401 -7.15034052277677 -4.89019925136189
   vertex 147.23632034355958 -3.42684552819995 -4.89019925136189
  endloop
 endfacet
 facet normal 0.00000000000000 0.00000000000000 -1.00000000000000
  outer loop
   vertex 145.77495624609401 -7.15034052277677 -4.89019925136189
   vertex 144.74236113612466 -6.55417145807207 -4.89019925136189
   vertex 147.23632034355958 -3.42684552819995 -4.89019925136189
  endloop
 endfacet
 facet normal 0.00000000000000 0.00000000000000 -1.00000000000000
  outer loop
   vertex 144.74236113612466 -6.55417145807207 -4.89019925136189
   vertex 143.93136524629560 -5.68012576045443 -4.89019925136189
   vertex 147.23632034355958 -3.42684552819995 -4.89019925136189
  endloop
 endfacet
 facet normal 0.00000000000000 0.00000000000000 -1.00000000000000
  outer loop
   vertex 143.93136524629560 -5.68012576045443 -4.89019925136189
   vertex 143.41402912041499 -4.60586622584356 -4.89019925136189
   vertex 147.23632034355958 -3.42684552819995 -4.89019925136189
  endloop
 endfacet
 facet normal 0.00000000000000 0.00000000000000 -1.00000000000000
  outer loop
   vertex 143.41402912041499 -4.60586622584356 -4.89019925136189
   vertex 143.23632034355958 -3.42684552819995 -4.89019925136189
   vertex 147.23632034355958 -3.42684552819995 -4.89019925136189
  endloop
 endfacet
 facet normal 0.00000000000000 0.00000000000000 -1.00000000000000
  outer loop
   vertex 143.23632034355958 -3.42684552819995 -4.89019925136189
   vertex 143.41402912041499 -2.24782483055633 -4.89019925136189
   vertex 147.23632034355958 -3.42684552819995 -4.89019925136189
  endloop
 endfacet
 facet normal 0.00000000000000 0.00000000000000 -1.00000000000000
  outer loop
   vertex 143.41402912041499 -2.24782483055633 -4.89019925136189
   vertex 143.93136524629560 -1.17356529594546 -4.89019925136189
   vertex 147.23632034355958 -3.42684552819995 -4.89019925136189
  endloop
 endfacet
 facet normal 0.00000000000000 0.00000000000000 -1.00000000000000
  outer loop
   vertex 143.93136524629560 -1.17356529594546 -4.89019925136189
   vertex 144.74236113612466 -0.29951959832783 -4.89019925136189
   vertex 147.23632034355958 -3.42684552819995 -4.89019925136189
  endloop
 endfacet
 facet normal 0.00000000000000 0.00000000000000 -1.00000000000000
  outer loop
   vertex 144.74236113612466 -0.29951959832783 -4.89019925136189
   vertex 145.77495624609401 0.29664946637687 -4.89019925136189
   vertex 147.23632034355958 -3.42684552819995 -4.89019925136189
  endloop
 endfacet
 facet normal 0.00000000000000 0.00000000000000 -1.00000000000000
  outer loop
   vertex 145.77495624609401 0.29664946637687 -4.89019925136189
   vertex 146.93739996921389 0.56196966052477 -4.89019925136189
   vertex 147.23632034355958 -3.42684552819995 -4.89019925136189
  endloop
 endfacet
 facet normal 0.00000000000000 0.00000000000000 -1.00000000000000
  outer loop
   vertex 146.93739996921389 0.56196966052477 -4.89019925136189
   vertex 148.12640407938483 0.47286612052735 -4.89019925136189
   vertex 147.23632034355958 -3.42684552819995 -4.89019925136189
  endloop
 endfacet
 facet normal 0.00000000000000 -0.00000000000000 -1.00000000000000
  outer loop
   vertex 148.12640407938483 0.47286612052735 -4.89019925136189
   vertex 149.23632034355958 0.03725608693780 -4.89019925136189
   vertex 147.23632034355958 -3.42684552819995 -4.89019925136189
  endloop
 endfacet
 facet normal 0.00000000000000 -0.00000000000000 -1.00000000000000
  outer loop
   vertex 149.23632034355958 0.03725608693780 -4.89019925136189
   vertex 150.16852783087887 -0.70615457711627 -4.89019925136189
   vertex 147.23632034355958 -3.42684552819995 -4.89019925136189
  endloop
 endfacet
 facet normal 0.00000000000000 -0.00000000000000 -1.00000000000000
  outer loop
   vertex 150.16852783087887 -0.70615457711627 -4.89019925136189
   vertex 150.84019581516924 -1.69131057172972 -4.89019925136189
   vertex 147.23632034355958 -3.42684552819995 -4.89019925136189
  endloop
 endfacet
 facet normal 0.00000000000000 -0.00000000000000 -1.00000000000000
  outer loop
   vertex 150.84019581516924 -1.69131057172972 -4.89019925136189
   vertex 151.19164364846009 -2.83067646349525 -4.89019925136189
   vertex 147.23632034355958 -3.42684552819995 -4.89019925136189
  endloop
 endfacet
 facet normal 0.00000000000000 -0.00000000000000 -1.00000000000000
  outer loop
   vertex 151.19164364846009 -2.83067646349525 -4.89019925136189
   vertex 151.23632034355956 -3.42684552819995 -4.89019925136189
   vertex 147.23632034355958 -3.42684552819995 -4.89019925136189
  endloop
 endfacet
 facet normal 0.00000000000000 0.00000000000000 -1.00000000000000
  outer loop
   vertex 151.23632034355956 -3.42684552819995 -4.89019925136189
   vertex 151.19164364846009 -4.02301459290465 -4.89019925136189
   vertex 147.23632034355958 -3.42684552819995 -4.89019925136189
  endloop
 endfacet
 facet normal 0.98883082622513 0.14904226617617 -0.00000000000000
  outer loop
   vertex -7.44343868116260 29.38388194763708 -6.39019925136189
   vertex -7.62114745801804 30.56290264528069 -6.39019925136189
   vertex -7.62114745801804 30.56290264528069 -4.89019925136189
  endloop
 endfacet
 facet normal 0.90096886790242 0.43388373911756 -0.00000000000000
  outer loop
   vertex -6.92610255528202 28.30962241302620 -6.39019925136189
   vertex -7.44343868116260 29.38388194763708 -6.39019925136189
   vertex -7.44343868116260 29.38388194763708 -4.89019925136189
  endloop
 endfacet
 facet normal 0.73305187182982 0.68017273777092 -0.00000000000000
  outer loop
   vertex -6.11510666545298 27.43557671540857 -6.39019925136189
   vertex -6.92610255528202 28.30962241302620 -6.39019925136189
   vertex -6.92610255528202 28.30962241302620 -4.89019925136189
  endloop
 endfacet
 facet normal 0.50000000000000 0.86602540378444 -0.00000000000000
  outer loop
   vertex -5.08251155548362 26.83940765070387 -6.39019925136189
   vertex -6.11510666545298 27.43557671540857 -6.39019925136189
   vertex -6.11510666545298 27.43557671540857 -4.89019925136189
  endloop
 endfacet
 facet normal 0.22252093395632 0.97492791218182 -0.00000000000000
  outer loop
   vertex -3.92006783236374 26.57408745655597 -6.39019925136189
   vertex -5.08251155548362 26.83940765070387 -6.39019925136189
   vertex -5.08251155548362 26.83940765070387 -4.89019925136189
  endloop
 endfacet
 facet normal -0.07473009358643 0.99720379718118 -0.00000000000000
  outer loop
   vertex -2.73106372219278 26.66319099655340 -6.39019925136189
   vertex -3.92006783236374 26.57408745655597 -6.39019925136189
   vertex -3.92006783236374 26.57408745655597 -4.89019925136189
  endloop
 endfacet
 facet normal -0.36534102436640 0.93087374864420 0.00000000000000
  outer loop
   vertex -1.62114745801804 27.09880103014294 -6.39019925136189
   vertex -2.73106372219278 26.66319099655340 -6.39019925136189
   vertex -2.73106372219278 26.66319099655340 -4.89019925136189
  endloop
 endfacet
 facet normal -0.62348980185873 0.78183148246803 0.00000000000000
  outer loop
   vertex -0.68893997069874 27.84221169419702 -6.39019925136189
   vertex -1.62114745801804 27.09880103014294 -6.39019925136189
   vertex -1.62114745801804 27.09880103014294 -4.89019925136189
  endloop
 endfacet
 facet normal -0.82623877431599 0.56332005806362 0.00000000000000
  outer loop
   vertex -0.01727198640837 28.82736768881045 -6.39019925136189
   vertex -0.68893997069874 27.84221169419702 -6.39019925136189
   vertex -0.68893997069874 27.84221169419702 -4.89019925136189
  endloop
 endfacet
 facet normal -0.95557280578614 0.29475517441090 0.00000000000000
  outer loop
   vertex 0.33417584688247 29.96673358057599 -6.39019925136189
   vertex -0.01727198640837 28.82736768881045 -6.39019925136189
   vertex -0.01727198640837 28.82736768881045 -4.89019925136189
  endloop
 endfacet
 facet normal -0.99720379718118 -0.07473009358643 0.00000000000000
  outer loop
   vertex 0.33417584688247 31.15907170998538 -6.39019925136189
   vertex 0.37885254198196 30.56290264528069 -6.39019925136189
   vertex 0.37885254198196 30.56290264528069 -4.89019925136189
  endloop
 endfacet
 facet normal -0.99720379718118 0.07473009358642 0.00000000000000
  outer loop
   vertex 0.33417584688247 29.96673358057599 -4.89019925136189
   vertex 0.37885254198196 30.56290264528069 -4.89019925136189
   vertex 0.37885254198196 30.56290264528069 -6.39019925136189
  endloop
 endfacet
 facet normal -0.99720379718118 0.07473009358642 0.00000000000000
  outer loop
   vertex 0.37885254198196 30.56290264528069 -6.39019925136189
   vertex 0.33417584688247 29.96673358057599 -6.39019925136189
   vertex 0.33417584688247 29.96673358057599 -4.89019925136189
  endloop
 endfacet
 facet normal -0.95557280578614 -0.29475517441090 -0.00000000000000
  outer loop
   vertex -0.01727198640837 32.29843760175092 -6.39019925136189
   vertex 0.33417584688247 31.15907170998538 -6.39019925136189
   vertex 0.33417584688247 31.15907170998538 -4.89019925136189
  endloop
 endfacet
 facet normal -0.82623877431599 -0.56332005806362 -0.00000000000000
  outer loop
   vertex -0.68893997069874 33.28359359636436 -6.39019925136189
   vertex -0.01727198640837 32.29843760175092 -6.39019925136189
   vertex -0.01727198640837 32.29843760175092 -4.89019925136189
  endloop
 endfacet
 facet normal -0.62348980185874 -0.78183148246803 0.00000000000000
  outer loop
   vertex -1.62114745801804 34.02700426041844 -6.39019925136189
   vertex -0.68893997069874 33.28359359636436 -6.39019925136189
   vertex -0.68893997069874 33.28359359636436 -4.89019925136189
  endloop
 endfacet
 facet normal -0.36534102436640 -0.93087374864420 -0.00000000000000
  outer loop
   vertex -2.73106372219278 34.46261429400798 -6.39019925136189
   vertex -1.62114745801804 34.02700426041844 -6.39019925136189
   vertex -1.62114745801804 34.02700426041844 -4.89019925136189
  endloop
 endfacet
 facet normal -0.07473009358642 -0.99720379718118 0.00000000000000
  outer loop
   vertex -3.92006783236374 34.55171783400541 -6.39019925136189
   vertex -2.73106372219278 34.46261429400798 -6.39019925136189
   vertex -2.73106372219278 34.46261429400798 -4.89019925136189
  endloop
 endfacet
 facet normal 0.22252093395631 -0.97492791218182 0.00000000000000
  outer loop
   vertex -5.08251155548362 34.28639763985750 -6.39019925136189
   vertex -3.92006783236374 34.55171783400541 -6.39019925136189
   vertex -3.92006783236374 34.55171783400541 -4.89019925136189
  endloop
 endfacet
 facet normal 0.50000000000000 -0.86602540378444 -0.00000000000000
  outer loop
   vertex -6.11510666545298 33.69022857515281 -6.39019925136189
   vertex -5.08251155548362 34.28639763985750 -6.39019925136189
   vertex -5.08251155548362 34.28639763985750 -4.89019925136189
  endloop
 endfacet
 facet normal 0.73305187182983 -0.68017273777092 0.00000000000000
  outer loop
   vertex -6.92610255528202 32.81618287753518 -6.39019925136189
   vertex -6.11510666545298 33.69022857515281 -6.39019925136189
   vertex -6.11510666545298 33.69022857515281 -4.89019925136189
  endloop
 endfacet
 facet normal 0.90096886790242 -0.43388373911756 0.00000000000000
  outer loop
   vertex -7.44343868116260 31.74192334292431 -6.39019925136189
   vertex -6.92610255528202 32.81618287753518 -6.39019925136189
   vertex -6.92610255528202 32.81618287753518 -4.89019925136189
  endloop
 endfacet
 facet normal 0.98883082622513 -0.14904226617617 0.00000000000000
  outer loop
   vertex -7.62114745801804 30.56290264528069 -6.39019925136189
   vertex -7.44343868116260 31.74192334292431 -6.39019925136189
   vertex -7.44343868116260 31.74192334292431 -4.89019925136189
  endloop
 endfacet
 facet normal 0.98883082622513 -0.14904226617617 0.00000000000000
  outer loop
   vertex -7.44343868116260 31.74192334292431 -4.89019925136189
   vertex -7.62114745801804 30.56290264528069 -4.89019925136189
   vertex -7.62114745801804 30.56290264528069 -6.39019925136189
  endloop
 endfacet
 facet normal 0.90096886790242 -0.43388373911756 0.00000000000000
  outer loop
   vertex -6.92610255528202 32.81618287753518 -4.89019925136189
   vertex -7.44343868116260 31.74192334292431 -4.89019925136189
   vertex -7.44343868116260 31.74192334292431 -6.39019925136189
  endloop
 endfacet
 facet normal 0.73305187182983 -0.68017273777092 0.00000000000000
  outer loop
   vertex -6.11510666545298 33.69022857515281 -4.89019925136189
   vertex -6.92610255528202 32.81618287753518 -4.89019925136189
   vertex -6.92610255528202 32.81618287753518 -6.39019925136189
  endloop
 endfacet
 facet normal 0.50000000000000 -0.86602540378444 -0.00000000000000
  outer loop
   vertex -5.08251155548362 34.28639763985750 -4.89019925136189
   vertex -6.11510666545298 33.69022857515281 -4.89019925136189
   vertex -6.11510666545298 33.69022857515281 -6.39019925136189
  endloop
 endfacet
 facet normal 0.22252093395631 -0.97492791218182 0.00000000000000
  outer loop
   vertex -3.92006783236374 34.55171783400541 -4.89019925136189
   vertex -5.08251155548362 34.28639763985750 -4.89019925136189
   vertex -5.08251155548362 34.28639763985750 -6.39019925136189
  endloop
 endfacet
 facet normal -0.07473009358642 -0.99720379718118 0.00000000000000
  outer loop
   vertex -2.73106372219278 34.46261429400798 -4.89019925136189
   vertex -3.92006783236374 34.55171783400541 -4.89019925136189
   vertex -3.92006783236374 34.55171783400541 -6.39019925136189
  endloop
 endfacet
 facet normal -0.36534102436640 -0.93087374864420 -0.00000000000000
  outer loop
   vertex -1.62114745801804 34.02700426041844 -4.89019925136189
   vertex -2.73106372219278 34.46261429400798 -4.89019925136189
   vertex -2.73106372219278 34.46261429400798 -6.39019925136189
  endloop
 endfacet
 facet normal -0.62348980185874 -0.78183148246803 0.00000000000000
  outer loop
   vertex -0.68893997069874 33.28359359636436 -4.89019925136189
   vertex -1.62114745801804 34.02700426041844 -4.89019925136189
   vertex -1.62114745801804 34.02700426041844 -6.39019925136189
  endloop
 endfacet
 facet normal -0.82623877431599 -0.56332005806362 -0.00000000000000
  outer loop
   vertex -0.01727198640837 32.29843760175092 -4.89019925136189
   vertex -0.68893997069874 33.28359359636436 -4.89019925136189
   vertex -0.68893997069874 33.28359359636436 -6.39019925136189
  endloop
 endfacet
 facet normal -0.95557280578614 -0.29475517441090 -0.00000000000000
  outer loop
   vertex 0.33417584688247 31.15907170998538 -4.89019925136189
   vertex -0.01727198640837 32.29843760175092 -4.89019925136189
   vertex -0.01727198640837 32.29843760175092 -6.39019925136189
  endloop
 endfacet
 facet normal -0.99720379718118 -0.07473009358643 0.00000000000000
  outer loop
   vertex 0.37885254198196 30.56290264528069 -4.89019925136189
   vertex 0.33417584688247 31.15907170998538 -4.89019925136189
   vertex 0.33417584688247 31.15907170998538 -6.39019925136189
  endloop
 endfacet
 facet normal -0.95557280578614 0.29475517441090 0.00000000000000
  outer loop
   vertex -0.01727198640837 28.82736768881045 -4.89019925136189
   vertex 0.33417584688247 29.96673358057599 -4.89019925136189
   vertex 0.33417584688247 29.96673358057599 -6.39019925136189
  endloop
 endfacet
 facet normal -0.82623877431599 0.56332005806362 0.00000000000000
  outer loop
   vertex -0.68893997069874 27.84221169419702 -4.89019925136189
   vertex -0.01727198640837 28.82736768881045 -4.89019925136189
   vertex -0.01727198640837 28.82736768881045 -6.39019925136189
  endloop
 endfacet
 facet normal -0.62348980185873 0.78183148246803 0.00000000000000
  outer loop
   vertex -1.62114745801804 27.09880103014294 -4.89019925136189
   vertex -0.68893997069874 27.84221169419702 -4.89019925136189
   vertex -0.68893997069874 27.84221169419702 -6.39019925136189
  endloop
 endfacet
 facet normal -0.36534102436640 0.93087374864420 0.00000000000000
  outer loop
   vertex -2.73106372219278 26.66319099655340 -4.89019925136189
   vertex -1.62114745801804 27.09880103014294 -4.89019925136189
   vertex -1.62114745801804 27.09880103014294 -6.39019925136189
  endloop
 endfacet
 facet normal -0.07473009358643 0.99720379718118 -0.00000000000000
  outer loop
   vertex -3.92006783236374 26.57408745655597 -4.89019925136189
   vertex -2.73106372219278 26.66319099655340 -4.89019925136189
   vertex -2.73106372219278 26.66319099655340 -6.39019925136189
  endloop
 endfacet
 facet normal 0.22252093395632 0.97492791218182 -0.00000000000000
  outer loop
   vertex -5.08251155548362 26.83940765070387 -4.89019925136189
   vertex -3.92006783236374 26.57408745655597 -4.89019925136189
   vertex -3.92006783236374 26.57408745655597 -6.39019925136189
  endloop
 endfacet
 facet normal 0.50000000000000 0.86602540378444 -0.00000000000000
  outer loop
   vertex -6.11510666545298 27.43557671540857 -4.89019925136189
   vertex -5.08251155548362 26.83940765070387 -4.89019925136189
   vertex -5.08251155548362 26.83940765070387 -6.39019925136189
  endloop
 endfacet
 facet normal 0.73305187182982 0.68017273777092 -0.00000000000000
  outer loop
   vertex -6.92610255528202 28.30962241302620 -4.89019925136189
   vertex -6.11510666545298 27.43557671540857 -4.89019925136189
   vertex -6.11510666545298 27.43557671540857 -6.39019925136189
  endloop
 endfacet
 facet normal 0.90096886790242 0.43388373911756 -0.00000000000000
  outer loop
   vertex -7.44343868116260 29.38388194763708 -4.89019925136189
   vertex -6.92610255528202 28.30962241302620 -4.89019925136189
   vertex -6.92610255528202 28.30962241302620 -6.39019925136189
  endloop
 endfacet
 facet normal 0.98883082622513 0.14904226617617 -0.00000000000000
  outer loop
   vertex -7.62114745801804 30.56290264528069 -4.89019925136189
   vertex -7.44343868116260 29.38388194763708 -4.89019925136189
   vertex -7.44343868116260 29.38388194763708 -6.39019925136189
  endloop
 endfacet
 facet normal 0.00000000000000 0.00000000000000 -1.00000000000000
  outer loop
   vertex -3.62114745801804 30.56290264528069 -4.89019925136189
   vertex 0.33417584688247 29.96673358057599 -4.89019925136189
   vertex -0.01727198640837 28.82736768881045 -4.89019925136189
  endloop
 endfacet
 facet normal -0.00000000000000 0.00000000000000 -1.00000000000000
  outer loop
   vertex -0.01727198640837 28.82736768881045 -4.89019925136189
   vertex -0.68893997069874 27.84221169419702 -4.89019925136189
   vertex -3.62114745801804 30.56290264528069 -4.89019925136189
  endloop
 endfacet
 facet normal -0.00000000000000 0.00000000000000 -1.00000000000000
  outer loop
   vertex -0.68893997069874 27.84221169419702 -4.89019925136189
   vertex -1.62114745801804 27.09880103014294 -4.89019925136189
   vertex -3.62114745801804 30.56290264528069 -4.89019925136189
  endloop
 endfacet
 facet normal -0.00000000000000 0.00000000000000 -1.00000000000000
  outer loop
   vertex -1.62114745801804 27.09880103014294 -4.89019925136189
   vertex -2.73106372219278 26.66319099655340 -4.89019925136189
   vertex -3.62114745801804 30.56290264528069 -4.89019925136189
  endloop
 endfacet
 facet normal -0.00000000000000 0.00000000000000 -1.00000000000000
  outer loop
   vertex -2.73106372219278 26.66319099655340 -4.89019925136189
   vertex -3.92006783236374 26.57408745655597 -4.89019925136189
   vertex -3.62114745801804 30.56290264528069 -4.89019925136189
  endloop
 endfacet
 facet normal 0.00000000000000 0.00000000000000 -1.00000000000000
  outer loop
   vertex -3.92006783236374 26.57408745655597 -4.89019925136189
   vertex -5.08251155548362 26.83940765070387 -4.89019925136189
   vertex -3.62114745801804 30.56290264528069 -4.89019925136189
  endloop
 endfacet
 facet normal 0.00000000000000 0.00000000000000 -1.00000000000000
  outer loop
   vertex -5.08251155548362 26.83940765070387 -4.89019925136189
   vertex -6.11510666545298 27.43557671540857 -4.89019925136189
   vertex -3.62114745801804 30.56290264528069 -4.89019925136189
  endloop
 endfacet
 facet normal 0.00000000000000 0.00000000000000 -1.00000000000000
  outer loop
   vertex -6.11510666545298 27.43557671540857 -4.89019925136189
   vertex -6.92610255528202 28.30962241302620 -4.89019925136189
   vertex -3.62114745801804 30.56290264528069 -4.89019925136189
  endloop
 endfacet
 facet normal 0.00000000000000 0.00000000000000 -1.00000000000000
  outer loop
   vertex -6.92610255528202 28.30962241302620 -4.89019925136189
   vertex -7.44343868116260 29.38388194763708 -4.89019925136189
   vertex -3.62114745801804 30.56290264528069 -4.89019925136189
  endloop
 endfacet
 facet normal 0.00000000000000 0.00000000000000 -1.00000000000000
  outer loop
   vertex -7.44343868116260 29.38388194763708 -4.89019925136189
   vertex -7.62114745801804 30.56290264528069 -4.89019925136189
   vertex -3.62114745801804 30.56290264528069 -4.89019925136189
  endloop
 endfacet
 facet normal 0.00000000000000 0.00000000000000 -1.00000000000000
  outer loop
   vertex -7.62114745801804 30.56290264528069 -4.89019925136189
   vertex -7.44343868116260 31.74192334292431 -4.89019925136189
   vertex -3.62114745801804 30.56290264528069 -4.89019925136189
  endloop
 endfacet
 facet normal 0.00000000000000 0.00000000000000 -1.00000000000000
  outer loop
   vertex -7.44343868116260 31.74192334292431 -4.89019925136189
   vertex -6.92610255528202 32.81618287753518 -4.89019925136189
   vertex -3.62114745801804 30.56290264528069 -4.89019925136189
  endloop
 endfacet
 facet normal 0.00000000000000 0.00000000000000 -1.00000000000000
  outer loop
   vertex -6.92610255528202 32.81618287753518 -4.89019925136189
   vertex -6.11510666545298 33.69022857515281 -4.89019925136189
   vertex -3.62114745801804 30.56290264528069 -4.89019925136189
  endloop
 endfacet
 facet normal 0.00000000000000 0.00000000000000 -1.00000000000000
  outer loop
   vertex -6.11510666545298 33.69022857515281 -4.89019925136189
   vertex -5.08251155548362 34.28639763985750 -4.89019925136189
   vertex -3.62114745801804 30.56290264528069 -4.89019925136189
  endloop
 endfacet
 facet normal 0.00000000000000 0.00000000000000 -1.00000000000000
  outer loop
   vertex -5.08251155548362 34.28639763985750 -4.89019925136189
   vertex -3.92006783236374 34.55171783400541 -4.89019925136189
   vertex -3.62114745801804 30.56290264528069 -4.89019925136189
  endloop
 endfacet
 facet normal 0.00000000000000 0.00000000000000 -1.00000000000000
  outer loop
   vertex -3.92006783236374 34.55171783400541 -4.89019925136189
   vertex -2.73106372219278 34.46261429400798 -4.89019925136189
   vertex -3.62114745801804 30.56290264528069 -4.89019925136189
  endloop
 endfacet
 facet normal 0.00000000000000 -0.00000000000000 -1.00000000000000
  outer loop
   vertex -2.73106372219278 34.46261429400798 -4.89019925136189
   vertex -1.62114745801804 34.02700426041844 -4.89019925136189
   vertex -3.62114745801804 30.56290264528069 -4.89019925136189
  endloop
 endfacet
 facet normal 0.00000000000000 -0.00000000000000 -1.00000000000000
  outer loop
   vertex -1.62114745801804 34.02700426041844 -4.89019925136189
   vertex -0.68893997069874 33.28359359636436 -4.89019925136189
   vertex -3.62114745801804 30.56290264528069 -4.89019925136189
  endloop
 endfacet
 facet normal 0.00000000000000 -0.00000000000000 -1.00000000000000
  outer loop
   vertex -0.68893997069874 33.28359359636436 -4.89019925136189
   vertex -0.01727198640837 32.29843760175092 -4.89019925136189
   vertex -3.62114745801804 30.56290264528069 -4.89019925136189
  endloop
 endfacet
 facet normal 0.00000000000000 -0.00000000000000 -1.00000000000000
  outer loop
   vertex -0.01727198640837 32.29843760175092 -4.89019925136189
   vertex 0.33417584688247 31.15907170998538 -4.89019925136189
   vertex -3.62114745801804 30.56290264528069 -4.89019925136189
  endloop
 endfacet
 facet normal 0.00000000000000 -0.00000000000000 -1.00000000000000
  outer loop
   vertex 0.33417584688247 31.15907170998538 -4.89019925136189
   vertex 0.37885254198196 30.56290264528069 -4.89019925136189
   vertex -3.62114745801804 30.56290264528069 -4.89019925136189
  endloop
 endfacet
 facet normal -0.00000000000000 0.00000000000000 -1.00000000000000
  outer loop
   vertex 0.37885254198196 30.56290264528069 -4.89019925136189
   vertex 0.33417584688247 29.96673358057599 -4.89019925136189
   vertex -3.62114745801804 30.56290264528069 -4.89019925136189
  endloop
 endfacet
endsolid STL file created by Vectorworks 2026 Update 4 (Build 854846)
