ISO-10303-21;
HEADER;
FILE_DESCRIPTION (('STEP'), '1');
FILE_NAME ('/Users/fabiankohler/Documents/Admin/07_Plangrundlagen/KEYBOARD/BB6 BOT/BB6_BOT_L.stp', '2026-05-05T18:19:02', ('Unknown'), ('Unknown'), 'HarmonyWare STEP v2.1.9', 'Vectorworks', '');
FILE_SCHEMA (('CONFIG_CONTROL_DESIGN'));
ENDSEC;

DATA;
#1 = CARTESIAN_POINT ('', (145.864999999998, 45.4999999999712, 3.22675714052078));
#2 = VERTEX_POINT ('', #1);
#3 = CARTESIAN_POINT ('', (146.864999999998, 44.4999999999712, 3.22675714052078));
#4 = VERTEX_POINT ('', #3);
#5 = CARTESIAN_POINT ('', (145.864999999998, 45.4999999999712, 3.22942497472077));
#6 = CARTESIAN_POINT ('', (145.864999999998, 44.9142135623443, 3.22942497472077));
#7 = CARTESIAN_POINT ('', (146.279213562371, 44.4999999999712, 3.22942497472077));
#8 = CARTESIAN_POINT ('', (146.864999999998, 44.4999999999712, 3.22942497472077));
#9 = (
   BOUNDED_CURVE ()
   B_SPLINE_CURVE (3, (#5, #6, #7, #8), .UNSPECIFIED., .F., .U.)
   B_SPLINE_CURVE_WITH_KNOTS ((4, 4), (0., 1.), .UNSPECIFIED.)
   CURVE ()
   GEOMETRIC_REPRESENTATION_ITEM ()
   RATIONAL_B_SPLINE_CURVE ((1., 0.804737854124365, 0.804737854124365, 1.))
   REPRESENTATION_ITEM ('')
);
#10 = EDGE_CURVE ('', #2, #4, #9, .T.);
#11 = ORIENTED_EDGE ('', *, *, #10, .T.);
#12 = CARTESIAN_POINT ('', (146.864999999998, 44.4999999999712, 4.52942497472077));
#13 = VERTEX_POINT ('', #12);
#14 = CARTESIAN_POINT ('', (146.864999999998, 44.4999999999712, 3.22942497472077));
#15 = CARTESIAN_POINT ('', (146.864999999998, 44.4999999999712, 4.52942497472077));
#16 = B_SPLINE_CURVE_WITH_KNOTS ('', 1, (#14, #15), .UNSPECIFIED., .F., .U., (2, 2), (0., 1.), .UNSPECIFIED.);
#17 = EDGE_CURVE ('', #4, #13, #16, .T.);
#18 = ORIENTED_EDGE ('', *, *, #17, .T.);
#19 = CARTESIAN_POINT ('', (145.864999999998, 45.4999999999712, 4.52942497472077));
#20 = VERTEX_POINT ('', #19);
#21 = CARTESIAN_POINT ('', (145.864999999998, 45.4999999999712, 4.52942497472077));
#22 = CARTESIAN_POINT ('', (145.864999999998, 45.3673917550515, 4.52942497472077));
#23 = CARTESIAN_POINT ('', (145.890373489161, 45.2398306109298, 4.52942497472077));
#24 = CARTESIAN_POINT ('', (145.941120467487, 45.1173165676061, 4.52942497472077));
#25 = CARTESIAN_POINT ('', (145.991867445812, 44.9948025242825, 4.52942497472077));
#26 = CARTESIAN_POINT ('', (146.064125029587, 44.8866614080087, 4.52942497472077));
#27 = CARTESIAN_POINT ('', (146.157893218811, 44.7928932187847, 4.52942497472077));
#28 = CARTESIAN_POINT ('', (146.251661408035, 44.6991250295606, 4.52942497472077));
#29 = CARTESIAN_POINT ('', (146.359802524309, 44.6268674457857, 4.52942497472077));
#30 = CARTESIAN_POINT ('', (146.482316567633, 44.5761204674599, 4.52942497472077));
#31 = CARTESIAN_POINT ('', (146.604830610956, 44.5253734891341, 4.52942497472077));
#32 = CARTESIAN_POINT ('', (146.732391755078, 44.4999999999712, 4.52942497472077));
#33 = CARTESIAN_POINT ('', (146.864999999998, 44.4999999999712, 4.52942497472077));
#34 = B_SPLINE_CURVE_WITH_KNOTS ('', 3, (#21, #22, #23, #24, #25, #26, #27, #28, #29, #30, #31, #32, #33), .UNSPECIFIED., .F., .U., (4, 3, 3, 3, 4), (0., 0.25, 0.5, 0.75, 1.), .UNSPECIFIED.);
#35 = EDGE_CURVE ('', #20, #13, #34, .T.);
#36 = ORIENTED_EDGE ('', *, *, #35, .F.);
#37 = CARTESIAN_POINT ('', (145.864999999998, 45.4999999999712, 4.52942497472077));
#38 = CARTESIAN_POINT ('', (145.864999999998, 45.4999999999712, 3.22942497472077));
#39 = B_SPLINE_CURVE_WITH_KNOTS ('', 1, (#37, #38), .UNSPECIFIED., .F., .U., (2, 2), (0., 1.), .UNSPECIFIED.);
#40 = EDGE_CURVE ('', #20, #2, #39, .T.);
#41 = ORIENTED_EDGE ('', *, *, #40, .T.);
#42 = EDGE_LOOP ('', (#11, #18, #36, #41));
#43 = FACE_OUTER_BOUND ('', #42, .T.);
#44 = CARTESIAN_POINT ('', (146.864999999998, 44.4999999999712, 4.65942497472077));
#45 = CARTESIAN_POINT ('', (146.864999999998, 44.4999999999712, 3.09942497472077));
#46 = CARTESIAN_POINT ('', (146.279213562371, 44.4999999999712, 4.65942497472077));
#47 = CARTESIAN_POINT ('', (146.279213562371, 44.4999999999712, 3.09942497472077));
#48 = CARTESIAN_POINT ('', (145.864999999998, 44.9142135623443, 4.65942497472077));
#49 = CARTESIAN_POINT ('', (145.864999999998, 44.9142135623443, 3.09942497472077));
#50 = CARTESIAN_POINT ('', (145.864999999998, 45.4999999999712, 4.65942497472077));
#51 = CARTESIAN_POINT ('', (145.864999999998, 45.4999999999712, 3.09942497472077));
#52 = (
   BOUNDED_SURFACE ()
   B_SPLINE_SURFACE (3, 1, ((#44, #45), (#46, #47), (#48, #49), (#50, #51)), .UNSPECIFIED., .F., .F., .U.)
   B_SPLINE_SURFACE_WITH_KNOTS ((4, 4), (2, 2), (0., 1.), (0., 1.), .UNSPECIFIED.)
   GEOMETRIC_REPRESENTATION_ITEM ()
   RATIONAL_B_SPLINE_SURFACE (((1., 1.), (0.804737854124365, 0.804737854124365), (0.804737854124365, 0.804737854124365), (1., 1.)))
   REPRESENTATION_ITEM ('')
   SURFACE ()
);
#53 = ADVANCED_FACE ('', (#43), #52, .T.);
#54 = CARTESIAN_POINT ('', (149.364999999998, 44.4999999999712, 3.22675714052077));
#55 = VERTEX_POINT ('', #54);
#56 = CARTESIAN_POINT ('', (149.364999999998, 44.4999999999712, 3.22675714052078));
#57 = CARTESIAN_POINT ('', (146.864999999998, 44.4999999999712, 3.22675714052078));
#58 = B_SPLINE_CURVE_WITH_KNOTS ('', 1, (#56, #57), .UNSPECIFIED., .F., .U., (2, 2), (0., 1.), .UNSPECIFIED.);
#59 = EDGE_CURVE ('', #55, #4, #58, .T.);
#60 = ORIENTED_EDGE ('', *, *, #59, .F.);
#61 = CARTESIAN_POINT ('', (149.364999999998, 44.4999999999712, 4.52942497472077));
#62 = VERTEX_POINT ('', #61);
#63 = CARTESIAN_POINT ('', (149.364999999998, 44.4999999999712, 3.22942497472077));
#64 = CARTESIAN_POINT ('', (149.364999999998, 44.4999999999712, 4.52942497472077));
#65 = B_SPLINE_CURVE_WITH_KNOTS ('', 1, (#63, #64), .UNSPECIFIED., .F., .U., (2, 2), (0., 1.), .UNSPECIFIED.);
#66 = EDGE_CURVE ('', #55, #62, #65, .T.);
#67 = ORIENTED_EDGE ('', *, *, #66, .T.);
#68 = CARTESIAN_POINT ('', (149.364999999998, 44.4999999999712, 4.52942497472077));
#69 = CARTESIAN_POINT ('', (146.864999999998, 44.4999999999712, 4.52942497472077));
#70 = B_SPLINE_CURVE_WITH_KNOTS ('', 1, (#68, #69), .UNSPECIFIED., .F., .U., (2, 2), (0., 1.), .UNSPECIFIED.);
#71 = EDGE_CURVE ('', #62, #13, #70, .T.);
#72 = ORIENTED_EDGE ('', *, *, #71, .T.);
#73 = ORIENTED_EDGE ('', *, *, #17, .F.);
#74 = EDGE_LOOP ('', (#60, #67, #72, #73));
#75 = FACE_OUTER_BOUND ('', #74, .T.);
#76 = CARTESIAN_POINT ('', (146.864999999998, 44.4999999999712, 4.52942497472077));
#77 = CARTESIAN_POINT ('', (149.364999999998, 44.4999999999712, 4.52942497472077));
#78 = CARTESIAN_POINT ('', (146.864999999998, 44.4999999999712, 3.22675714052078));
#79 = CARTESIAN_POINT ('', (149.364999999998, 44.4999999999712, 3.22675714052078));
#80 = B_SPLINE_SURFACE_WITH_KNOTS ('', 1, 1, ((#76, #77), (#78, #79)), .UNSPECIFIED., .F., .F., .U., (2, 2), (2, 2), (0., 1.), (0., 1.), .UNSPECIFIED.);
#81 = ADVANCED_FACE ('', (#75), #80, .T.);
#82 = CARTESIAN_POINT ('', (150.364999999998, 45.4999999999712, 3.22942497472077));
#83 = VERTEX_POINT ('', #82);
#84 = CARTESIAN_POINT ('', (149.364999999998, 44.4999999999712, 3.22942497472077));
#85 = CARTESIAN_POINT ('', (149.950786437625, 44.4999999999712, 3.22942497472077));
#86 = CARTESIAN_POINT ('', (150.364999999998, 44.9142135623443, 3.22942497472077));
#87 = CARTESIAN_POINT ('', (150.364999999998, 45.4999999999712, 3.22942497472077));
#88 = (
   BOUNDED_CURVE ()
   B_SPLINE_CURVE (3, (#84, #85, #86, #87), .UNSPECIFIED., .F., .U.)
   B_SPLINE_CURVE_WITH_KNOTS ((4, 4), (0., 1.), .UNSPECIFIED.)
   CURVE ()
   GEOMETRIC_REPRESENTATION_ITEM ()
   RATIONAL_B_SPLINE_CURVE ((1., 0.804737854124365, 0.804737854124365, 1.))
   REPRESENTATION_ITEM ('')
);
#89 = EDGE_CURVE ('', #55, #83, #88, .T.);
#90 = ORIENTED_EDGE ('', *, *, #89, .T.);
#91 = CARTESIAN_POINT ('', (150.364999999998, 45.4999999999712, 4.52942497472077));
#92 = VERTEX_POINT ('', #91);
#93 = CARTESIAN_POINT ('', (150.364999999998, 45.4999999999712, 4.52942497472077));
#94 = CARTESIAN_POINT ('', (150.364999999998, 45.4999999999712, 3.22942497472077));
#95 = B_SPLINE_CURVE_WITH_KNOTS ('', 1, (#93, #94), .UNSPECIFIED., .F., .U., (2, 2), (0., 1.), .UNSPECIFIED.);
#96 = EDGE_CURVE ('', #92, #83, #95, .T.);
#97 = ORIENTED_EDGE ('', *, *, #96, .F.);
#98 = CARTESIAN_POINT ('', (149.364999999998, 44.4999999999712, 4.52942497472077));
#99 = CARTESIAN_POINT ('', (149.497608244918, 44.4999999999712, 4.52942497472077));
#100 = CARTESIAN_POINT ('', (149.625169389039, 44.5253734891341, 4.52942497472077));
#101 = CARTESIAN_POINT ('', (149.747683432363, 44.5761204674599, 4.52942497472077));
#102 = CARTESIAN_POINT ('', (149.870197475687, 44.6268674457858, 4.52942497472077));
#103 = CARTESIAN_POINT ('', (149.97833859196, 44.6991250295607, 4.52942497472077));
#104 = CARTESIAN_POINT ('', (150.072106781184, 44.7928932187847, 4.52942497472077));
#105 = CARTESIAN_POINT ('', (150.165874970408, 44.8866614080087, 4.52942497472077));
#106 = CARTESIAN_POINT ('', (150.238132554183, 44.9948025242825, 4.52942497472077));
#107 = CARTESIAN_POINT ('', (150.288879532509, 45.1173165676061, 4.52942497472077));
#108 = CARTESIAN_POINT ('', (150.339626510835, 45.2398306109298, 4.52942497472077));
#109 = CARTESIAN_POINT ('', (150.364999999998, 45.3673917550515, 4.52942497472077));
#110 = CARTESIAN_POINT ('', (150.364999999998, 45.4999999999712, 4.52942497472077));
#111 = B_SPLINE_CURVE_WITH_KNOTS ('', 3, (#98, #99, #100, #101, #102, #103, #104, #105, #106, #107, #108, #109, #110), .UNSPECIFIED., .F., .U., (4, 3, 3, 3, 4), (0., 0.25, 0.5, 0.75, 1.), .UNSPECIFIED.);
#112 = EDGE_CURVE ('', #62, #92, #111, .T.);
#113 = ORIENTED_EDGE ('', *, *, #112, .F.);
#114 = ORIENTED_EDGE ('', *, *, #66, .F.);
#115 = EDGE_LOOP ('', (#90, #97, #113, #114));
#116 = FACE_OUTER_BOUND ('', #115, .T.);
#117 = CARTESIAN_POINT ('', (150.364999999998, 45.4999999999712, 4.65942497472077));
#118 = CARTESIAN_POINT ('', (150.364999999998, 45.4999999999712, 3.09942497472077));
#119 = CARTESIAN_POINT ('', (150.364999999998, 44.9142135623443, 4.65942497472077));
#120 = CARTESIAN_POINT ('', (150.364999999998, 44.9142135623443, 3.09942497472077));
#121 = CARTESIAN_POINT ('', (149.950786437625, 44.4999999999712, 4.65942497472077));
#122 = CARTESIAN_POINT ('', (149.950786437625, 44.4999999999712, 3.09942497472077));
#123 = CARTESIAN_POINT ('', (149.364999999998, 44.4999999999712, 4.65942497472077));
#124 = CARTESIAN_POINT ('', (149.364999999998, 44.4999999999712, 3.09942497472077));
#125 = (
   BOUNDED_SURFACE ()
   B_SPLINE_SURFACE (3, 1, ((#117, #118), (#119, #120), (#121, #122), (#123, #124)), .UNSPECIFIED., .F., .F., .U.)
   B_SPLINE_SURFACE_WITH_KNOTS ((4, 4), (2, 2), (0., 1.), (0., 1.), .UNSPECIFIED.)
   GEOMETRIC_REPRESENTATION_ITEM ()
   RATIONAL_B_SPLINE_SURFACE (((1., 1.), (0.804737854124365, 0.804737854124365), (0.804737854124365, 0.804737854124365), (1., 1.)))
   REPRESENTATION_ITEM ('')
   SURFACE ()
);
#126 = ADVANCED_FACE ('', (#116), #125, .T.);
#127 = CARTESIAN_POINT ('', (150.364999999998, -3.53621407955041, -2.17077142648073));
#128 = VERTEX_POINT ('', #127);
#129 = CARTESIAN_POINT ('', (150.364999999998, 141.499999999968, -2.17077142648073));
#130 = VERTEX_POINT ('', #129);
#131 = CARTESIAN_POINT ('', (150.364999999998, -3.53621407955041, -2.17077142648073));
#132 = CARTESIAN_POINT ('', (150.364999999998, 141.499999999968, -2.17077142648073));
#133 = B_SPLINE_CURVE_WITH_KNOTS ('', 1, (#131, #132), .UNSPECIFIED., .F., .U., (2, 2), (0., 1.), .UNSPECIFIED.);
#134 = EDGE_CURVE ('', #128, #130, #133, .T.);
#135 = ORIENTED_EDGE ('', *, *, #134, .T.);
#136 = CARTESIAN_POINT ('', (150.364999999998, 141.499999999968, 4.52942497472077));
#137 = VERTEX_POINT ('', #136);
#138 = CARTESIAN_POINT ('', (150.364999999998, 141.499999999968, 4.52942497472077));
#139 = CARTESIAN_POINT ('', (150.364999999998, 141.499999999968, -2.17077142648073));
#140 = B_SPLINE_CURVE_WITH_KNOTS ('', 1, (#138, #139), .UNSPECIFIED., .F., .U., (2, 2), (0., 1.), .UNSPECIFIED.);
#141 = EDGE_CURVE ('', #137, #130, #140, .T.);
#142 = ORIENTED_EDGE ('', *, *, #141, .F.);
#143 = CARTESIAN_POINT ('', (150.364999999998, 141.499999999968, 4.52942497472077));
#144 = CARTESIAN_POINT ('', (150.364999999998, 45.4999999999712, 4.52942497472077));
#145 = B_SPLINE_CURVE_WITH_KNOTS ('', 1, (#143, #144), .UNSPECIFIED., .F., .U., (2, 2), (0., 1.), .UNSPECIFIED.);
#146 = EDGE_CURVE ('', #137, #92, #145, .T.);
#147 = ORIENTED_EDGE ('', *, *, #146, .T.);
#148 = ORIENTED_EDGE ('', *, *, #96, .T.);
#149 = CARTESIAN_POINT ('', (150.364999999998, 7.49999999996811, 3.22675714052078));
#150 = VERTEX_POINT ('', #149);
#151 = CARTESIAN_POINT ('', (150.364999999998, 45.4999825464619, 3.22675714052078));
#152 = CARTESIAN_POINT ('', (150.364999999998, 7.49999999996813, 3.22675714052078));
#153 = B_SPLINE_CURVE_WITH_KNOTS ('', 1, (#151, #152), .UNSPECIFIED., .F., .U., (2, 2), (0., 1.), .UNSPECIFIED.);
#154 = EDGE_CURVE ('', #83, #150, #153, .T.);
#155 = ORIENTED_EDGE ('', *, *, #154, .T.);
#156 = CARTESIAN_POINT ('', (150.364999999998, 7.49999999996812, 4.52942497472077));
#157 = VERTEX_POINT ('', #156);
#158 = CARTESIAN_POINT ('', (150.364999999998, 7.49999999996812, 4.52942497472077));
#159 = CARTESIAN_POINT ('', (150.364999999998, 7.49999999996812, 3.22942497472077));
#160 = B_SPLINE_CURVE_WITH_KNOTS ('', 1, (#158, #159), .UNSPECIFIED., .F., .U., (2, 2), (0., 1.), .UNSPECIFIED.);
#161 = EDGE_CURVE ('', #157, #150, #160, .T.);
#162 = ORIENTED_EDGE ('', *, *, #161, .F.);
#163 = CARTESIAN_POINT ('', (150.364999999998, -3.53621407955042, 4.52942497472077));
#164 = VERTEX_POINT ('', #163);
#165 = CARTESIAN_POINT ('', (150.364999999998, -3.53621407955042, 4.52942497472077));
#166 = CARTESIAN_POINT ('', (150.364999999998, 7.49999999996812, 4.52942497472077));
#167 = B_SPLINE_CURVE_WITH_KNOTS ('', 1, (#165, #166), .UNSPECIFIED., .F., .U., (2, 2), (0., 1.), .UNSPECIFIED.);
#168 = EDGE_CURVE ('', #164, #157, #167, .T.);
#169 = ORIENTED_EDGE ('', *, *, #168, .F.);
#170 = CARTESIAN_POINT ('', (150.364999999998, -3.53621407955041, 4.52942497472077));
#171 = CARTESIAN_POINT ('', (150.364999999998, -3.53621407955041, -2.17077142648074));
#172 = B_SPLINE_CURVE_WITH_KNOTS ('', 1, (#170, #171), .UNSPECIFIED., .F., .U., (2, 2), (0., 1.), .UNSPECIFIED.);
#173 = EDGE_CURVE ('', #164, #128, #172, .T.);
#174 = ORIENTED_EDGE ('', *, *, #173, .T.);
#175 = EDGE_LOOP ('', (#135, #142, #147, #148, #155, #162, #169, #174));
#176 = FACE_OUTER_BOUND ('', #175, .T.);
#177 = CARTESIAN_POINT ('', (150.364999999998, -3.53621407955041, -2.17077142648073));
#178 = CARTESIAN_POINT ('', (150.364999999998, -3.53621407955041, 4.52942497472077));
#179 = CARTESIAN_POINT ('', (150.364999999998, 141.499999999968, -2.17077142648073));
#180 = CARTESIAN_POINT ('', (150.364999999998, 141.499999999968, 4.52942497472077));
#181 = B_SPLINE_SURFACE_WITH_KNOTS ('', 1, 1, ((#177, #178), (#179, #180)), .UNSPECIFIED., .F., .F., .U., (2, 2), (2, 2), (0., 1.), (0., 1.), .UNSPECIFIED.);
#182 = ADVANCED_FACE ('', (#176), #181, .T.);
#183 = CARTESIAN_POINT ('', (147.364999999998, 144.499999999968, -2.17077142648073));
#184 = VERTEX_POINT ('', #183);
#185 = CARTESIAN_POINT ('', (147.364999999998, 144.499999999968, -2.17077142648073));
#186 = CARTESIAN_POINT ('', (147.762824734757, 144.499999999968, -2.17077142648073));
#187 = CARTESIAN_POINT ('', (148.145508167122, 144.423879532479, -2.17077142648073));
#188 = CARTESIAN_POINT ('', (148.513050297093, 144.271638597502, -2.17077142648073));
#189 = CARTESIAN_POINT ('', (148.880592427064, 144.119397662525, -2.17077142648073));
#190 = CARTESIAN_POINT ('', (149.205015775885, 143.9026249112, -2.17077142648073));
#191 = CARTESIAN_POINT ('', (149.486320343557, 143.621320343528, -2.17077142648073));
#192 = CARTESIAN_POINT ('', (149.76762491123, 143.340015775856, -2.17077142648073));
#193 = CARTESIAN_POINT ('', (149.984397662554, 143.015592427034, -2.17077142648073));
#194 = CARTESIAN_POINT ('', (150.136638597532, 142.648050297063, -2.17077142648073));
#195 = CARTESIAN_POINT ('', (150.288879532509, 142.280508167093, -2.17077142648073));
#196 = CARTESIAN_POINT ('', (150.364999999998, 141.897824734728, -2.17077142648073));
#197 = CARTESIAN_POINT ('', (150.364999999998, 141.499999999968, -2.17077142648073));
#198 = B_SPLINE_CURVE_WITH_KNOTS ('', 3, (#185, #186, #187, #188, #189, #190, #191, #192, #193, #194, #195, #196, #197), .UNSPECIFIED., .F., .U., (4, 3, 3, 3, 4), (0., 0.25, 0.5, 0.75, 1.), .UNSPECIFIED.);
#199 = EDGE_CURVE ('', #184, #130, #198, .T.);
#200 = ORIENTED_EDGE ('', *, *, #199, .F.);
#201 = CARTESIAN_POINT ('', (147.364999999998, 144.499999999968, 4.52942497472077));
#202 = VERTEX_POINT ('', #201);
#203 = CARTESIAN_POINT ('', (147.364999999998, 144.499999999968, 4.52942497472077));
#204 = CARTESIAN_POINT ('', (147.364999999998, 144.499999999968, -2.17077142648074));
#205 = B_SPLINE_CURVE_WITH_KNOTS ('', 1, (#203, #204), .UNSPECIFIED., .F., .U., (2, 2), (0., 1.), .UNSPECIFIED.);
#206 = EDGE_CURVE ('', #202, #184, #205, .T.);
#207 = ORIENTED_EDGE ('', *, *, #206, .F.);
#208 = CARTESIAN_POINT ('', (150.364999999998, 141.499999999968, 4.52942497472077));
#209 = CARTESIAN_POINT ('', (150.364999999998, 141.897824734727, 4.52942497472077));
#210 = CARTESIAN_POINT ('', (150.288879532509, 142.280508167093, 4.52942497472077));
#211 = CARTESIAN_POINT ('', (150.136638597532, 142.648050297063, 4.52942497472077));
#212 = CARTESIAN_POINT ('', (149.984397662554, 143.015592427034, 4.52942497472077));
#213 = CARTESIAN_POINT ('', (149.76762491123, 143.340015775856, 4.52942497472077));
#214 = CARTESIAN_POINT ('', (149.486320343558, 143.621320343528, 4.52942497472077));
#215 = CARTESIAN_POINT ('', (149.205015775885, 143.9026249112, 4.52942497472077));
#216 = CARTESIAN_POINT ('', (148.880592427064, 144.119397662525, 4.52942497472077));
#217 = CARTESIAN_POINT ('', (148.513050297093, 144.271638597502, 4.52942497472077));
#218 = CARTESIAN_POINT ('', (148.145508167122, 144.423879532479, 4.52942497472077));
#219 = CARTESIAN_POINT ('', (147.762824734757, 144.499999999968, 4.52942497472077));
#220 = CARTESIAN_POINT ('', (147.364999999998, 144.499999999968, 4.52942497472077));
#221 = B_SPLINE_CURVE_WITH_KNOTS ('', 3, (#208, #209, #210, #211, #212, #213, #214, #215, #216, #217, #218, #219, #220), .UNSPECIFIED., .F., .U., (4, 3, 3, 3, 4), (0., 0.25, 0.5, 0.75, 1.), .UNSPECIFIED.);
#222 = EDGE_CURVE ('', #137, #202, #221, .T.);
#223 = ORIENTED_EDGE ('', *, *, #222, .F.);
#224 = ORIENTED_EDGE ('', *, *, #141, .T.);
#225 = EDGE_LOOP ('', (#200, #207, #223, #224));
#226 = FACE_OUTER_BOUND ('', #225, .T.);
#227 = CARTESIAN_POINT ('', (147.364999999998, 144.499999999968, 5.19944461484093));
#228 = CARTESIAN_POINT ('', (147.364999999998, 144.499999999968, -2.84079106660089));
#229 = CARTESIAN_POINT ('', (149.122359312879, 144.499999999968, 5.19944461484092));
#230 = CARTESIAN_POINT ('', (149.122359312879, 144.499999999968, -2.84079106660089));
#231 = CARTESIAN_POINT ('', (150.364999999998, 143.257359312849, 5.19944461484092));
#232 = CARTESIAN_POINT ('', (150.364999999998, 143.257359312849, -2.84079106660089));
#233 = CARTESIAN_POINT ('', (150.364999999998, 141.499999999968, 5.19944461484093));
#234 = CARTESIAN_POINT ('', (150.364999999998, 141.499999999968, -2.84079106660089));
#235 = (
   BOUNDED_SURFACE ()
   B_SPLINE_SURFACE (3, 1, ((#227, #228), (#229, #230), (#231, #232), (#233, #234)), .UNSPECIFIED., .F., .F., .U.)
   B_SPLINE_SURFACE_WITH_KNOTS ((4, 4), (2, 2), (0., 1.), (0., 1.), .UNSPECIFIED.)
   GEOMETRIC_REPRESENTATION_ITEM ()
   RATIONAL_B_SPLINE_SURFACE (((1., 1.), (0.804737854124362, 0.804737854124362), (0.804737854124362, 0.804737854124362), (1., 1.)))
   REPRESENTATION_ITEM ('')
   SURFACE ()
);
#236 = ADVANCED_FACE ('', (#226), #235, .T.);
#237 = CARTESIAN_POINT ('', (141.098292063002, 144.499999999968, -2.17077142648073));
#238 = VERTEX_POINT ('', #237);
#239 = CARTESIAN_POINT ('', (141.098292063002, 144.499999999968, -2.17077142648073));
#240 = CARTESIAN_POINT ('', (147.364999999998, 144.499999999968, -2.17077142648073));
#241 = B_SPLINE_CURVE_WITH_KNOTS ('', 1, (#239, #240), .UNSPECIFIED., .F., .U., (2, 2), (0., 1.), .UNSPECIFIED.);
#242 = EDGE_CURVE ('', #238, #184, #241, .T.);
#243 = ORIENTED_EDGE ('', *, *, #242, .F.);
#244 = CARTESIAN_POINT ('', (141.098292063002, 144.499999999968, 4.52942497472077));
#245 = VERTEX_POINT ('', #244);
#246 = CARTESIAN_POINT ('', (141.098292063002, 144.499999999968, -2.17077142648073));
#247 = CARTESIAN_POINT ('', (141.098292063002, 144.499999999968, 4.52942497472077));
#248 = B_SPLINE_CURVE_WITH_KNOTS ('', 1, (#246, #247), .UNSPECIFIED., .F., .U., (2, 2), (0., 1.), .UNSPECIFIED.);
#249 = EDGE_CURVE ('', #238, #245, #248, .T.);
#250 = ORIENTED_EDGE ('', *, *, #249, .T.);
#251 = CARTESIAN_POINT ('', (141.098292063002, 144.499999999968, 4.52942497472077));
#252 = CARTESIAN_POINT ('', (147.364999999998, 144.499999999968, 4.52942497472077));
#253 = B_SPLINE_CURVE_WITH_KNOTS ('', 1, (#251, #252), .UNSPECIFIED., .F., .U., (2, 2), (0., 1.), .UNSPECIFIED.);
#254 = EDGE_CURVE ('', #245, #202, #253, .T.);
#255 = ORIENTED_EDGE ('', *, *, #254, .T.);
#256 = ORIENTED_EDGE ('', *, *, #206, .T.);
#257 = EDGE_LOOP ('', (#243, #250, #255, #256));
#258 = FACE_OUTER_BOUND ('', #257, .T.);
#259 = CARTESIAN_POINT ('', (147.364999999998, 144.499999999968, -2.17077142648073));
#260 = CARTESIAN_POINT ('', (147.364999999998, 144.499999999968, 4.52942497472077));
#261 = CARTESIAN_POINT ('', (141.098292063002, 144.499999999968, -2.17077142648073));
#262 = CARTESIAN_POINT ('', (141.098292063002, 144.499999999968, 4.52942497472077));
#263 = B_SPLINE_SURFACE_WITH_KNOTS ('', 1, 1, ((#259, #260), (#261, #262)), .UNSPECIFIED., .F., .F., .U., (2, 2), (2, 2), (0., 1.), (0., 1.), .UNSPECIFIED.);
#264 = ADVANCED_FACE ('', (#258), #263, .T.);
#265 = CARTESIAN_POINT ('', (140.098292063002, 143.499999999968, -2.17077142648073));
#266 = VERTEX_POINT ('', #265);
#267 = CARTESIAN_POINT ('', (140.098292063002, 143.499999999968, -2.17077142648073));
#268 = CARTESIAN_POINT ('', (140.098292063002, 143.632608244888, -2.17077142648073));
#269 = CARTESIAN_POINT ('', (140.123665552165, 143.76016938901, -2.17077142648073));
#270 = CARTESIAN_POINT ('', (140.174412530491, 143.882683432333, -2.17077142648073));
#271 = CARTESIAN_POINT ('', (140.225159508817, 144.005197475657, -2.17077142648073));
#272 = CARTESIAN_POINT ('', (140.297417092592, 144.113338591931, -2.17077142648073));
#273 = CARTESIAN_POINT ('', (140.391185281816, 144.207106781155, -2.17077142648073));
#274 = CARTESIAN_POINT ('', (140.48495347104, 144.300874970379, -2.17077142648073));
#275 = CARTESIAN_POINT ('', (140.593094587314, 144.373132554154, -2.17077142648073));
#276 = CARTESIAN_POINT ('', (140.715608630637, 144.423879532479, -2.17077142648073));
#277 = CARTESIAN_POINT ('', (140.838122673961, 144.474626510805, -2.17077142648073));
#278 = CARTESIAN_POINT ('', (140.965683818083, 144.499999999968, -2.17077142648073));
#279 = CARTESIAN_POINT ('', (141.098292063002, 144.499999999968, -2.17077142648073));
#280 = B_SPLINE_CURVE_WITH_KNOTS ('', 3, (#267, #268, #269, #270, #271, #272, #273, #274, #275, #276, #277, #278, #279), .UNSPECIFIED., .F., .U., (4, 3, 3, 3, 4), (0., 0.25, 0.5, 0.75, 1.), .UNSPECIFIED.);
#281 = EDGE_CURVE ('', #266, #238, #280, .T.);
#282 = ORIENTED_EDGE ('', *, *, #281, .F.);
#283 = CARTESIAN_POINT ('', (140.098292063002, 143.499999999968, 4.52942497472077));
#284 = VERTEX_POINT ('', #283);
#285 = CARTESIAN_POINT ('', (140.098292063002, 143.499999999968, -2.17077142648073));
#286 = CARTESIAN_POINT ('', (140.098292063002, 143.499999999968, 4.52942497472077));
#287 = B_SPLINE_CURVE_WITH_KNOTS ('', 1, (#285, #286), .UNSPECIFIED., .F., .U., (2, 2), (0., 1.), .UNSPECIFIED.);
#288 = EDGE_CURVE ('', #266, #284, #287, .T.);
#289 = ORIENTED_EDGE ('', *, *, #288, .T.);
#290 = CARTESIAN_POINT ('', (141.098292063002, 144.499999999968, 4.52942497472077));
#291 = CARTESIAN_POINT ('', (140.965683818083, 144.499999999968, 4.52942497472077));
#292 = CARTESIAN_POINT ('', (140.838122673961, 144.474626510805, 4.52942497472077));
#293 = CARTESIAN_POINT ('', (140.715608630637, 144.423879532479, 4.52942497472077));
#294 = CARTESIAN_POINT ('', (140.593094587314, 144.373132554154, 4.52942497472077));
#295 = CARTESIAN_POINT ('', (140.48495347104, 144.300874970379, 4.52942497472077));
#296 = CARTESIAN_POINT ('', (140.391185281816, 144.207106781155, 4.52942497472077));
#297 = CARTESIAN_POINT ('', (140.297417092592, 144.113338591931, 4.52942497472077));
#298 = CARTESIAN_POINT ('', (140.225159508817, 144.005197475657, 4.52942497472077));
#299 = CARTESIAN_POINT ('', (140.174412530491, 143.882683432333, 4.52942497472077));
#300 = CARTESIAN_POINT ('', (140.123665552165, 143.76016938901, 4.52942497472077));
#301 = CARTESIAN_POINT ('', (140.098292063002, 143.632608244888, 4.52942497472077));
#302 = CARTESIAN_POINT ('', (140.098292063002, 143.499999999968, 4.52942497472077));
#303 = B_SPLINE_CURVE_WITH_KNOTS ('', 3, (#290, #291, #292, #293, #294, #295, #296, #297, #298, #299, #300, #301, #302), .UNSPECIFIED., .F., .U., (4, 3, 3, 3, 4), (0., 0.25, 0.5, 0.75, 1.), .UNSPECIFIED.);
#304 = EDGE_CURVE ('', #245, #284, #303, .T.);
#305 = ORIENTED_EDGE ('', *, *, #304, .F.);
#306 = ORIENTED_EDGE ('', *, *, #249, .F.);
#307 = EDGE_LOOP ('', (#282, #289, #305, #306));
#308 = FACE_OUTER_BOUND ('', #307, .T.);
#309 = CARTESIAN_POINT ('', (140.098292063002, 143.499999999968, 5.19944461484093));
#310 = CARTESIAN_POINT ('', (140.098292063002, 143.499999999968, -2.84079106660089));
#311 = CARTESIAN_POINT ('', (140.098292063002, 144.085786437595, 5.19944461484093));
#312 = CARTESIAN_POINT ('', (140.098292063002, 144.085786437595, -2.84079106660089));
#313 = CARTESIAN_POINT ('', (140.512505625375, 144.499999999968, 5.19944461484093));
#314 = CARTESIAN_POINT ('', (140.512505625375, 144.499999999968, -2.84079106660089));
#315 = CARTESIAN_POINT ('', (141.098292063002, 144.499999999968, 5.19944461484093));
#316 = CARTESIAN_POINT ('', (141.098292063002, 144.499999999968, -2.84079106660089));
#317 = (
   BOUNDED_SURFACE ()
   B_SPLINE_SURFACE (3, 1, ((#309, #310), (#311, #312), (#313, #314), (#315, #316)), .UNSPECIFIED., .F., .F., .U.)
   B_SPLINE_SURFACE_WITH_KNOTS ((4, 4), (2, 2), (0., 1.), (0., 1.), .UNSPECIFIED.)
   GEOMETRIC_REPRESENTATION_ITEM ()
   RATIONAL_B_SPLINE_SURFACE (((1., 1.), (0.804737854124357, 0.804737854124357), (0.804737854124357, 0.804737854124357), (1., 1.)))
   REPRESENTATION_ITEM ('')
   SURFACE ()
);
#318 = ADVANCED_FACE ('', (#308), #317, .T.);
#319 = CARTESIAN_POINT ('', (140.098292063002, 140.999999999968, -2.17077142648073));
#320 = VERTEX_POINT ('', #319);
#321 = CARTESIAN_POINT ('', (140.098292063002, 140.999999999968, -2.17077142648073));
#322 = CARTESIAN_POINT ('', (140.098292063002, 143.499999999968, -2.17077142648073));
#323 = B_SPLINE_CURVE_WITH_KNOTS ('', 1, (#321, #322), .UNSPECIFIED., .F., .U., (2, 2), (0., 1.), .UNSPECIFIED.);
#324 = EDGE_CURVE ('', #320, #266, #323, .T.);
#325 = ORIENTED_EDGE ('', *, *, #324, .F.);
#326 = CARTESIAN_POINT ('', (140.098292063002, 140.999999999968, 4.52942497472077));
#327 = VERTEX_POINT ('', #326);
#328 = CARTESIAN_POINT ('', (140.098292063002, 140.999999999968, 4.52942497472077));
#329 = CARTESIAN_POINT ('', (140.098292063002, 140.999999999968, -2.17077142648073));
#330 = B_SPLINE_CURVE_WITH_KNOTS ('', 1, (#328, #329), .UNSPECIFIED., .F., .U., (2, 2), (0., 1.), .UNSPECIFIED.);
#331 = EDGE_CURVE ('', #327, #320, #330, .T.);
#332 = ORIENTED_EDGE ('', *, *, #331, .F.);
#333 = CARTESIAN_POINT ('', (140.098292063002, 143.499999999968, 4.52942497472077));
#334 = CARTESIAN_POINT ('', (140.098292063002, 140.999999999968, 4.52942497472077));
#335 = B_SPLINE_CURVE_WITH_KNOTS ('', 1, (#333, #334), .UNSPECIFIED., .F., .U., (2, 2), (0., 1.), .UNSPECIFIED.);
#336 = EDGE_CURVE ('', #284, #327, #335, .T.);
#337 = ORIENTED_EDGE ('', *, *, #336, .F.);
#338 = ORIENTED_EDGE ('', *, *, #288, .F.);
#339 = EDGE_LOOP ('', (#325, #332, #337, #338));
#340 = FACE_OUTER_BOUND ('', #339, .T.);
#341 = CARTESIAN_POINT ('', (140.098292063002, 143.499999999968, -2.17077142648073));
#342 = CARTESIAN_POINT ('', (140.098292063002, 143.499999999968, 4.52942497472077));
#343 = CARTESIAN_POINT ('', (140.098292063002, 140.999999999968, -2.17077142648073));
#344 = CARTESIAN_POINT ('', (140.098292063002, 140.999999999968, 4.52942497472077));
#345 = B_SPLINE_SURFACE_WITH_KNOTS ('', 1, 1, ((#341, #342), (#343, #344)), .UNSPECIFIED., .F., .F., .U., (2, 2), (2, 2), (0., 1.), (0., 1.), .UNSPECIFIED.);
#346 = ADVANCED_FACE ('', (#340), #345, .T.);
#347 = CARTESIAN_POINT ('', (141.098292063002, 139.999999999968, -2.17077142648073));
#348 = VERTEX_POINT ('', #347);
#349 = CARTESIAN_POINT ('', (141.098292063002, 139.999999999968, -2.17077142648073));
#350 = CARTESIAN_POINT ('', (140.965683818082, 139.999999999968, -2.17077142648073));
#351 = CARTESIAN_POINT ('', (140.838122673961, 140.025373489131, -2.17077142648073));
#352 = CARTESIAN_POINT ('', (140.715608630637, 140.076120467457, -2.17077142648073));
#353 = CARTESIAN_POINT ('', (140.593094587314, 140.126867445783, -2.17077142648073));
#354 = CARTESIAN_POINT ('', (140.48495347104, 140.199125029558, -2.17077142648073));
#355 = CARTESIAN_POINT ('', (140.391185281816, 140.292893218782, -2.17077142648073));
#356 = CARTESIAN_POINT ('', (140.297417092592, 140.386661408006, -2.17077142648073));
#357 = CARTESIAN_POINT ('', (140.225159508817, 140.494802524279, -2.17077142648073));
#358 = CARTESIAN_POINT ('', (140.174412530491, 140.617316567603, -2.17077142648073));
#359 = CARTESIAN_POINT ('', (140.123665552165, 140.739830610927, -2.17077142648073));
#360 = CARTESIAN_POINT ('', (140.098292063002, 140.867391755048, -2.17077142648073));
#361 = CARTESIAN_POINT ('', (140.098292063002, 140.999999999968, -2.17077142648073));
#362 = B_SPLINE_CURVE_WITH_KNOTS ('', 3, (#349, #350, #351, #352, #353, #354, #355, #356, #357, #358, #359, #360, #361), .UNSPECIFIED., .F., .U., (4, 3, 3, 3, 4), (0., 0.25, 0.5, 0.75, 1.), .UNSPECIFIED.);
#363 = EDGE_CURVE ('', #348, #320, #362, .T.);
#364 = ORIENTED_EDGE ('', *, *, #363, .F.);
#365 = CARTESIAN_POINT ('', (141.098292063002, 139.999999999968, 4.52942497472077));
#366 = VERTEX_POINT ('', #365);
#367 = CARTESIAN_POINT ('', (141.098292063002, 139.999999999968, 4.52942497472077));
#368 = CARTESIAN_POINT ('', (141.098292063002, 139.999999999968, -2.17077142648073));
#369 = B_SPLINE_CURVE_WITH_KNOTS ('', 1, (#367, #368), .UNSPECIFIED., .F., .U., (2, 2), (0., 1.), .UNSPECIFIED.);
#370 = EDGE_CURVE ('', #366, #348, #369, .T.);
#371 = ORIENTED_EDGE ('', *, *, #370, .F.);
#372 = CARTESIAN_POINT ('', (140.098292063002, 140.999999999968, 4.52942497472077));
#373 = CARTESIAN_POINT ('', (140.098292063002, 140.867391755048, 4.52942497472077));
#374 = CARTESIAN_POINT ('', (140.123665552165, 140.739830610927, 4.52942497472077));
#375 = CARTESIAN_POINT ('', (140.174412530491, 140.617316567603, 4.52942497472077));
#376 = CARTESIAN_POINT ('', (140.225159508817, 140.494802524279, 4.52942497472077));
#377 = CARTESIAN_POINT ('', (140.297417092592, 140.386661408006, 4.52942497472077));
#378 = CARTESIAN_POINT ('', (140.391185281816, 140.292893218782, 4.52942497472077));
#379 = CARTESIAN_POINT ('', (140.48495347104, 140.199125029558, 4.52942497472077));
#380 = CARTESIAN_POINT ('', (140.593094587314, 140.126867445783, 4.52942497472077));
#381 = CARTESIAN_POINT ('', (140.715608630637, 140.076120467457, 4.52942497472077));
#382 = CARTESIAN_POINT ('', (140.838122673961, 140.025373489131, 4.52942497472077));
#383 = CARTESIAN_POINT ('', (140.965683818083, 139.999999999968, 4.52942497472077));
#384 = CARTESIAN_POINT ('', (141.098292063002, 139.999999999968, 4.52942497472077));
#385 = B_SPLINE_CURVE_WITH_KNOTS ('', 3, (#372, #373, #374, #375, #376, #377, #378, #379, #380, #381, #382, #383, #384), .UNSPECIFIED., .F., .U., (4, 3, 3, 3, 4), (0., 0.25, 0.5, 0.75, 1.), .UNSPECIFIED.);
#386 = EDGE_CURVE ('', #327, #366, #385, .T.);
#387 = ORIENTED_EDGE ('', *, *, #386, .F.);
#388 = ORIENTED_EDGE ('', *, *, #331, .T.);
#389 = EDGE_LOOP ('', (#364, #371, #387, #388));
#390 = FACE_OUTER_BOUND ('', #389, .T.);
#391 = CARTESIAN_POINT ('', (141.098292063002, 139.999999999968, 5.19944461484093));
#392 = CARTESIAN_POINT ('', (141.098292063002, 139.999999999968, -2.84079106660089));
#393 = CARTESIAN_POINT ('', (140.512505625375, 139.999999999968, 5.19944461484093));
#394 = CARTESIAN_POINT ('', (140.512505625375, 139.999999999968, -2.84079106660088));
#395 = CARTESIAN_POINT ('', (140.098292063002, 140.414213562341, 5.19944461484093));
#396 = CARTESIAN_POINT ('', (140.098292063002, 140.414213562341, -2.84079106660088));
#397 = CARTESIAN_POINT ('', (140.098292063002, 140.999999999968, 5.19944461484093));
#398 = CARTESIAN_POINT ('', (140.098292063002, 140.999999999968, -2.84079106660089));
#399 = (
   BOUNDED_SURFACE ()
   B_SPLINE_SURFACE (3, 1, ((#391, #392), (#393, #394), (#395, #396), (#397, #398)), .UNSPECIFIED., .F., .F., .U.)
   B_SPLINE_SURFACE_WITH_KNOTS ((4, 4), (2, 2), (0., 1.), (0., 1.), .UNSPECIFIED.)
   GEOMETRIC_REPRESENTATION_ITEM ()
   RATIONAL_B_SPLINE_SURFACE (((1., 1.), (0.804737854124373, 0.804737854124373), (0.804737854124373, 0.804737854124373), (1., 1.)))
   REPRESENTATION_ITEM ('')
   SURFACE ()
);
#400 = ADVANCED_FACE ('', (#390), #399, .T.);
#401 = CARTESIAN_POINT ('', (1.00499999999986, 139.999999999968, 4.52942497472077));
#402 = VERTEX_POINT ('', #401);
#403 = CARTESIAN_POINT ('', (1.00499999999988, 139.999999999968, -2.19019925136189));
#404 = VERTEX_POINT ('', #403);
#405 = CARTESIAN_POINT ('', (1.00499999999988, 139.999999999968, 4.52942497472077));
#406 = CARTESIAN_POINT ('', (1.00499999999988, 139.999999999968, -2.19019925136189));
#407 = B_SPLINE_CURVE_WITH_KNOTS ('', 1, (#405, #406), .UNSPECIFIED., .F., .U., (2, 2), (0., 1.), .UNSPECIFIED.);
#408 = EDGE_CURVE ('', #402, #404, #407, .T.);
#409 = ORIENTED_EDGE ('', *, *, #408, .T.);
#410 = CARTESIAN_POINT ('', (142.864999999998, 139.999999999968, -2.19019925136189));
#411 = VERTEX_POINT ('', #410);
#412 = CARTESIAN_POINT ('', (1.00499999999988, 139.999999999968, -2.19019925136189));
#413 = CARTESIAN_POINT ('', (142.864999999998, 139.999999999968, -2.19019925136189));
#414 = B_SPLINE_CURVE_WITH_KNOTS ('', 1, (#412, #413), .UNSPECIFIED., .F., .U., (2, 2), (0., 1.), .UNSPECIFIED.);
#415 = EDGE_CURVE ('', #404, #411, #414, .T.);
#416 = ORIENTED_EDGE ('', *, *, #415, .T.);
#417 = CARTESIAN_POINT ('', (142.864999999998, 139.999999999968, 4.52942497472077));
#418 = VERTEX_POINT ('', #417);
#419 = CARTESIAN_POINT ('', (142.864999999998, 139.999999999968, -2.19019925136189));
#420 = CARTESIAN_POINT ('', (142.864999999998, 139.999999999968, 4.52942497472077));
#421 = B_SPLINE_CURVE_WITH_KNOTS ('', 1, (#419, #420), .UNSPECIFIED., .F., .U., (2, 2), (0., 1.), .UNSPECIFIED.);
#422 = EDGE_CURVE ('', #411, #418, #421, .T.);
#423 = ORIENTED_EDGE ('', *, *, #422, .T.);
#424 = CARTESIAN_POINT ('', (141.098292063002, 139.999999999968, 4.52942497472077));
#425 = CARTESIAN_POINT ('', (142.864999999998, 139.999999999968, 4.52942497472077));
#426 = B_SPLINE_CURVE_WITH_KNOTS ('', 1, (#424, #425), .UNSPECIFIED., .F., .U., (2, 2), (0., 1.), .UNSPECIFIED.);
#427 = EDGE_CURVE ('', #366, #418, #426, .T.);
#428 = ORIENTED_EDGE ('', *, *, #427, .F.);
#429 = ORIENTED_EDGE ('', *, *, #370, .T.);
#430 = CARTESIAN_POINT ('', (98.5982920630023, 139.999999999968, -2.17077142648073));
#431 = VERTEX_POINT ('', #430);
#432 = CARTESIAN_POINT ('', (141.098292063002, 139.999999999968, -2.17077142648073));
#433 = CARTESIAN_POINT ('', (98.5982920630023, 139.999999999968, -2.17077142648073));
#434 = B_SPLINE_CURVE_WITH_KNOTS ('', 1, (#432, #433), .UNSPECIFIED., .F., .U., (2, 2), (0., 1.), .UNSPECIFIED.);
#435 = EDGE_CURVE ('', #348, #431, #434, .T.);
#436 = ORIENTED_EDGE ('', *, *, #435, .T.);
#437 = CARTESIAN_POINT ('', (98.5982920630023, 139.999999999968, 4.52942497472077));
#438 = VERTEX_POINT ('', #437);
#439 = CARTESIAN_POINT ('', (98.5982920630023, 139.999999999968, -2.17077142648073));
#440 = CARTESIAN_POINT ('', (98.5982920630023, 139.999999999968, 4.52942497472077));
#441 = B_SPLINE_CURVE_WITH_KNOTS ('', 1, (#439, #440), .UNSPECIFIED., .F., .U., (2, 2), (0., 1.), .UNSPECIFIED.);
#442 = EDGE_CURVE ('', #431, #438, #441, .T.);
#443 = ORIENTED_EDGE ('', *, *, #442, .T.);
#444 = CARTESIAN_POINT ('', (96.115, 139.999999999968, 4.52942497472077));
#445 = VERTEX_POINT ('', #444);
#446 = CARTESIAN_POINT ('', (98.5982920630023, 139.999999999968, 4.52942497472077));
#447 = CARTESIAN_POINT ('', (96.115, 139.999999999968, 4.52942497472077));
#448 = B_SPLINE_CURVE_WITH_KNOTS ('', 1, (#446, #447), .UNSPECIFIED., .F., .U., (2, 2), (0., 1.), .UNSPECIFIED.);
#449 = EDGE_CURVE ('', #438, #445, #448, .T.);
#450 = ORIENTED_EDGE ('', *, *, #449, .T.);
#451 = CARTESIAN_POINT ('', (96.115, 139.999999999968, 3.22942497472077));
#452 = VERTEX_POINT ('', #451);
#453 = CARTESIAN_POINT ('', (96.115, 139.999999999968, 4.52942497472077));
#454 = CARTESIAN_POINT ('', (96.115, 139.999999999968, 3.22942497472077));
#455 = B_SPLINE_CURVE_WITH_KNOTS ('', 1, (#453, #454), .UNSPECIFIED., .F., .U., (2, 2), (0., 1.), .UNSPECIFIED.);
#456 = EDGE_CURVE ('', #445, #452, #455, .T.);
#457 = ORIENTED_EDGE ('', *, *, #456, .T.);
#458 = CARTESIAN_POINT ('', (23.1149999999988, 139.999999999968, 3.22675714052077));
#459 = VERTEX_POINT ('', #458);
#460 = CARTESIAN_POINT ('', (96.115, 139.999999999968, 3.22675714052077));
#461 = CARTESIAN_POINT ('', (23.1149999999988, 139.999999999968, 3.22675714052077));
#462 = B_SPLINE_CURVE_WITH_KNOTS ('', 1, (#460, #461), .UNSPECIFIED., .F., .U., (2, 2), (0., 1.), .UNSPECIFIED.);
#463 = EDGE_CURVE ('', #452, #459, #462, .T.);
#464 = ORIENTED_EDGE ('', *, *, #463, .T.);
#465 = CARTESIAN_POINT ('', (23.1149999999988, 139.999999999968, 4.52942497472077));
#466 = VERTEX_POINT ('', #465);
#467 = CARTESIAN_POINT ('', (23.1149999999988, 139.999999999968, 3.22942497472077));
#468 = CARTESIAN_POINT ('', (23.1149999999988, 139.999999999968, 4.52942497472077));
#469 = B_SPLINE_CURVE_WITH_KNOTS ('', 1, (#467, #468), .UNSPECIFIED., .F., .U., (2, 2), (0., 1.), .UNSPECIFIED.);
#470 = EDGE_CURVE ('', #459, #466, #469, .T.);
#471 = ORIENTED_EDGE ('', *, *, #470, .T.);
#472 = CARTESIAN_POINT ('', (1.00499999999986, 139.999999999968, 4.52942497472077));
#473 = CARTESIAN_POINT ('', (23.1149999999988, 139.999999999968, 4.52942497472077));
#474 = B_SPLINE_CURVE_WITH_KNOTS ('', 1, (#472, #473), .UNSPECIFIED., .F., .U., (2, 2), (0., 1.), .UNSPECIFIED.);
#475 = EDGE_CURVE ('', #402, #466, #474, .T.);
#476 = ORIENTED_EDGE ('', *, *, #475, .F.);
#477 = EDGE_LOOP ('', (#409, #416, #423, #428, #429, #436, #443, #450, #457, #464, #471, #476));
#478 = FACE_OUTER_BOUND ('', #477, .T.);
#479 = CARTESIAN_POINT ('', (1.00499999999988, 139.999999999968, 4.52942497472077));
#480 = CARTESIAN_POINT ('', (142.864999999998, 139.999999999968, 4.52942497472077));
#481 = CARTESIAN_POINT ('', (1.00499999999988, 139.999999999968, -2.19019925136189));
#482 = CARTESIAN_POINT ('', (142.864999999998, 139.999999999968, -2.19019925136189));
#483 = B_SPLINE_SURFACE_WITH_KNOTS ('', 1, 1, ((#479, #480), (#481, #482)), .UNSPECIFIED., .F., .F., .U., (2, 2), (2, 2), (0., 1.), (0., 1.), .UNSPECIFIED.);
#484 = ADVANCED_FACE ('', (#478), #483, .T.);
#485 = CARTESIAN_POINT ('', (142.864999999998, 138.799999999968, -3.39019925136189));
#486 = VERTEX_POINT ('', #485);
#487 = CARTESIAN_POINT ('', (142.864999999998, 139.999999999968, -2.19019925136186));
#488 = CARTESIAN_POINT ('', (142.864999999998, 138.799999999968, -3.39019925136189));
#489 = B_SPLINE_CURVE_WITH_KNOTS ('', 1, (#487, #488), .UNSPECIFIED., .F., .U., (2, 2), (0., 1.), .UNSPECIFIED.);
#490 = EDGE_CURVE ('', #411, #486, #489, .T.);
#491 = ORIENTED_EDGE ('', *, *, #490, .F.);
#492 = ORIENTED_EDGE ('', *, *, #415, .F.);
#493 = CARTESIAN_POINT ('', (1.00499999999998, 138.799999999968, -3.39019925136189));
#494 = VERTEX_POINT ('', #493);
#495 = CARTESIAN_POINT ('', (1.00499999999998, 138.799999999968, -3.39019925136189));
#496 = CARTESIAN_POINT ('', (1.00499999999998, 139.999999999968, -2.19019925136188));
#497 = B_SPLINE_CURVE_WITH_KNOTS ('', 1, (#495, #496), .UNSPECIFIED., .F., .U., (2, 2), (0., 1.), .UNSPECIFIED.);
#498 = EDGE_CURVE ('', #494, #404, #497, .T.);
#499 = ORIENTED_EDGE ('', *, *, #498, .F.);
#500 = CARTESIAN_POINT ('', (1.00499999999998, 138.799999999968, -3.39019925136189));
#501 = CARTESIAN_POINT ('', (142.864999999998, 138.799999999968, -3.39019925136189));
#502 = B_SPLINE_CURVE_WITH_KNOTS ('', 1, (#500, #501), .UNSPECIFIED., .F., .U., (2, 2), (0., 1.), .UNSPECIFIED.);
#503 = EDGE_CURVE ('', #494, #486, #502, .T.);
#504 = ORIENTED_EDGE ('', *, *, #503, .T.);
#505 = EDGE_LOOP ('', (#491, #492, #499, #504));
#506 = FACE_OUTER_BOUND ('', #505, .T.);
#507 = CARTESIAN_POINT ('', (1.00499999999998, 138.799999999968, -3.39019925136189));
#508 = CARTESIAN_POINT ('', (1.00499999999998, 139.999999999968, -2.19019925136188));
#509 = CARTESIAN_POINT ('', (142.864999999998, 138.799999999968, -3.39019925136189));
#510 = CARTESIAN_POINT ('', (142.864999999998, 139.999999999968, -2.19019925136188));
#511 = B_SPLINE_SURFACE_WITH_KNOTS ('', 1, 1, ((#507, #508), (#509, #510)), .UNSPECIFIED., .F., .F., .U., (2, 2), (2, 2), (0., 1.), (0., 1.), .UNSPECIFIED.);
#512 = ADVANCED_FACE ('', (#506), #511, .T.);
#513 = ORIENTED_EDGE ('', *, *, #498, .T.);
#514 = CARTESIAN_POINT ('', (-1.99500000000002, 136.999999999968, -2.19019925136189));
#515 = VERTEX_POINT ('', #514);
#516 = CARTESIAN_POINT ('', (-1.99500000000002, 136.999999999968, -2.19019925136189));
#517 = CARTESIAN_POINT ('', (-1.99500000000002, 138.757359312849, -2.19019925136189));
#518 = CARTESIAN_POINT ('', (-0.752359312880734, 139.999999999968, -2.19019925136189));
#519 = CARTESIAN_POINT ('', (1.00499999999998, 139.999999999968, -2.19019925136189));
#520 = (
   BOUNDED_CURVE ()
   B_SPLINE_CURVE (3, (#516, #517, #518, #519), .UNSPECIFIED., .F., .U.)
   B_SPLINE_CURVE_WITH_KNOTS ((4, 4), (0., 1.), .UNSPECIFIED.)
   CURVE ()
   GEOMETRIC_REPRESENTATION_ITEM ()
   RATIONAL_B_SPLINE_CURVE ((1., 0.804737854124365, 0.804737854124365, 1.))
   REPRESENTATION_ITEM ('')
);
#521 = EDGE_CURVE ('', #515, #404, #520, .T.);
#522 = ORIENTED_EDGE ('', *, *, #521, .F.);
#523 = CARTESIAN_POINT ('', (-0.795000000000014, 136.999999999968, -3.39019925136189));
#524 = VERTEX_POINT ('', #523);
#525 = CARTESIAN_POINT ('', (-1.99500000000003, 136.999999999968, -2.19019925136188));
#526 = CARTESIAN_POINT ('', (-0.795000000000014, 136.999999999968, -3.39019925136189));
#527 = B_SPLINE_CURVE_WITH_KNOTS ('', 1, (#525, #526), .UNSPECIFIED., .F., .U., (2, 2), (0., 1.), .UNSPECIFIED.);
#528 = EDGE_CURVE ('', #515, #524, #527, .T.);
#529 = ORIENTED_EDGE ('', *, *, #528, .T.);
#530 = CARTESIAN_POINT ('', (1.00499999999998, 138.799999999968, -3.39019925136189));
#531 = CARTESIAN_POINT ('', (0.766305159144401, 138.799999999968, -3.39019925136189));
#532 = CARTESIAN_POINT ('', (0.536695099725359, 138.754327719475, -3.39019925136189));
#533 = CARTESIAN_POINT ('', (0.31616982174282, 138.662983158488, -3.39019925136189));
#534 = CARTESIAN_POINT ('', (0.0956445437602812, 138.571638597502, -3.39019925136189));
#535 = CARTESIAN_POINT ('', (-0.099009465532581, 138.441574946707, -3.39019925136189));
#536 = CARTESIAN_POINT ('', (-0.267792206135804, 138.272792206104, -3.39019925136189));
#537 = CARTESIAN_POINT ('', (-0.436574946739027, 138.104009465501, -3.39019925136189));
#538 = CARTESIAN_POINT ('', (-0.566638597533879, 137.909355456208, -3.39019925136189));
#539 = CARTESIAN_POINT ('', (-0.657983158520335, 137.688830178225, -3.39019925136189));
#540 = CARTESIAN_POINT ('', (-0.749327719506791, 137.468304900243, -3.39019925136189));
#541 = CARTESIAN_POINT ('', (-0.795000000000019, 137.238694840824, -3.39019925136189));
#542 = CARTESIAN_POINT ('', (-0.795000000000019, 136.999999999968, -3.39019925136189));
#543 = B_SPLINE_CURVE_WITH_KNOTS ('', 3, (#530, #531, #532, #533, #534, #535, #536, #537, #538, #539, #540, #541, #542), .UNSPECIFIED., .F., .U., (4, 3, 3, 3, 4), (0., 0.25, 0.5, 0.75, 1.), .UNSPECIFIED.);
#544 = EDGE_CURVE ('', #494, #524, #543, .T.);
#545 = ORIENTED_EDGE ('', *, *, #544, .F.);
#546 = EDGE_LOOP ('', (#513, #522, #529, #545));
#547 = FACE_OUTER_BOUND ('', #546, .T.);
#548 = CARTESIAN_POINT ('', (1.00499999999998, 138.799999999968, -3.39019925136189));
#549 = CARTESIAN_POINT ('', (-0.0494155877284449, 138.799999999968, -3.39019925136189));
#550 = CARTESIAN_POINT ('', (-0.795000000000015, 138.054415587697, -3.39019925136189));
#551 = CARTESIAN_POINT ('', (-0.795000000000014, 136.999999999968, -3.39019925136189));
#552 = CARTESIAN_POINT ('', (1.00499999999998, 140.119999999968, -2.07019925136187));
#553 = CARTESIAN_POINT ('', (-0.82265368539597, 140.119999999968, -2.07019925136187));
#554 = CARTESIAN_POINT ('', (-2.11500000000003, 138.827653685364, -2.07019925136187));
#555 = CARTESIAN_POINT ('', (-2.11500000000003, 136.999999999968, -2.07019925136187));
#556 = (
   BOUNDED_SURFACE ()
   B_SPLINE_SURFACE (1, 3, ((#548, #549, #550, #551), (#552, #553, #554, #555)), .UNSPECIFIED., .F., .F., .U.)
   B_SPLINE_SURFACE_WITH_KNOTS ((2, 2), (4, 4), (0., 1.), (0., 1.), .UNSPECIFIED.)
   GEOMETRIC_REPRESENTATION_ITEM ()
   RATIONAL_B_SPLINE_SURFACE (((1., 0.804737854124365, 0.804737854124365, 1.), (1., 0.804737854124365, 0.804737854124365, 1.)))
   REPRESENTATION_ITEM ('')
   SURFACE ()
);
#557 = ADVANCED_FACE ('', (#547), #556, .T.);
#558 = CARTESIAN_POINT ('', (-1.99500000000045, 136.999999999968, 4.52942497472077));
#559 = VERTEX_POINT ('', #558);
#560 = CARTESIAN_POINT ('', (-1.99500000000002, 136.999999999968, 4.52942497472077));
#561 = CARTESIAN_POINT ('', (-1.99500000000002, 136.999999999968, -2.19019925136189));
#562 = B_SPLINE_CURVE_WITH_KNOTS ('', 1, (#560, #561), .UNSPECIFIED., .F., .U., (2, 2), (0., 1.), .UNSPECIFIED.);
#563 = EDGE_CURVE ('', #559, #515, #562, .T.);
#564 = ORIENTED_EDGE ('', *, *, #563, .T.);
#565 = ORIENTED_EDGE ('', *, *, #521, .T.);
#566 = ORIENTED_EDGE ('', *, *, #408, .F.);
#567 = CARTESIAN_POINT ('', (-1.99500000000015, 136.999999999968, 4.52942497472077));
#568 = CARTESIAN_POINT ('', (-1.99500000000015, 137.397824734728, 4.52942497472077));
#569 = CARTESIAN_POINT ('', (-1.91887953251141, 137.780508167093, 4.52942497472077));
#570 = CARTESIAN_POINT ('', (-1.76663859753399, 138.148050297063, 4.52942497472077));
#571 = CARTESIAN_POINT ('', (-1.61439766255657, 138.515592427034, 4.52942497472077));
#572 = CARTESIAN_POINT ('', (-1.39762491123183, 138.840015775856, 4.52942497472077));
#573 = CARTESIAN_POINT ('', (-1.11632034355976, 139.121320343528, 4.52942497472077));
#574 = CARTESIAN_POINT ('', (-0.835015775887701, 139.4026249112, 4.52942497472077));
#575 = CARTESIAN_POINT ('', (-0.510592427066251, 139.619397662525, 4.52942497472077));
#576 = CARTESIAN_POINT ('', (-0.143050297095395, 139.771638597502, 4.52942497472077));
#577 = CARTESIAN_POINT ('', (0.224491832875461, 139.923879532479, 4.52942497472077));
#578 = CARTESIAN_POINT ('', (0.607175265240547, 139.999999999968, 4.52942497472077));
#579 = CARTESIAN_POINT ('', (1.00499999999986, 139.999999999968, 4.52942497472077));
#580 = B_SPLINE_CURVE_WITH_KNOTS ('', 3, (#567, #568, #569, #570, #571, #572, #573, #574, #575, #576, #577, #578, #579), .UNSPECIFIED., .F., .U., (4, 3, 3, 3, 4), (0., 0.25, 0.5, 0.75, 1.), .UNSPECIFIED.);
#581 = EDGE_CURVE ('', #559, #402, #580, .T.);
#582 = ORIENTED_EDGE ('', *, *, #581, .F.);
#583 = EDGE_LOOP ('', (#564, #565, #566, #582));
#584 = FACE_OUTER_BOUND ('', #583, .T.);
#585 = CARTESIAN_POINT ('', (1.00499999999998, 139.999999999968, 5.20138739732904));
#586 = CARTESIAN_POINT ('', (1.00499999999998, 139.999999999968, -2.86216167397015));
#587 = CARTESIAN_POINT ('', (-0.752359312880734, 139.999999999968, 5.20138739732904));
#588 = CARTESIAN_POINT ('', (-0.752359312880734, 139.999999999968, -2.86216167397015));
#589 = CARTESIAN_POINT ('', (-1.99500000000002, 138.757359312849, 5.20138739732904));
#590 = CARTESIAN_POINT ('', (-1.99500000000002, 138.757359312849, -2.86216167397015));
#591 = CARTESIAN_POINT ('', (-1.99500000000002, 136.999999999968, 5.20138739732904));
#592 = CARTESIAN_POINT ('', (-1.99500000000002, 136.999999999968, -2.86216167397015));
#593 = (
   BOUNDED_SURFACE ()
   B_SPLINE_SURFACE (3, 1, ((#585, #586), (#587, #588), (#589, #590), (#591, #592)), .UNSPECIFIED., .F., .F., .U.)
   B_SPLINE_SURFACE_WITH_KNOTS ((4, 4), (2, 2), (0., 1.), (0., 1.), .UNSPECIFIED.)
   GEOMETRIC_REPRESENTATION_ITEM ()
   RATIONAL_B_SPLINE_SURFACE (((1., 1.), (0.804737854124365, 0.804737854124365), (0.804737854124365, 0.804737854124365), (1., 1.)))
   REPRESENTATION_ITEM ('')
   SURFACE ()
);
#594 = ADVANCED_FACE ('', (#584), #593, .T.);
#595 = CARTESIAN_POINT ('', (24.1149999999988, 140.999999999968, 4.52942497472077));
#596 = VERTEX_POINT ('', #595);
#597 = CARTESIAN_POINT ('', (23.1149999999988, 139.999999999968, 4.52942497472077));
#598 = CARTESIAN_POINT ('', (23.2476082449186, 139.999999999968, 4.52942497472077));
#599 = CARTESIAN_POINT ('', (23.3751693890402, 140.025373489131, 4.52942497472077));
#600 = CARTESIAN_POINT ('', (23.4976834323639, 140.076120467457, 4.52942497472077));
#601 = CARTESIAN_POINT ('', (23.6201974756875, 140.126867445783, 4.52942497472077));
#602 = CARTESIAN_POINT ('', (23.7283385919613, 140.199125029558, 4.52942497472077));
#603 = CARTESIAN_POINT ('', (23.8221067811853, 140.292893218782, 4.52942497472077));
#604 = CARTESIAN_POINT ('', (23.9158749704093, 140.386661408006, 4.52942497472077));
#605 = CARTESIAN_POINT ('', (23.9881325541842, 140.494802524279, 4.52942497472077));
#606 = CARTESIAN_POINT ('', (24.0388795325101, 140.617316567603, 4.52942497472077));
#607 = CARTESIAN_POINT ('', (24.0896265108359, 140.739830610927, 4.52942497472077));
#608 = CARTESIAN_POINT ('', (24.1149999999988, 140.867391755048, 4.52942497472077));
#609 = CARTESIAN_POINT ('', (24.1149999999988, 140.999999999968, 4.52942497472077));
#610 = B_SPLINE_CURVE_WITH_KNOTS ('', 3, (#597, #598, #599, #600, #601, #602, #603, #604, #605, #606, #607, #608, #609), .UNSPECIFIED., .F., .U., (4, 3, 3, 3, 4), (0., 0.25, 0.5, 0.75, 1.), .UNSPECIFIED.);
#611 = EDGE_CURVE ('', #466, #596, #610, .T.);
#612 = ORIENTED_EDGE ('', *, *, #611, .T.);
#613 = CARTESIAN_POINT ('', (24.1149999999988, 143.49999999997, 4.52942497472077));
#614 = VERTEX_POINT ('', #613);
#615 = CARTESIAN_POINT ('', (24.1149999999988, 143.49999999997, 4.52942497472077));
#616 = CARTESIAN_POINT ('', (24.1149999999988, 140.999999999968, 4.52942497472077));
#617 = B_SPLINE_CURVE_WITH_KNOTS ('', 1, (#615, #616), .UNSPECIFIED., .F., .U., (2, 2), (0., 1.), .UNSPECIFIED.);
#618 = EDGE_CURVE ('', #614, #596, #617, .T.);
#619 = ORIENTED_EDGE ('', *, *, #618, .F.);
#620 = CARTESIAN_POINT ('', (23.1149999999987, 144.499999999969, 4.52942497472077));
#621 = VERTEX_POINT ('', #620);
#622 = CARTESIAN_POINT ('', (24.1149999999988, 143.49999999997, 4.52942497472077));
#623 = CARTESIAN_POINT ('', (24.1149999999988, 143.63260824489, 4.52942497472077));
#624 = CARTESIAN_POINT ('', (24.0896265108359, 143.760169389012, 4.52942497472077));
#625 = CARTESIAN_POINT ('', (24.0388795325101, 143.882683432336, 4.52942497472077));
#626 = CARTESIAN_POINT ('', (23.9881325541843, 144.005197475659, 4.52942497472077));
#627 = CARTESIAN_POINT ('', (23.9158749704094, 144.113338591933, 4.52942497472077));
#628 = CARTESIAN_POINT ('', (23.8221067811853, 144.207106781157, 4.52942497472077));
#629 = CARTESIAN_POINT ('', (23.7283385919613, 144.300874970381, 4.52942497472077));
#630 = CARTESIAN_POINT ('', (23.6201974756874, 144.373132554156, 4.52942497472077));
#631 = CARTESIAN_POINT ('', (23.4976834323638, 144.423879532482, 4.52942497472077));
#632 = CARTESIAN_POINT ('', (23.3751693890403, 144.474626510808, 4.52942497472077));
#633 = CARTESIAN_POINT ('', (23.2476082449186, 144.49999999997, 4.52942497472077));
#634 = CARTESIAN_POINT ('', (23.1149999999987, 144.49999999997, 4.52942497472077));
#635 = B_SPLINE_CURVE_WITH_KNOTS ('', 3, (#622, #623, #624, #625, #626, #627, #628, #629, #630, #631, #632, #633, #634), .UNSPECIFIED., .F., .U., (4, 3, 3, 3, 4), (0., 0.25, 0.5, 0.75, 1.), .UNSPECIFIED.);
#636 = EDGE_CURVE ('', #614, #621, #635, .T.);
#637 = ORIENTED_EDGE ('', *, *, #636, .T.);
#638 = CARTESIAN_POINT ('', (-3.49500000000039, 144.499999999968, 4.52942497472077));
#639 = VERTEX_POINT ('', #638);
#640 = CARTESIAN_POINT ('', (-3.49500000000037, 144.499999999968, 4.52942497472077));
#641 = CARTESIAN_POINT ('', (23.1149999999987, 144.499999999969, 4.52942497472077));
#642 = B_SPLINE_CURVE_WITH_KNOTS ('', 1, (#640, #641), .UNSPECIFIED., .F., .U., (2, 2), (0., 1.), .UNSPECIFIED.);
#643 = EDGE_CURVE ('', #639, #621, #642, .T.);
#644 = ORIENTED_EDGE ('', *, *, #643, .F.);
#645 = CARTESIAN_POINT ('', (-6.49500000000082, 141.499999999968, 4.52942497472077));
#646 = VERTEX_POINT ('', #645);
#647 = CARTESIAN_POINT ('', (-3.49500000000039, 144.49999999997, 4.52942497472077));
#648 = CARTESIAN_POINT ('', (-3.89282473475627, 144.49999999997, 4.52942497472077));
#649 = CARTESIAN_POINT ('', (-4.27550816712477, 144.42387953248, 4.52942497472077));
#650 = CARTESIAN_POINT ('', (-4.64305029709558, 144.271638597502, 4.52942497472077));
#651 = CARTESIAN_POINT ('', (-5.0105924270664, 144.119397662525, 4.52942497472077));
#652 = CARTESIAN_POINT ('', (-5.33501577588783, 143.9026249112, 4.52942497472077));
#653 = CARTESIAN_POINT ('', (-5.61632034355988, 143.621320343528, 4.52942497472077));
#654 = CARTESIAN_POINT ('', (-5.89762491123193, 143.340015775856, 4.52942497472077));
#655 = CARTESIAN_POINT ('', (-6.1143976625562, 143.015592427036, 4.52942497472077));
#656 = CARTESIAN_POINT ('', (-6.26663859753404, 142.648050297064, 4.52942497472077));
#657 = CARTESIAN_POINT ('', (-6.41887953251189, 142.280508167092, 4.52942497472077));
#658 = CARTESIAN_POINT ('', (-6.49500000000082, 141.897824734727, 4.52942497472077));
#659 = CARTESIAN_POINT ('', (-6.49500000000082, 141.499999999968, 4.52942497472077));
#660 = B_SPLINE_CURVE_WITH_KNOTS ('', 3, (#647, #648, #649, #650, #651, #652, #653, #654, #655, #656, #657, #658, #659), .UNSPECIFIED., .F., .U., (4, 3, 3, 3, 4), (0., 0.25, 0.5, 0.75, 1.), .UNSPECIFIED.);
#661 = EDGE_CURVE ('', #639, #646, #660, .T.);
#662 = ORIENTED_EDGE ('', *, *, #661, .T.);
#663 = CARTESIAN_POINT ('', (-6.49500000000082, 120.499999999996, 4.52942497472077));
#664 = VERTEX_POINT ('', #663);
#665 = CARTESIAN_POINT ('', (-6.49500000000082, 141.499999999968, 4.52942497472077));
#666 = CARTESIAN_POINT ('', (-6.49500000000082, 120.499999999996, 4.52942497472077));
#667 = B_SPLINE_CURVE_WITH_KNOTS ('', 1, (#665, #666), .UNSPECIFIED., .F., .U., (2, 2), (0., 1.), .UNSPECIFIED.);
#668 = EDGE_CURVE ('', #646, #664, #667, .T.);
#669 = ORIENTED_EDGE ('', *, *, #668, .T.);
#670 = CARTESIAN_POINT ('', (-5.4950000000008, 119.499999999996, 4.52942497472077));
#671 = VERTEX_POINT ('', #670);
#672 = CARTESIAN_POINT ('', (-6.49500000000082, 120.499999999996, 4.52942497472077));
#673 = CARTESIAN_POINT ('', (-6.49500000000082, 120.367391755077, 4.52942497472077));
#674 = CARTESIAN_POINT ('', (-6.46962651083791, 120.239830610955, 4.52942497472077));
#675 = CARTESIAN_POINT ('', (-6.4188795325121, 120.117316567631, 4.52942497472077));
#676 = CARTESIAN_POINT ('', (-6.36813255418629, 119.994802524308, 4.52942497472077));
#677 = CARTESIAN_POINT ('', (-6.29587497041141, 119.886661408034, 4.52942497472077));
#678 = CARTESIAN_POINT ('', (-6.20210678118735, 119.79289321881, 4.52942497472077));
#679 = CARTESIAN_POINT ('', (-6.10833859196329, 119.699125029586, 4.52942497472077));
#680 = CARTESIAN_POINT ('', (-6.00019747568951, 119.626867445811, 4.52942497472077));
#681 = CARTESIAN_POINT ('', (-5.87768343236589, 119.576120467485, 4.52942497472077));
#682 = CARTESIAN_POINT ('', (-5.75516938904226, 119.525373489159, 4.52942497472077));
#683 = CARTESIAN_POINT ('', (-5.62760824492057, 119.499999999996, 4.52942497472077));
#684 = CARTESIAN_POINT ('', (-5.49500000000079, 119.499999999996, 4.52942497472077));
#685 = B_SPLINE_CURVE_WITH_KNOTS ('', 3, (#672, #673, #674, #675, #676, #677, #678, #679, #680, #681, #682, #683, #684), .UNSPECIFIED., .F., .U., (4, 3, 3, 3, 4), (0., 0.25, 0.5, 0.75, 1.), .UNSPECIFIED.);
#686 = EDGE_CURVE ('', #664, #671, #685, .T.);
#687 = ORIENTED_EDGE ('', *, *, #686, .T.);
#688 = CARTESIAN_POINT ('', (-2.99500000000045, 119.499999999996, 4.52942497472077));
#689 = VERTEX_POINT ('', #688);
#690 = CARTESIAN_POINT ('', (-2.99500000000045, 119.499999999996, 4.52942497472077));
#691 = CARTESIAN_POINT ('', (-5.4950000000008, 119.499999999996, 4.52942497472077));
#692 = B_SPLINE_CURVE_WITH_KNOTS ('', 1, (#690, #691), .UNSPECIFIED., .F., .U., (2, 2), (0., 1.), .UNSPECIFIED.);
#693 = EDGE_CURVE ('', #689, #671, #692, .T.);
#694 = ORIENTED_EDGE ('', *, *, #693, .F.);
#695 = CARTESIAN_POINT ('', (-1.99500000000045, 120.499999999996, 4.52942497472077));
#696 = VERTEX_POINT ('', #695);
#697 = CARTESIAN_POINT ('', (-2.99500000000045, 119.499999999996, 4.52942497472077));
#698 = CARTESIAN_POINT ('', (-2.86239175508072, 119.499999999996, 4.52942497472077));
#699 = CARTESIAN_POINT ('', (-2.73483061095898, 119.525373489159, 4.52942497472077));
#700 = CARTESIAN_POINT ('', (-2.61231656763536, 119.576120467485, 4.52942497472077));
#701 = CARTESIAN_POINT ('', (-2.48980252431173, 119.626867445811, 4.52942497472077));
#702 = CARTESIAN_POINT ('', (-2.38166140803792, 119.699125029586, 4.52942497472077));
#703 = CARTESIAN_POINT ('', (-2.2878932188139, 119.79289321881, 4.52942497472077));
#704 = CARTESIAN_POINT ('', (-2.19412502958988, 119.886661408034, 4.52942497472077));
#705 = CARTESIAN_POINT ('', (-2.12186744581497, 119.994802524308, 4.52942497472077));
#706 = CARTESIAN_POINT ('', (-2.07112046748916, 120.117316567631, 4.52942497472077));
#707 = CARTESIAN_POINT ('', (-2.02037348916335, 120.239830610955, 4.52942497472077));
#708 = CARTESIAN_POINT ('', (-1.99500000000045, 120.367391755077, 4.52942497472077));
#709 = CARTESIAN_POINT ('', (-1.99500000000045, 120.499999999996, 4.52942497472077));
#710 = B_SPLINE_CURVE_WITH_KNOTS ('', 3, (#697, #698, #699, #700, #701, #702, #703, #704, #705, #706, #707, #708, #709), .UNSPECIFIED., .F., .U., (4, 3, 3, 3, 4), (0., 0.25, 0.5, 0.75, 1.), .UNSPECIFIED.);
#711 = EDGE_CURVE ('', #689, #696, #710, .T.);
#712 = ORIENTED_EDGE ('', *, *, #711, .T.);
#713 = CARTESIAN_POINT ('', (-1.99500000000045, 120.499999999996, 4.52942497472077));
#714 = CARTESIAN_POINT ('', (-1.99500000000045, 136.999999999968, 4.52942497472077));
#715 = B_SPLINE_CURVE_WITH_KNOTS ('', 1, (#713, #714), .UNSPECIFIED., .F., .U., (2, 2), (0., 1.), .UNSPECIFIED.);
#716 = EDGE_CURVE ('', #696, #559, #715, .T.);
#717 = ORIENTED_EDGE ('', *, *, #716, .T.);
#718 = ORIENTED_EDGE ('', *, *, #581, .T.);
#719 = ORIENTED_EDGE ('', *, *, #475, .T.);
#720 = EDGE_LOOP ('', (#612, #619, #637, #644, #662, #669, #687, #694, #712, #717, #718, #719));
#721 = FACE_OUTER_BOUND ('', #720, .T.);
#722 = CARTESIAN_POINT ('', (20.0649999999988, 142.249999999969, 4.52942497472077));
#723 = VERTEX_POINT ('', #722);
#724 = CARTESIAN_POINT ('', (20.0649999999988, 142.249999999969, 4.52942497472077));
#725 = CARTESIAN_POINT ('', (20.0649999999988, 142.389238657135, 4.52942497472077));
#726 = CARTESIAN_POINT ('', (20.0916421636198, 142.523177858463, 4.52942497472077));
#727 = CARTESIAN_POINT ('', (20.1449264908619, 142.651817603953, 4.52942497472077));
#728 = CARTESIAN_POINT ('', (20.198210818104, 142.780457349442, 4.52942497472077));
#729 = CARTESIAN_POINT ('', (20.2740812810677, 142.89400552153, 4.52942497472077));
#730 = CARTESIAN_POINT ('', (20.3725378797529, 142.992462120215, 4.52942497472077));
#731 = CARTESIAN_POINT ('', (20.4709944784381, 143.0909187189, 4.52942497472077));
#732 = CARTESIAN_POINT ('', (20.5845426505256, 143.166789181864, 4.52942497472077));
#733 = CARTESIAN_POINT ('', (20.7131823960154, 143.220073509106, 4.52942497472077));
#734 = CARTESIAN_POINT ('', (20.8418221415052, 143.273357836348, 4.52942497472077));
#735 = CARTESIAN_POINT ('', (20.975761342833, 143.299999999969, 4.52942497472077));
#736 = CARTESIAN_POINT ('', (21.1149999999988, 143.299999999969, 4.52942497472077));
#737 = CARTESIAN_POINT ('', (21.2542386571645, 143.299999999969, 4.52942497472077));
#738 = CARTESIAN_POINT ('', (21.3881778584923, 143.273357836348, 4.52942497472077));
#739 = CARTESIAN_POINT ('', (21.5168176039821, 143.220073509106, 4.52942497472077));
#740 = CARTESIAN_POINT ('', (21.6454573494719, 143.166789181864, 4.52942497472077));
#741 = CARTESIAN_POINT ('', (21.7590055215594, 143.0909187189, 4.52942497472077));
#742 = CARTESIAN_POINT ('', (21.8574621202447, 142.992462120215, 4.52942497472077));
#743 = CARTESIAN_POINT ('', (21.9559187189299, 142.89400552153, 4.52942497472077));
#744 = CARTESIAN_POINT ('', (22.0317891818935, 142.780457349443, 4.52942497472077));
#745 = CARTESIAN_POINT ('', (22.0850735091356, 142.651817603953, 4.52942497472077));
#746 = CARTESIAN_POINT ('', (22.1383578363777, 142.523177858463, 4.52942497472077));
#747 = CARTESIAN_POINT ('', (22.1649999999988, 142.389238657135, 4.52942497472077));
#748 = CARTESIAN_POINT ('', (22.1649999999988, 142.249999999969, 4.52942497472077));
#749 = CARTESIAN_POINT ('', (22.1649999999988, 142.110761342804, 4.52942497472077));
#750 = CARTESIAN_POINT ('', (22.1383578363777, 141.976822141476, 4.52942497472077));
#751 = CARTESIAN_POINT ('', (22.0850735091356, 141.848182395986, 4.52942497472077));
#752 = CARTESIAN_POINT ('', (22.0317891818935, 141.719542650496, 4.52942497472077));
#753 = CARTESIAN_POINT ('', (21.9559187189299, 141.605994478409, 4.52942497472077));
#754 = CARTESIAN_POINT ('', (21.8574621202447, 141.507537879723, 4.52942497472077));
#755 = CARTESIAN_POINT ('', (21.7590055215594, 141.409081281038, 4.52942497472077));
#756 = CARTESIAN_POINT ('', (21.6454573494719, 141.333210818075, 4.52942497472077));
#757 = CARTESIAN_POINT ('', (21.5168176039821, 141.279926490833, 4.52942497472077));
#758 = CARTESIAN_POINT ('', (21.3881778584923, 141.22664216359, 4.52942497472077));
#759 = CARTESIAN_POINT ('', (21.2542386571645, 141.199999999969, 4.52942497472077));
#760 = CARTESIAN_POINT ('', (21.1149999999988, 141.199999999969, 4.52942497472077));
#761 = CARTESIAN_POINT ('', (20.975761342833, 141.199999999969, 4.52942497472077));
#762 = CARTESIAN_POINT ('', (20.8418221415052, 141.22664216359, 4.52942497472077));
#763 = CARTESIAN_POINT ('', (20.7131823960154, 141.279926490832, 4.52942497472077));
#764 = CARTESIAN_POINT ('', (20.5845426505256, 141.333210818075, 4.52942497472077));
#765 = CARTESIAN_POINT ('', (20.4709944784381, 141.409081281038, 4.52942497472077));
#766 = CARTESIAN_POINT ('', (20.3725378797529, 141.507537879723, 4.52942497472077));
#767 = CARTESIAN_POINT ('', (20.2740812810677, 141.605994478409, 4.52942497472077));
#768 = CARTESIAN_POINT ('', (20.198210818104, 141.719542650496, 4.52942497472077));
#769 = CARTESIAN_POINT ('', (20.1449264908619, 141.848182395986, 4.52942497472077));
#770 = CARTESIAN_POINT ('', (20.0916421636198, 141.976822141476, 4.52942497472077));
#771 = CARTESIAN_POINT ('', (20.0649999999988, 142.110761342804, 4.52942497472077));
#772 = CARTESIAN_POINT ('', (20.0649999999988, 142.249999999969, 4.52942497472077));
#773 = B_SPLINE_CURVE_WITH_KNOTS ('', 3, (#724, #725, #726, #727, #728, #729, #730, #731, #732, #733, #734, #735, #736, #737, #738, #739, #740, #741, #742, #743, #744, #745, #746, #747, #748, #749, #750, #751, #752, #753, #754, #755, #756, #757, #758, #759, #760, #761, #762, #763, #764, #765, #766, #767, #768, #769, #770, #771, #772), .UNSPECIFIED., .T., .U., (4, 3, 3, 3, 3, 3, 3, 3, 3, 3, 3, 3, 3, 3, 3, 3, 4), (0., 0.0625, 0.125, 0.1875, 0.25, 0.3125, 0.375, 0.4375, 0.5, 0.5625, 0.625, 0.6875, 0.75, 0.8125, 0.875, 0.9375, 1.), .UNSPECIFIED.);
#774 = EDGE_CURVE ('', #723, #723, #773, .T.);
#775 = ORIENTED_EDGE ('', *, *, #774, .T.);
#776 = EDGE_LOOP ('', (#775));
#777 = FACE_BOUND ('', #776, .T.);
#778 = CARTESIAN_POINT ('', (-5.41632034355969, 141.371320343528, 4.52942497472077));
#779 = VERTEX_POINT ('', #778);
#780 = CARTESIAN_POINT ('', (-5.41632034355969, 141.371320343528, 4.52942497472077));
#781 = CARTESIAN_POINT ('', (-5.41632034355969, 141.643167245613, 4.52942497472077));
#782 = CARTESIAN_POINT ('', (-5.36430469077573, 141.904667591063, 4.52942497472077));
#783 = CARTESIAN_POINT ('', (-5.26027338520782, 142.155821379876, 4.52942497472077));
#784 = CARTESIAN_POINT ('', (-5.15624207963992, 142.40697516869, 4.52942497472077));
#785 = CARTESIAN_POINT ('', (-5.00811403290134, 142.628664457051, 4.52942497472077));
#786 = CARTESIAN_POINT ('', (-4.8158892449921, 142.82088924496, 4.52942497472077));
#787 = CARTESIAN_POINT ('', (-4.62366445708287, 143.013114032869, 4.52942497472077));
#788 = CARTESIAN_POINT ('', (-4.40197516872152, 143.161242079608, 4.52942497472077));
#789 = CARTESIAN_POINT ('', (-4.15082137990811, 143.265273385176, 4.52942497472077));
#790 = CARTESIAN_POINT ('', (-3.89966759109471, 143.369304690744, 4.52942497472077));
#791 = CARTESIAN_POINT ('', (-3.63816724564523, 143.421320343528, 4.52942497472077));
#792 = CARTESIAN_POINT ('', (-3.36632034355968, 143.421320343528, 4.52942497472077));
#793 = CARTESIAN_POINT ('', (-3.09447344147412, 143.421320343528, 4.52942497472077));
#794 = CARTESIAN_POINT ('', (-2.83297309602464, 143.369304690744, 4.52942497472077));
#795 = CARTESIAN_POINT ('', (-2.58181930721124, 143.265273385176, 4.52942497472077));
#796 = CARTESIAN_POINT ('', (-2.33066551839783, 143.161242079608, 4.52942497472077));
#797 = CARTESIAN_POINT ('', (-2.10897623003649, 143.013114032869, 4.52942497472077));
#798 = CARTESIAN_POINT ('', (-1.91675144212725, 142.82088924496, 4.52942497472077));
#799 = CARTESIAN_POINT ('', (-1.724526654218, 142.628664457051, 4.52942497472077));
#800 = CARTESIAN_POINT ('', (-1.57639860747944, 142.40697516869, 4.52942497472077));
#801 = CARTESIAN_POINT ('', (-1.47236730191153, 142.155821379876, 4.52942497472077));
#802 = CARTESIAN_POINT ('', (-1.36833599634362, 141.904667591063, 4.52942497472077));
#803 = CARTESIAN_POINT ('', (-1.31632034355966, 141.643167245613, 4.52942497472077));
#804 = CARTESIAN_POINT ('', (-1.31632034355966, 141.371320343528, 4.52942497472077));
#805 = CARTESIAN_POINT ('', (-1.31632034355966, 141.099473441442, 4.52942497472077));
#806 = CARTESIAN_POINT ('', (-1.36833599634362, 140.837973095993, 4.52942497472077));
#807 = CARTESIAN_POINT ('', (-1.47236730191153, 140.586819307179, 4.52942497472077));
#808 = CARTESIAN_POINT ('', (-1.57639860747944, 140.335665518366, 4.52942497472077));
#809 = CARTESIAN_POINT ('', (-1.72452665421801, 140.113976230005, 4.52942497472077));
#810 = CARTESIAN_POINT ('', (-1.91675144212725, 139.921751442095, 4.52942497472077));
#811 = CARTESIAN_POINT ('', (-2.10897623003648, 139.729526654186, 4.52942497472077));
#812 = CARTESIAN_POINT ('', (-2.33066551839783, 139.581398607448, 4.52942497472077));
#813 = CARTESIAN_POINT ('', (-2.58181930721124, 139.47736730188, 4.52942497472077));
#814 = CARTESIAN_POINT ('', (-2.83297309602464, 139.373335996312, 4.52942497472077));
#815 = CARTESIAN_POINT ('', (-3.09447344147412, 139.321320343528, 4.52942497472077));
#816 = CARTESIAN_POINT ('', (-3.36632034355968, 139.321320343528, 4.52942497472077));
#817 = CARTESIAN_POINT ('', (-3.63816724564523, 139.321320343528, 4.52942497472077));
#818 = CARTESIAN_POINT ('', (-3.89966759109469, 139.373335996312, 4.52942497472077));
#819 = CARTESIAN_POINT ('', (-4.15082137990812, 139.47736730188, 4.52942497472077));
#820 = CARTESIAN_POINT ('', (-4.40197516872154, 139.581398607448, 4.52942497472077));
#821 = CARTESIAN_POINT ('', (-4.62366445708287, 139.729526654186, 4.52942497472077));
#822 = CARTESIAN_POINT ('', (-4.81588924499211, 139.921751442095, 4.52942497472077));
#823 = CARTESIAN_POINT ('', (-5.00811403290134, 140.113976230005, 4.52942497472077));
#824 = CARTESIAN_POINT ('', (-5.15624207963992, 140.335665518366, 4.52942497472077));
#825 = CARTESIAN_POINT ('', (-5.26027338520782, 140.586819307179, 4.52942497472077));
#826 = CARTESIAN_POINT ('', (-5.36430469077573, 140.837973095993, 4.52942497472077));
#827 = CARTESIAN_POINT ('', (-5.41632034355969, 141.099473441442, 4.52942497472077));
#828 = CARTESIAN_POINT ('', (-5.41632034355969, 141.371320343528, 4.52942497472077));
#829 = B_SPLINE_CURVE_WITH_KNOTS ('', 3, (#780, #781, #782, #783, #784, #785, #786, #787, #788, #789, #790, #791, #792, #793, #794, #795, #796, #797, #798, #799, #800, #801, #802, #803, #804, #805, #806, #807, #808, #809, #810, #811, #812, #813, #814, #815, #816, #817, #818, #819, #820, #821, #822, #823, #824, #825, #826, #827, #828), .UNSPECIFIED., .T., .U., (4, 3, 3, 3, 3, 3, 3, 3, 3, 3, 3, 3, 3, 3, 3, 3, 4), (0., 0.0625, 0.125, 0.1875, 0.25, 0.3125, 0.375, 0.4375, 0.5, 0.5625, 0.625, 0.6875, 0.75, 0.8125, 0.875, 0.9375, 1.), .UNSPECIFIED.);
#830 = EDGE_CURVE ('', #779, #779, #829, .T.);
#831 = ORIENTED_EDGE ('', *, *, #830, .T.);
#832 = EDGE_LOOP ('', (#831));
#833 = FACE_BOUND ('', #832, .T.);
#834 = CARTESIAN_POINT ('', (-5.29500000000062, 122.499999999996, 4.52942497472077));
#835 = VERTEX_POINT ('', #834);
#836 = CARTESIAN_POINT ('', (-5.29500000000062, 122.499999999996, 4.52942497472077));
#837 = CARTESIAN_POINT ('', (-5.29500000000062, 122.639238657162, 4.52942497472077));
#838 = CARTESIAN_POINT ('', (-5.26835783637956, 122.77317785849, 4.52942497472077));
#839 = CARTESIAN_POINT ('', (-5.21507350913747, 122.90181760398, 4.52942497472077));
#840 = CARTESIAN_POINT ('', (-5.16178918189537, 123.030457349469, 4.52942497472077));
#841 = CARTESIAN_POINT ('', (-5.08591871893171, 123.144005521557, 4.52942497472077));
#842 = CARTESIAN_POINT ('', (-4.98746212024649, 123.242462120242, 4.52942497472077));
#843 = CARTESIAN_POINT ('', (-4.88900552156127, 123.340918718927, 4.52942497472077));
#844 = CARTESIAN_POINT ('', (-4.77545734947376, 123.416789181891, 4.52942497472077));
#845 = CARTESIAN_POINT ('', (-4.64681760398396, 123.470073509133, 4.52942497472077));
#846 = CARTESIAN_POINT ('', (-4.51817785849417, 123.523357836375, 4.52942497472077));
#847 = CARTESIAN_POINT ('', (-4.38423865716639, 123.549999999996, 4.52942497472077));
#848 = CARTESIAN_POINT ('', (-4.24500000000062, 123.549999999996, 4.52942497472077));
#849 = CARTESIAN_POINT ('', (-4.10576134283485, 123.549999999996, 4.52942497472077));
#850 = CARTESIAN_POINT ('', (-3.97182214150708, 123.523357836375, 4.52942497472077));
#851 = CARTESIAN_POINT ('', (-3.84318239601728, 123.470073509133, 4.52942497472077));
#852 = CARTESIAN_POINT ('', (-3.71454265052748, 123.416789181891, 4.52942497472077));
#853 = CARTESIAN_POINT ('', (-3.60099447843997, 123.340918718927, 4.52942497472077));
#854 = CARTESIAN_POINT ('', (-3.50253787975475, 123.242462120242, 4.52942497472077));
#855 = CARTESIAN_POINT ('', (-3.40408128106953, 123.144005521557, 4.52942497472077));
#856 = CARTESIAN_POINT ('', (-3.32821081810587, 123.030457349469, 4.52942497472077));
#857 = CARTESIAN_POINT ('', (-3.27492649086377, 122.90181760398, 4.52942497472077));
#858 = CARTESIAN_POINT ('', (-3.22164216362167, 122.77317785849, 4.52942497472077));
#859 = CARTESIAN_POINT ('', (-3.19500000000062, 122.639238657162, 4.52942497472077));
#860 = CARTESIAN_POINT ('', (-3.19500000000062, 122.499999999996, 4.52942497472077));
#861 = CARTESIAN_POINT ('', (-3.19500000000062, 122.360761342831, 4.52942497472077));
#862 = CARTESIAN_POINT ('', (-3.22164216362168, 122.226822141503, 4.52942497472077));
#863 = CARTESIAN_POINT ('', (-3.27492649086377, 122.098182396013, 4.52942497472077));
#864 = CARTESIAN_POINT ('', (-3.32821081810586, 121.969542650523, 4.52942497472077));
#865 = CARTESIAN_POINT ('', (-3.40408128106951, 121.855994478436, 4.52942497472077));
#866 = CARTESIAN_POINT ('', (-3.50253787975475, 121.75753787975, 4.52942497472077));
#867 = CARTESIAN_POINT ('', (-3.60099447843999, 121.659081281065, 4.52942497472077));
#868 = CARTESIAN_POINT ('', (-3.71454265052749, 121.583210818102, 4.52942497472077));
#869 = CARTESIAN_POINT ('', (-3.84318239601728, 121.529926490859, 4.52942497472077));
#870 = CARTESIAN_POINT ('', (-3.97182214150707, 121.476642163617, 4.52942497472077));
#871 = CARTESIAN_POINT ('', (-4.10576134283485, 121.449999999996, 4.52942497472077));
#872 = CARTESIAN_POINT ('', (-4.24500000000062, 121.449999999996, 4.52942497472077));
#873 = CARTESIAN_POINT ('', (-4.38423865716639, 121.449999999996, 4.52942497472077));
#874 = CARTESIAN_POINT ('', (-4.51817785849417, 121.476642163617, 4.52942497472077));
#875 = CARTESIAN_POINT ('', (-4.64681760398397, 121.529926490859, 4.52942497472077));
#876 = CARTESIAN_POINT ('', (-4.77545734947376, 121.583210818102, 4.52942497472077));
#877 = CARTESIAN_POINT ('', (-4.88900552156127, 121.659081281065, 4.52942497472077));
#878 = CARTESIAN_POINT ('', (-4.98746212024649, 121.75753787975, 4.52942497472077));
#879 = CARTESIAN_POINT ('', (-5.08591871893171, 121.855994478436, 4.52942497472077));
#880 = CARTESIAN_POINT ('', (-5.16178918189537, 121.969542650523, 4.52942497472077));
#881 = CARTESIAN_POINT ('', (-5.21507350913747, 122.098182396013, 4.52942497472077));
#882 = CARTESIAN_POINT ('', (-5.26835783637957, 122.226822141503, 4.52942497472077));
#883 = CARTESIAN_POINT ('', (-5.29500000000062, 122.360761342831, 4.52942497472077));
#884 = CARTESIAN_POINT ('', (-5.29500000000062, 122.499999999996, 4.52942497472077));
#885 = B_SPLINE_CURVE_WITH_KNOTS ('', 3, (#836, #837, #838, #839, #840, #841, #842, #843, #844, #845, #846, #847, #848, #849, #850, #851, #852, #853, #854, #855, #856, #857, #858, #859, #860, #861, #862, #863, #864, #865, #866, #867, #868, #869, #870, #871, #872, #873, #874, #875, #876, #877, #878, #879, #880, #881, #882, #883, #884), .UNSPECIFIED., .T., .U., (4, 3, 3, 3, 3, 3, 3, 3, 3, 3, 3, 3, 3, 3, 3, 3, 4), (0., 0.0625, 0.125, 0.1875, 0.25, 0.3125, 0.375, 0.4375, 0.5, 0.5625, 0.625, 0.6875, 0.75, 0.8125, 0.875, 0.9375, 1.), .UNSPECIFIED.);
#886 = EDGE_CURVE ('', #835, #835, #885, .T.);
#887 = ORIENTED_EDGE ('', *, *, #886, .T.);
#888 = EDGE_LOOP ('', (#887));
#889 = FACE_BOUND ('', #888, .T.);
#890 = CARTESIAN_POINT ('', (-6.49500000000082, 119.499999999996, 4.52942497472077));
#891 = CARTESIAN_POINT ('', (-6.49500000000082, 144.49999999997, 4.52942497472077));
#892 = CARTESIAN_POINT ('', (24.1149999999988, 119.499999999996, 4.52942497472077));
#893 = CARTESIAN_POINT ('', (24.1149999999988, 144.49999999997, 4.52942497472077));
#894 = B_SPLINE_SURFACE_WITH_KNOTS ('', 1, 1, ((#890, #891), (#892, #893)), .UNSPECIFIED., .F., .F., .U., (2, 2), (2, 2), (0., 1.), (0., 1.), .UNSPECIFIED.);
#895 = ADVANCED_FACE ('', (#721, #777, #833, #889), #894, .T.);
#896 = CARTESIAN_POINT ('', (-5.29500000000062, 122.499999999996, 1.52942497472077));
#897 = VERTEX_POINT ('', #896);
#898 = CARTESIAN_POINT ('', (-5.29500000000062, 122.499999999996, 4.52942497472077));
#899 = CARTESIAN_POINT ('', (-5.29500000000062, 122.499999999996, 1.52942497472077));
#900 = B_SPLINE_CURVE_WITH_KNOTS ('', 1, (#898, #899), .UNSPECIFIED., .F., .U., (2, 2), (0., 1.), .UNSPECIFIED.);
#901 = EDGE_CURVE ('', #835, #897, #900, .T.);
#902 = ORIENTED_EDGE ('', *, *, #901, .T.);
#903 = CARTESIAN_POINT ('', (-5.29500000000062, 122.499999999996, 1.52942497472077));
#904 = CARTESIAN_POINT ('', (-5.29500000000062, 122.36076134283, 1.52942497472077));
#905 = CARTESIAN_POINT ('', (-5.26835783637957, 122.226822141503, 1.52942497472077));
#906 = CARTESIAN_POINT ('', (-5.21507350913747, 122.098182396013, 1.52942497472077));
#907 = CARTESIAN_POINT ('', (-5.16178918189536, 121.969542650523, 1.52942497472077));
#908 = CARTESIAN_POINT ('', (-5.08591871893172, 121.855994478436, 1.52942497472077));
#909 = CARTESIAN_POINT ('', (-4.98746212024649, 121.75753787975, 1.52942497472077));
#910 = CARTESIAN_POINT ('', (-4.88900552156127, 121.659081281065, 1.52942497472077));
#911 = CARTESIAN_POINT ('', (-4.77545734947376, 121.583210818101, 1.52942497472077));
#912 = CARTESIAN_POINT ('', (-4.64681760398396, 121.529926490859, 1.52942497472077));
#913 = CARTESIAN_POINT ('', (-4.51817785849417, 121.476642163617, 1.52942497472077));
#914 = CARTESIAN_POINT ('', (-4.38423865716639, 121.449999999996, 1.52942497472077));
#915 = CARTESIAN_POINT ('', (-4.24500000000062, 121.449999999996, 1.52942497472077));
#916 = CARTESIAN_POINT ('', (-4.10576134283485, 121.449999999996, 1.52942497472077));
#917 = CARTESIAN_POINT ('', (-3.97182214150707, 121.476642163617, 1.52942497472078));
#918 = CARTESIAN_POINT ('', (-3.84318239601728, 121.529926490859, 1.52942497472078));
#919 = CARTESIAN_POINT ('', (-3.71454265052748, 121.583210818101, 1.52942497472078));
#920 = CARTESIAN_POINT ('', (-3.60099447843996, 121.659081281065, 1.52942497472077));
#921 = CARTESIAN_POINT ('', (-3.50253787975475, 121.75753787975, 1.52942497472077));
#922 = CARTESIAN_POINT ('', (-3.40408128106954, 121.855994478436, 1.52942497472077));
#923 = CARTESIAN_POINT ('', (-3.32821081810587, 121.969542650523, 1.52942497472077));
#924 = CARTESIAN_POINT ('', (-3.27492649086377, 122.098182396013, 1.52942497472077));
#925 = CARTESIAN_POINT ('', (-3.22164216362167, 122.226822141503, 1.52942497472077));
#926 = CARTESIAN_POINT ('', (-3.19500000000062, 122.36076134283, 1.52942497472077));
#927 = CARTESIAN_POINT ('', (-3.19500000000062, 122.499999999996, 1.52942497472077));
#928 = CARTESIAN_POINT ('', (-3.19500000000062, 122.639238657162, 1.52942497472077));
#929 = CARTESIAN_POINT ('', (-3.22164216362168, 122.77317785849, 1.52942497472077));
#930 = CARTESIAN_POINT ('', (-3.27492649086377, 122.90181760398, 1.52942497472077));
#931 = CARTESIAN_POINT ('', (-3.32821081810586, 123.030457349469, 1.52942497472077));
#932 = CARTESIAN_POINT ('', (-3.40408128106951, 123.144005521557, 1.52942497472077));
#933 = CARTESIAN_POINT ('', (-3.50253787975475, 123.242462120242, 1.52942497472077));
#934 = CARTESIAN_POINT ('', (-3.60099447843999, 123.340918718927, 1.52942497472077));
#935 = CARTESIAN_POINT ('', (-3.71454265052748, 123.416789181891, 1.52942497472077));
#936 = CARTESIAN_POINT ('', (-3.84318239601728, 123.470073509133, 1.52942497472077));
#937 = CARTESIAN_POINT ('', (-3.97182214150707, 123.523357836375, 1.52942497472077));
#938 = CARTESIAN_POINT ('', (-4.10576134283485, 123.549999999996, 1.52942497472077));
#939 = CARTESIAN_POINT ('', (-4.24500000000062, 123.549999999996, 1.52942497472077));
#940 = CARTESIAN_POINT ('', (-4.38423865716639, 123.549999999996, 1.52942497472077));
#941 = CARTESIAN_POINT ('', (-4.51817785849417, 123.523357836375, 1.52942497472077));
#942 = CARTESIAN_POINT ('', (-4.64681760398396, 123.470073509133, 1.52942497472077));
#943 = CARTESIAN_POINT ('', (-4.77545734947376, 123.416789181891, 1.52942497472077));
#944 = CARTESIAN_POINT ('', (-4.88900552156127, 123.340918718927, 1.52942497472077));
#945 = CARTESIAN_POINT ('', (-4.98746212024649, 123.242462120242, 1.52942497472077));
#946 = CARTESIAN_POINT ('', (-5.08591871893171, 123.144005521557, 1.52942497472077));
#947 = CARTESIAN_POINT ('', (-5.16178918189537, 123.030457349469, 1.52942497472078));
#948 = CARTESIAN_POINT ('', (-5.21507350913747, 122.90181760398, 1.52942497472078));
#949 = CARTESIAN_POINT ('', (-5.26835783637957, 122.77317785849, 1.52942497472078));
#950 = CARTESIAN_POINT ('', (-5.29500000000062, 122.639238657162, 1.52942497472077));
#951 = CARTESIAN_POINT ('', (-5.29500000000062, 122.499999999996, 1.52942497472077));
#952 = B_SPLINE_CURVE_WITH_KNOTS ('', 3, (#903, #904, #905, #906, #907, #908, #909, #910, #911, #912, #913, #914, #915, #916, #917, #918, #919, #920, #921, #922, #923, #924, #925, #926, #927, #928, #929, #930, #931, #932, #933, #934, #935, #936, #937, #938, #939, #940, #941, #942, #943, #944, #945, #946, #947, #948, #949, #950, #951), .UNSPECIFIED., .T., .U., (4, 3, 3, 3, 3, 3, 3, 3, 3, 3, 3, 3, 3, 3, 3, 3, 4), (0., 0.0625, 0.125, 0.1875, 0.25, 0.3125, 0.375, 0.4375, 0.5, 0.5625, 0.625, 0.6875, 0.75, 0.8125, 0.875, 0.9375, 1.), .UNSPECIFIED.);
#953 = EDGE_CURVE ('', #897, #897, #952, .T.);
#954 = ORIENTED_EDGE ('', *, *, #953, .F.);
#955 = ORIENTED_EDGE ('', *, *, #901, .F.);
#956 = ORIENTED_EDGE ('', *, *, #886, .F.);
#957 = EDGE_LOOP ('', (#902, #954, #955, #956));
#958 = FACE_OUTER_BOUND ('', #957, .T.);
#959 = CARTESIAN_POINT ('', (-5.29500000000062, 122.499999999996, 4.82942497472077));
#960 = CARTESIAN_POINT ('', (-5.29500000000062, 122.499999999996, 1.22942497472077));
#961 = CARTESIAN_POINT ('', (-5.29500000000062, 120.399999999996, 4.82942497472077));
#962 = CARTESIAN_POINT ('', (-5.29500000000062, 120.399999999996, 1.22942497472078));
#963 = CARTESIAN_POINT ('', (-3.19500000000062, 120.399999999996, 4.82942497472077));
#964 = CARTESIAN_POINT ('', (-3.19500000000062, 120.399999999996, 1.22942497472078));
#965 = CARTESIAN_POINT ('', (-3.19500000000062, 122.499999999996, 4.82942497472077));
#966 = CARTESIAN_POINT ('', (-3.19500000000062, 122.499999999996, 1.22942497472077));
#967 = CARTESIAN_POINT ('', (-3.19500000000062, 124.599999999996, 4.82942497472077));
#968 = CARTESIAN_POINT ('', (-3.19500000000062, 124.599999999996, 1.22942497472078));
#969 = CARTESIAN_POINT ('', (-5.29500000000062, 124.599999999996, 4.82942497472077));
#970 = CARTESIAN_POINT ('', (-5.29500000000062, 124.599999999996, 1.22942497472078));
#971 = CARTESIAN_POINT ('', (-5.29500000000062, 122.499999999996, 4.82942497472077));
#972 = CARTESIAN_POINT ('', (-5.29500000000062, 122.499999999996, 1.22942497472077));
#973 = (
   BOUNDED_SURFACE ()
   B_SPLINE_SURFACE (3, 1, ((#959, #960), (#961, #962), (#963, #964), (#965, #966), (#967, #968), (#969, #970), (#971, #972)), .UNSPECIFIED., .T., .F., .U.)
   B_SPLINE_SURFACE_WITH_KNOTS ((4, 3, 4), (2, 2), (0., 0.5, 1.), (0., 1.), .UNSPECIFIED.)
   GEOMETRIC_REPRESENTATION_ITEM ()
   RATIONAL_B_SPLINE_SURFACE (((1., 1.), (0.333333333333333, 0.333333333333333), (0.333333333333333, 0.333333333333333), (1., 1.), (0.333333333333333, 0.333333333333333), (0.333333333333333, 0.333333333333333), (1., 1.)))
   REPRESENTATION_ITEM ('')
   SURFACE ()
);
#974 = ADVANCED_FACE ('', (#958), #973, .T.);
#975 = ORIENTED_EDGE ('', *, *, #953, .T.);
#976 = EDGE_LOOP ('', (#975));
#977 = FACE_OUTER_BOUND ('', #976, .T.);
#978 = CARTESIAN_POINT ('', (-5.30760000000062, 121.437399999996, 1.52942497472077));
#979 = CARTESIAN_POINT ('', (-5.30760000000062, 123.562599999996, 1.52942497472077));
#980 = CARTESIAN_POINT ('', (-3.18240000000062, 121.437399999996, 1.52942497472077));
#981 = CARTESIAN_POINT ('', (-3.18240000000062, 123.562599999996, 1.52942497472077));
#982 = B_SPLINE_SURFACE_WITH_KNOTS ('', 1, 1, ((#978, #979), (#980, #981)), .UNSPECIFIED., .F., .F., .U., (2, 2), (2, 2), (0., 1.), (0., 1.), .UNSPECIFIED.);
#983 = ADVANCED_FACE ('', (#977), #982, .T.);
#984 = CARTESIAN_POINT ('', (-5.41632034355969, 141.371320343528, 1.52942497472077));
#985 = VERTEX_POINT ('', #984);
#986 = CARTESIAN_POINT ('', (-5.41632034355969, 141.371320343528, 4.52942497472077));
#987 = CARTESIAN_POINT ('', (-5.41632034355969, 141.371320343528, 1.52942497472077));
#988 = B_SPLINE_CURVE_WITH_KNOTS ('', 1, (#986, #987), .UNSPECIFIED., .F., .U., (2, 2), (0., 1.), .UNSPECIFIED.);
#989 = EDGE_CURVE ('', #779, #985, #988, .T.);
#990 = ORIENTED_EDGE ('', *, *, #989, .T.);
#991 = CARTESIAN_POINT ('', (-5.41632034355969, 141.371320343528, 1.52942497472077));
#992 = CARTESIAN_POINT ('', (-5.41632034355969, 141.099473441442, 1.52942497472077));
#993 = CARTESIAN_POINT ('', (-5.36430469077573, 140.837973095993, 1.52942497472078));
#994 = CARTESIAN_POINT ('', (-5.26027338520783, 140.586819307179, 1.52942497472078));
#995 = CARTESIAN_POINT ('', (-5.15624207963992, 140.335665518366, 1.52942497472078));
#996 = CARTESIAN_POINT ('', (-5.00811403290134, 140.113976230005, 1.52942497472077));
#997 = CARTESIAN_POINT ('', (-4.81588924499211, 139.921751442095, 1.52942497472077));
#998 = CARTESIAN_POINT ('', (-4.62366445708288, 139.729526654186, 1.52942497472077));
#999 = CARTESIAN_POINT ('', (-4.40197516872152, 139.581398607448, 1.52942497472077));
#1000 = CARTESIAN_POINT ('', (-4.15082137990812, 139.47736730188, 1.52942497472077));
#1001 = CARTESIAN_POINT ('', (-3.89966759109471, 139.373335996312, 1.52942497472077));
#1002 = CARTESIAN_POINT ('', (-3.63816724564523, 139.321320343528, 1.52942497472077));
#1003 = CARTESIAN_POINT ('', (-3.36632034355968, 139.321320343528, 1.52942497472077));
#1004 = CARTESIAN_POINT ('', (-3.09447344147412, 139.321320343528, 1.52942497472077));
#1005 = CARTESIAN_POINT ('', (-2.83297309602467, 139.373335996312, 1.52942497472077));
#1006 = CARTESIAN_POINT ('', (-2.58181930721124, 139.47736730188, 1.52942497472077));
#1007 = CARTESIAN_POINT ('', (-2.33066551839781, 139.581398607447, 1.52942497472077));
#1008 = CARTESIAN_POINT ('', (-2.10897623003648, 139.729526654186, 1.52942497472077));
#1009 = CARTESIAN_POINT ('', (-1.91675144212725, 139.921751442095, 1.52942497472077));
#1010 = CARTESIAN_POINT ('', (-1.72452665421801, 140.113976230005, 1.52942497472077));
#1011 = CARTESIAN_POINT ('', (-1.57639860747944, 140.335665518366, 1.52942497472078));
#1012 = CARTESIAN_POINT ('', (-1.47236730191153, 140.586819307179, 1.52942497472078));
#1013 = CARTESIAN_POINT ('', (-1.36833599634362, 140.837973095993, 1.52942497472078));
#1014 = CARTESIAN_POINT ('', (-1.31632034355966, 141.099473441442, 1.52942497472077));
#1015 = CARTESIAN_POINT ('', (-1.31632034355966, 141.371320343528, 1.52942497472077));
#1016 = CARTESIAN_POINT ('', (-1.31632034355966, 141.643167245613, 1.52942497472077));
#1017 = CARTESIAN_POINT ('', (-1.36833599634362, 141.904667591063, 1.52942497472077));
#1018 = CARTESIAN_POINT ('', (-1.47236730191153, 142.155821379876, 1.52942497472077));
#1019 = CARTESIAN_POINT ('', (-1.57639860747944, 142.40697516869, 1.52942497472077));
#1020 = CARTESIAN_POINT ('', (-1.72452665421801, 142.628664457051, 1.52942497472077));
#1021 = CARTESIAN_POINT ('', (-1.91675144212725, 142.82088924496, 1.52942497472077));
#1022 = CARTESIAN_POINT ('', (-2.10897623003648, 143.013114032869, 1.52942497472077));
#1023 = CARTESIAN_POINT ('', (-2.33066551839783, 143.161242079608, 1.52942497472077));
#1024 = CARTESIAN_POINT ('', (-2.58181930721124, 143.265273385176, 1.52942497472077));
#1025 = CARTESIAN_POINT ('', (-2.83297309602464, 143.369304690744, 1.52942497472077));
#1026 = CARTESIAN_POINT ('', (-3.09447344147412, 143.421320343528, 1.52942497472077));
#1027 = CARTESIAN_POINT ('', (-3.36632034355968, 143.421320343528, 1.52942497472077));
#1028 = CARTESIAN_POINT ('', (-3.63816724564523, 143.421320343528, 1.52942497472077));
#1029 = CARTESIAN_POINT ('', (-3.89966759109469, 143.369304690744, 1.52942497472077));
#1030 = CARTESIAN_POINT ('', (-4.15082137990812, 143.265273385176, 1.52942497472077));
#1031 = CARTESIAN_POINT ('', (-4.40197516872154, 143.161242079608, 1.52942497472077));
#1032 = CARTESIAN_POINT ('', (-4.62366445708286, 143.013114032869, 1.52942497472077));
#1033 = CARTESIAN_POINT ('', (-4.8158892449921, 142.82088924496, 1.52942497472077));
#1034 = CARTESIAN_POINT ('', (-5.00811403290134, 142.628664457051, 1.52942497472077));
#1035 = CARTESIAN_POINT ('', (-5.15624207963992, 142.40697516869, 1.52942497472078));
#1036 = CARTESIAN_POINT ('', (-5.26027338520783, 142.155821379876, 1.52942497472078));
#1037 = CARTESIAN_POINT ('', (-5.36430469077574, 141.904667591063, 1.52942497472078));
#1038 = CARTESIAN_POINT ('', (-5.41632034355969, 141.643167245613, 1.52942497472077));
#1039 = CARTESIAN_POINT ('', (-5.41632034355969, 141.371320343528, 1.52942497472077));
#1040 = B_SPLINE_CURVE_WITH_KNOTS ('', 3, (#991, #992, #993, #994, #995, #996, #997, #998, #999, #1000, #1001, #1002, #1003, #1004, #1005, #1006, #1007, #1008, #1009, #1010, #1011, #1012, #1013, #1014, #1015, #1016, #1017, #1018, #1019, #1020, #1021, #1022, #1023, #1024, #1025, #1026, #1027, #1028, #1029, #1030, #1031, #1032, #1033, #1034, #1035, #1036, #1037, #1038, #1039), .UNSPECIFIED., .T., .U., (4, 3, 3, 3, 3, 3, 3, 3, 3, 3, 3, 3, 3, 3, 3, 3, 4), (0., 0.0625, 0.125, 0.1875, 0.25, 0.3125, 0.375, 0.4375, 0.5, 0.5625, 0.625, 0.6875, 0.75, 0.8125, 0.875, 0.9375, 1.), .UNSPECIFIED.);
#1041 = EDGE_CURVE ('', #985, #985, #1040, .T.);
#1042 = ORIENTED_EDGE ('', *, *, #1041, .F.);
#1043 = ORIENTED_EDGE ('', *, *, #989, .F.);
#1044 = ORIENTED_EDGE ('', *, *, #830, .F.);
#1045 = EDGE_LOOP ('', (#990, #1042, #1043, #1044));
#1046 = FACE_OUTER_BOUND ('', #1045, .T.);
#1047 = CARTESIAN_POINT ('', (-5.41632034355969, 141.371320343528, 4.82942497472077));
#1048 = CARTESIAN_POINT ('', (-5.41632034355969, 141.371320343528, 1.22942497472077));
#1049 = CARTESIAN_POINT ('', (-5.41632034355969, 137.271320343528, 4.82942497472077));
#1050 = CARTESIAN_POINT ('', (-5.41632034355969, 137.271320343528, 1.22942497472078));
#1051 = CARTESIAN_POINT ('', (-1.31632034355966, 137.271320343528, 4.82942497472077));
#1052 = CARTESIAN_POINT ('', (-1.31632034355966, 137.271320343528, 1.22942497472078));
#1053 = CARTESIAN_POINT ('', (-1.31632034355966, 141.371320343528, 4.82942497472077));
#1054 = CARTESIAN_POINT ('', (-1.31632034355966, 141.371320343528, 1.22942497472077));
#1055 = CARTESIAN_POINT ('', (-1.31632034355967, 145.471320343528, 4.82942497472077));
#1056 = CARTESIAN_POINT ('', (-1.31632034355967, 145.471320343528, 1.22942497472078));
#1057 = CARTESIAN_POINT ('', (-5.41632034355969, 145.471320343528, 4.82942497472077));
#1058 = CARTESIAN_POINT ('', (-5.41632034355969, 145.471320343528, 1.22942497472078));
#1059 = CARTESIAN_POINT ('', (-5.41632034355969, 141.371320343528, 4.82942497472077));
#1060 = CARTESIAN_POINT ('', (-5.41632034355969, 141.371320343528, 1.22942497472077));
#1061 = (
   BOUNDED_SURFACE ()
   B_SPLINE_SURFACE (3, 1, ((#1047, #1048), (#1049, #1050), (#1051, #1052), (#1053, #1054), (#1055, #1056), (#1057, #1058), (#1059, #1060)), .UNSPECIFIED., .T., .F., .U.)
   B_SPLINE_SURFACE_WITH_KNOTS ((4, 3, 4), (2, 2), (0., 0.5, 1.), (0., 1.), .UNSPECIFIED.)
   GEOMETRIC_REPRESENTATION_ITEM ()
   RATIONAL_B_SPLINE_SURFACE (((1., 1.), (0.333333333333333, 0.333333333333333), (0.333333333333333, 0.333333333333333), (1., 1.), (0.333333333333333, 0.333333333333333), (0.333333333333333, 0.333333333333333), (1., 1.)))
   REPRESENTATION_ITEM ('')
   SURFACE ()
);
#1062 = ADVANCED_FACE ('', (#1046), #1061, .T.);
#1063 = ORIENTED_EDGE ('', *, *, #1041, .T.);
#1064 = EDGE_LOOP ('', (#1063));
#1065 = FACE_OUTER_BOUND ('', #1064, .T.);
#1066 = CARTESIAN_POINT ('', (-5.44092034355969, 139.296720343528, 1.52942497472077));
#1067 = CARTESIAN_POINT ('', (-5.44092034355969, 143.445920343528, 1.52942497472077));
#1068 = CARTESIAN_POINT ('', (-1.29172034355966, 139.296720343528, 1.52942497472077));
#1069 = CARTESIAN_POINT ('', (-1.29172034355966, 143.445920343528, 1.52942497472077));
#1070 = B_SPLINE_SURFACE_WITH_KNOTS ('', 1, 1, ((#1066, #1067), (#1068, #1069)), .UNSPECIFIED., .F., .F., .U., (2, 2), (2, 2), (0., 1.), (0., 1.), .UNSPECIFIED.);
#1071 = ADVANCED_FACE ('', (#1065), #1070, .T.);
#1072 = CARTESIAN_POINT ('', (20.0649999999988, 142.249999999969, 1.52942497472077));
#1073 = VERTEX_POINT ('', #1072);
#1074 = CARTESIAN_POINT ('', (20.0649999999988, 142.249999999969, 4.52942497472077));
#1075 = CARTESIAN_POINT ('', (20.0649999999988, 142.249999999969, 1.52942497472077));
#1076 = B_SPLINE_CURVE_WITH_KNOTS ('', 1, (#1074, #1075), .UNSPECIFIED., .F., .U., (2, 2), (0., 1.), .UNSPECIFIED.);
#1077 = EDGE_CURVE ('', #723, #1073, #1076, .T.);
#1078 = ORIENTED_EDGE ('', *, *, #1077, .T.);
#1079 = CARTESIAN_POINT ('', (20.0649999999988, 142.249999999969, 1.52942497472077));
#1080 = CARTESIAN_POINT ('', (20.0649999999988, 142.110761342804, 1.52942497472077));
#1081 = CARTESIAN_POINT ('', (20.0916421636198, 141.976822141476, 1.52942497472077));
#1082 = CARTESIAN_POINT ('', (20.1449264908619, 141.848182395986, 1.52942497472077));
#1083 = CARTESIAN_POINT ('', (20.198210818104, 141.719542650496, 1.52942497472077));
#1084 = CARTESIAN_POINT ('', (20.2740812810677, 141.605994478409, 1.52942497472077));
#1085 = CARTESIAN_POINT ('', (20.3725378797529, 141.507537879723, 1.52942497472077));
#1086 = CARTESIAN_POINT ('', (20.4709944784381, 141.409081281038, 1.52942497472077));
#1087 = CARTESIAN_POINT ('', (20.5845426505256, 141.333210818075, 1.52942497472078));
#1088 = CARTESIAN_POINT ('', (20.7131823960154, 141.279926490833, 1.52942497472078));
#1089 = CARTESIAN_POINT ('', (20.8418221415052, 141.22664216359, 1.52942497472078));
#1090 = CARTESIAN_POINT ('', (20.975761342833, 141.199999999969, 1.52942497472078));
#1091 = CARTESIAN_POINT ('', (21.1149999999988, 141.199999999969, 1.52942497472078));
#1092 = CARTESIAN_POINT ('', (21.2542386571645, 141.199999999969, 1.52942497472078));
#1093 = CARTESIAN_POINT ('', (21.3881778584923, 141.22664216359, 1.52942497472077));
#1094 = CARTESIAN_POINT ('', (21.5168176039821, 141.279926490832, 1.52942497472077));
#1095 = CARTESIAN_POINT ('', (21.6454573494719, 141.333210818075, 1.52942497472077));
#1096 = CARTESIAN_POINT ('', (21.7590055215594, 141.409081281038, 1.52942497472077));
#1097 = CARTESIAN_POINT ('', (21.8574621202447, 141.507537879723, 1.52942497472077));
#1098 = CARTESIAN_POINT ('', (21.9559187189299, 141.605994478409, 1.52942497472077));
#1099 = CARTESIAN_POINT ('', (22.0317891818935, 141.719542650496, 1.52942497472077));
#1100 = CARTESIAN_POINT ('', (22.0850735091356, 141.848182395986, 1.52942497472077));
#1101 = CARTESIAN_POINT ('', (22.1383578363777, 141.976822141476, 1.52942497472077));
#1102 = CARTESIAN_POINT ('', (22.1649999999988, 142.110761342804, 1.52942497472077));
#1103 = CARTESIAN_POINT ('', (22.1649999999988, 142.249999999969, 1.52942497472077));
#1104 = CARTESIAN_POINT ('', (22.1649999999988, 142.389238657135, 1.52942497472077));
#1105 = CARTESIAN_POINT ('', (22.1383578363777, 142.523177858463, 1.52942497472077));
#1106 = CARTESIAN_POINT ('', (22.0850735091356, 142.651817603953, 1.52942497472077));
#1107 = CARTESIAN_POINT ('', (22.0317891818935, 142.780457349442, 1.52942497472077));
#1108 = CARTESIAN_POINT ('', (21.9559187189299, 142.89400552153, 1.52942497472077));
#1109 = CARTESIAN_POINT ('', (21.8574621202447, 142.992462120215, 1.52942497472077));
#1110 = CARTESIAN_POINT ('', (21.7590055215594, 143.0909187189, 1.52942497472077));
#1111 = CARTESIAN_POINT ('', (21.6454573494719, 143.166789181864, 1.52942497472077));
#1112 = CARTESIAN_POINT ('', (21.5168176039821, 143.220073509106, 1.52942497472077));
#1113 = CARTESIAN_POINT ('', (21.3881778584923, 143.273357836348, 1.52942497472077));
#1114 = CARTESIAN_POINT ('', (21.2542386571645, 143.299999999969, 1.52942497472077));
#1115 = CARTESIAN_POINT ('', (21.1149999999988, 143.299999999969, 1.52942497472077));
#1116 = CARTESIAN_POINT ('', (20.975761342833, 143.299999999969, 1.52942497472077));
#1117 = CARTESIAN_POINT ('', (20.8418221415052, 143.273357836348, 1.52942497472077));
#1118 = CARTESIAN_POINT ('', (20.7131823960154, 143.220073509106, 1.52942497472077));
#1119 = CARTESIAN_POINT ('', (20.5845426505256, 143.166789181864, 1.52942497472077));
#1120 = CARTESIAN_POINT ('', (20.4709944784381, 143.0909187189, 1.52942497472077));
#1121 = CARTESIAN_POINT ('', (20.3725378797529, 142.992462120215, 1.52942497472077));
#1122 = CARTESIAN_POINT ('', (20.2740812810677, 142.89400552153, 1.52942497472077));
#1123 = CARTESIAN_POINT ('', (20.198210818104, 142.780457349442, 1.52942497472077));
#1124 = CARTESIAN_POINT ('', (20.1449264908619, 142.651817603953, 1.52942497472077));
#1125 = CARTESIAN_POINT ('', (20.0916421636198, 142.523177858463, 1.52942497472077));
#1126 = CARTESIAN_POINT ('', (20.0649999999988, 142.389238657135, 1.52942497472077));
#1127 = CARTESIAN_POINT ('', (20.0649999999988, 142.249999999969, 1.52942497472077));
#1128 = B_SPLINE_CURVE_WITH_KNOTS ('', 3, (#1079, #1080, #1081, #1082, #1083, #1084, #1085, #1086, #1087, #1088, #1089, #1090, #1091, #1092, #1093, #1094, #1095, #1096, #1097, #1098, #1099, #1100, #1101, #1102, #1103, #1104, #1105, #1106, #1107, #1108, #1109, #1110, #1111, #1112, #1113, #1114, #1115, #1116, #1117, #1118, #1119, #1120, #1121, #1122, #1123, #1124, #1125, #1126, #1127), .UNSPECIFIED., .T., .U., (4, 3, 3, 3, 3, 3, 3, 3, 3, 3, 3, 3, 3, 3, 3, 3, 4), (0., 0.0625, 0.125, 0.1875, 0.25, 0.3125, 0.375, 0.4375, 0.5, 0.5625, 0.625, 0.6875, 0.75, 0.8125, 0.875, 0.9375, 1.), .UNSPECIFIED.);
#1129 = EDGE_CURVE ('', #1073, #1073, #1128, .T.);
#1130 = ORIENTED_EDGE ('', *, *, #1129, .F.);
#1131 = ORIENTED_EDGE ('', *, *, #1077, .F.);
#1132 = ORIENTED_EDGE ('', *, *, #774, .F.);
#1133 = EDGE_LOOP ('', (#1078, #1130, #1131, #1132));
#1134 = FACE_OUTER_BOUND ('', #1133, .T.);
#1135 = CARTESIAN_POINT ('', (20.0649999999988, 142.249999999969, 4.82942497472077));
#1136 = CARTESIAN_POINT ('', (20.0649999999988, 142.249999999969, 1.22942497472077));
#1137 = CARTESIAN_POINT ('', (20.0649999999988, 140.149999999969, 4.82942497472077));
#1138 = CARTESIAN_POINT ('', (20.0649999999988, 140.149999999969, 1.22942497472078));
#1139 = CARTESIAN_POINT ('', (22.1649999999988, 140.149999999969, 4.82942497472077));
#1140 = CARTESIAN_POINT ('', (22.1649999999988, 140.149999999969, 1.22942497472078));
#1141 = CARTESIAN_POINT ('', (22.1649999999988, 142.249999999969, 4.82942497472077));
#1142 = CARTESIAN_POINT ('', (22.1649999999988, 142.249999999969, 1.22942497472077));
#1143 = CARTESIAN_POINT ('', (22.1649999999988, 144.349999999969, 4.82942497472077));
#1144 = CARTESIAN_POINT ('', (22.1649999999988, 144.349999999969, 1.22942497472078));
#1145 = CARTESIAN_POINT ('', (20.0649999999988, 144.349999999969, 4.82942497472077));
#1146 = CARTESIAN_POINT ('', (20.0649999999988, 144.349999999969, 1.22942497472078));
#1147 = CARTESIAN_POINT ('', (20.0649999999988, 142.249999999969, 4.82942497472077));
#1148 = CARTESIAN_POINT ('', (20.0649999999988, 142.249999999969, 1.22942497472077));
#1149 = (
   BOUNDED_SURFACE ()
   B_SPLINE_SURFACE (3, 1, ((#1135, #1136), (#1137, #1138), (#1139, #1140), (#1141, #1142), (#1143, #1144), (#1145, #1146), (#1147, #1148)), .UNSPECIFIED., .T., .F., .U.)
   B_SPLINE_SURFACE_WITH_KNOTS ((4, 3, 4), (2, 2), (0., 0.5, 1.), (0., 1.), .UNSPECIFIED.)
   GEOMETRIC_REPRESENTATION_ITEM ()
   RATIONAL_B_SPLINE_SURFACE (((1., 1.), (0.333333333333333, 0.333333333333333), (0.333333333333333, 0.333333333333333), (1., 1.), (0.333333333333333, 0.333333333333333), (0.333333333333333, 0.333333333333333), (1., 1.)))
   REPRESENTATION_ITEM ('')
   SURFACE ()
);
#1150 = ADVANCED_FACE ('', (#1134), #1149, .T.);
#1151 = ORIENTED_EDGE ('', *, *, #1129, .T.);
#1152 = EDGE_LOOP ('', (#1151));
#1153 = FACE_OUTER_BOUND ('', #1152, .T.);
#1154 = CARTESIAN_POINT ('', (20.0523999999988, 141.187399999969, 1.52942497472077));
#1155 = CARTESIAN_POINT ('', (20.0523999999988, 143.312599999969, 1.52942497472077));
#1156 = CARTESIAN_POINT ('', (22.1775999999988, 141.187399999969, 1.52942497472077));
#1157 = CARTESIAN_POINT ('', (22.1775999999988, 143.312599999969, 1.52942497472077));
#1158 = B_SPLINE_SURFACE_WITH_KNOTS ('', 1, 1, ((#1154, #1155), (#1156, #1157)), .UNSPECIFIED., .F., .F., .U., (2, 2), (2, 2), (0., 1.), (0., 1.), .UNSPECIFIED.);
#1159 = ADVANCED_FACE ('', (#1153), #1158, .T.);
#1160 = CARTESIAN_POINT ('', (24.1149999999988, 140.999999999968, 3.22675714052078));
#1161 = VERTEX_POINT ('', #1160);
#1162 = CARTESIAN_POINT ('', (24.1149999999988, 143.49999999997, 3.22675714052078));
#1163 = VERTEX_POINT ('', #1162);
#1164 = CARTESIAN_POINT ('', (24.1149999999988, 140.999999999968, 3.22675714052078));
#1165 = CARTESIAN_POINT ('', (24.1149999999988, 143.49999999997, 3.22675714052078));
#1166 = B_SPLINE_CURVE_WITH_KNOTS ('', 1, (#1164, #1165), .UNSPECIFIED., .F., .U., (2, 2), (0., 1.), .UNSPECIFIED.);
#1167 = EDGE_CURVE ('', #1161, #1163, #1166, .T.);
#1168 = ORIENTED_EDGE ('', *, *, #1167, .T.);
#1169 = CARTESIAN_POINT ('', (24.1149999999988, 143.49999999997, 3.22942497472077));
#1170 = CARTESIAN_POINT ('', (24.1149999999988, 143.49999999997, 4.52942497472077));
#1171 = B_SPLINE_CURVE_WITH_KNOTS ('', 1, (#1169, #1170), .UNSPECIFIED., .F., .U., (2, 2), (0., 1.), .UNSPECIFIED.);
#1172 = EDGE_CURVE ('', #1163, #614, #1171, .T.);
#1173 = ORIENTED_EDGE ('', *, *, #1172, .T.);
#1174 = ORIENTED_EDGE ('', *, *, #618, .T.);
#1175 = CARTESIAN_POINT ('', (24.1149999999988, 140.999999999968, 4.52942497472077));
#1176 = CARTESIAN_POINT ('', (24.1149999999988, 140.999999999968, 3.22942497472077));
#1177 = B_SPLINE_CURVE_WITH_KNOTS ('', 1, (#1175, #1176), .UNSPECIFIED., .F., .U., (2, 2), (0., 1.), .UNSPECIFIED.);
#1178 = EDGE_CURVE ('', #596, #1161, #1177, .T.);
#1179 = ORIENTED_EDGE ('', *, *, #1178, .T.);
#1180 = EDGE_LOOP ('', (#1168, #1173, #1174, #1179));
#1181 = FACE_OUTER_BOUND ('', #1180, .T.);
#1182 = CARTESIAN_POINT ('', (24.1149999999988, 140.999999999968, 4.52942497472077));
#1183 = CARTESIAN_POINT ('', (24.1149999999988, 143.49999999997, 4.52942497472077));
#1184 = CARTESIAN_POINT ('', (24.1149999999988, 140.999999999968, 3.22675714052078));
#1185 = CARTESIAN_POINT ('', (24.1149999999988, 143.49999999997, 3.22675714052078));
#1186 = B_SPLINE_SURFACE_WITH_KNOTS ('', 1, 1, ((#1182, #1183), (#1184, #1185)), .UNSPECIFIED., .F., .F., .U., (2, 2), (2, 2), (0., 1.), (0., 1.), .UNSPECIFIED.);
#1187 = ADVANCED_FACE ('', (#1181), #1186, .T.);
#1188 = CARTESIAN_POINT ('', (23.1149999999987, 144.499999999969, 3.22942497472077));
#1189 = VERTEX_POINT ('', #1188);
#1190 = CARTESIAN_POINT ('', (24.1149999999988, 143.49999999997, 3.22942497472077));
#1191 = CARTESIAN_POINT ('', (24.1149999999988, 144.085786437597, 3.22942497472077));
#1192 = CARTESIAN_POINT ('', (23.7007864376257, 144.499999999971, 3.22942497472077));
#1193 = CARTESIAN_POINT ('', (23.1149999999987, 144.49999999997, 3.22942497472077));
#1194 = (
   BOUNDED_CURVE ()
   B_SPLINE_CURVE (3, (#1190, #1191, #1192, #1193), .UNSPECIFIED., .F., .U.)
   B_SPLINE_CURVE_WITH_KNOTS ((4, 4), (0., 1.), .UNSPECIFIED.)
   CURVE ()
   GEOMETRIC_REPRESENTATION_ITEM ()
   RATIONAL_B_SPLINE_CURVE ((1., 0.80473785412434, 0.80473785412434, 1.))
   REPRESENTATION_ITEM ('')
);
#1195 = EDGE_CURVE ('', #1163, #1189, #1194, .T.);
#1196 = ORIENTED_EDGE ('', *, *, #1195, .T.);
#1197 = CARTESIAN_POINT ('', (23.1149999999987, 144.499999999969, 4.52942497472077));
#1198 = CARTESIAN_POINT ('', (23.1149999999987, 144.499999999969, 3.22942497472077));
#1199 = B_SPLINE_CURVE_WITH_KNOTS ('', 1, (#1197, #1198), .UNSPECIFIED., .F., .U., (2, 2), (0., 1.), .UNSPECIFIED.);
#1200 = EDGE_CURVE ('', #621, #1189, #1199, .T.);
#1201 = ORIENTED_EDGE ('', *, *, #1200, .F.);
#1202 = ORIENTED_EDGE ('', *, *, #636, .F.);
#1203 = ORIENTED_EDGE ('', *, *, #1172, .F.);
#1204 = EDGE_LOOP ('', (#1196, #1201, #1202, #1203));
#1205 = FACE_OUTER_BOUND ('', #1204, .T.);
#1206 = CARTESIAN_POINT ('', (23.1149999999987, 144.49999999997, 4.65942497472077));
#1207 = CARTESIAN_POINT ('', (23.1149999999987, 144.49999999997, 3.09942497472077));
#1208 = CARTESIAN_POINT ('', (23.7007864376257, 144.49999999997, 4.65942497472077));
#1209 = CARTESIAN_POINT ('', (23.7007864376257, 144.49999999997, 3.09942497472077));
#1210 = CARTESIAN_POINT ('', (24.1149999999988, 144.085786437597, 4.65942497472077));
#1211 = CARTESIAN_POINT ('', (24.1149999999988, 144.085786437597, 3.09942497472077));
#1212 = CARTESIAN_POINT ('', (24.1149999999988, 143.49999999997, 4.65942497472077));
#1213 = CARTESIAN_POINT ('', (24.1149999999988, 143.49999999997, 3.09942497472077));
#1214 = (
   BOUNDED_SURFACE ()
   B_SPLINE_SURFACE (3, 1, ((#1206, #1207), (#1208, #1209), (#1210, #1211), (#1212, #1213)), .UNSPECIFIED., .F., .F., .U.)
   B_SPLINE_SURFACE_WITH_KNOTS ((4, 4), (2, 2), (0., 1.), (0., 1.), .UNSPECIFIED.)
   GEOMETRIC_REPRESENTATION_ITEM ()
   RATIONAL_B_SPLINE_SURFACE (((1., 1.), (0.804737854124341, 0.804737854124341), (0.804737854124341, 0.804737854124341), (1., 1.)))
   REPRESENTATION_ITEM ('')
   SURFACE ()
);
#1215 = ADVANCED_FACE ('', (#1205), #1214, .T.);
#1216 = CARTESIAN_POINT ('', (98.5982920630022, 144.499999999968, -2.17077142648073));
#1217 = VERTEX_POINT ('', #1216);
#1218 = CARTESIAN_POINT ('', (-3.49500000000039, 144.499999999968, -2.17077142648073));
#1219 = VERTEX_POINT ('', #1218);
#1220 = CARTESIAN_POINT ('', (98.5982920630023, 144.499999999971, -2.17077142648073));
#1221 = CARTESIAN_POINT ('', (-3.49500000000039, 144.499999999968, -2.17077142648073));
#1222 = B_SPLINE_CURVE_WITH_KNOTS ('', 1, (#1220, #1221), .UNSPECIFIED., .F., .U., (2, 2), (0., 1.), .UNSPECIFIED.);
#1223 = EDGE_CURVE ('', #1217, #1219, #1222, .T.);
#1224 = ORIENTED_EDGE ('', *, *, #1223, .T.);
#1225 = CARTESIAN_POINT ('', (-3.49500000000039, 144.499999999968, -2.17077142648073));
#1226 = CARTESIAN_POINT ('', (-3.49500000000039, 144.499999999968, 4.52942497472077));
#1227 = B_SPLINE_CURVE_WITH_KNOTS ('', 1, (#1225, #1226), .UNSPECIFIED., .F., .U., (2, 2), (0., 1.), .UNSPECIFIED.);
#1228 = EDGE_CURVE ('', #1219, #639, #1227, .T.);
#1229 = ORIENTED_EDGE ('', *, *, #1228, .T.);
#1230 = ORIENTED_EDGE ('', *, *, #643, .T.);
#1231 = ORIENTED_EDGE ('', *, *, #1200, .T.);
#1232 = CARTESIAN_POINT ('', (96.1149991837855, 144.49999999997, 3.22675714052078));
#1233 = VERTEX_POINT ('', #1232);
#1234 = CARTESIAN_POINT ('', (23.1149999999987, 144.499999999969, 3.22675714052078));
#1235 = CARTESIAN_POINT ('', (96.1149991837855, 144.49999999997, 3.22675714052078));
#1236 = B_SPLINE_CURVE_WITH_KNOTS ('', 1, (#1234, #1235), .UNSPECIFIED., .F., .U., (2, 2), (0., 1.), .UNSPECIFIED.);
#1237 = EDGE_CURVE ('', #1189, #1233, #1236, .T.);
#1238 = ORIENTED_EDGE ('', *, *, #1237, .T.);
#1239 = CARTESIAN_POINT ('', (96.115, 144.49999999997, 4.52942497472077));
#1240 = VERTEX_POINT ('', #1239);
#1241 = CARTESIAN_POINT ('', (96.115, 144.49999999997, 3.22942497472078));
#1242 = CARTESIAN_POINT ('', (96.115, 144.49999999997, 4.52942497472077));
#1243 = B_SPLINE_CURVE_WITH_KNOTS ('', 1, (#1241, #1242), .UNSPECIFIED., .F., .U., (2, 2), (0., 1.), .UNSPECIFIED.);
#1244 = EDGE_CURVE ('', #1233, #1240, #1243, .T.);
#1245 = ORIENTED_EDGE ('', *, *, #1244, .T.);
#1246 = CARTESIAN_POINT ('', (98.5982920630022, 144.49999999997, 4.52942497472077));
#1247 = VERTEX_POINT ('', #1246);
#1248 = CARTESIAN_POINT ('', (96.115, 144.49999999997, 4.52942497472077));
#1249 = CARTESIAN_POINT ('', (98.5982920630023, 144.499999999971, 4.52942497472077));
#1250 = B_SPLINE_CURVE_WITH_KNOTS ('', 1, (#1248, #1249), .UNSPECIFIED., .F., .U., (2, 2), (0., 1.), .UNSPECIFIED.);
#1251 = EDGE_CURVE ('', #1240, #1247, #1250, .T.);
#1252 = ORIENTED_EDGE ('', *, *, #1251, .T.);
#1253 = CARTESIAN_POINT ('', (98.5982920630022, 144.49999999997, -2.17077142648073));
#1254 = CARTESIAN_POINT ('', (98.5982920630022, 144.49999999997, 4.52942497472077));
#1255 = B_SPLINE_CURVE_WITH_KNOTS ('', 1, (#1253, #1254), .UNSPECIFIED., .F., .U., (2, 2), (0., 1.), .UNSPECIFIED.);
#1256 = EDGE_CURVE ('', #1217, #1247, #1255, .T.);
#1257 = ORIENTED_EDGE ('', *, *, #1256, .F.);
#1258 = EDGE_LOOP ('', (#1224, #1229, #1230, #1231, #1238, #1245, #1252, #1257));
#1259 = FACE_OUTER_BOUND ('', #1258, .T.);
#1260 = CARTESIAN_POINT ('', (98.5982920630023, 144.499999999971, -2.17077142648073));
#1261 = CARTESIAN_POINT ('', (98.5982920630023, 144.499999999971, 4.52942497472077));
#1262 = CARTESIAN_POINT ('', (-3.49500000000039, 144.499999999968, -2.17077142648073));
#1263 = CARTESIAN_POINT ('', (-3.49500000000039, 144.499999999968, 4.52942497472077));
#1264 = B_SPLINE_SURFACE_WITH_KNOTS ('', 1, 1, ((#1260, #1261), (#1262, #1263)), .UNSPECIFIED., .F., .F., .U., (2, 2), (2, 2), (0., 1.), (0., 1.), .UNSPECIFIED.);
#1265 = ADVANCED_FACE ('', (#1259), #1264, .T.);
#1266 = CARTESIAN_POINT ('', (-6.49500000000005, 141.499999999968, -2.17077142648073));
#1267 = VERTEX_POINT ('', #1266);
#1268 = CARTESIAN_POINT ('', (-6.49500000000004, 141.499999999968, -2.17077142648073));
#1269 = CARTESIAN_POINT ('', (-6.49500000000004, 141.897824734727, -2.17077142648073));
#1270 = CARTESIAN_POINT ('', (-6.41887953251133, 142.280508167093, -2.17077142648073));
#1271 = CARTESIAN_POINT ('', (-6.26663859753391, 142.648050297063, -2.17077142648073));
#1272 = CARTESIAN_POINT ('', (-6.11439766255649, 143.015592427034, -2.17077142648073));
#1273 = CARTESIAN_POINT ('', (-5.89762491123175, 143.340015775856, -2.17077142648073));
#1274 = CARTESIAN_POINT ('', (-5.6163203435597, 143.621320343528, -2.17077142648073));
#1275 = CARTESIAN_POINT ('', (-5.33501577588765, 143.9026249112, -2.17077142648073));
#1276 = CARTESIAN_POINT ('', (-5.01059242706625, 144.119397662525, -2.17077142648073));
#1277 = CARTESIAN_POINT ('', (-4.64305029709535, 144.271638597502, -2.17077142648073));
#1278 = CARTESIAN_POINT ('', (-4.27550816712444, 144.423879532479, -2.17077142648073));
#1279 = CARTESIAN_POINT ('', (-3.89282473475936, 144.499999999968, -2.17077142648073));
#1280 = CARTESIAN_POINT ('', (-3.4950000000001, 144.499999999968, -2.17077142648073));
#1281 = B_SPLINE_CURVE_WITH_KNOTS ('', 3, (#1268, #1269, #1270, #1271, #1272, #1273, #1274, #1275, #1276, #1277, #1278, #1279, #1280), .UNSPECIFIED., .F., .U., (4, 3, 3, 3, 4), (0., 0.25, 0.5, 0.75, 1.), .UNSPECIFIED.);
#1282 = EDGE_CURVE ('', #1267, #1219, #1281, .T.);
#1283 = ORIENTED_EDGE ('', *, *, #1282, .F.);
#1284 = CARTESIAN_POINT ('', (-6.49500000000004, 141.499999999968, -2.17077142648073));
#1285 = CARTESIAN_POINT ('', (-6.49500000000004, 141.499999999968, 4.52942497472077));
#1286 = B_SPLINE_CURVE_WITH_KNOTS ('', 1, (#1284, #1285), .UNSPECIFIED., .F., .U., (2, 2), (0., 1.), .UNSPECIFIED.);
#1287 = EDGE_CURVE ('', #1267, #646, #1286, .T.);
#1288 = ORIENTED_EDGE ('', *, *, #1287, .T.);
#1289 = ORIENTED_EDGE ('', *, *, #661, .F.);
#1290 = ORIENTED_EDGE ('', *, *, #1228, .F.);
#1291 = EDGE_LOOP ('', (#1283, #1288, #1289, #1290));
#1292 = FACE_OUTER_BOUND ('', #1291, .T.);
#1293 = CARTESIAN_POINT ('', (-6.49500000000004, 141.499999999968, 5.19944461484093));
#1294 = CARTESIAN_POINT ('', (-6.49500000000004, 141.499999999968, -2.84079106660089));
#1295 = CARTESIAN_POINT ('', (-6.49500000000004, 143.257359312849, 5.19944461484093));
#1296 = CARTESIAN_POINT ('', (-6.49500000000004, 143.257359312849, -2.84079106660089));
#1297 = CARTESIAN_POINT ('', (-5.25235931288078, 144.499999999968, 5.19944461484093));
#1298 = CARTESIAN_POINT ('', (-5.25235931288078, 144.499999999968, -2.84079106660089));
#1299 = CARTESIAN_POINT ('', (-3.4950000000001, 144.499999999968, 5.19944461484093));
#1300 = CARTESIAN_POINT ('', (-3.4950000000001, 144.499999999968, -2.84079106660089));
#1301 = (
   BOUNDED_SURFACE ()
   B_SPLINE_SURFACE (3, 1, ((#1293, #1294), (#1295, #1296), (#1297, #1298), (#1299, #1300)), .UNSPECIFIED., .F., .F., .U.)
   B_SPLINE_SURFACE_WITH_KNOTS ((4, 4), (2, 2), (0., 1.), (0., 1.), .UNSPECIFIED.)
   GEOMETRIC_REPRESENTATION_ITEM ()
   RATIONAL_B_SPLINE_SURFACE (((1., 1.), (0.804737854124369, 0.804737854124369), (0.804737854124369, 0.804737854124369), (1., 1.)))
   REPRESENTATION_ITEM ('')
   SURFACE ()
);
#1302 = ADVANCED_FACE ('', (#1292), #1301, .T.);
#1303 = CARTESIAN_POINT ('', (-6.49500000000006, 30.6573703960693, -2.17077142648073));
#1304 = VERTEX_POINT ('', #1303);
#1305 = CARTESIAN_POINT ('', (-6.49500000000005, 30.6573703960693, -2.17077142648073));
#1306 = CARTESIAN_POINT ('', (-6.49500000000005, 141.499999999968, -2.17077142648073));
#1307 = B_SPLINE_CURVE_WITH_KNOTS ('', 1, (#1305, #1306), .UNSPECIFIED., .F., .U., (2, 2), (0., 1.), .UNSPECIFIED.);
#1308 = EDGE_CURVE ('', #1304, #1267, #1307, .T.);
#1309 = ORIENTED_EDGE ('', *, *, #1308, .F.);
#1310 = CARTESIAN_POINT ('', (-6.49500000000005, 30.6573703960693, 4.52942497472077));
#1311 = VERTEX_POINT ('', #1310);
#1312 = CARTESIAN_POINT ('', (-6.49500000000005, 30.6573703960693, -2.17077142648073));
#1313 = CARTESIAN_POINT ('', (-6.49500000000005, 30.6573703960693, 4.52942497472077));
#1314 = B_SPLINE_CURVE_WITH_KNOTS ('', 1, (#1312, #1313), .UNSPECIFIED., .F., .U., (2, 2), (0., 1.), .UNSPECIFIED.);
#1315 = EDGE_CURVE ('', #1304, #1311, #1314, .T.);
#1316 = ORIENTED_EDGE ('', *, *, #1315, .T.);
#1317 = CARTESIAN_POINT ('', (-6.49500000000077, 47.5000000000246, 4.52942497472077));
#1318 = VERTEX_POINT ('', #1317);
#1319 = CARTESIAN_POINT ('', (-6.49500000000077, 47.5000000000246, 4.52942497472077));
#1320 = CARTESIAN_POINT ('', (-6.49500000000077, 30.657377537481, 4.52942497472077));
#1321 = B_SPLINE_CURVE_WITH_KNOTS ('', 1, (#1319, #1320), .UNSPECIFIED., .F., .U., (2, 2), (0., 1.), .UNSPECIFIED.);
#1322 = EDGE_CURVE ('', #1318, #1311, #1321, .T.);
#1323 = ORIENTED_EDGE ('', *, *, #1322, .F.);
#1324 = CARTESIAN_POINT ('', (-6.49500000000077, 47.5000000000246, 3.22942497472077));
#1325 = VERTEX_POINT ('', #1324);
#1326 = CARTESIAN_POINT ('', (-6.49500000000077, 47.5000000000246, 3.22942497472077));
#1327 = CARTESIAN_POINT ('', (-6.49500000000077, 47.5000000000246, 4.52942497472077));
#1328 = B_SPLINE_CURVE_WITH_KNOTS ('', 1, (#1326, #1327), .UNSPECIFIED., .F., .U., (2, 2), (0., 1.), .UNSPECIFIED.);
#1329 = EDGE_CURVE ('', #1325, #1318, #1328, .T.);
#1330 = ORIENTED_EDGE ('', *, *, #1329, .F.);
#1331 = CARTESIAN_POINT ('', (-6.49500000000004, 120.499998946091, 3.22675714052078));
#1332 = VERTEX_POINT ('', #1331);
#1333 = CARTESIAN_POINT ('', (-6.49500000000005, 47.5000000000245, 3.22675714052078));
#1334 = CARTESIAN_POINT ('', (-6.49500000000004, 120.499998946091, 3.22675714052078));
#1335 = B_SPLINE_CURVE_WITH_KNOTS ('', 1, (#1333, #1334), .UNSPECIFIED., .F., .U., (2, 2), (0., 1.), .UNSPECIFIED.);
#1336 = EDGE_CURVE ('', #1325, #1332, #1335, .T.);
#1337 = ORIENTED_EDGE ('', *, *, #1336, .T.);
#1338 = CARTESIAN_POINT ('', (-6.49500000000082, 120.499999999996, 4.52942497472077));
#1339 = CARTESIAN_POINT ('', (-6.49500000000082, 120.499999999996, 3.22942497472077));
#1340 = B_SPLINE_CURVE_WITH_KNOTS ('', 1, (#1338, #1339), .UNSPECIFIED., .F., .U., (2, 2), (0., 1.), .UNSPECIFIED.);
#1341 = EDGE_CURVE ('', #664, #1332, #1340, .T.);
#1342 = ORIENTED_EDGE ('', *, *, #1341, .F.);
#1343 = ORIENTED_EDGE ('', *, *, #668, .F.);
#1344 = ORIENTED_EDGE ('', *, *, #1287, .F.);
#1345 = EDGE_LOOP ('', (#1309, #1316, #1323, #1330, #1337, #1342, #1343, #1344));
#1346 = FACE_OUTER_BOUND ('', #1345, .T.);
#1347 = CARTESIAN_POINT ('', (-6.49500000000003, 141.499999999968, -2.17077142648073));
#1348 = CARTESIAN_POINT ('', (-6.49500000000003, 141.499999999968, 4.52942497472077));
#1349 = CARTESIAN_POINT ('', (-6.49500000000005, 30.6573703960693, -2.17077142648073));
#1350 = CARTESIAN_POINT ('', (-6.49500000000005, 30.6573703960693, 4.52942497472077));
#1351 = B_SPLINE_SURFACE_WITH_KNOTS ('', 1, 1, ((#1347, #1348), (#1349, #1350)), .UNSPECIFIED., .F., .F., .U., (2, 2), (2, 2), (0., 1.), (0., 1.), .UNSPECIFIED.);
#1352 = ADVANCED_FACE ('', (#1346), #1351, .T.);
#1353 = CARTESIAN_POINT ('', (-4.25889085668481, 27.756254962469, -2.17077142648074));
#1354 = VERTEX_POINT ('', #1353);
#1355 = CARTESIAN_POINT ('', (-4.25889085668479, 27.756254962469, -2.17077142648073));
#1356 = CARTESIAN_POINT ('', (-4.57928470275569, 27.8406176619732, -2.17077142648073));
#1357 = CARTESIAN_POINT ('', (-4.87751901548877, 27.9743850339251, -2.17077142648073));
#1358 = CARTESIAN_POINT ('', (-5.15359379488403, 28.1575570783248, -2.17077142648073));
#1359 = CARTESIAN_POINT ('', (-5.42966857427928, 28.3407291227246, -2.17077142648073));
#1360 = CARTESIAN_POINT ('', (-5.66883626243562, 28.5635210257019, -2.17077142648073));
#1361 = CARTESIAN_POINT ('', (-5.87109685935304, 28.8259327872567, -2.17077142648073));
#1362 = CARTESIAN_POINT ('', (-6.07335745627046, 29.0883445488116, -2.17077142648073));
#1363 = CARTESIAN_POINT ('', (-6.22790646227432, 29.3763584717971, -2.17077142648073));
#1364 = CARTESIAN_POINT ('', (-6.33474387736462, 29.6899745562133, -2.17077142648073));
#1365 = CARTESIAN_POINT ('', (-6.44158129245491, 30.0035906406295, -2.17077142648073));
#1366 = CARTESIAN_POINT ('', (-6.49500000000006, 30.3260559205815, -2.17077142648073));
#1367 = CARTESIAN_POINT ('', (-6.49500000000006, 30.6573703960693, -2.17077142648073));
#1368 = B_SPLINE_CURVE_WITH_KNOTS ('', 3, (#1355, #1356, #1357, #1358, #1359, #1360, #1361, #1362, #1363, #1364, #1365, #1366, #1367), .UNSPECIFIED., .F., .U., (4, 3, 3, 3, 4), (0., 0.25, 0.5, 0.75, 1.), .UNSPECIFIED.);
#1369 = EDGE_CURVE ('', #1354, #1304, #1368, .T.);
#1370 = ORIENTED_EDGE ('', *, *, #1369, .F.);
#1371 = CARTESIAN_POINT ('', (-4.25889085668481, 27.756254962469, 3.22675714052078));
#1372 = VERTEX_POINT ('', #1371);
#1373 = CARTESIAN_POINT ('', (-4.25889085668481, 27.756254962469, 3.22675714052077));
#1374 = CARTESIAN_POINT ('', (-4.25889085668481, 27.756254962469, -2.17077142648074));
#1375 = B_SPLINE_CURVE_WITH_KNOTS ('', 1, (#1373, #1374), .UNSPECIFIED., .F., .U., (2, 2), (0., 1.), .UNSPECIFIED.);
#1376 = EDGE_CURVE ('', #1372, #1354, #1375, .T.);
#1377 = ORIENTED_EDGE ('', *, *, #1376, .F.);
#1378 = CARTESIAN_POINT ('', (-4.25888395065676, 27.756253144056, 4.52942497472077));
#1379 = VERTEX_POINT ('', #1378);
#1380 = CARTESIAN_POINT ('', (-4.25888395065676, 27.756253144056, 3.22942497472077));
#1381 = CARTESIAN_POINT ('', (-4.25888395065676, 27.756253144056, 4.52942497472077));
#1382 = B_SPLINE_CURVE_WITH_KNOTS ('', 1, (#1380, #1381), .UNSPECIFIED., .F., .U., (2, 2), (0., 1.), .UNSPECIFIED.);
#1383 = EDGE_CURVE ('', #1372, #1379, #1382, .T.);
#1384 = ORIENTED_EDGE ('', *, *, #1383, .T.);
#1385 = CARTESIAN_POINT ('', (-6.49500000000077, 30.657377537481, 4.52942497472077));
#1386 = CARTESIAN_POINT ('', (-6.49500000000077, 30.3260622948529, 4.52942497472077));
#1387 = CARTESIAN_POINT ('', (-6.44158105168544, 30.0035963081332, 4.52942497472077));
#1388 = CARTESIAN_POINT ('', (-6.33474315505607, 29.6899795773256, 4.52942497472077));
#1389 = CARTESIAN_POINT ('', (-6.22790525842669, 29.3763628465181, 4.52942497472077));
#1390 = CARTESIAN_POINT ('', (-6.07335558156072, 29.0883484475552, 4.52942497472077));
#1391 = CARTESIAN_POINT ('', (-5.87109412445817, 28.8259363804368, 4.52942497472077));
#1392 = CARTESIAN_POINT ('', (-5.66883266735562, 28.5635243133184, 4.52942497472077));
#1393 = CARTESIAN_POINT ('', (-5.42966402433949, 28.3407323546951, 4.52942497472077));
#1394 = CARTESIAN_POINT ('', (-5.15358819540979, 28.157560504567, 4.52942497472077));
#1395 = CARTESIAN_POINT ('', (-4.87751236648009, 27.9743886544388, 4.52942497472077));
#1396 = CARTESIAN_POINT ('', (-4.57927703207334, 27.8406217604005, 4.52942497472077));
#1397 = CARTESIAN_POINT ('', (-4.25888219218955, 27.756259822452, 4.52942497472077));
#1398 = B_SPLINE_CURVE_WITH_KNOTS ('', 3, (#1385, #1386, #1387, #1388, #1389, #1390, #1391, #1392, #1393, #1394, #1395, #1396, #1397), .UNSPECIFIED., .F., .U., (4, 3, 3, 3, 4), (0., 0.25, 0.5, 0.75, 1.), .UNSPECIFIED.);
#1399 = EDGE_CURVE ('', #1311, #1379, #1398, .T.);
#1400 = ORIENTED_EDGE ('', *, *, #1399, .F.);
#1401 = ORIENTED_EDGE ('', *, *, #1315, .F.);
#1402 = EDGE_LOOP ('', (#1370, #1377, #1384, #1400, #1401));
#1403 = FACE_OUTER_BOUND ('', #1402, .T.);
#1404 = CARTESIAN_POINT ('', (-4.25888395065676, 27.756253144056, 5.19944461484093));
#1405 = CARTESIAN_POINT ('', (-4.25888395065676, 27.756253144056, -2.84079106660089));
#1406 = CARTESIAN_POINT ('', (-5.63922663590163, 28.1197067834886, 5.19944461484092));
#1407 = CARTESIAN_POINT ('', (-5.63922663590163, 28.1197067834886, -2.84079106660089));
#1408 = CARTESIAN_POINT ('', (-6.50615794350333, 29.2536708854891, 5.19944461484092));
#1409 = CARTESIAN_POINT ('', (-6.50615794350333, 29.2536708854891, -2.84079106660089));
#1410 = CARTESIAN_POINT ('', (-6.49490680226117, 30.6810173355658, 5.19944461484093));
#1411 = CARTESIAN_POINT ('', (-6.49490680226117, 30.6810173355658, -2.84079106660089));
#1412 = (
   BOUNDED_SURFACE ()
   B_SPLINE_SURFACE (3, 1, ((#1404, #1405), (#1406, #1407), (#1408, #1409), (#1410, #1411)), .UNSPECIFIED., .F., .F., .U.)
   B_SPLINE_SURFACE_WITH_KNOTS ((4, 4), (2, 2), (0., 1.), (0., 1.), .UNSPECIFIED.)
   GEOMETRIC_REPRESENTATION_ITEM ()
   RATIONAL_B_SPLINE_SURFACE (((1., 1.), (0.859746261323444, 0.859746261323444), (0.859746261323444, 0.859746261323444), (1., 1.)))
   REPRESENTATION_ITEM ('')
   SURFACE ()
);
#1413 = ADVANCED_FACE ('', (#1403), #1412, .T.);
#1414 = CARTESIAN_POINT ('', (125.601984927134, -6.43732951315063, -2.17077142648074));
#1415 = VERTEX_POINT ('', #1414);
#1416 = CARTESIAN_POINT ('', (125.601984927134, -6.43732951315063, -2.17077142648073));
#1417 = CARTESIAN_POINT ('', (82.315026332528, 4.96053197872258, -2.17077142648073));
#1418 = CARTESIAN_POINT ('', (39.0280677379216, 16.3583934705958, -2.17077142648073));
#1419 = CARTESIAN_POINT ('', (-4.25889085668481, 27.756254962469, -2.17077142648073));
#1420 = B_SPLINE_CURVE_WITH_KNOTS ('', 3, (#1416, #1417, #1418, #1419), .UNSPECIFIED., .F., .U., (4, 4), (0., 1.), .UNSPECIFIED.);
#1421 = EDGE_CURVE ('', #1415, #1354, #1420, .T.);
#1422 = ORIENTED_EDGE ('', *, *, #1421, .F.);
#1423 = CARTESIAN_POINT ('', (125.601984927134, -6.43732951315063, 4.52942497472077));
#1424 = VERTEX_POINT ('', #1423);
#1425 = CARTESIAN_POINT ('', (125.601984927134, -6.43732951315063, 4.52942497472077));
#1426 = CARTESIAN_POINT ('', (125.601984927134, -6.43732951315063, -2.17077142648073));
#1427 = B_SPLINE_CURVE_WITH_KNOTS ('', 1, (#1425, #1426), .UNSPECIFIED., .F., .U., (2, 2), (0., 1.), .UNSPECIFIED.);
#1428 = EDGE_CURVE ('', #1424, #1415, #1427, .T.);
#1429 = ORIENTED_EDGE ('', *, *, #1428, .F.);
#1430 = CARTESIAN_POINT ('', (85.8569032031318, 4.0279226362533, 4.52942497472077));
#1431 = VERTEX_POINT ('', #1430);
#1432 = CARTESIAN_POINT ('', (125.601984927135, -6.43732951315068, 4.52942497472077));
#1433 = CARTESIAN_POINT ('', (85.8569032031318, 4.02792263625328, 4.52942497472077));
#1434 = B_SPLINE_CURVE_WITH_KNOTS ('', 1, (#1432, #1433), .UNSPECIFIED., .F., .U., (2, 2), (0., 1.), .UNSPECIFIED.);
#1435 = EDGE_CURVE ('', #1424, #1431, #1434, .T.);
#1436 = ORIENTED_EDGE ('', *, *, #1435, .T.);
#1437 = CARTESIAN_POINT ('', (85.8569032031318, 4.0279226362533, 3.22942497472077));
#1438 = VERTEX_POINT ('', #1437);
#1439 = CARTESIAN_POINT ('', (85.8569032031318, 4.0279226362533, 3.22942497472077));
#1440 = CARTESIAN_POINT ('', (85.8569032031318, 4.0279226362533, 4.52942497472077));
#1441 = B_SPLINE_CURVE_WITH_KNOTS ('', 1, (#1439, #1440), .UNSPECIFIED., .F., .U., (2, 2), (0., 1.), .UNSPECIFIED.);
#1442 = EDGE_CURVE ('', #1438, #1431, #1441, .T.);
#1443 = ORIENTED_EDGE ('', *, *, #1442, .F.);
#1444 = CARTESIAN_POINT ('', (15.2630194033076, 22.6159532082151, 3.22675714052078));
#1445 = VERTEX_POINT ('', #1444);
#1446 = CARTESIAN_POINT ('', (85.8569032031318, 4.02792263625328, 3.22675714052078));
#1447 = CARTESIAN_POINT ('', (15.2630194033076, 22.6159532082151, 3.22675714052078));
#1448 = B_SPLINE_CURVE_WITH_KNOTS ('', 1, (#1446, #1447), .UNSPECIFIED., .F., .U., (2, 2), (0., 1.), .UNSPECIFIED.);
#1449 = EDGE_CURVE ('', #1438, #1445, #1448, .T.);
#1450 = ORIENTED_EDGE ('', *, *, #1449, .T.);
#1451 = CARTESIAN_POINT ('', (-4.25888219218955, 27.756259822452, 3.22942497472077));
#1452 = CARTESIAN_POINT ('', (15.2630384844884, 22.6160176719888, 3.22942497472077));
#1453 = B_SPLINE_CURVE_WITH_KNOTS ('', 1, (#1451, #1452), .UNSPECIFIED., .F., .U., (2, 2), (0., 1.), .UNSPECIFIED.);
#1454 = EDGE_CURVE ('', #1372, #1445, #1453, .T.);
#1455 = ORIENTED_EDGE ('', *, *, #1454, .F.);
#1456 = ORIENTED_EDGE ('', *, *, #1376, .T.);
#1457 = EDGE_LOOP ('', (#1422, #1429, #1436, #1443, #1450, #1455, #1456));
#1458 = FACE_OUTER_BOUND ('', #1457, .T.);
#1459 = CARTESIAN_POINT ('', (-4.25889085668481, 27.756254962469, -2.17077142648074));
#1460 = CARTESIAN_POINT ('', (-4.25889085668481, 27.756254962469, 4.52942497472077));
#1461 = CARTESIAN_POINT ('', (125.601984927135, -6.43732951315067, -2.17077142648074));
#1462 = CARTESIAN_POINT ('', (125.601984927135, -6.43732951315067, 4.52942497472077));
#1463 = B_SPLINE_SURFACE_WITH_KNOTS ('', 1, 1, ((#1459, #1460), (#1461, #1462)), .UNSPECIFIED., .F., .F., .U., (2, 2), (2, 2), (0., 1.), (0., 1.), .UNSPECIFIED.);
#1464 = ADVANCED_FACE ('', (#1458), #1463, .T.);
#1465 = CARTESIAN_POINT ('', (126.365875783819, -6.53621407955039, -2.17077142648073));
#1466 = VERTEX_POINT ('', #1465);
#1467 = CARTESIAN_POINT ('', (125.601984927134, -6.43732951315063, -2.17077142648074));
#1468 = CARTESIAN_POINT ('', (125.851654007055, -6.50306971953455, -2.17077142648074));
#1469 = CARTESIAN_POINT ('', (126.107696729278, -6.5362140795504, -2.17077142648074));
#1470 = CARTESIAN_POINT ('', (126.365875783819, -6.5362140795504, -2.17077142648074));
#1471 = (
   BOUNDED_CURVE ()
   B_SPLINE_CURVE (3, (#1467, #1468, #1469, #1470), .UNSPECIFIED., .F., .U.)
   B_SPLINE_CURVE_WITH_KNOTS ((4, 4), (0., 1.), .UNSPECIFIED.)
   CURVE ()
   GEOMETRIC_REPRESENTATION_ITEM ()
   RATIONAL_B_SPLINE_CURVE ((1., 0.994483589892434, 0.994483589892434, 1.))
   REPRESENTATION_ITEM ('')
);
#1472 = EDGE_CURVE ('', #1415, #1466, #1471, .T.);
#1473 = ORIENTED_EDGE ('', *, *, #1472, .T.);
#1474 = CARTESIAN_POINT ('', (126.365875783819, -6.5362140795504, 4.52942497472077));
#1475 = VERTEX_POINT ('', #1474);
#1476 = CARTESIAN_POINT ('', (126.365875783819, -6.5362140795504, -2.17077142648073));
#1477 = CARTESIAN_POINT ('', (126.365875783819, -6.5362140795504, 4.52942497472077));
#1478 = B_SPLINE_CURVE_WITH_KNOTS ('', 1, (#1476, #1477), .UNSPECIFIED., .F., .U., (2, 2), (0., 1.), .UNSPECIFIED.);
#1479 = EDGE_CURVE ('', #1466, #1475, #1478, .T.);
#1480 = ORIENTED_EDGE ('', *, *, #1479, .T.);
#1481 = CARTESIAN_POINT ('', (126.365875783819, -6.5362140795504, 4.52942497472077));
#1482 = CARTESIAN_POINT ('', (126.107696729278, -6.5362140795504, 4.52942497472077));
#1483 = CARTESIAN_POINT ('', (125.851654007055, -6.50306971953454, 4.52942497472077));
#1484 = CARTESIAN_POINT ('', (125.601984927134, -6.43732951315063, 4.52942497472077));
#1485 = (
   BOUNDED_CURVE ()
   B_SPLINE_CURVE (3, (#1481, #1482, #1483, #1484), .UNSPECIFIED., .F., .U.)
   B_SPLINE_CURVE_WITH_KNOTS ((4, 4), (0., 1.), .UNSPECIFIED.)
   CURVE ()
   GEOMETRIC_REPRESENTATION_ITEM ()
   RATIONAL_B_SPLINE_CURVE ((1., 0.994483589892435, 0.994483589892435, 1.))
   REPRESENTATION_ITEM ('')
);
#1486 = EDGE_CURVE ('', #1475, #1424, #1485, .T.);
#1487 = ORIENTED_EDGE ('', *, *, #1486, .T.);
#1488 = ORIENTED_EDGE ('', *, *, #1428, .T.);
#1489 = EDGE_LOOP ('', (#1473, #1480, #1487, #1488));
#1490 = FACE_OUTER_BOUND ('', #1489, .T.);
#1491 = CARTESIAN_POINT ('', (126.365875783819, -6.5362140795504, 5.19944461484093));
#1492 = CARTESIAN_POINT ('', (126.365875783819, -6.5362140795504, -2.84079106660089));
#1493 = CARTESIAN_POINT ('', (126.107696729278, -6.5362140795504, 5.19944461484093));
#1494 = CARTESIAN_POINT ('', (126.107696729278, -6.5362140795504, -2.84079106660089));
#1495 = CARTESIAN_POINT ('', (125.851654007055, -6.50306971953455, 5.19944461484093));
#1496 = CARTESIAN_POINT ('', (125.851654007055, -6.50306971953455, -2.84079106660089));
#1497 = CARTESIAN_POINT ('', (125.601984927134, -6.43732951315063, 5.19944461484093));
#1498 = CARTESIAN_POINT ('', (125.601984927134, -6.43732951315063, -2.84079106660089));
#1499 = (
   BOUNDED_SURFACE ()
   B_SPLINE_SURFACE (3, 1, ((#1491, #1492), (#1493, #1494), (#1495, #1496), (#1497, #1498)), .UNSPECIFIED., .F., .F., .U.)
   B_SPLINE_SURFACE_WITH_KNOTS ((4, 4), (2, 2), (0., 1.), (0., 1.), .UNSPECIFIED.)
   GEOMETRIC_REPRESENTATION_ITEM ()
   RATIONAL_B_SPLINE_SURFACE (((1., 1.), (0.994483589892434, 0.994483589892434), (0.994483589892434, 0.994483589892434), (1., 1.)))
   REPRESENTATION_ITEM ('')
   SURFACE ()
);
#1500 = ADVANCED_FACE ('', (#1490), #1499, .T.);
#1501 = CARTESIAN_POINT ('', (147.364999999998, -6.53621407955039, -2.17077142648073));
#1502 = VERTEX_POINT ('', #1501);
#1503 = CARTESIAN_POINT ('', (126.365875783819, -6.53621407955041, -2.17077142648073));
#1504 = CARTESIAN_POINT ('', (147.364999999998, -6.53621407955039, -2.17077142648073));
#1505 = B_SPLINE_CURVE_WITH_KNOTS ('', 1, (#1503, #1504), .UNSPECIFIED., .F., .U., (2, 2), (0., 1.), .UNSPECIFIED.);
#1506 = EDGE_CURVE ('', #1466, #1502, #1505, .T.);
#1507 = ORIENTED_EDGE ('', *, *, #1506, .T.);
#1508 = CARTESIAN_POINT ('', (147.364999999998, -6.53621407955044, 4.52942497472077));
#1509 = VERTEX_POINT ('', #1508);
#1510 = CARTESIAN_POINT ('', (147.364999999998, -6.53621407955039, -2.17077142648073));
#1511 = CARTESIAN_POINT ('', (147.364999999998, -6.53621407955039, 4.52942497472077));
#1512 = B_SPLINE_CURVE_WITH_KNOTS ('', 1, (#1510, #1511), .UNSPECIFIED., .F., .U., (2, 2), (0., 1.), .UNSPECIFIED.);
#1513 = EDGE_CURVE ('', #1502, #1509, #1512, .T.);
#1514 = ORIENTED_EDGE ('', *, *, #1513, .T.);
#1515 = CARTESIAN_POINT ('', (126.365875783819, -6.53621407955044, 4.52942497472077));
#1516 = CARTESIAN_POINT ('', (147.364999999998, -6.53621407955044, 4.52942497472077));
#1517 = B_SPLINE_CURVE_WITH_KNOTS ('', 1, (#1515, #1516), .UNSPECIFIED., .F., .U., (2, 2), (0., 1.), .UNSPECIFIED.);
#1518 = EDGE_CURVE ('', #1475, #1509, #1517, .T.);
#1519 = ORIENTED_EDGE ('', *, *, #1518, .F.);
#1520 = ORIENTED_EDGE ('', *, *, #1479, .F.);
#1521 = EDGE_LOOP ('', (#1507, #1514, #1519, #1520));
#1522 = FACE_OUTER_BOUND ('', #1521, .T.);
#1523 = CARTESIAN_POINT ('', (126.365875783819, -6.53621407955041, -2.17077142648073));
#1524 = CARTESIAN_POINT ('', (126.365875783819, -6.53621407955041, 4.52942497472077));
#1525 = CARTESIAN_POINT ('', (147.364999999998, -6.53621407955039, -2.17077142648073));
#1526 = CARTESIAN_POINT ('', (147.364999999998, -6.53621407955039, 4.52942497472077));
#1527 = B_SPLINE_SURFACE_WITH_KNOTS ('', 1, 1, ((#1523, #1524), (#1525, #1526)), .UNSPECIFIED., .F., .F., .U., (2, 2), (2, 2), (0., 1.), (0., 1.), .UNSPECIFIED.);
#1528 = ADVANCED_FACE ('', (#1522), #1527, .T.);
#1529 = CARTESIAN_POINT ('', (150.364999999998, -3.53621407955038, -2.17077142648073));
#1530 = CARTESIAN_POINT ('', (150.364999999998, -3.93403881430971, -2.17077142648073));
#1531 = CARTESIAN_POINT ('', (150.288879532509, -4.3167222466748, -2.17077142648073));
#1532 = CARTESIAN_POINT ('', (150.136638597532, -4.68426437664566, -2.17077142648073));
#1533 = CARTESIAN_POINT ('', (149.984397662554, -5.05180650661651, -2.17077142648073));
#1534 = CARTESIAN_POINT ('', (149.76762491123, -5.37622985543799, -2.17077142648073));
#1535 = CARTESIAN_POINT ('', (149.486320343557, -5.65753442311004, -2.17077142648073));
#1536 = CARTESIAN_POINT ('', (149.205015775885, -5.93883899078209, -2.17077142648073));
#1537 = CARTESIAN_POINT ('', (148.880592427064, -6.15561174210684, -2.17077142648073));
#1538 = CARTESIAN_POINT ('', (148.513050297093, -6.30785267708427, -2.17077142648073));
#1539 = CARTESIAN_POINT ('', (148.145508167122, -6.4600936120617, -2.17077142648073));
#1540 = CARTESIAN_POINT ('', (147.762824734757, -6.53621407955041, -2.17077142648073));
#1541 = CARTESIAN_POINT ('', (147.364999999998, -6.53621407955041, -2.17077142648073));
#1542 = B_SPLINE_CURVE_WITH_KNOTS ('', 3, (#1529, #1530, #1531, #1532, #1533, #1534, #1535, #1536, #1537, #1538, #1539, #1540, #1541), .UNSPECIFIED., .F., .U., (4, 3, 3, 3, 4), (0., 0.25, 0.5, 0.75, 1.), .UNSPECIFIED.);
#1543 = EDGE_CURVE ('', #128, #1502, #1542, .T.);
#1544 = ORIENTED_EDGE ('', *, *, #1543, .F.);
#1545 = ORIENTED_EDGE ('', *, *, #173, .F.);
#1546 = CARTESIAN_POINT ('', (147.364999999998, -6.53621407955044, 4.52942497472077));
#1547 = CARTESIAN_POINT ('', (147.762824734757, -6.53621407955044, 4.52942497472077));
#1548 = CARTESIAN_POINT ('', (148.145508167122, -6.4600936120617, 4.52942497472077));
#1549 = CARTESIAN_POINT ('', (148.513050297093, -6.30785267708427, 4.52942497472077));
#1550 = CARTESIAN_POINT ('', (148.880592427064, -6.15561174210684, 4.52942497472077));
#1551 = CARTESIAN_POINT ('', (149.205015775885, -5.93883899078209, 4.52942497472077));
#1552 = CARTESIAN_POINT ('', (149.486320343557, -5.65753442311005, 4.52942497472077));
#1553 = CARTESIAN_POINT ('', (149.767624911229, -5.37622985543802, 4.52942497472077));
#1554 = CARTESIAN_POINT ('', (149.984397662554, -5.05180650661658, 4.52942497472077));
#1555 = CARTESIAN_POINT ('', (150.136638597532, -4.68426437664568, 4.52942497472077));
#1556 = CARTESIAN_POINT ('', (150.288879532509, -4.31672224667479, 4.52942497472077));
#1557 = CARTESIAN_POINT ('', (150.364999999998, -3.9340388143097, 4.52942497472077));
#1558 = CARTESIAN_POINT ('', (150.364999999998, -3.53621407955042, 4.52942497472077));
#1559 = B_SPLINE_CURVE_WITH_KNOTS ('', 3, (#1546, #1547, #1548, #1549, #1550, #1551, #1552, #1553, #1554, #1555, #1556, #1557, #1558), .UNSPECIFIED., .F., .U., (4, 3, 3, 3, 4), (0., 0.25, 0.5, 0.75, 1.), .UNSPECIFIED.);
#1560 = EDGE_CURVE ('', #1509, #164, #1559, .T.);
#1561 = ORIENTED_EDGE ('', *, *, #1560, .F.);
#1562 = ORIENTED_EDGE ('', *, *, #1513, .F.);
#1563 = EDGE_LOOP ('', (#1544, #1545, #1561, #1562));
#1564 = FACE_OUTER_BOUND ('', #1563, .T.);
#1565 = CARTESIAN_POINT ('', (150.364999999998, -3.53621407955038, 5.19944461484093));
#1566 = CARTESIAN_POINT ('', (150.364999999998, -3.53621407955038, -2.84079106660089));
#1567 = CARTESIAN_POINT ('', (150.364999999998, -5.29357339243111, 5.19944461484092));
#1568 = CARTESIAN_POINT ('', (150.364999999998, -5.29357339243111, -2.84079106660089));
#1569 = CARTESIAN_POINT ('', (149.122359312879, -6.53621407955041, 5.19944461484092));
#1570 = CARTESIAN_POINT ('', (149.122359312879, -6.53621407955041, -2.84079106660089));
#1571 = CARTESIAN_POINT ('', (147.364999999998, -6.53621407955041, 5.19944461484093));
#1572 = CARTESIAN_POINT ('', (147.364999999998, -6.53621407955041, -2.84079106660089));
#1573 = (
   BOUNDED_SURFACE ()
   B_SPLINE_SURFACE (3, 1, ((#1565, #1566), (#1567, #1568), (#1569, #1570), (#1571, #1572)), .UNSPECIFIED., .F., .F., .U.)
   B_SPLINE_SURFACE_WITH_KNOTS ((4, 4), (2, 2), (0., 1.), (0., 1.), .UNSPECIFIED.)
   GEOMETRIC_REPRESENTATION_ITEM ()
   RATIONAL_B_SPLINE_SURFACE (((1., 1.), (0.804737854124362, 0.804737854124362), (0.804737854124362, 0.804737854124362), (1., 1.)))
   REPRESENTATION_ITEM ('')
   SURFACE ()
);
#1574 = ADVANCED_FACE ('', (#1564), #1573, .T.);
#1575 = CARTESIAN_POINT ('', (149.364999999998, 8.49999999996811, 4.52942497472077));
#1576 = VERTEX_POINT ('', #1575);
#1577 = CARTESIAN_POINT ('', (150.364999999998, 7.49999999996812, 4.52942497472077));
#1578 = CARTESIAN_POINT ('', (150.364999999998, 7.63260824488789, 4.52942497472077));
#1579 = CARTESIAN_POINT ('', (150.339626510835, 7.76016938900958, 4.52942497472077));
#1580 = CARTESIAN_POINT ('', (150.288879532509, 7.8826834323332, 4.52942497472077));
#1581 = CARTESIAN_POINT ('', (150.238132554183, 8.00519747565683, 4.52942497472077));
#1582 = CARTESIAN_POINT ('', (150.165874970408, 8.11333859193065, 4.52942497472077));
#1583 = CARTESIAN_POINT ('', (150.072106781184, 8.20710678115466, 4.52942497472077));
#1584 = CARTESIAN_POINT ('', (149.97833859196, 8.30087497037867, 4.52942497472077));
#1585 = CARTESIAN_POINT ('', (149.870197475687, 8.37313255415358, 4.52942497472077));
#1586 = CARTESIAN_POINT ('', (149.747683432363, 8.4238795324794, 4.52942497472077));
#1587 = CARTESIAN_POINT ('', (149.625169389039, 8.47462651080522, 4.52942497472077));
#1588 = CARTESIAN_POINT ('', (149.497608244918, 8.49999999996814, 4.52942497472077));
#1589 = CARTESIAN_POINT ('', (149.364999999998, 8.49999999996814, 4.52942497472077));
#1590 = B_SPLINE_CURVE_WITH_KNOTS ('', 3, (#1577, #1578, #1579, #1580, #1581, #1582, #1583, #1584, #1585, #1586, #1587, #1588, #1589), .UNSPECIFIED., .F., .U., (4, 3, 3, 3, 4), (0., 0.25, 0.5, 0.75, 1.), .UNSPECIFIED.);
#1591 = EDGE_CURVE ('', #157, #1576, #1590, .T.);
#1592 = ORIENTED_EDGE ('', *, *, #1591, .T.);
#1593 = CARTESIAN_POINT ('', (146.865, 8.49999999996811, 4.52942497472077));
#1594 = VERTEX_POINT ('', #1593);
#1595 = CARTESIAN_POINT ('', (146.865, 8.49999999996811, 4.52942497472077));
#1596 = CARTESIAN_POINT ('', (149.364999999998, 8.49999999996811, 4.52942497472077));
#1597 = B_SPLINE_CURVE_WITH_KNOTS ('', 1, (#1595, #1596), .UNSPECIFIED., .F., .U., (2, 2), (0., 1.), .UNSPECIFIED.);
#1598 = EDGE_CURVE ('', #1594, #1576, #1597, .T.);
#1599 = ORIENTED_EDGE ('', *, *, #1598, .F.);
#1600 = CARTESIAN_POINT ('', (145.864999999998, 7.49999999996819, 4.52942497472077));
#1601 = VERTEX_POINT ('', #1600);
#1602 = CARTESIAN_POINT ('', (146.865, 8.49999999996814, 4.52942497472077));
#1603 = CARTESIAN_POINT ('', (146.73239175508, 8.49999999996814, 4.52942497472077));
#1604 = CARTESIAN_POINT ('', (146.604830610958, 8.47462651080524, 4.52942497472077));
#1605 = CARTESIAN_POINT ('', (146.482316567634, 8.42387953247943, 4.52942497472077));
#1606 = CARTESIAN_POINT ('', (146.359802524311, 8.37313255415362, 4.52942497472077));
#1607 = CARTESIAN_POINT ('', (146.251661408037, 8.30087497037871, 4.52942497472077));
#1608 = CARTESIAN_POINT ('', (146.157893218813, 8.2071067811547, 4.52942497472077));
#1609 = CARTESIAN_POINT ('', (146.064125029589, 8.11333859193069, 4.52942497472077));
#1610 = CARTESIAN_POINT ('', (145.991867445814, 8.00519747565687, 4.52942497472077));
#1611 = CARTESIAN_POINT ('', (145.941120467488, 7.88268343233326, 4.52942497472077));
#1612 = CARTESIAN_POINT ('', (145.890373489162, 7.76016938900965, 4.52942497472077));
#1613 = CARTESIAN_POINT ('', (145.865, 7.63260824488796, 4.52942497472077));
#1614 = CARTESIAN_POINT ('', (145.865, 7.49999999996819, 4.52942497472077));
#1615 = B_SPLINE_CURVE_WITH_KNOTS ('', 3, (#1602, #1603, #1604, #1605, #1606, #1607, #1608, #1609, #1610, #1611, #1612, #1613, #1614), .UNSPECIFIED., .F., .U., (4, 3, 3, 3, 4), (0., 0.25, 0.5, 0.75, 1.), .UNSPECIFIED.);
#1616 = EDGE_CURVE ('', #1594, #1601, #1615, .T.);
#1617 = ORIENTED_EDGE ('', *, *, #1616, .T.);
#1618 = CARTESIAN_POINT ('', (145.864999999998, 0.963785920449437, 4.52942497472077));
#1619 = VERTEX_POINT ('', #1618);
#1620 = CARTESIAN_POINT ('', (145.864999999998, 0.963785920449437, 4.52942497472077));
#1621 = CARTESIAN_POINT ('', (145.864999999998, 7.49999999996819, 4.52942497472077));
#1622 = B_SPLINE_CURVE_WITH_KNOTS ('', 1, (#1620, #1621), .UNSPECIFIED., .F., .U., (2, 2), (0., 1.), .UNSPECIFIED.);
#1623 = EDGE_CURVE ('', #1619, #1601, #1622, .T.);
#1624 = ORIENTED_EDGE ('', *, *, #1623, .F.);
#1625 = CARTESIAN_POINT ('', (142.864999999998, -2.03621407955045, 4.52942497472077));
#1626 = VERTEX_POINT ('', #1625);
#1627 = CARTESIAN_POINT ('', (145.864999999999, 0.963785920449433, 4.52942497472077));
#1628 = CARTESIAN_POINT ('', (145.864999999999, 0.565961185690202, 4.52942497472077));
#1629 = CARTESIAN_POINT ('', (145.78887953251, 0.183277753325051, 4.52942497472077));
#1630 = CARTESIAN_POINT ('', (145.636638597533, -0.184264376645783, 4.52942497472077));
#1631 = CARTESIAN_POINT ('', (145.484397662555, -0.551806506616616, 4.52942497472077));
#1632 = CARTESIAN_POINT ('', (145.267624911231, -0.876229855438059, 4.52942497472077));
#1633 = CARTESIAN_POINT ('', (144.986320343559, -1.1575344231101, 4.52942497472077));
#1634 = CARTESIAN_POINT ('', (144.705015775887, -1.43883899078213, 4.52942497472077));
#1635 = CARTESIAN_POINT ('', (144.380592427065, -1.65561174210685, 4.52942497472077));
#1636 = CARTESIAN_POINT ('', (144.013050297094, -1.80785267708427, 4.52942497472077));
#1637 = CARTESIAN_POINT ('', (143.645508167123, -1.96009361206168, 4.52942497472077));
#1638 = CARTESIAN_POINT ('', (143.262824734758, -2.03621407955039, 4.52942497472077));
#1639 = CARTESIAN_POINT ('', (142.864999999999, -2.03621407955039, 4.52942497472077));
#1640 = B_SPLINE_CURVE_WITH_KNOTS ('', 3, (#1627, #1628, #1629, #1630, #1631, #1632, #1633, #1634, #1635, #1636, #1637, #1638, #1639), .UNSPECIFIED., .F., .U., (4, 3, 3, 3, 4), (0., 0.25, 0.5, 0.75, 1.), .UNSPECIFIED.);
#1641 = EDGE_CURVE ('', #1619, #1626, #1640, .T.);
#1642 = ORIENTED_EDGE ('', *, *, #1641, .T.);
#1643 = CARTESIAN_POINT ('', (126.948394274392, -2.03621407955042, 4.52942497472077));
#1644 = VERTEX_POINT ('', #1643);
#1645 = CARTESIAN_POINT ('', (126.948394274392, -2.03621407955043, 4.52942497472077));
#1646 = CARTESIAN_POINT ('', (142.864999999999, -2.03621407955046, 4.52942497472077));
#1647 = B_SPLINE_CURVE_WITH_KNOTS ('', 1, (#1645, #1646), .UNSPECIFIED., .F., .U., (2, 2), (0., 1.), .UNSPECIFIED.);
#1648 = EDGE_CURVE ('', #1644, #1626, #1647, .T.);
#1649 = ORIENTED_EDGE ('', *, *, #1648, .F.);
#1650 = CARTESIAN_POINT ('', (126.184503417708, -1.93732951315061, 4.52942497472077));
#1651 = VERTEX_POINT ('', #1650);
#1652 = CARTESIAN_POINT ('', (126.948394274392, -2.03621407955039, 4.52942497472077));
#1653 = CARTESIAN_POINT ('', (126.689497167471, -2.03621407955039, 4.52942497472077));
#1654 = CARTESIAN_POINT ('', (126.434866881909, -2.00325255741713, 4.52942497472077));
#1655 = CARTESIAN_POINT ('', (126.184503417708, -1.93732951315061, 4.52942497472077));
#1656 = B_SPLINE_CURVE_WITH_KNOTS ('', 3, (#1652, #1653, #1654, #1655), .UNSPECIFIED., .F., .U., (4, 4), (0., 1.), .UNSPECIFIED.);
#1657 = EDGE_CURVE ('', #1644, #1651, #1656, .T.);
#1658 = ORIENTED_EDGE ('', *, *, #1657, .T.);
#1659 = CARTESIAN_POINT ('', (87.0027442677881, 8.37959452813243, 4.52942497472077));
#1660 = VERTEX_POINT ('', #1659);
#1661 = CARTESIAN_POINT ('', (126.184503417708, -1.93732951315062, 4.52942497472077));
#1662 = CARTESIAN_POINT ('', (113.123917034401, 1.50164516727708, 4.52942497472077));
#1663 = CARTESIAN_POINT ('', (100.063330651095, 4.94061984770478, 4.52942497472077));
#1664 = CARTESIAN_POINT ('', (87.0027442677882, 8.37959452813248, 4.52942497472077));
#1665 = B_SPLINE_CURVE_WITH_KNOTS ('', 3, (#1661, #1662, #1663, #1664), .UNSPECIFIED., .F., .U., (4, 4), (0., 1.), .UNSPECIFIED.);
#1666 = EDGE_CURVE ('', #1651, #1660, #1665, .T.);
#1667 = ORIENTED_EDGE ('', *, *, #1666, .T.);
#1668 = CARTESIAN_POINT ('', (85.7810760077702, 7.66718824767854, 4.52942497472077));
#1669 = VERTEX_POINT ('', #1668);
#1670 = CARTESIAN_POINT ('', (87.0027442677882, 8.37959452813247, 4.52942497472077));
#1671 = CARTESIAN_POINT ('', (86.8745071580931, 8.41336055979368, 4.52942497472077));
#1672 = CARTESIAN_POINT ('', (86.7446899279027, 8.42130437222175, 4.52942497472077));
#1673 = CARTESIAN_POINT ('', (86.613292577217, 8.40342596541667, 4.52942497472077));
#1674 = CARTESIAN_POINT ('', (86.4818952265313, 8.38554755861159, 4.52942497472077));
#1675 = CARTESIAN_POINT ('', (86.3589197582585, 8.34320784187575, 4.52942497472077));
#1676 = CARTESIAN_POINT ('', (86.2443661723984, 8.27640681520915, 4.52942497472077));
#1677 = CARTESIAN_POINT ('', (86.1298125865384, 8.20960578854255, 4.52942497472077));
#1678 = CARTESIAN_POINT ('', (86.0324007339324, 8.12342836468884, 4.52942497472077));
#1679 = CARTESIAN_POINT ('', (85.9521306145804, 8.01787454364802, 4.52942497472077));
#1680 = CARTESIAN_POINT ('', (85.8718604952284, 7.91232072260719, 4.52942497472077));
#1681 = CARTESIAN_POINT ('', (85.8148422929583, 7.79542529061737, 4.52942497472077));
#1682 = CARTESIAN_POINT ('', (85.7810760077702, 7.66718824767854, 4.52942497472077));
#1683 = B_SPLINE_CURVE_WITH_KNOTS ('', 3, (#1670, #1671, #1672, #1673, #1674, #1675, #1676, #1677, #1678, #1679, #1680, #1681, #1682), .UNSPECIFIED., .F., .U., (4, 3, 3, 3, 4), (0., 0.25, 0.5, 0.75, 1.), .UNSPECIFIED.);
#1684 = EDGE_CURVE ('', #1660, #1669, #1683, .T.);
#1685 = ORIENTED_EDGE ('', *, *, #1684, .T.);
#1686 = CARTESIAN_POINT ('', (85.144495514237, 5.24959331153283, 4.52942497472077));
#1687 = VERTEX_POINT ('', #1686);
#1688 = CARTESIAN_POINT ('', (85.144495514237, 5.24959331153283, 4.52942497472077));
#1689 = CARTESIAN_POINT ('', (85.7810760077702, 7.66718824767854, 4.52942497472077));
#1690 = B_SPLINE_CURVE_WITH_KNOTS ('', 1, (#1688, #1689), .UNSPECIFIED., .F., .U., (2, 2), (0., 1.), .UNSPECIFIED.);
#1691 = EDGE_CURVE ('', #1687, #1669, #1690, .T.);
#1692 = ORIENTED_EDGE ('', *, *, #1691, .F.);
#1693 = CARTESIAN_POINT ('', (85.144495514237, 5.24959331153283, 4.52942497472077));
#1694 = CARTESIAN_POINT ('', (85.1107291418271, 5.12135593734481, 4.52942497472077));
#1695 = CARTESIAN_POINT ('', (85.1027851171717, 4.99153839636517, 4.52942497472077));
#1696 = CARTESIAN_POINT ('', (85.1206634402708, 4.86014068859394, 4.52942497472077));
#1697 = CARTESIAN_POINT ('', (85.1385417633698, 4.72874298082271, 4.52942497472077));
#1698 = CARTESIAN_POINT ('', (85.1808815245296, 4.60576718605536, 4.52942497472077));
#1699 = CARTESIAN_POINT ('', (85.2476827237499, 4.49121330429188, 4.52942497472077));
#1700 = CARTESIAN_POINT ('', (85.3144839229703, 4.3766594225284, 4.52942497472077));
#1701 = CARTESIAN_POINT ('', (85.4006616091029, 4.27924737046833, 4.52942497472077));
#1702 = CARTESIAN_POINT ('', (85.5062157821478, 4.19897714811168, 4.52942497472077));
#1703 = CARTESIAN_POINT ('', (85.6117699551926, 4.11870692575504, 4.52942497472077));
#1704 = CARTESIAN_POINT ('', (85.7286657621873, 4.06168875513558, 4.52942497472077));
#1705 = CARTESIAN_POINT ('', (85.8569032031318, 4.0279226362533, 4.52942497472077));
#1706 = B_SPLINE_CURVE_WITH_KNOTS ('', 3, (#1693, #1694, #1695, #1696, #1697, #1698, #1699, #1700, #1701, #1702, #1703, #1704, #1705), .UNSPECIFIED., .F., .U., (4, 3, 3, 3, 4), (0., 0.25, 0.5, 0.75, 1.), .UNSPECIFIED.);
#1707 = EDGE_CURVE ('', #1687, #1431, #1706, .T.);
#1708 = ORIENTED_EDGE ('', *, *, #1707, .T.);
#1709 = ORIENTED_EDGE ('', *, *, #1435, .F.);
#1710 = ORIENTED_EDGE ('', *, *, #1486, .F.);
#1711 = ORIENTED_EDGE ('', *, *, #1518, .T.);
#1712 = ORIENTED_EDGE ('', *, *, #1560, .T.);
#1713 = ORIENTED_EDGE ('', *, *, #168, .T.);
#1714 = EDGE_LOOP ('', (#1592, #1599, #1617, #1624, #1642, #1649, #1658, #1667, #1685, #1692, #1708, #1709, #1710, #1711, #1712, #1713));
#1715 = FACE_OUTER_BOUND ('', #1714, .T.);
#1716 = CARTESIAN_POINT ('', (87.313908741545, 5.69452859094417, 4.52942497472077));
#1717 = VERTEX_POINT ('', #1716);
#1718 = CARTESIAN_POINT ('', (87.313908741545, 5.69452859094416, 4.52942497472077));
#1719 = CARTESIAN_POINT ('', (87.313908741545, 5.83376724810994, 4.52942497472077));
#1720 = CARTESIAN_POINT ('', (87.3405509051661, 5.96770644943771, 4.52942497472077));
#1721 = CARTESIAN_POINT ('', (87.3938352324082, 6.09634619492751, 4.52942497472077));
#1722 = CARTESIAN_POINT ('', (87.4471195596503, 6.22498594041731, 4.52942497472077));
#1723 = CARTESIAN_POINT ('', (87.5229900226139, 6.33853411250482, 4.52942497472077));
#1724 = CARTESIAN_POINT ('', (87.6214466212991, 6.43699071119004, 4.52942497472077));
#1725 = CARTESIAN_POINT ('', (87.7199032199844, 6.53544730987526, 4.52942497472077));
#1726 = CARTESIAN_POINT ('', (87.8334513920719, 6.61131777283892, 4.52942497472077));
#1727 = CARTESIAN_POINT ('', (87.9620911375617, 6.66460210008102, 4.52942497472077));
#1728 = CARTESIAN_POINT ('', (88.0907308830515, 6.71788642732312, 4.52942497472077));
#1729 = CARTESIAN_POINT ('', (88.2246700843793, 6.74452859094416, 4.52942497472077));
#1730 = CARTESIAN_POINT ('', (88.363908741545, 6.74452859094416, 4.52942497472077));
#1731 = CARTESIAN_POINT ('', (88.5031473987108, 6.74452859094416, 4.52942497472077));
#1732 = CARTESIAN_POINT ('', (88.6370866000386, 6.71788642732311, 4.52942497472077));
#1733 = CARTESIAN_POINT ('', (88.7657263455284, 6.66460210008102, 4.52942497472077));
#1734 = CARTESIAN_POINT ('', (88.8943660910182, 6.61131777283892, 4.52942497472077));
#1735 = CARTESIAN_POINT ('', (89.0079142631057, 6.53544730987526, 4.52942497472077));
#1736 = CARTESIAN_POINT ('', (89.1063708617909, 6.43699071119004, 4.52942497472077));
#1737 = CARTESIAN_POINT ('', (89.2048274604761, 6.33853411250482, 4.52942497472077));
#1738 = CARTESIAN_POINT ('', (89.2806979234398, 6.2249859404173, 4.52942497472077));
#1739 = CARTESIAN_POINT ('', (89.3339822506819, 6.09634619492751, 4.52942497472077));
#1740 = CARTESIAN_POINT ('', (89.387266577924, 5.96770644943772, 4.52942497472077));
#1741 = CARTESIAN_POINT ('', (89.413908741545, 5.83376724810994, 4.52942497472077));
#1742 = CARTESIAN_POINT ('', (89.413908741545, 5.69452859094417, 4.52942497472077));
#1743 = CARTESIAN_POINT ('', (89.413908741545, 5.5552899337784, 4.52942497472077));
#1744 = CARTESIAN_POINT ('', (89.387266577924, 5.42135073245062, 4.52942497472077));
#1745 = CARTESIAN_POINT ('', (89.3339822506819, 5.29271098696082, 4.52942497472077));
#1746 = CARTESIAN_POINT ('', (89.2806979234398, 5.16407124147102, 4.52942497472077));
#1747 = CARTESIAN_POINT ('', (89.2048274604761, 5.05052306938351, 4.52942497472077));
#1748 = CARTESIAN_POINT ('', (89.1063708617909, 4.95206647069829, 4.52942497472077));
#1749 = CARTESIAN_POINT ('', (89.0079142631057, 4.85360987201307, 4.52942497472077));
#1750 = CARTESIAN_POINT ('', (88.8943660910182, 4.77773940904941, 4.52942497472077));
#1751 = CARTESIAN_POINT ('', (88.7657263455284, 4.72445508180731, 4.52942497472077));
#1752 = CARTESIAN_POINT ('', (88.6370866000386, 4.67117075456521, 4.52942497472077));
#1753 = CARTESIAN_POINT ('', (88.5031473987108, 4.64452859094417, 4.52942497472077));
#1754 = CARTESIAN_POINT ('', (88.363908741545, 4.64452859094417, 4.52942497472077));
#1755 = CARTESIAN_POINT ('', (88.2246700843793, 4.64452859094417, 4.52942497472077));
#1756 = CARTESIAN_POINT ('', (88.0907308830515, 4.67117075456522, 4.52942497472077));
#1757 = CARTESIAN_POINT ('', (87.9620911375617, 4.72445508180731, 4.52942497472077));
#1758 = CARTESIAN_POINT ('', (87.8334513920719, 4.77773940904941, 4.52942497472077));
#1759 = CARTESIAN_POINT ('', (87.7199032199844, 4.85360987201307, 4.52942497472077));
#1760 = CARTESIAN_POINT ('', (87.6214466212992, 4.95206647069829, 4.52942497472077));
#1761 = CARTESIAN_POINT ('', (87.522990022614, 5.05052306938351, 4.52942497472077));
#1762 = CARTESIAN_POINT ('', (87.4471195596503, 5.16407124147103, 4.52942497472077));
#1763 = CARTESIAN_POINT ('', (87.3938352324082, 5.29271098696082, 4.52942497472077));
#1764 = CARTESIAN_POINT ('', (87.3405509051661, 5.42135073245061, 4.52942497472077));
#1765 = CARTESIAN_POINT ('', (87.313908741545, 5.5552899337784, 4.52942497472077));
#1766 = CARTESIAN_POINT ('', (87.313908741545, 5.69452859094416, 4.52942497472077));
#1767 = B_SPLINE_CURVE_WITH_KNOTS ('', 3, (#1718, #1719, #1720, #1721, #1722, #1723, #1724, #1725, #1726, #1727, #1728, #1729, #1730, #1731, #1732, #1733, #1734, #1735, #1736, #1737, #1738, #1739, #1740, #1741, #1742, #1743, #1744, #1745, #1746, #1747, #1748, #1749, #1750, #1751, #1752, #1753, #1754, #1755, #1756, #1757, #1758, #1759, #1760, #1761, #1762, #1763, #1764, #1765, #1766), .UNSPECIFIED., .T., .U., (4, 3, 3, 3, 3, 3, 3, 3, 3, 3, 3, 3, 3, 3, 3, 3, 4), (0., 0.0625, 0.125, 0.1875, 0.25, 0.3125, 0.375, 0.4375, 0.5, 0.5625, 0.625, 0.6875, 0.75, 0.8125, 0.875, 0.9375, 1.), .UNSPECIFIED.);
#1768 = EDGE_CURVE ('', #1717, #1717, #1767, .T.);
#1769 = ORIENTED_EDGE ('', *, *, #1768, .T.);
#1770 = EDGE_LOOP ('', (#1769));
#1771 = FACE_BOUND ('', #1770, .T.);
#1772 = CARTESIAN_POINT ('', (145.186320343559, -3.42684552819996, 4.52942497472077));
#1773 = VERTEX_POINT ('', #1772);
#1774 = CARTESIAN_POINT ('', (145.186320343559, -3.42684552819996, 4.52942497472077));
#1775 = CARTESIAN_POINT ('', (145.186320343559, -3.15499862611444, 4.52942497472077));
#1776 = CARTESIAN_POINT ('', (145.238335996343, -2.89349828066495, 4.52942497472077));
#1777 = CARTESIAN_POINT ('', (145.342367301911, -2.64234449185153, 4.52942497472077));
#1778 = CARTESIAN_POINT ('', (145.446398607479, -2.3911907030381, 4.52942497472077));
#1779 = CARTESIAN_POINT ('', (145.594526654217, -2.16950141467677, 4.52942497472077));
#1780 = CARTESIAN_POINT ('', (145.786751442126, -1.97727662676754, 4.52942497472077));
#1781 = CARTESIAN_POINT ('', (145.978976230036, -1.78505183885831, 4.52942497472077));
#1782 = CARTESIAN_POINT ('', (146.200665518397, -1.63692379211973, 4.52942497472077));
#1783 = CARTESIAN_POINT ('', (146.45181930721, -1.53289248655182, 4.52942497472077));
#1784 = CARTESIAN_POINT ('', (146.702973096024, -1.42886118098392, 4.52942497472077));
#1785 = CARTESIAN_POINT ('', (146.964473441473, -1.37684552819996, 4.52942497472077));
#1786 = CARTESIAN_POINT ('', (147.236320343559, -1.37684552819996, 4.52942497472077));
#1787 = CARTESIAN_POINT ('', (147.508167245644, -1.37684552819996, 4.52942497472077));
#1788 = CARTESIAN_POINT ('', (147.769667591094, -1.42886118098392, 4.52942497472077));
#1789 = CARTESIAN_POINT ('', (148.020821379907, -1.53289248655182, 4.52942497472077));
#1790 = CARTESIAN_POINT ('', (148.271975168721, -1.63692379211973, 4.52942497472077));
#1791 = CARTESIAN_POINT ('', (148.493664457082, -1.78505183885831, 4.52942497472077));
#1792 = CARTESIAN_POINT ('', (148.685889244991, -1.97727662676754, 4.52942497472077));
#1793 = CARTESIAN_POINT ('', (148.8781140329, -2.16950141467677, 4.52942497472077));
#1794 = CARTESIAN_POINT ('', (149.026242079639, -2.39119070303807, 4.52942497472077));
#1795 = CARTESIAN_POINT ('', (149.130273385207, -2.64234449185153, 4.52942497472077));
#1796 = CARTESIAN_POINT ('', (149.234304690775, -2.89349828066498, 4.52942497472077));
#1797 = CARTESIAN_POINT ('', (149.286320343559, -3.15499862611446, 4.52942497472077));
#1798 = CARTESIAN_POINT ('', (149.286320343559, -3.42684552819996, 4.52942497472077));
#1799 = CARTESIAN_POINT ('', (149.286320343559, -3.69869243028546, 4.52942497472077));
#1800 = CARTESIAN_POINT ('', (149.234304690775, -3.96019277573497, 4.52942497472077));
#1801 = CARTESIAN_POINT ('', (149.130273385207, -4.2113465645484, 4.52942497472077));
#1802 = CARTESIAN_POINT ('', (149.026242079639, -4.46250035336182, 4.52942497472077));
#1803 = CARTESIAN_POINT ('', (148.8781140329, -4.68418964172315, 4.52942497472077));
#1804 = CARTESIAN_POINT ('', (148.685889244991, -4.87641442963238, 4.52942497472077));
#1805 = CARTESIAN_POINT ('', (148.493664457082, -5.06863921754162, 4.52942497472077));
#1806 = CARTESIAN_POINT ('', (148.271975168721, -5.21676726428019, 4.52942497472077));
#1807 = CARTESIAN_POINT ('', (148.020821379907, -5.3207985698481, 4.52942497472077));
#1808 = CARTESIAN_POINT ('', (147.769667591094, -5.42482987541601, 4.52942497472077));
#1809 = CARTESIAN_POINT ('', (147.508167245644, -5.47684552819996, 4.52942497472077));
#1810 = CARTESIAN_POINT ('', (147.236320343559, -5.47684552819996, 4.52942497472077));
#1811 = CARTESIAN_POINT ('', (146.964473441473, -5.47684552819996, 4.52942497472077));
#1812 = CARTESIAN_POINT ('', (146.702973096024, -5.42482987541601, 4.52942497472077));
#1813 = CARTESIAN_POINT ('', (146.45181930721, -5.3207985698481, 4.52942497472077));
#1814 = CARTESIAN_POINT ('', (146.200665518397, -5.21676726428019, 4.52942497472077));
#1815 = CARTESIAN_POINT ('', (145.978976230036, -5.06863921754162, 4.52942497472077));
#1816 = CARTESIAN_POINT ('', (145.786751442126, -4.87641442963238, 4.52942497472077));
#1817 = CARTESIAN_POINT ('', (145.594526654217, -4.68418964172315, 4.52942497472077));
#1818 = CARTESIAN_POINT ('', (145.446398607479, -4.46250035336183, 4.52942497472077));
#1819 = CARTESIAN_POINT ('', (145.342367301911, -4.2113465645484, 4.52942497472077));
#1820 = CARTESIAN_POINT ('', (145.238335996343, -3.96019277573496, 4.52942497472077));
#1821 = CARTESIAN_POINT ('', (145.186320343559, -3.69869243028548, 4.52942497472077));
#1822 = CARTESIAN_POINT ('', (145.186320343559, -3.42684552819996, 4.52942497472077));
#1823 = B_SPLINE_CURVE_WITH_KNOTS ('', 3, (#1774, #1775, #1776, #1777, #1778, #1779, #1780, #1781, #1782, #1783, #1784, #1785, #1786, #1787, #1788, #1789, #1790, #1791, #1792, #1793, #1794, #1795, #1796, #1797, #1798, #1799, #1800, #1801, #1802, #1803, #1804, #1805, #1806, #1807, #1808, #1809, #1810, #1811, #1812, #1813, #1814, #1815, #1816, #1817, #1818, #1819, #1820, #1821, #1822), .UNSPECIFIED., .T., .U., (4, 3, 3, 3, 3, 3, 3, 3, 3, 3, 3, 3, 3, 3, 3, 3, 4), (0., 0.0625, 0.125, 0.1875, 0.25, 0.3125, 0.375, 0.4375, 0.5, 0.5625, 0.625, 0.6875, 0.75, 0.8125, 0.875, 0.9375, 1.), .UNSPECIFIED.);
#1824 = EDGE_CURVE ('', #1773, #1773, #1823, .T.);
#1825 = ORIENTED_EDGE ('', *, *, #1824, .T.);
#1826 = EDGE_LOOP ('', (#1825));
#1827 = FACE_BOUND ('', #1826, .T.);
#1828 = CARTESIAN_POINT ('', (147.064999999999, 5.49999999996811, 4.52942497472077));
#1829 = VERTEX_POINT ('', #1828);
#1830 = CARTESIAN_POINT ('', (147.064999999999, 5.49999999996811, 4.52942497472077));
#1831 = CARTESIAN_POINT ('', (147.064999999999, 5.63923865713386, 4.52942497472077));
#1832 = CARTESIAN_POINT ('', (147.09164216362, 5.77317785846166, 4.52942497472077));
#1833 = CARTESIAN_POINT ('', (147.144926490862, 5.90181760395146, 4.52942497472077));
#1834 = CARTESIAN_POINT ('', (147.198210818104, 6.03045734944126, 4.52942497472077));
#1835 = CARTESIAN_POINT ('', (147.274081281068, 6.14400552152877, 4.52942497472077));
#1836 = CARTESIAN_POINT ('', (147.372537879753, 6.24246212021399, 4.52942497472077));
#1837 = CARTESIAN_POINT ('', (147.470994478438, 6.34091871889921, 4.52942497472077));
#1838 = CARTESIAN_POINT ('', (147.584542650526, 6.41678918186287, 4.52942497472077));
#1839 = CARTESIAN_POINT ('', (147.713182396015, 6.47007350910496, 4.52942497472077));
#1840 = CARTESIAN_POINT ('', (147.841822141505, 6.52335783634706, 4.52942497472077));
#1841 = CARTESIAN_POINT ('', (147.975761342833, 6.54999999996811, 4.52942497472077));
#1842 = CARTESIAN_POINT ('', (148.114999999999, 6.54999999996811, 4.52942497472077));
#1843 = CARTESIAN_POINT ('', (148.254238657164, 6.54999999996811, 4.52942497472077));
#1844 = CARTESIAN_POINT ('', (148.388177858492, 6.52335783634706, 4.52942497472077));
#1845 = CARTESIAN_POINT ('', (148.516817603982, 6.47007350910496, 4.52942497472077));
#1846 = CARTESIAN_POINT ('', (148.645457349472, 6.41678918186287, 4.52942497472077));
#1847 = CARTESIAN_POINT ('', (148.759005521559, 6.34091871889921, 4.52942497472077));
#1848 = CARTESIAN_POINT ('', (148.857462120245, 6.24246212021399, 4.52942497472077));
#1849 = CARTESIAN_POINT ('', (148.95591871893, 6.14400552152876, 4.52942497472077));
#1850 = CARTESIAN_POINT ('', (149.031789181893, 6.03045734944125, 4.52942497472077));
#1851 = CARTESIAN_POINT ('', (149.085073509135, 5.90181760395146, 4.52942497472077));
#1852 = CARTESIAN_POINT ('', (149.138357836378, 5.77317785846166, 4.52942497472077));
#1853 = CARTESIAN_POINT ('', (149.164999999999, 5.63923865713388, 4.52942497472077));
#1854 = CARTESIAN_POINT ('', (149.164999999999, 5.49999999996811, 4.52942497472077));
#1855 = CARTESIAN_POINT ('', (149.164999999999, 5.36076134280234, 4.52942497472077));
#1856 = CARTESIAN_POINT ('', (149.138357836378, 5.22682214147456, 4.52942497472077));
#1857 = CARTESIAN_POINT ('', (149.085073509135, 5.09818239598477, 4.52942497472077));
#1858 = CARTESIAN_POINT ('', (149.031789181893, 4.96954265049497, 4.52942497472077));
#1859 = CARTESIAN_POINT ('', (148.95591871893, 4.85599447840746, 4.52942497472077));
#1860 = CARTESIAN_POINT ('', (148.857462120245, 4.75753787972224, 4.52942497472077));
#1861 = CARTESIAN_POINT ('', (148.759005521559, 4.65908128103702, 4.52942497472077));
#1862 = CARTESIAN_POINT ('', (148.645457349472, 4.58321081807336, 4.52942497472077));
#1863 = CARTESIAN_POINT ('', (148.516817603982, 4.52992649083126, 4.52942497472077));
#1864 = CARTESIAN_POINT ('', (148.388177858492, 4.47664216358916, 4.52942497472077));
#1865 = CARTESIAN_POINT ('', (148.254238657164, 4.44999999996811, 4.52942497472077));
#1866 = CARTESIAN_POINT ('', (148.114999999999, 4.44999999996811, 4.52942497472077));
#1867 = CARTESIAN_POINT ('', (147.975761342833, 4.44999999996811, 4.52942497472077));
#1868 = CARTESIAN_POINT ('', (147.841822141505, 4.47664216358916, 4.52942497472077));
#1869 = CARTESIAN_POINT ('', (147.713182396015, 4.52992649083126, 4.52942497472077));
#1870 = CARTESIAN_POINT ('', (147.584542650526, 4.58321081807336, 4.52942497472077));
#1871 = CARTESIAN_POINT ('', (147.470994478438, 4.65908128103702, 4.52942497472077));
#1872 = CARTESIAN_POINT ('', (147.372537879753, 4.75753787972224, 4.52942497472077));
#1873 = CARTESIAN_POINT ('', (147.274081281068, 4.85599447840746, 4.52942497472077));
#1874 = CARTESIAN_POINT ('', (147.198210818104, 4.96954265049495, 4.52942497472077));
#1875 = CARTESIAN_POINT ('', (147.144926490862, 5.09818239598477, 4.52942497472077));
#1876 = CARTESIAN_POINT ('', (147.09164216362, 5.22682214147458, 4.52942497472077));
#1877 = CARTESIAN_POINT ('', (147.064999999999, 5.36076134280237, 4.52942497472077));
#1878 = CARTESIAN_POINT ('', (147.064999999999, 5.49999999996811, 4.52942497472077));
#1879 = B_SPLINE_CURVE_WITH_KNOTS ('', 3, (#1830, #1831, #1832, #1833, #1834, #1835, #1836, #1837, #1838, #1839, #1840, #1841, #1842, #1843, #1844, #1845, #1846, #1847, #1848, #1849, #1850, #1851, #1852, #1853, #1854, #1855, #1856, #1857, #1858, #1859, #1860, #1861, #1862, #1863, #1864, #1865, #1866, #1867, #1868, #1869, #1870, #1871, #1872, #1873, #1874, #1875, #1876, #1877, #1878), .UNSPECIFIED., .T., .U., (4, 3, 3, 3, 3, 3, 3, 3, 3, 3, 3, 3, 3, 3, 3, 3, 4), (0., 0.0625, 0.125, 0.1875, 0.25, 0.3125, 0.375, 0.4375, 0.5, 0.5625, 0.625, 0.6875, 0.75, 0.8125, 0.875, 0.9375, 1.), .UNSPECIFIED.);
#1880 = EDGE_CURVE ('', #1829, #1829, #1879, .T.);
#1881 = ORIENTED_EDGE ('', *, *, #1880, .T.);
#1882 = EDGE_LOOP ('', (#1881));
#1883 = FACE_BOUND ('', #1882, .T.);
#1884 = CARTESIAN_POINT ('', (84.7200126896255, -6.53621407955044, 4.52942497472077));
#1885 = CARTESIAN_POINT ('', (84.7200126896255, 8.49999999996814, 4.52942497472077));
#1886 = CARTESIAN_POINT ('', (150.364999999998, -6.53621407955044, 4.52942497472077));
#1887 = CARTESIAN_POINT ('', (150.364999999998, 8.49999999996814, 4.52942497472077));
#1888 = B_SPLINE_SURFACE_WITH_KNOTS ('', 1, 1, ((#1884, #1885), (#1886, #1887)), .UNSPECIFIED., .F., .F., .U., (2, 2), (2, 2), (0., 1.), (0., 1.), .UNSPECIFIED.);
#1889 = ADVANCED_FACE ('', (#1715, #1771, #1827, #1883), #1888, .T.);
#1890 = CARTESIAN_POINT ('', (147.064999999999, 5.49999999996811, 1.52942497472077));
#1891 = VERTEX_POINT ('', #1890);
#1892 = CARTESIAN_POINT ('', (147.064999999999, 5.49999999996811, 4.52942497472077));
#1893 = CARTESIAN_POINT ('', (147.064999999999, 5.49999999996811, 1.52942497472077));
#1894 = B_SPLINE_CURVE_WITH_KNOTS ('', 1, (#1892, #1893), .UNSPECIFIED., .F., .U., (2, 2), (0., 1.), .UNSPECIFIED.);
#1895 = EDGE_CURVE ('', #1829, #1891, #1894, .T.);
#1896 = ORIENTED_EDGE ('', *, *, #1895, .T.);
#1897 = CARTESIAN_POINT ('', (147.064999999999, 5.49999999996811, 1.52942497472077));
#1898 = CARTESIAN_POINT ('', (147.064999999999, 5.36076134280234, 1.52942497472077));
#1899 = CARTESIAN_POINT ('', (147.09164216362, 5.22682214147457, 1.52942497472077));
#1900 = CARTESIAN_POINT ('', (147.144926490862, 5.09818239598477, 1.52942497472077));
#1901 = CARTESIAN_POINT ('', (147.198210818104, 4.96954265049497, 1.52942497472077));
#1902 = CARTESIAN_POINT ('', (147.274081281068, 4.85599447840746, 1.52942497472077));
#1903 = CARTESIAN_POINT ('', (147.372537879753, 4.75753787972224, 1.52942497472077));
#1904 = CARTESIAN_POINT ('', (147.470994478438, 4.65908128103702, 1.52942497472077));
#1905 = CARTESIAN_POINT ('', (147.584542650525, 4.58321081807336, 1.52942497472077));
#1906 = CARTESIAN_POINT ('', (147.713182396015, 4.52992649083126, 1.52942497472077));
#1907 = CARTESIAN_POINT ('', (147.841822141505, 4.47664216358916, 1.52942497472077));
#1908 = CARTESIAN_POINT ('', (147.975761342833, 4.44999999996811, 1.52942497472077));
#1909 = CARTESIAN_POINT ('', (148.114999999999, 4.44999999996811, 1.52942497472077));
#1910 = CARTESIAN_POINT ('', (148.254238657164, 4.44999999996811, 1.52942497472077));
#1911 = CARTESIAN_POINT ('', (148.388177858492, 4.47664216358917, 1.52942497472077));
#1912 = CARTESIAN_POINT ('', (148.516817603982, 4.52992649083126, 1.52942497472077));
#1913 = CARTESIAN_POINT ('', (148.645457349472, 4.58321081807336, 1.52942497472077));
#1914 = CARTESIAN_POINT ('', (148.759005521559, 4.65908128103702, 1.52942497472077));
#1915 = CARTESIAN_POINT ('', (148.857462120245, 4.75753787972224, 1.52942497472077));
#1916 = CARTESIAN_POINT ('', (148.95591871893, 4.85599447840746, 1.52942497472077));
#1917 = CARTESIAN_POINT ('', (149.031789181893, 4.96954265049498, 1.52942497472078));
#1918 = CARTESIAN_POINT ('', (149.085073509136, 5.09818239598477, 1.52942497472078));
#1919 = CARTESIAN_POINT ('', (149.138357836378, 5.22682214147456, 1.52942497472078));
#1920 = CARTESIAN_POINT ('', (149.164999999999, 5.36076134280234, 1.52942497472077));
#1921 = CARTESIAN_POINT ('', (149.164999999999, 5.49999999996811, 1.52942497472077));
#1922 = CARTESIAN_POINT ('', (149.164999999999, 5.63923865713388, 1.52942497472077));
#1923 = CARTESIAN_POINT ('', (149.138357836378, 5.77317785846166, 1.52942497472077));
#1924 = CARTESIAN_POINT ('', (149.085073509136, 5.90181760395146, 1.52942497472077));
#1925 = CARTESIAN_POINT ('', (149.031789181893, 6.03045734944126, 1.52942497472077));
#1926 = CARTESIAN_POINT ('', (148.95591871893, 6.14400552152877, 1.52942497472077));
#1927 = CARTESIAN_POINT ('', (148.857462120245, 6.24246212021399, 1.52942497472077));
#1928 = CARTESIAN_POINT ('', (148.759005521559, 6.34091871889921, 1.52942497472077));
#1929 = CARTESIAN_POINT ('', (148.645457349472, 6.41678918186287, 1.52942497472077));
#1930 = CARTESIAN_POINT ('', (148.516817603982, 6.47007350910496, 1.52942497472077));
#1931 = CARTESIAN_POINT ('', (148.388177858492, 6.52335783634706, 1.52942497472077));
#1932 = CARTESIAN_POINT ('', (148.254238657164, 6.54999999996811, 1.52942497472077));
#1933 = CARTESIAN_POINT ('', (148.114999999999, 6.54999999996811, 1.52942497472077));
#1934 = CARTESIAN_POINT ('', (147.975761342833, 6.54999999996811, 1.52942497472077));
#1935 = CARTESIAN_POINT ('', (147.841822141505, 6.52335783634706, 1.52942497472077));
#1936 = CARTESIAN_POINT ('', (147.713182396015, 6.47007350910496, 1.52942497472077));
#1937 = CARTESIAN_POINT ('', (147.584542650525, 6.41678918186287, 1.52942497472077));
#1938 = CARTESIAN_POINT ('', (147.470994478438, 6.34091871889921, 1.52942497472077));
#1939 = CARTESIAN_POINT ('', (147.372537879753, 6.24246212021399, 1.52942497472077));
#1940 = CARTESIAN_POINT ('', (147.274081281068, 6.14400552152877, 1.52942497472077));
#1941 = CARTESIAN_POINT ('', (147.198210818104, 6.03045734944125, 1.52942497472078));
#1942 = CARTESIAN_POINT ('', (147.144926490862, 5.90181760395146, 1.52942497472078));
#1943 = CARTESIAN_POINT ('', (147.09164216362, 5.77317785846167, 1.52942497472078));
#1944 = CARTESIAN_POINT ('', (147.064999999999, 5.63923865713388, 1.52942497472077));
#1945 = CARTESIAN_POINT ('', (147.064999999999, 5.49999999996811, 1.52942497472077));
#1946 = B_SPLINE_CURVE_WITH_KNOTS ('', 3, (#1897, #1898, #1899, #1900, #1901, #1902, #1903, #1904, #1905, #1906, #1907, #1908, #1909, #1910, #1911, #1912, #1913, #1914, #1915, #1916, #1917, #1918, #1919, #1920, #1921, #1922, #1923, #1924, #1925, #1926, #1927, #1928, #1929, #1930, #1931, #1932, #1933, #1934, #1935, #1936, #1937, #1938, #1939, #1940, #1941, #1942, #1943, #1944, #1945), .UNSPECIFIED., .T., .U., (4, 3, 3, 3, 3, 3, 3, 3, 3, 3, 3, 3, 3, 3, 3, 3, 4), (0., 0.0625, 0.125, 0.1875, 0.25, 0.3125, 0.375, 0.4375, 0.5, 0.5625, 0.625, 0.6875, 0.75, 0.8125, 0.875, 0.9375, 1.), .UNSPECIFIED.);
#1947 = EDGE_CURVE ('', #1891, #1891, #1946, .T.);
#1948 = ORIENTED_EDGE ('', *, *, #1947, .F.);
#1949 = ORIENTED_EDGE ('', *, *, #1895, .F.);
#1950 = ORIENTED_EDGE ('', *, *, #1880, .F.);
#1951 = EDGE_LOOP ('', (#1896, #1948, #1949, #1950));
#1952 = FACE_OUTER_BOUND ('', #1951, .T.);
#1953 = CARTESIAN_POINT ('', (147.064999999999, 5.49999999996811, 4.82942497472077));
#1954 = CARTESIAN_POINT ('', (147.064999999999, 5.49999999996811, 1.22942497472077));
#1955 = CARTESIAN_POINT ('', (147.064999999999, 3.39999999996811, 4.82942497472077));
#1956 = CARTESIAN_POINT ('', (147.064999999999, 3.39999999996811, 1.22942497472078));
#1957 = CARTESIAN_POINT ('', (149.164999999999, 3.39999999996811, 4.82942497472077));
#1958 = CARTESIAN_POINT ('', (149.164999999999, 3.39999999996811, 1.22942497472078));
#1959 = CARTESIAN_POINT ('', (149.164999999999, 5.49999999996811, 4.82942497472077));
#1960 = CARTESIAN_POINT ('', (149.164999999999, 5.49999999996811, 1.22942497472077));
#1961 = CARTESIAN_POINT ('', (149.164999999999, 7.59999999996811, 4.82942497472077));
#1962 = CARTESIAN_POINT ('', (149.164999999999, 7.59999999996811, 1.22942497472078));
#1963 = CARTESIAN_POINT ('', (147.064999999999, 7.59999999996811, 4.82942497472077));
#1964 = CARTESIAN_POINT ('', (147.064999999999, 7.59999999996811, 1.22942497472078));
#1965 = CARTESIAN_POINT ('', (147.064999999999, 5.49999999996811, 4.82942497472077));
#1966 = CARTESIAN_POINT ('', (147.064999999999, 5.49999999996811, 1.22942497472077));
#1967 = (
   BOUNDED_SURFACE ()
   B_SPLINE_SURFACE (3, 1, ((#1953, #1954), (#1955, #1956), (#1957, #1958), (#1959, #1960), (#1961, #1962), (#1963, #1964), (#1965, #1966)), .UNSPECIFIED., .T., .F., .U.)
   B_SPLINE_SURFACE_WITH_KNOTS ((4, 3, 4), (2, 2), (0., 0.5, 1.), (0., 1.), .UNSPECIFIED.)
   GEOMETRIC_REPRESENTATION_ITEM ()
   RATIONAL_B_SPLINE_SURFACE (((1., 1.), (0.333333333333333, 0.333333333333333), (0.333333333333333, 0.333333333333333), (1., 1.), (0.333333333333333, 0.333333333333333), (0.333333333333333, 0.333333333333333), (1., 1.)))
   REPRESENTATION_ITEM ('')
   SURFACE ()
);
#1968 = ADVANCED_FACE ('', (#1952), #1967, .T.);
#1969 = ORIENTED_EDGE ('', *, *, #1947, .T.);
#1970 = EDGE_LOOP ('', (#1969));
#1971 = FACE_OUTER_BOUND ('', #1970, .T.);
#1972 = CARTESIAN_POINT ('', (147.052399999999, 4.43739999996811, 1.52942497472077));
#1973 = CARTESIAN_POINT ('', (147.052399999999, 6.56259999996811, 1.52942497472077));
#1974 = CARTESIAN_POINT ('', (149.177599999999, 4.43739999996811, 1.52942497472077));
#1975 = CARTESIAN_POINT ('', (149.177599999999, 6.56259999996811, 1.52942497472077));
#1976 = B_SPLINE_SURFACE_WITH_KNOTS ('', 1, 1, ((#1972, #1973), (#1974, #1975)), .UNSPECIFIED., .F., .F., .U., (2, 2), (2, 2), (0., 1.), (0., 1.), .UNSPECIFIED.);
#1977 = ADVANCED_FACE ('', (#1971), #1976, .T.);
#1978 = CARTESIAN_POINT ('', (145.186320343559, -3.42684552819996, 1.52942497472077));
#1979 = VERTEX_POINT ('', #1978);
#1980 = CARTESIAN_POINT ('', (145.186320343559, -3.42684552819996, 4.52942497472077));
#1981 = CARTESIAN_POINT ('', (145.186320343559, -3.42684552819996, 1.52942497472077));
#1982 = B_SPLINE_CURVE_WITH_KNOTS ('', 1, (#1980, #1981), .UNSPECIFIED., .F., .U., (2, 2), (0., 1.), .UNSPECIFIED.);
#1983 = EDGE_CURVE ('', #1773, #1979, #1982, .T.);
#1984 = ORIENTED_EDGE ('', *, *, #1983, .T.);
#1985 = CARTESIAN_POINT ('', (145.186320343559, -3.42684552819996, 1.52942497472078));
#1986 = CARTESIAN_POINT ('', (145.186320343559, -3.69869243028548, 1.52942497472078));
#1987 = CARTESIAN_POINT ('', (145.238335996343, -3.96019277573495, 1.52942497472077));
#1988 = CARTESIAN_POINT ('', (145.342367301911, -4.21134656454839, 1.52942497472077));
#1989 = CARTESIAN_POINT ('', (145.446398607479, -4.46250035336184, 1.52942497472077));
#1990 = CARTESIAN_POINT ('', (145.594526654217, -4.68418964172316, 1.52942497472078));
#1991 = CARTESIAN_POINT ('', (145.786751442126, -4.87641442963238, 1.52942497472078));
#1992 = CARTESIAN_POINT ('', (145.978976230036, -5.06863921754161, 1.52942497472078));
#1993 = CARTESIAN_POINT ('', (146.200665518397, -5.21676726428019, 1.52942497472077));
#1994 = CARTESIAN_POINT ('', (146.45181930721, -5.3207985698481, 1.52942497472077));
#1995 = CARTESIAN_POINT ('', (146.702973096024, -5.42482987541601, 1.52942497472077));
#1996 = CARTESIAN_POINT ('', (146.964473441473, -5.47684552819996, 1.52942497472077));
#1997 = CARTESIAN_POINT ('', (147.236320343559, -5.47684552819996, 1.52942497472077));
#1998 = CARTESIAN_POINT ('', (147.508167245644, -5.47684552819996, 1.52942497472077));
#1999 = CARTESIAN_POINT ('', (147.769667591094, -5.42482987541601, 1.52942497472077));
#2000 = CARTESIAN_POINT ('', (148.020821379907, -5.3207985698481, 1.52942497472077));
#2001 = CARTESIAN_POINT ('', (148.271975168721, -5.21676726428019, 1.52942497472077));
#2002 = CARTESIAN_POINT ('', (148.493664457082, -5.06863921754162, 1.52942497472078));
#2003 = CARTESIAN_POINT ('', (148.685889244991, -4.87641442963239, 1.52942497472078));
#2004 = CARTESIAN_POINT ('', (148.8781140329, -4.68418964172315, 1.52942497472078));
#2005 = CARTESIAN_POINT ('', (149.026242079639, -4.46250035336183, 1.52942497472077));
#2006 = CARTESIAN_POINT ('', (149.130273385207, -4.2113465645484, 1.52942497472077));
#2007 = CARTESIAN_POINT ('', (149.234304690775, -3.96019277573496, 1.52942497472077));
#2008 = CARTESIAN_POINT ('', (149.286320343559, -3.69869243028548, 1.52942497472077));
#2009 = CARTESIAN_POINT ('', (149.286320343559, -3.42684552819996, 1.52942497472077));
#2010 = CARTESIAN_POINT ('', (149.286320343559, -3.15499862611444, 1.52942497472077));
#2011 = CARTESIAN_POINT ('', (149.234304690775, -2.89349828066495, 1.52942497472077));
#2012 = CARTESIAN_POINT ('', (149.130273385207, -2.64234449185153, 1.52942497472077));
#2013 = CARTESIAN_POINT ('', (149.026242079639, -2.3911907030381, 1.52942497472077));
#2014 = CARTESIAN_POINT ('', (148.8781140329, -2.16950141467677, 1.52942497472077));
#2015 = CARTESIAN_POINT ('', (148.685889244991, -1.97727662676754, 1.52942497472077));
#2016 = CARTESIAN_POINT ('', (148.493664457082, -1.78505183885831, 1.52942497472077));
#2017 = CARTESIAN_POINT ('', (148.271975168721, -1.63692379211973, 1.52942497472077));
#2018 = CARTESIAN_POINT ('', (148.020821379907, -1.53289248655182, 1.52942497472077));
#2019 = CARTESIAN_POINT ('', (147.769667591094, -1.42886118098392, 1.52942497472077));
#2020 = CARTESIAN_POINT ('', (147.508167245644, -1.37684552819996, 1.52942497472077));
#2021 = CARTESIAN_POINT ('', (147.236320343559, -1.37684552819996, 1.52942497472077));
#2022 = CARTESIAN_POINT ('', (146.964473441473, -1.37684552819996, 1.52942497472077));
#2023 = CARTESIAN_POINT ('', (146.702973096024, -1.42886118098391, 1.52942497472077));
#2024 = CARTESIAN_POINT ('', (146.45181930721, -1.53289248655182, 1.52942497472077));
#2025 = CARTESIAN_POINT ('', (146.200665518397, -1.63692379211973, 1.52942497472077));
#2026 = CARTESIAN_POINT ('', (145.978976230036, -1.78505183885831, 1.52942497472077));
#2027 = CARTESIAN_POINT ('', (145.786751442126, -1.97727662676754, 1.52942497472077));
#2028 = CARTESIAN_POINT ('', (145.594526654217, -2.16950141467677, 1.52942497472077));
#2029 = CARTESIAN_POINT ('', (145.446398607479, -2.39119070303809, 1.52942497472077));
#2030 = CARTESIAN_POINT ('', (145.342367301911, -2.64234449185153, 1.52942497472077));
#2031 = CARTESIAN_POINT ('', (145.238335996343, -2.89349828066496, 1.52942497472077));
#2032 = CARTESIAN_POINT ('', (145.186320343559, -3.15499862611444, 1.52942497472078));
#2033 = CARTESIAN_POINT ('', (145.186320343559, -3.42684552819996, 1.52942497472078));
#2034 = B_SPLINE_CURVE_WITH_KNOTS ('', 3, (#1985, #1986, #1987, #1988, #1989, #1990, #1991, #1992, #1993, #1994, #1995, #1996, #1997, #1998, #1999, #2000, #2001, #2002, #2003, #2004, #2005, #2006, #2007, #2008, #2009, #2010, #2011, #2012, #2013, #2014, #2015, #2016, #2017, #2018, #2019, #2020, #2021, #2022, #2023, #2024, #2025, #2026, #2027, #2028, #2029, #2030, #2031, #2032, #2033), .UNSPECIFIED., .T., .U., (4, 3, 3, 3, 3, 3, 3, 3, 3, 3, 3, 3, 3, 3, 3, 3, 4), (0., 0.0625, 0.125, 0.1875, 0.25, 0.3125, 0.375, 0.4375, 0.5, 0.5625, 0.625, 0.6875, 0.75, 0.8125, 0.875, 0.9375, 1.), .UNSPECIFIED.);
#2035 = EDGE_CURVE ('', #1979, #1979, #2034, .T.);
#2036 = ORIENTED_EDGE ('', *, *, #2035, .F.);
#2037 = ORIENTED_EDGE ('', *, *, #1983, .F.);
#2038 = ORIENTED_EDGE ('', *, *, #1824, .F.);
#2039 = EDGE_LOOP ('', (#1984, #2036, #2037, #2038));
#2040 = FACE_OUTER_BOUND ('', #2039, .T.);
#2041 = CARTESIAN_POINT ('', (145.186320343559, -3.42684552819996, 4.82942497472077));
#2042 = CARTESIAN_POINT ('', (145.186320343559, -3.42684552819996, 1.22942497472077));
#2043 = CARTESIAN_POINT ('', (145.186320343559, -7.52684552819996, 4.82942497472077));
#2044 = CARTESIAN_POINT ('', (145.186320343559, -7.52684552819996, 1.22942497472078));
#2045 = CARTESIAN_POINT ('', (149.286320343559, -7.52684552819996, 4.82942497472077));
#2046 = CARTESIAN_POINT ('', (149.286320343559, -7.52684552819996, 1.22942497472078));
#2047 = CARTESIAN_POINT ('', (149.286320343559, -3.42684552819996, 4.82942497472077));
#2048 = CARTESIAN_POINT ('', (149.286320343559, -3.42684552819996, 1.22942497472077));
#2049 = CARTESIAN_POINT ('', (149.286320343559, 0.673154471800038, 4.82942497472077));
#2050 = CARTESIAN_POINT ('', (149.286320343559, 0.673154471800038, 1.22942497472078));
#2051 = CARTESIAN_POINT ('', (145.186320343559, 0.673154471800038, 4.82942497472077));
#2052 = CARTESIAN_POINT ('', (145.186320343559, 0.673154471800038, 1.22942497472078));
#2053 = CARTESIAN_POINT ('', (145.186320343559, -3.42684552819996, 4.82942497472077));
#2054 = CARTESIAN_POINT ('', (145.186320343559, -3.42684552819996, 1.22942497472077));
#2055 = (
   BOUNDED_SURFACE ()
   B_SPLINE_SURFACE (3, 1, ((#2041, #2042), (#2043, #2044), (#2045, #2046), (#2047, #2048), (#2049, #2050), (#2051, #2052), (#2053, #2054)), .UNSPECIFIED., .T., .F., .U.)
   B_SPLINE_SURFACE_WITH_KNOTS ((4, 3, 4), (2, 2), (0., 0.5, 1.), (0., 1.), .UNSPECIFIED.)
   GEOMETRIC_REPRESENTATION_ITEM ()
   RATIONAL_B_SPLINE_SURFACE (((1., 1.), (0.333333333333333, 0.333333333333333), (0.333333333333333, 0.333333333333333), (1., 1.), (0.333333333333333, 0.333333333333333), (0.333333333333333, 0.333333333333333), (1., 1.)))
   REPRESENTATION_ITEM ('')
   SURFACE ()
);
#2056 = ADVANCED_FACE ('', (#2040), #2055, .T.);
#2057 = ORIENTED_EDGE ('', *, *, #2035, .T.);
#2058 = EDGE_LOOP ('', (#2057));
#2059 = FACE_OUTER_BOUND ('', #2058, .T.);
#2060 = CARTESIAN_POINT ('', (145.161720343559, -5.50144552819996, 1.52942497472077));
#2061 = CARTESIAN_POINT ('', (145.161720343559, -1.35224552819996, 1.52942497472077));
#2062 = CARTESIAN_POINT ('', (149.310920343559, -5.50144552819996, 1.52942497472077));
#2063 = CARTESIAN_POINT ('', (149.310920343559, -1.35224552819996, 1.52942497472077));
#2064 = B_SPLINE_SURFACE_WITH_KNOTS ('', 1, 1, ((#2060, #2061), (#2062, #2063)), .UNSPECIFIED., .F., .F., .U., (2, 2), (2, 2), (0., 1.), (0., 1.), .UNSPECIFIED.);
#2065 = ADVANCED_FACE ('', (#2059), #2064, .T.);
#2066 = CARTESIAN_POINT ('', (87.313908741545, 5.69452859094416, 1.52942497472077));
#2067 = VERTEX_POINT ('', #2066);
#2068 = CARTESIAN_POINT ('', (87.313908741545, 5.69452859094417, 4.52942497472077));
#2069 = CARTESIAN_POINT ('', (87.313908741545, 5.69452859094416, 1.52942497472077));
#2070 = B_SPLINE_CURVE_WITH_KNOTS ('', 1, (#2068, #2069), .UNSPECIFIED., .F., .U., (2, 2), (0., 1.), .UNSPECIFIED.);
#2071 = EDGE_CURVE ('', #1717, #2067, #2070, .T.);
#2072 = ORIENTED_EDGE ('', *, *, #2071, .T.);
#2073 = CARTESIAN_POINT ('', (87.313908741545, 5.69452859094416, 1.52942497472077));
#2074 = CARTESIAN_POINT ('', (87.313908741545, 5.55528993377839, 1.52942497472077));
#2075 = CARTESIAN_POINT ('', (87.3405509051661, 5.42135073245062, 1.52942497472077));
#2076 = CARTESIAN_POINT ('', (87.3938352324082, 5.29271098696082, 1.52942497472077));
#2077 = CARTESIAN_POINT ('', (87.4471195596503, 5.16407124147102, 1.52942497472077));
#2078 = CARTESIAN_POINT ('', (87.5229900226139, 5.05052306938351, 1.52942497472077));
#2079 = CARTESIAN_POINT ('', (87.6214466212992, 4.95206647069829, 1.52942497472077));
#2080 = CARTESIAN_POINT ('', (87.7199032199844, 4.85360987201307, 1.52942497472077));
#2081 = CARTESIAN_POINT ('', (87.8334513920719, 4.77773940904941, 1.52942497472077));
#2082 = CARTESIAN_POINT ('', (87.9620911375617, 4.72445508180731, 1.52942497472077));
#2083 = CARTESIAN_POINT ('', (88.0907308830515, 4.67117075456521, 1.52942497472077));
#2084 = CARTESIAN_POINT ('', (88.2246700843793, 4.64452859094416, 1.52942497472077));
#2085 = CARTESIAN_POINT ('', (88.363908741545, 4.64452859094416, 1.52942497472077));
#2086 = CARTESIAN_POINT ('', (88.5031473987108, 4.64452859094416, 1.52942497472077));
#2087 = CARTESIAN_POINT ('', (88.6370866000386, 4.67117075456522, 1.52942497472077));
#2088 = CARTESIAN_POINT ('', (88.7657263455284, 4.72445508180731, 1.52942497472077));
#2089 = CARTESIAN_POINT ('', (88.8943660910182, 4.77773940904941, 1.52942497472077));
#2090 = CARTESIAN_POINT ('', (89.0079142631057, 4.85360987201307, 1.52942497472077));
#2091 = CARTESIAN_POINT ('', (89.1063708617909, 4.95206647069829, 1.52942497472077));
#2092 = CARTESIAN_POINT ('', (89.2048274604761, 5.05052306938351, 1.52942497472077));
#2093 = CARTESIAN_POINT ('', (89.2806979234398, 5.16407124147103, 1.52942497472078));
#2094 = CARTESIAN_POINT ('', (89.3339822506819, 5.29271098696082, 1.52942497472078));
#2095 = CARTESIAN_POINT ('', (89.387266577924, 5.42135073245061, 1.52942497472078));
#2096 = CARTESIAN_POINT ('', (89.413908741545, 5.55528993377839, 1.52942497472077));
#2097 = CARTESIAN_POINT ('', (89.413908741545, 5.69452859094416, 1.52942497472077));
#2098 = CARTESIAN_POINT ('', (89.413908741545, 5.83376724810994, 1.52942497472077));
#2099 = CARTESIAN_POINT ('', (89.387266577924, 5.96770644943771, 1.52942497472077));
#2100 = CARTESIAN_POINT ('', (89.3339822506819, 6.09634619492751, 1.52942497472077));
#2101 = CARTESIAN_POINT ('', (89.2806979234398, 6.22498594041731, 1.52942497472077));
#2102 = CARTESIAN_POINT ('', (89.2048274604761, 6.33853411250482, 1.52942497472077));
#2103 = CARTESIAN_POINT ('', (89.1063708617909, 6.43699071119004, 1.52942497472077));
#2104 = CARTESIAN_POINT ('', (89.0079142631057, 6.53544730987526, 1.52942497472077));
#2105 = CARTESIAN_POINT ('', (88.8943660910182, 6.61131777283892, 1.52942497472077));
#2106 = CARTESIAN_POINT ('', (88.7657263455284, 6.66460210008102, 1.52942497472077));
#2107 = CARTESIAN_POINT ('', (88.6370866000386, 6.71788642732311, 1.52942497472077));
#2108 = CARTESIAN_POINT ('', (88.5031473987108, 6.74452859094416, 1.52942497472077));
#2109 = CARTESIAN_POINT ('', (88.363908741545, 6.74452859094416, 1.52942497472077));
#2110 = CARTESIAN_POINT ('', (88.2246700843793, 6.74452859094416, 1.52942497472077));
#2111 = CARTESIAN_POINT ('', (88.0907308830515, 6.71788642732311, 1.52942497472077));
#2112 = CARTESIAN_POINT ('', (87.9620911375617, 6.66460210008102, 1.52942497472077));
#2113 = CARTESIAN_POINT ('', (87.8334513920719, 6.61131777283892, 1.52942497472077));
#2114 = CARTESIAN_POINT ('', (87.7199032199844, 6.53544730987526, 1.52942497472077));
#2115 = CARTESIAN_POINT ('', (87.6214466212992, 6.43699071119004, 1.52942497472077));
#2116 = CARTESIAN_POINT ('', (87.522990022614, 6.33853411250482, 1.52942497472077));
#2117 = CARTESIAN_POINT ('', (87.4471195596503, 6.2249859404173, 1.52942497472078));
#2118 = CARTESIAN_POINT ('', (87.3938352324082, 6.09634619492751, 1.52942497472078));
#2119 = CARTESIAN_POINT ('', (87.3405509051661, 5.96770644943772, 1.52942497472078));
#2120 = CARTESIAN_POINT ('', (87.313908741545, 5.83376724810994, 1.52942497472077));
#2121 = CARTESIAN_POINT ('', (87.313908741545, 5.69452859094416, 1.52942497472077));
#2122 = B_SPLINE_CURVE_WITH_KNOTS ('', 3, (#2073, #2074, #2075, #2076, #2077, #2078, #2079, #2080, #2081, #2082, #2083, #2084, #2085, #2086, #2087, #2088, #2089, #2090, #2091, #2092, #2093, #2094, #2095, #2096, #2097, #2098, #2099, #2100, #2101, #2102, #2103, #2104, #2105, #2106, #2107, #2108, #2109, #2110, #2111, #2112, #2113, #2114, #2115, #2116, #2117, #2118, #2119, #2120, #2121), .UNSPECIFIED., .T., .U., (4, 3, 3, 3, 3, 3, 3, 3, 3, 3, 3, 3, 3, 3, 3, 3, 4), (0., 0.0625, 0.125, 0.1875, 0.25, 0.3125, 0.375, 0.4375, 0.5, 0.5625, 0.625, 0.6875, 0.75, 0.8125, 0.875, 0.9375, 1.), .UNSPECIFIED.);
#2123 = EDGE_CURVE ('', #2067, #2067, #2122, .T.);
#2124 = ORIENTED_EDGE ('', *, *, #2123, .F.);
#2125 = ORIENTED_EDGE ('', *, *, #2071, .F.);
#2126 = ORIENTED_EDGE ('', *, *, #1768, .F.);
#2127 = EDGE_LOOP ('', (#2072, #2124, #2125, #2126));
#2128 = FACE_OUTER_BOUND ('', #2127, .T.);
#2129 = CARTESIAN_POINT ('', (87.313908741545, 5.69452859094416, 4.82942497472077));
#2130 = CARTESIAN_POINT ('', (87.313908741545, 5.69452859094416, 1.22942497472077));
#2131 = CARTESIAN_POINT ('', (87.313908741545, 3.59452859094417, 4.82942497472077));
#2132 = CARTESIAN_POINT ('', (87.313908741545, 3.59452859094417, 1.22942497472078));
#2133 = CARTESIAN_POINT ('', (89.413908741545, 3.59452859094417, 4.82942497472077));
#2134 = CARTESIAN_POINT ('', (89.413908741545, 3.59452859094417, 1.22942497472078));
#2135 = CARTESIAN_POINT ('', (89.413908741545, 5.69452859094416, 4.82942497472077));
#2136 = CARTESIAN_POINT ('', (89.413908741545, 5.69452859094416, 1.22942497472077));
#2137 = CARTESIAN_POINT ('', (89.413908741545, 7.79452859094417, 4.82942497472077));
#2138 = CARTESIAN_POINT ('', (89.413908741545, 7.79452859094417, 1.22942497472078));
#2139 = CARTESIAN_POINT ('', (87.313908741545, 7.79452859094417, 4.82942497472077));
#2140 = CARTESIAN_POINT ('', (87.313908741545, 7.79452859094417, 1.22942497472078));
#2141 = CARTESIAN_POINT ('', (87.313908741545, 5.69452859094416, 4.82942497472077));
#2142 = CARTESIAN_POINT ('', (87.313908741545, 5.69452859094416, 1.22942497472077));
#2143 = (
   BOUNDED_SURFACE ()
   B_SPLINE_SURFACE (3, 1, ((#2129, #2130), (#2131, #2132), (#2133, #2134), (#2135, #2136), (#2137, #2138), (#2139, #2140), (#2141, #2142)), .UNSPECIFIED., .T., .F., .U.)
   B_SPLINE_SURFACE_WITH_KNOTS ((4, 3, 4), (2, 2), (0., 0.5, 1.), (0., 1.), .UNSPECIFIED.)
   GEOMETRIC_REPRESENTATION_ITEM ()
   RATIONAL_B_SPLINE_SURFACE (((1., 1.), (0.333333333333333, 0.333333333333333), (0.333333333333333, 0.333333333333333), (1., 1.), (0.333333333333333, 0.333333333333333), (0.333333333333333, 0.333333333333333), (1., 1.)))
   REPRESENTATION_ITEM ('')
   SURFACE ()
);
#2144 = ADVANCED_FACE ('', (#2128), #2143, .T.);
#2145 = ORIENTED_EDGE ('', *, *, #2123, .T.);
#2146 = EDGE_LOOP ('', (#2145));
#2147 = FACE_OUTER_BOUND ('', #2146, .T.);
#2148 = CARTESIAN_POINT ('', (87.301308741545, 4.63192859094416, 1.52942497472077));
#2149 = CARTESIAN_POINT ('', (87.301308741545, 6.75712859094416, 1.52942497472077));
#2150 = CARTESIAN_POINT ('', (89.426508741545, 4.63192859094416, 1.52942497472077));
#2151 = CARTESIAN_POINT ('', (89.426508741545, 6.75712859094416, 1.52942497472077));
#2152 = B_SPLINE_SURFACE_WITH_KNOTS ('', 1, 1, ((#2148, #2149), (#2150, #2151)), .UNSPECIFIED., .F., .F., .U., (2, 2), (2, 2), (0., 1.), (0., 1.), .UNSPECIFIED.);
#2153 = ADVANCED_FACE ('', (#2147), #2152, .T.);
#2154 = CARTESIAN_POINT ('', (149.364999999998, 8.49999999996811, 3.22675714052078));
#2155 = VERTEX_POINT ('', #2154);
#2156 = CARTESIAN_POINT ('', (146.865, 8.49999999996811, 3.22675714052078));
#2157 = VERTEX_POINT ('', #2156);
#2158 = CARTESIAN_POINT ('', (149.364999999998, 8.49999999996811, 3.22675714052078));
#2159 = CARTESIAN_POINT ('', (146.865, 8.49999999996811, 3.22675714052078));
#2160 = B_SPLINE_CURVE_WITH_KNOTS ('', 1, (#2158, #2159), .UNSPECIFIED., .F., .U., (2, 2), (0., 1.), .UNSPECIFIED.);
#2161 = EDGE_CURVE ('', #2155, #2157, #2160, .T.);
#2162 = ORIENTED_EDGE ('', *, *, #2161, .T.);
#2163 = CARTESIAN_POINT ('', (146.865, 8.49999999996811, 3.22942497472077));
#2164 = CARTESIAN_POINT ('', (146.865, 8.49999999996811, 4.52942497472077));
#2165 = B_SPLINE_CURVE_WITH_KNOTS ('', 1, (#2163, #2164), .UNSPECIFIED., .F., .U., (2, 2), (0., 1.), .UNSPECIFIED.);
#2166 = EDGE_CURVE ('', #2157, #1594, #2165, .T.);
#2167 = ORIENTED_EDGE ('', *, *, #2166, .T.);
#2168 = ORIENTED_EDGE ('', *, *, #1598, .T.);
#2169 = CARTESIAN_POINT ('', (149.364999999998, 8.49999999996811, 3.22942497472077));
#2170 = CARTESIAN_POINT ('', (149.364999999998, 8.49999999996811, 4.52942497472077));
#2171 = B_SPLINE_CURVE_WITH_KNOTS ('', 1, (#2169, #2170), .UNSPECIFIED., .F., .U., (2, 2), (0., 1.), .UNSPECIFIED.);
#2172 = EDGE_CURVE ('', #2155, #1576, #2171, .T.);
#2173 = ORIENTED_EDGE ('', *, *, #2172, .F.);
#2174 = EDGE_LOOP ('', (#2162, #2167, #2168, #2173));
#2175 = FACE_OUTER_BOUND ('', #2174, .T.);
#2176 = CARTESIAN_POINT ('', (146.865, 8.49999999996811, 3.22675714052078));
#2177 = CARTESIAN_POINT ('', (149.364999999998, 8.49999999996811, 3.22675714052078));
#2178 = CARTESIAN_POINT ('', (146.865, 8.49999999996811, 4.52942497472077));
#2179 = CARTESIAN_POINT ('', (149.364999999998, 8.49999999996811, 4.52942497472077));
#2180 = B_SPLINE_SURFACE_WITH_KNOTS ('', 1, 1, ((#2176, #2177), (#2178, #2179)), .UNSPECIFIED., .F., .F., .U., (2, 2), (2, 2), (0., 1.), (0., 1.), .UNSPECIFIED.);
#2181 = ADVANCED_FACE ('', (#2175), #2180, .T.);
#2182 = CARTESIAN_POINT ('', (145.864999999998, 7.49999999996819, 3.22942497472077));
#2183 = VERTEX_POINT ('', #2182);
#2184 = CARTESIAN_POINT ('', (146.865, 8.49999999996814, 3.22942497472077));
#2185 = CARTESIAN_POINT ('', (146.279213562373, 8.49999999996814, 3.22942497472077));
#2186 = CARTESIAN_POINT ('', (145.865, 8.08578643759507, 3.22942497472077));
#2187 = CARTESIAN_POINT ('', (145.865, 7.49999999996819, 3.22942497472077));
#2188 = (
   BOUNDED_CURVE ()
   B_SPLINE_CURVE (3, (#2184, #2185, #2186, #2187), .UNSPECIFIED., .F., .U.)
   B_SPLINE_CURVE_WITH_KNOTS ((4, 4), (0., 1.), .UNSPECIFIED.)
   CURVE ()
   GEOMETRIC_REPRESENTATION_ITEM ()
   RATIONAL_B_SPLINE_CURVE ((1., 0.804737854124373, 0.804737854124373, 1.))
   REPRESENTATION_ITEM ('')
);
#2189 = EDGE_CURVE ('', #2157, #2183, #2188, .T.);
#2190 = ORIENTED_EDGE ('', *, *, #2189, .T.);
#2191 = CARTESIAN_POINT ('', (145.864999999998, 7.49999999996819, 4.52942497472077));
#2192 = CARTESIAN_POINT ('', (145.864999999998, 7.49999999996819, 3.22942497472077));
#2193 = B_SPLINE_CURVE_WITH_KNOTS ('', 1, (#2191, #2192), .UNSPECIFIED., .F., .U., (2, 2), (0., 1.), .UNSPECIFIED.);
#2194 = EDGE_CURVE ('', #1601, #2183, #2193, .T.);
#2195 = ORIENTED_EDGE ('', *, *, #2194, .F.);
#2196 = ORIENTED_EDGE ('', *, *, #1616, .F.);
#2197 = ORIENTED_EDGE ('', *, *, #2166, .F.);
#2198 = EDGE_LOOP ('', (#2190, #2195, #2196, #2197));
#2199 = FACE_OUTER_BOUND ('', #2198, .T.);
#2200 = CARTESIAN_POINT ('', (145.865, 7.49999999996819, 4.65942497472077));
#2201 = CARTESIAN_POINT ('', (145.865, 7.49999999996819, 3.09942497472077));
#2202 = CARTESIAN_POINT ('', (145.865, 8.08578643759507, 4.65942497472077));
#2203 = CARTESIAN_POINT ('', (145.865, 8.08578643759507, 3.09942497472077));
#2204 = CARTESIAN_POINT ('', (146.279213562373, 8.49999999996814, 4.65942497472077));
#2205 = CARTESIAN_POINT ('', (146.279213562373, 8.49999999996814, 3.09942497472077));
#2206 = CARTESIAN_POINT ('', (146.865, 8.49999999996814, 4.65942497472077));
#2207 = CARTESIAN_POINT ('', (146.865, 8.49999999996814, 3.09942497472077));
#2208 = (
   BOUNDED_SURFACE ()
   B_SPLINE_SURFACE (3, 1, ((#2200, #2201), (#2202, #2203), (#2204, #2205), (#2206, #2207)), .UNSPECIFIED., .F., .F., .U.)
   B_SPLINE_SURFACE_WITH_KNOTS ((4, 4), (2, 2), (0., 1.), (0., 1.), .UNSPECIFIED.)
   GEOMETRIC_REPRESENTATION_ITEM ()
   RATIONAL_B_SPLINE_SURFACE (((1., 1.), (0.804737854124373, 0.804737854124373), (0.804737854124373, 0.804737854124373), (1., 1.)))
   REPRESENTATION_ITEM ('')
   SURFACE ()
);
#2209 = ADVANCED_FACE ('', (#2199), #2208, .T.);
#2210 = CARTESIAN_POINT ('', (145.864999999998, 136.999999999968, 4.52942497472077));
#2211 = VERTEX_POINT ('', #2210);
#2212 = CARTESIAN_POINT ('', (145.864999999998, 136.999999999968, -2.19019925136189));
#2213 = VERTEX_POINT ('', #2212);
#2214 = CARTESIAN_POINT ('', (145.864999999998, 136.999999999968, 4.52942497472077));
#2215 = CARTESIAN_POINT ('', (145.864999999998, 136.999999999968, -2.19019925136189));
#2216 = B_SPLINE_CURVE_WITH_KNOTS ('', 1, (#2214, #2215), .UNSPECIFIED., .F., .U., (2, 2), (0., 1.), .UNSPECIFIED.);
#2217 = EDGE_CURVE ('', #2211, #2213, #2216, .T.);
#2218 = ORIENTED_EDGE ('', *, *, #2217, .T.);
#2219 = CARTESIAN_POINT ('', (145.864999999998, 0.963785920449425, -2.19019925136189));
#2220 = VERTEX_POINT ('', #2219);
#2221 = CARTESIAN_POINT ('', (145.864999999998, 136.999999999968, -2.19019925136189));
#2222 = CARTESIAN_POINT ('', (145.864999999998, 0.963785920449425, -2.19019925136189));
#2223 = B_SPLINE_CURVE_WITH_KNOTS ('', 1, (#2221, #2222), .UNSPECIFIED., .F., .U., (2, 2), (0., 1.), .UNSPECIFIED.);
#2224 = EDGE_CURVE ('', #2213, #2220, #2223, .T.);
#2225 = ORIENTED_EDGE ('', *, *, #2224, .T.);
#2226 = CARTESIAN_POINT ('', (145.864999999998, 0.963785920449437, -2.19019925136189));
#2227 = CARTESIAN_POINT ('', (145.864999999998, 0.963785920449437, 4.52942497472077));
#2228 = B_SPLINE_CURVE_WITH_KNOTS ('', 1, (#2226, #2227), .UNSPECIFIED., .F., .U., (2, 2), (0., 1.), .UNSPECIFIED.);
#2229 = EDGE_CURVE ('', #2220, #1619, #2228, .T.);
#2230 = ORIENTED_EDGE ('', *, *, #2229, .T.);
#2231 = ORIENTED_EDGE ('', *, *, #1623, .T.);
#2232 = ORIENTED_EDGE ('', *, *, #2194, .T.);
#2233 = CARTESIAN_POINT ('', (145.864999999998, 7.4999999999682, 3.22675714052078));
#2234 = CARTESIAN_POINT ('', (145.864999999998, 45.4999999999712, 3.22675714052078));
#2235 = B_SPLINE_CURVE_WITH_KNOTS ('', 1, (#2233, #2234), .UNSPECIFIED., .F., .U., (2, 2), (0., 1.), .UNSPECIFIED.);
#2236 = EDGE_CURVE ('', #2183, #2, #2235, .T.);
#2237 = ORIENTED_EDGE ('', *, *, #2236, .T.);
#2238 = ORIENTED_EDGE ('', *, *, #40, .F.);
#2239 = CARTESIAN_POINT ('', (145.864999999998, 136.999999999968, 4.52942497472077));
#2240 = CARTESIAN_POINT ('', (145.864999999998, 45.4999999999713, 4.52942497472077));
#2241 = B_SPLINE_CURVE_WITH_KNOTS ('', 1, (#2239, #2240), .UNSPECIFIED., .F., .U., (2, 2), (0., 1.), .UNSPECIFIED.);
#2242 = EDGE_CURVE ('', #2211, #20, #2241, .T.);
#2243 = ORIENTED_EDGE ('', *, *, #2242, .F.);
#2244 = EDGE_LOOP ('', (#2218, #2225, #2230, #2231, #2232, #2237, #2238, #2243));
#2245 = FACE_OUTER_BOUND ('', #2244, .T.);
#2246 = CARTESIAN_POINT ('', (145.864999999998, 0.963785920449437, -2.19019925136189));
#2247 = CARTESIAN_POINT ('', (145.864999999998, 136.999999999968, -2.19019925136189));
#2248 = CARTESIAN_POINT ('', (145.864999999998, 0.963785920449437, 4.52942497472077));
#2249 = CARTESIAN_POINT ('', (145.864999999998, 136.999999999968, 4.52942497472077));
#2250 = B_SPLINE_SURFACE_WITH_KNOTS ('', 1, 1, ((#2246, #2247), (#2248, #2249)), .UNSPECIFIED., .F., .F., .U., (2, 2), (2, 2), (0., 1.), (0., 1.), .UNSPECIFIED.);
#2251 = ADVANCED_FACE ('', (#2245), #2250, .T.);
#2252 = CARTESIAN_POINT ('', (144.664999999998, 0.963785920449538, -3.39019925136189));
#2253 = VERTEX_POINT ('', #2252);
#2254 = CARTESIAN_POINT ('', (144.664999999998, 0.963785920449538, -3.39019925136189));
#2255 = CARTESIAN_POINT ('', (145.864999999998, 0.963785920449538, -2.19019925136188));
#2256 = B_SPLINE_CURVE_WITH_KNOTS ('', 1, (#2254, #2255), .UNSPECIFIED., .F., .U., (2, 2), (0., 1.), .UNSPECIFIED.);
#2257 = EDGE_CURVE ('', #2253, #2220, #2256, .T.);
#2258 = ORIENTED_EDGE ('', *, *, #2257, .T.);
#2259 = ORIENTED_EDGE ('', *, *, #2224, .F.);
#2260 = CARTESIAN_POINT ('', (144.664999999998, 136.999999999968, -3.39019925136189));
#2261 = VERTEX_POINT ('', #2260);
#2262 = CARTESIAN_POINT ('', (145.864999999998, 136.999999999968, -2.19019925136188));
#2263 = CARTESIAN_POINT ('', (144.664999999998, 136.999999999968, -3.39019925136189));
#2264 = B_SPLINE_CURVE_WITH_KNOTS ('', 1, (#2262, #2263), .UNSPECIFIED., .F., .U., (2, 2), (0., 1.), .UNSPECIFIED.);
#2265 = EDGE_CURVE ('', #2213, #2261, #2264, .T.);
#2266 = ORIENTED_EDGE ('', *, *, #2265, .T.);
#2267 = CARTESIAN_POINT ('', (144.664999999998, 136.999999999968, -3.39019925136189));
#2268 = CARTESIAN_POINT ('', (144.664999999998, 0.963785920449538, -3.39019925136189));
#2269 = B_SPLINE_CURVE_WITH_KNOTS ('', 1, (#2267, #2268), .UNSPECIFIED., .F., .U., (2, 2), (0., 1.), .UNSPECIFIED.);
#2270 = EDGE_CURVE ('', #2261, #2253, #2269, .T.);
#2271 = ORIENTED_EDGE ('', *, *, #2270, .T.);
#2272 = EDGE_LOOP ('', (#2258, #2259, #2266, #2271));
#2273 = FACE_OUTER_BOUND ('', #2272, .T.);
#2274 = CARTESIAN_POINT ('', (144.664999999998, 136.999999999968, -3.39019925136189));
#2275 = CARTESIAN_POINT ('', (145.864999999998, 136.999999999968, -2.19019925136188));
#2276 = CARTESIAN_POINT ('', (144.664999999998, 0.963785920449537, -3.39019925136189));
#2277 = CARTESIAN_POINT ('', (145.864999999998, 0.963785920449537, -2.19019925136188));
#2278 = B_SPLINE_SURFACE_WITH_KNOTS ('', 1, 1, ((#2274, #2275), (#2276, #2277)), .UNSPECIFIED., .F., .F., .U., (2, 2), (2, 2), (0., 1.), (0., 1.), .UNSPECIFIED.);
#2279 = ADVANCED_FACE ('', (#2273), #2278, .T.);
#2280 = ORIENTED_EDGE ('', *, *, #2265, .F.);
#2281 = CARTESIAN_POINT ('', (145.864999999998, 136.999999999968, -2.19019925136189));
#2282 = CARTESIAN_POINT ('', (145.864999999998, 138.757359312849, -2.19019925136189));
#2283 = CARTESIAN_POINT ('', (144.622359312879, 139.999999999968, -2.19019925136189));
#2284 = CARTESIAN_POINT ('', (142.864999999998, 139.999999999968, -2.19019925136189));
#2285 = (
   BOUNDED_CURVE ()
   B_SPLINE_CURVE (3, (#2281, #2282, #2283, #2284), .UNSPECIFIED., .F., .U.)
   B_SPLINE_CURVE_WITH_KNOTS ((4, 4), (0., 1.), .UNSPECIFIED.)
   CURVE ()
   GEOMETRIC_REPRESENTATION_ITEM ()
   RATIONAL_B_SPLINE_CURVE ((1., 0.804737854124365, 0.804737854124365, 1.))
   REPRESENTATION_ITEM ('')
);
#2286 = EDGE_CURVE ('', #2213, #411, #2285, .T.);
#2287 = ORIENTED_EDGE ('', *, *, #2286, .T.);
#2288 = ORIENTED_EDGE ('', *, *, #490, .T.);
#2289 = CARTESIAN_POINT ('', (144.664999999998, 136.999999999968, -3.39019925136189));
#2290 = CARTESIAN_POINT ('', (144.664999999998, 137.238694840824, -3.39019925136189));
#2291 = CARTESIAN_POINT ('', (144.619327719505, 137.468304900243, -3.39019925136189));
#2292 = CARTESIAN_POINT ('', (144.527983158518, 137.688830178225, -3.39019925136189));
#2293 = CARTESIAN_POINT ('', (144.436638597532, 137.909355456208, -3.39019925136189));
#2294 = CARTESIAN_POINT ('', (144.306574946737, 138.104009465501, -3.39019925136189));
#2295 = CARTESIAN_POINT ('', (144.137792206134, 138.272792206104, -3.39019925136189));
#2296 = CARTESIAN_POINT ('', (143.969009465531, 138.441574946707, -3.39019925136189));
#2297 = CARTESIAN_POINT ('', (143.774355456238, 138.571638597502, -3.39019925136189));
#2298 = CARTESIAN_POINT ('', (143.553830178255, 138.662983158488, -3.39019925136189));
#2299 = CARTESIAN_POINT ('', (143.333304900273, 138.754327719475, -3.39019925136189));
#2300 = CARTESIAN_POINT ('', (143.103694840854, 138.799999999968, -3.39019925136189));
#2301 = CARTESIAN_POINT ('', (142.864999999998, 138.799999999968, -3.39019925136189));
#2302 = B_SPLINE_CURVE_WITH_KNOTS ('', 3, (#2289, #2290, #2291, #2292, #2293, #2294, #2295, #2296, #2297, #2298, #2299, #2300, #2301), .UNSPECIFIED., .F., .U., (4, 3, 3, 3, 4), (0., 0.25, 0.5, 0.75, 1.), .UNSPECIFIED.);
#2303 = EDGE_CURVE ('', #2261, #486, #2302, .T.);
#2304 = ORIENTED_EDGE ('', *, *, #2303, .F.);
#2305 = EDGE_LOOP ('', (#2280, #2287, #2288, #2304));
#2306 = FACE_OUTER_BOUND ('', #2305, .T.);
#2307 = CARTESIAN_POINT ('', (144.664999999998, 136.999999999968, -3.39019925136189));
#2308 = CARTESIAN_POINT ('', (144.664999999998, 138.054415587697, -3.39019925136189));
#2309 = CARTESIAN_POINT ('', (143.919415587726, 138.799999999968, -3.39019925136189));
#2310 = CARTESIAN_POINT ('', (142.864999999998, 138.799999999968, -3.39019925136189));
#2311 = CARTESIAN_POINT ('', (145.984999999998, 136.999999999968, -2.07019925136188));
#2312 = CARTESIAN_POINT ('', (145.984999999998, 138.827653685364, -2.07019925136188));
#2313 = CARTESIAN_POINT ('', (144.692653685394, 140.119999999968, -2.07019925136188));
#2314 = CARTESIAN_POINT ('', (142.864999999998, 140.119999999968, -2.07019925136188));
#2315 = (
   BOUNDED_SURFACE ()
   B_SPLINE_SURFACE (1, 3, ((#2307, #2308, #2309, #2310), (#2311, #2312, #2313, #2314)), .UNSPECIFIED., .F., .F., .U.)
   B_SPLINE_SURFACE_WITH_KNOTS ((2, 2), (4, 4), (0., 1.), (0., 1.), .UNSPECIFIED.)
   GEOMETRIC_REPRESENTATION_ITEM ()
   RATIONAL_B_SPLINE_SURFACE (((1., 0.804737854124365, 0.804737854124365, 1.), (1., 0.804737854124365, 0.804737854124365, 1.)))
   REPRESENTATION_ITEM ('')
   SURFACE ()
);
#2316 = ADVANCED_FACE ('', (#2306), #2315, .T.);
#2317 = ORIENTED_EDGE ('', *, *, #422, .F.);
#2318 = ORIENTED_EDGE ('', *, *, #2286, .F.);
#2319 = ORIENTED_EDGE ('', *, *, #2217, .F.);
#2320 = CARTESIAN_POINT ('', (142.864999999998, 139.999999999968, 4.52942497472077));
#2321 = CARTESIAN_POINT ('', (143.262824734757, 139.999999999968, 4.52942497472077));
#2322 = CARTESIAN_POINT ('', (143.645508167122, 139.923879532479, 4.52942497472077));
#2323 = CARTESIAN_POINT ('', (144.013050297093, 139.771638597502, 4.52942497472077));
#2324 = CARTESIAN_POINT ('', (144.380592427064, 139.619397662524, 4.52942497472077));
#2325 = CARTESIAN_POINT ('', (144.705015775885, 139.4026249112, 4.52942497472077));
#2326 = CARTESIAN_POINT ('', (144.986320343558, 139.121320343528, 4.52942497472077));
#2327 = CARTESIAN_POINT ('', (145.26762491123, 138.840015775856, 4.52942497472077));
#2328 = CARTESIAN_POINT ('', (145.484397662554, 138.515592427034, 4.52942497472077));
#2329 = CARTESIAN_POINT ('', (145.636638597532, 138.148050297063, 4.52942497472077));
#2330 = CARTESIAN_POINT ('', (145.788879532509, 137.780508167092, 4.52942497472077));
#2331 = CARTESIAN_POINT ('', (145.864999999998, 137.397824734727, 4.52942497472077));
#2332 = CARTESIAN_POINT ('', (145.864999999998, 136.999999999968, 4.52942497472077));
#2333 = B_SPLINE_CURVE_WITH_KNOTS ('', 3, (#2320, #2321, #2322, #2323, #2324, #2325, #2326, #2327, #2328, #2329, #2330, #2331, #2332), .UNSPECIFIED., .F., .U., (4, 3, 3, 3, 4), (0., 0.25, 0.5, 0.75, 1.), .UNSPECIFIED.);
#2334 = EDGE_CURVE ('', #418, #2211, #2333, .T.);
#2335 = ORIENTED_EDGE ('', *, *, #2334, .F.);
#2336 = EDGE_LOOP ('', (#2317, #2318, #2319, #2335));
#2337 = FACE_OUTER_BOUND ('', #2336, .T.);
#2338 = CARTESIAN_POINT ('', (145.864999999998, 136.999999999968, 5.20138739732904));
#2339 = CARTESIAN_POINT ('', (145.864999999998, 136.999999999968, -2.86216167397015));
#2340 = CARTESIAN_POINT ('', (145.864999999998, 138.757359312849, 5.20138739732904));
#2341 = CARTESIAN_POINT ('', (145.864999999998, 138.757359312849, -2.86216167397015));
#2342 = CARTESIAN_POINT ('', (144.622359312879, 139.999999999968, 5.20138739732904));
#2343 = CARTESIAN_POINT ('', (144.622359312879, 139.999999999968, -2.86216167397015));
#2344 = CARTESIAN_POINT ('', (142.864999999998, 139.999999999968, 5.20138739732904));
#2345 = CARTESIAN_POINT ('', (142.864999999998, 139.999999999968, -2.86216167397015));
#2346 = (
   BOUNDED_SURFACE ()
   B_SPLINE_SURFACE (3, 1, ((#2338, #2339), (#2340, #2341), (#2342, #2343), (#2344, #2345)), .UNSPECIFIED., .F., .F., .U.)
   B_SPLINE_SURFACE_WITH_KNOTS ((4, 4), (2, 2), (0., 1.), (0., 1.), .UNSPECIFIED.)
   GEOMETRIC_REPRESENTATION_ITEM ()
   RATIONAL_B_SPLINE_SURFACE (((1., 1.), (0.804737854124365, 0.804737854124365), (0.804737854124365, 0.804737854124365), (1., 1.)))
   REPRESENTATION_ITEM ('')
   SURFACE ()
);
#2347 = ADVANCED_FACE ('', (#2337), #2346, .T.);
#2348 = ORIENTED_EDGE ('', *, *, #146, .F.);
#2349 = ORIENTED_EDGE ('', *, *, #222, .T.);
#2350 = ORIENTED_EDGE ('', *, *, #254, .F.);
#2351 = ORIENTED_EDGE ('', *, *, #304, .T.);
#2352 = ORIENTED_EDGE ('', *, *, #336, .T.);
#2353 = ORIENTED_EDGE ('', *, *, #386, .T.);
#2354 = ORIENTED_EDGE ('', *, *, #427, .T.);
#2355 = ORIENTED_EDGE ('', *, *, #2334, .T.);
#2356 = ORIENTED_EDGE ('', *, *, #2242, .T.);
#2357 = ORIENTED_EDGE ('', *, *, #35, .T.);
#2358 = ORIENTED_EDGE ('', *, *, #71, .F.);
#2359 = ORIENTED_EDGE ('', *, *, #112, .T.);
#2360 = EDGE_LOOP ('', (#2348, #2349, #2350, #2351, #2352, #2353, #2354, #2355, #2356, #2357, #2358, #2359));
#2361 = FACE_OUTER_BOUND ('', #2360, .T.);
#2362 = CARTESIAN_POINT ('', (147.064999999999, 47.4999999999712, 4.52942497472077));
#2363 = VERTEX_POINT ('', #2362);
#2364 = CARTESIAN_POINT ('', (147.064999999999, 47.4999999999712, 4.52942497472077));
#2365 = CARTESIAN_POINT ('', (147.064999999999, 47.639238657137, 4.52942497472077));
#2366 = CARTESIAN_POINT ('', (147.09164216362, 47.7731778584648, 4.52942497472077));
#2367 = CARTESIAN_POINT ('', (147.144926490862, 47.9018176039546, 4.52942497472077));
#2368 = CARTESIAN_POINT ('', (147.198210818104, 48.0304573494443, 4.52942497472077));
#2369 = CARTESIAN_POINT ('', (147.274081281068, 48.1440055215319, 4.52942497472077));
#2370 = CARTESIAN_POINT ('', (147.372537879753, 48.2424621202171, 4.52942497472077));
#2371 = CARTESIAN_POINT ('', (147.470994478438, 48.3409187189023, 4.52942497472077));
#2372 = CARTESIAN_POINT ('', (147.584542650526, 48.416789181866, 4.52942497472077));
#2373 = CARTESIAN_POINT ('', (147.713182396015, 48.4700735091081, 4.52942497472077));
#2374 = CARTESIAN_POINT ('', (147.841822141505, 48.5233578363502, 4.52942497472077));
#2375 = CARTESIAN_POINT ('', (147.975761342833, 48.5499999999712, 4.52942497472077));
#2376 = CARTESIAN_POINT ('', (148.114999999999, 48.5499999999712, 4.52942497472077));
#2377 = CARTESIAN_POINT ('', (148.254238657164, 48.5499999999712, 4.52942497472077));
#2378 = CARTESIAN_POINT ('', (148.388177858492, 48.5233578363502, 4.52942497472077));
#2379 = CARTESIAN_POINT ('', (148.516817603982, 48.4700735091081, 4.52942497472077));
#2380 = CARTESIAN_POINT ('', (148.645457349472, 48.416789181866, 4.52942497472077));
#2381 = CARTESIAN_POINT ('', (148.759005521559, 48.3409187189023, 4.52942497472077));
#2382 = CARTESIAN_POINT ('', (148.857462120245, 48.2424621202171, 4.52942497472077));
#2383 = CARTESIAN_POINT ('', (148.95591871893, 48.1440055215319, 4.52942497472077));
#2384 = CARTESIAN_POINT ('', (149.031789181893, 48.0304573494443, 4.52942497472077));
#2385 = CARTESIAN_POINT ('', (149.085073509136, 47.9018176039546, 4.52942497472077));
#2386 = CARTESIAN_POINT ('', (149.138357836378, 47.7731778584648, 4.52942497472077));
#2387 = CARTESIAN_POINT ('', (149.164999999999, 47.639238657137, 4.52942497472077));
#2388 = CARTESIAN_POINT ('', (149.164999999999, 47.4999999999712, 4.52942497472077));
#2389 = CARTESIAN_POINT ('', (149.164999999999, 47.3607613428054, 4.52942497472077));
#2390 = CARTESIAN_POINT ('', (149.138357836378, 47.2268221414776, 4.52942497472077));
#2391 = CARTESIAN_POINT ('', (149.085073509136, 47.0981823959879, 4.52942497472077));
#2392 = CARTESIAN_POINT ('', (149.031789181893, 46.9695426504981, 4.52942497472077));
#2393 = CARTESIAN_POINT ('', (148.95591871893, 46.8559944784106, 4.52942497472077));
#2394 = CARTESIAN_POINT ('', (148.857462120245, 46.7575378797253, 4.52942497472077));
#2395 = CARTESIAN_POINT ('', (148.759005521559, 46.6590812810401, 4.52942497472077));
#2396 = CARTESIAN_POINT ('', (148.645457349472, 46.5832108180765, 4.52942497472077));
#2397 = CARTESIAN_POINT ('', (148.516817603982, 46.5299264908344, 4.52942497472077));
#2398 = CARTESIAN_POINT ('', (148.388177858492, 46.4766421635923, 4.52942497472077));
#2399 = CARTESIAN_POINT ('', (148.254238657164, 46.4499999999712, 4.52942497472077));
#2400 = CARTESIAN_POINT ('', (148.114999999999, 46.4499999999712, 4.52942497472077));
#2401 = CARTESIAN_POINT ('', (147.975761342833, 46.4499999999712, 4.52942497472077));
#2402 = CARTESIAN_POINT ('', (147.841822141505, 46.4766421635923, 4.52942497472077));
#2403 = CARTESIAN_POINT ('', (147.713182396015, 46.5299264908344, 4.52942497472077));
#2404 = CARTESIAN_POINT ('', (147.584542650525, 46.5832108180765, 4.52942497472077));
#2405 = CARTESIAN_POINT ('', (147.470994478438, 46.6590812810401, 4.52942497472077));
#2406 = CARTESIAN_POINT ('', (147.372537879753, 46.7575378797253, 4.52942497472077));
#2407 = CARTESIAN_POINT ('', (147.274081281068, 46.8559944784106, 4.52942497472077));
#2408 = CARTESIAN_POINT ('', (147.198210818104, 46.9695426504981, 4.52942497472077));
#2409 = CARTESIAN_POINT ('', (147.144926490862, 47.0981823959879, 4.52942497472077));
#2410 = CARTESIAN_POINT ('', (147.09164216362, 47.2268221414776, 4.52942497472077));
#2411 = CARTESIAN_POINT ('', (147.064999999999, 47.3607613428054, 4.52942497472077));
#2412 = CARTESIAN_POINT ('', (147.064999999999, 47.4999999999712, 4.52942497472077));
#2413 = B_SPLINE_CURVE_WITH_KNOTS ('', 3, (#2364, #2365, #2366, #2367, #2368, #2369, #2370, #2371, #2372, #2373, #2374, #2375, #2376, #2377, #2378, #2379, #2380, #2381, #2382, #2383, #2384, #2385, #2386, #2387, #2388, #2389, #2390, #2391, #2392, #2393, #2394, #2395, #2396, #2397, #2398, #2399, #2400, #2401, #2402, #2403, #2404, #2405, #2406, #2407, #2408, #2409, #2410, #2411, #2412), .UNSPECIFIED., .T., .U., (4, 3, 3, 3, 3, 3, 3, 3, 3, 3, 3, 3, 3, 3, 3, 3, 4), (0., 0.0625, 0.125, 0.1875, 0.25, 0.3125, 0.375, 0.4375, 0.5, 0.5625, 0.625, 0.6875, 0.75, 0.8125, 0.875, 0.9375, 1.), .UNSPECIFIED.);
#2414 = EDGE_CURVE ('', #2363, #2363, #2413, .T.);
#2415 = ORIENTED_EDGE ('', *, *, #2414, .T.);
#2416 = EDGE_LOOP ('', (#2415));
#2417 = FACE_BOUND ('', #2416, .T.);
#2418 = CARTESIAN_POINT ('', (145.18632034356, 141.371320343528, 4.52942497472077));
#2419 = VERTEX_POINT ('', #2418);
#2420 = CARTESIAN_POINT ('', (145.18632034356, 141.371320343528, 4.52942497472077));
#2421 = CARTESIAN_POINT ('', (145.18632034356, 141.643167245613, 4.52942497472077));
#2422 = CARTESIAN_POINT ('', (145.238335996343, 141.904667591063, 4.52942497472077));
#2423 = CARTESIAN_POINT ('', (145.342367301911, 142.155821379876, 4.52942497472077));
#2424 = CARTESIAN_POINT ('', (145.446398607479, 142.40697516869, 4.52942497472077));
#2425 = CARTESIAN_POINT ('', (145.594526654218, 142.628664457051, 4.52942497472077));
#2426 = CARTESIAN_POINT ('', (145.786751442127, 142.82088924496, 4.52942497472077));
#2427 = CARTESIAN_POINT ('', (145.978976230036, 143.013114032869, 4.52942497472077));
#2428 = CARTESIAN_POINT ('', (146.200665518398, 143.161242079608, 4.52942497472077));
#2429 = CARTESIAN_POINT ('', (146.451819307211, 143.265273385176, 4.52942497472077));
#2430 = CARTESIAN_POINT ('', (146.702973096024, 143.369304690744, 4.52942497472077));
#2431 = CARTESIAN_POINT ('', (146.964473441474, 143.421320343528, 4.52942497472077));
#2432 = CARTESIAN_POINT ('', (147.23632034356, 143.421320343528, 4.52942497472077));
#2433 = CARTESIAN_POINT ('', (147.508167245645, 143.421320343528, 4.52942497472077));
#2434 = CARTESIAN_POINT ('', (147.769667591095, 143.369304690744, 4.52942497472077));
#2435 = CARTESIAN_POINT ('', (148.020821379908, 143.265273385176, 4.52942497472077));
#2436 = CARTESIAN_POINT ('', (148.271975168721, 143.161242079608, 4.52942497472077));
#2437 = CARTESIAN_POINT ('', (148.493664457083, 143.013114032869, 4.52942497472077));
#2438 = CARTESIAN_POINT ('', (148.685889244992, 142.82088924496, 4.52942497472077));
#2439 = CARTESIAN_POINT ('', (148.878114032901, 142.628664457051, 4.52942497472077));
#2440 = CARTESIAN_POINT ('', (149.02624207964, 142.40697516869, 4.52942497472077));
#2441 = CARTESIAN_POINT ('', (149.130273385208, 142.155821379876, 4.52942497472077));
#2442 = CARTESIAN_POINT ('', (149.234304690776, 141.904667591063, 4.52942497472077));
#2443 = CARTESIAN_POINT ('', (149.28632034356, 141.643167245613, 4.52942497472077));
#2444 = CARTESIAN_POINT ('', (149.28632034356, 141.371320343528, 4.52942497472077));
#2445 = CARTESIAN_POINT ('', (149.28632034356, 141.099473441442, 4.52942497472077));
#2446 = CARTESIAN_POINT ('', (149.234304690776, 140.837973095993, 4.52942497472077));
#2447 = CARTESIAN_POINT ('', (149.130273385208, 140.586819307179, 4.52942497472077));
#2448 = CARTESIAN_POINT ('', (149.02624207964, 140.335665518366, 4.52942497472077));
#2449 = CARTESIAN_POINT ('', (148.878114032901, 140.113976230005, 4.52942497472077));
#2450 = CARTESIAN_POINT ('', (148.685889244992, 139.921751442095, 4.52942497472077));
#2451 = CARTESIAN_POINT ('', (148.493664457083, 139.729526654186, 4.52942497472077));
#2452 = CARTESIAN_POINT ('', (148.271975168721, 139.581398607448, 4.52942497472077));
#2453 = CARTESIAN_POINT ('', (148.020821379908, 139.47736730188, 4.52942497472077));
#2454 = CARTESIAN_POINT ('', (147.769667591095, 139.373335996312, 4.52942497472077));
#2455 = CARTESIAN_POINT ('', (147.508167245645, 139.321320343528, 4.52942497472077));
#2456 = CARTESIAN_POINT ('', (147.23632034356, 139.321320343528, 4.52942497472077));
#2457 = CARTESIAN_POINT ('', (146.964473441474, 139.321320343528, 4.52942497472077));
#2458 = CARTESIAN_POINT ('', (146.702973096025, 139.373335996312, 4.52942497472077));
#2459 = CARTESIAN_POINT ('', (146.451819307211, 139.47736730188, 4.52942497472077));
#2460 = CARTESIAN_POINT ('', (146.200665518398, 139.581398607448, 4.52942497472077));
#2461 = CARTESIAN_POINT ('', (145.978976230036, 139.729526654186, 4.52942497472077));
#2462 = CARTESIAN_POINT ('', (145.786751442127, 139.921751442095, 4.52942497472077));
#2463 = CARTESIAN_POINT ('', (145.594526654218, 140.113976230005, 4.52942497472077));
#2464 = CARTESIAN_POINT ('', (145.446398607479, 140.335665518366, 4.52942497472077));
#2465 = CARTESIAN_POINT ('', (145.342367301911, 140.586819307179, 4.52942497472077));
#2466 = CARTESIAN_POINT ('', (145.238335996343, 140.837973095993, 4.52942497472077));
#2467 = CARTESIAN_POINT ('', (145.18632034356, 141.099473441442, 4.52942497472077));
#2468 = CARTESIAN_POINT ('', (145.18632034356, 141.371320343528, 4.52942497472077));
#2469 = B_SPLINE_CURVE_WITH_KNOTS ('', 3, (#2420, #2421, #2422, #2423, #2424, #2425, #2426, #2427, #2428, #2429, #2430, #2431, #2432, #2433, #2434, #2435, #2436, #2437, #2438, #2439, #2440, #2441, #2442, #2443, #2444, #2445, #2446, #2447, #2448, #2449, #2450, #2451, #2452, #2453, #2454, #2455, #2456, #2457, #2458, #2459, #2460, #2461, #2462, #2463, #2464, #2465, #2466, #2467, #2468), .UNSPECIFIED., .T., .U., (4, 3, 3, 3, 3, 3, 3, 3, 3, 3, 3, 3, 3, 3, 3, 3, 4), (0., 0.0625, 0.125, 0.1875, 0.25, 0.3125, 0.375, 0.4375, 0.5, 0.5625, 0.625, 0.6875, 0.75, 0.8125, 0.875, 0.9375, 1.), .UNSPECIFIED.);
#2470 = EDGE_CURVE ('', #2419, #2419, #2469, .T.);
#2471 = ORIENTED_EDGE ('', *, *, #2470, .T.);
#2472 = EDGE_LOOP ('', (#2471));
#2473 = FACE_BOUND ('', #2472, .T.);
#2474 = CARTESIAN_POINT ('', (140.098292063002, 44.4999999999712, 4.52942497472077));
#2475 = CARTESIAN_POINT ('', (140.098292063002, 144.499999999968, 4.52942497472077));
#2476 = CARTESIAN_POINT ('', (150.364999999998, 44.4999999999712, 4.52942497472077));
#2477 = CARTESIAN_POINT ('', (150.364999999998, 144.499999999968, 4.52942497472077));
#2478 = B_SPLINE_SURFACE_WITH_KNOTS ('', 1, 1, ((#2474, #2475), (#2476, #2477)), .UNSPECIFIED., .F., .F., .U., (2, 2), (2, 2), (0., 1.), (0., 1.), .UNSPECIFIED.);
#2479 = ADVANCED_FACE ('', (#2361, #2417, #2473), #2478, .T.);
#2480 = CARTESIAN_POINT ('', (145.18632034356, 141.371320343528, 1.52942497472077));
#2481 = VERTEX_POINT ('', #2480);
#2482 = CARTESIAN_POINT ('', (145.18632034356, 141.371320343528, 4.52942497472077));
#2483 = CARTESIAN_POINT ('', (145.18632034356, 141.371320343528, 1.52942497472077));
#2484 = B_SPLINE_CURVE_WITH_KNOTS ('', 1, (#2482, #2483), .UNSPECIFIED., .F., .U., (2, 2), (0., 1.), .UNSPECIFIED.);
#2485 = EDGE_CURVE ('', #2419, #2481, #2484, .T.);
#2486 = ORIENTED_EDGE ('', *, *, #2485, .T.);
#2487 = CARTESIAN_POINT ('', (145.186320343559, 141.371320343528, 1.52942497472078));
#2488 = CARTESIAN_POINT ('', (145.186320343559, 141.099473441442, 1.52942497472078));
#2489 = CARTESIAN_POINT ('', (145.238335996343, 140.837973095993, 1.52942497472077));
#2490 = CARTESIAN_POINT ('', (145.342367301911, 140.586819307179, 1.52942497472077));
#2491 = CARTESIAN_POINT ('', (145.446398607479, 140.335665518366, 1.52942497472077));
#2492 = CARTESIAN_POINT ('', (145.594526654218, 140.113976230005, 1.52942497472077));
#2493 = CARTESIAN_POINT ('', (145.786751442127, 139.921751442095, 1.52942497472077));
#2494 = CARTESIAN_POINT ('', (145.978976230036, 139.729526654186, 1.52942497472077));
#2495 = CARTESIAN_POINT ('', (146.200665518398, 139.581398607448, 1.52942497472077));
#2496 = CARTESIAN_POINT ('', (146.451819307211, 139.47736730188, 1.52942497472077));
#2497 = CARTESIAN_POINT ('', (146.702973096024, 139.373335996312, 1.52942497472077));
#2498 = CARTESIAN_POINT ('', (146.964473441474, 139.321320343528, 1.52942497472077));
#2499 = CARTESIAN_POINT ('', (147.23632034356, 139.321320343528, 1.52942497472077));
#2500 = CARTESIAN_POINT ('', (147.508167245645, 139.321320343528, 1.52942497472077));
#2501 = CARTESIAN_POINT ('', (147.769667591095, 139.373335996312, 1.52942497472077));
#2502 = CARTESIAN_POINT ('', (148.020821379908, 139.47736730188, 1.52942497472077));
#2503 = CARTESIAN_POINT ('', (148.271975168721, 139.581398607448, 1.52942497472077));
#2504 = CARTESIAN_POINT ('', (148.493664457083, 139.729526654186, 1.52942497472077));
#2505 = CARTESIAN_POINT ('', (148.685889244992, 139.921751442095, 1.52942497472077));
#2506 = CARTESIAN_POINT ('', (148.878114032901, 140.113976230005, 1.52942497472077));
#2507 = CARTESIAN_POINT ('', (149.02624207964, 140.335665518366, 1.52942497472077));
#2508 = CARTESIAN_POINT ('', (149.130273385208, 140.586819307179, 1.52942497472077));
#2509 = CARTESIAN_POINT ('', (149.234304690776, 140.837973095993, 1.52942497472077));
#2510 = CARTESIAN_POINT ('', (149.28632034356, 141.099473441442, 1.52942497472077));
#2511 = CARTESIAN_POINT ('', (149.28632034356, 141.371320343528, 1.52942497472077));
#2512 = CARTESIAN_POINT ('', (149.28632034356, 141.643167245613, 1.52942497472077));
#2513 = CARTESIAN_POINT ('', (149.234304690776, 141.904667591063, 1.52942497472077));
#2514 = CARTESIAN_POINT ('', (149.130273385208, 142.155821379876, 1.52942497472077));
#2515 = CARTESIAN_POINT ('', (149.02624207964, 142.40697516869, 1.52942497472077));
#2516 = CARTESIAN_POINT ('', (148.878114032901, 142.628664457051, 1.52942497472077));
#2517 = CARTESIAN_POINT ('', (148.685889244992, 142.82088924496, 1.52942497472077));
#2518 = CARTESIAN_POINT ('', (148.493664457083, 143.013114032869, 1.52942497472077));
#2519 = CARTESIAN_POINT ('', (148.271975168721, 143.161242079608, 1.52942497472077));
#2520 = CARTESIAN_POINT ('', (148.020821379908, 143.265273385176, 1.52942497472077));
#2521 = CARTESIAN_POINT ('', (147.769667591095, 143.369304690744, 1.52942497472077));
#2522 = CARTESIAN_POINT ('', (147.508167245645, 143.421320343528, 1.52942497472077));
#2523 = CARTESIAN_POINT ('', (147.23632034356, 143.421320343528, 1.52942497472077));
#2524 = CARTESIAN_POINT ('', (146.964473441474, 143.421320343528, 1.52942497472077));
#2525 = CARTESIAN_POINT ('', (146.702973096025, 143.369304690744, 1.52942497472077));
#2526 = CARTESIAN_POINT ('', (146.451819307211, 143.265273385176, 1.52942497472077));
#2527 = CARTESIAN_POINT ('', (146.200665518398, 143.161242079608, 1.52942497472077));
#2528 = CARTESIAN_POINT ('', (145.978976230036, 143.013114032869, 1.52942497472077));
#2529 = CARTESIAN_POINT ('', (145.786751442127, 142.82088924496, 1.52942497472077));
#2530 = CARTESIAN_POINT ('', (145.594526654218, 142.628664457051, 1.52942497472077));
#2531 = CARTESIAN_POINT ('', (145.446398607479, 142.40697516869, 1.52942497472077));
#2532 = CARTESIAN_POINT ('', (145.342367301911, 142.155821379876, 1.52942497472077));
#2533 = CARTESIAN_POINT ('', (145.238335996343, 141.904667591063, 1.52942497472077));
#2534 = CARTESIAN_POINT ('', (145.186320343559, 141.643167245613, 1.52942497472078));
#2535 = CARTESIAN_POINT ('', (145.186320343559, 141.371320343528, 1.52942497472078));
#2536 = B_SPLINE_CURVE_WITH_KNOTS ('', 3, (#2487, #2488, #2489, #2490, #2491, #2492, #2493, #2494, #2495, #2496, #2497, #2498, #2499, #2500, #2501, #2502, #2503, #2504, #2505, #2506, #2507, #2508, #2509, #2510, #2511, #2512, #2513, #2514, #2515, #2516, #2517, #2518, #2519, #2520, #2521, #2522, #2523, #2524, #2525, #2526, #2527, #2528, #2529, #2530, #2531, #2532, #2533, #2534, #2535), .UNSPECIFIED., .T., .U., (4, 3, 3, 3, 3, 3, 3, 3, 3, 3, 3, 3, 3, 3, 3, 3, 4), (0., 0.0625, 0.125, 0.1875, 0.25, 0.3125, 0.375, 0.4375, 0.5, 0.5625, 0.625, 0.6875, 0.75, 0.8125, 0.875, 0.9375, 1.), .UNSPECIFIED.);
#2537 = EDGE_CURVE ('', #2481, #2481, #2536, .T.);
#2538 = ORIENTED_EDGE ('', *, *, #2537, .F.);
#2539 = ORIENTED_EDGE ('', *, *, #2485, .F.);
#2540 = ORIENTED_EDGE ('', *, *, #2470, .F.);
#2541 = EDGE_LOOP ('', (#2486, #2538, #2539, #2540));
#2542 = FACE_OUTER_BOUND ('', #2541, .T.);
#2543 = CARTESIAN_POINT ('', (145.18632034356, 141.371320343528, 4.82942497472077));
#2544 = CARTESIAN_POINT ('', (145.18632034356, 141.371320343528, 1.22942497472077));
#2545 = CARTESIAN_POINT ('', (145.18632034356, 137.271320343528, 4.82942497472077));
#2546 = CARTESIAN_POINT ('', (145.18632034356, 137.271320343528, 1.22942497472078));
#2547 = CARTESIAN_POINT ('', (149.28632034356, 137.271320343528, 4.82942497472077));
#2548 = CARTESIAN_POINT ('', (149.28632034356, 137.271320343528, 1.22942497472078));
#2549 = CARTESIAN_POINT ('', (149.28632034356, 141.371320343528, 4.82942497472077));
#2550 = CARTESIAN_POINT ('', (149.28632034356, 141.371320343528, 1.22942497472077));
#2551 = CARTESIAN_POINT ('', (149.28632034356, 145.471320343528, 4.82942497472077));
#2552 = CARTESIAN_POINT ('', (149.28632034356, 145.471320343528, 1.22942497472078));
#2553 = CARTESIAN_POINT ('', (145.18632034356, 145.471320343528, 4.82942497472077));
#2554 = CARTESIAN_POINT ('', (145.18632034356, 145.471320343528, 1.22942497472078));
#2555 = CARTESIAN_POINT ('', (145.18632034356, 141.371320343528, 4.82942497472077));
#2556 = CARTESIAN_POINT ('', (145.18632034356, 141.371320343528, 1.22942497472077));
#2557 = (
   BOUNDED_SURFACE ()
   B_SPLINE_SURFACE (3, 1, ((#2543, #2544), (#2545, #2546), (#2547, #2548), (#2549, #2550), (#2551, #2552), (#2553, #2554), (#2555, #2556)), .UNSPECIFIED., .T., .F., .U.)
   B_SPLINE_SURFACE_WITH_KNOTS ((4, 3, 4), (2, 2), (0., 0.5, 1.), (0., 1.), .UNSPECIFIED.)
   GEOMETRIC_REPRESENTATION_ITEM ()
   RATIONAL_B_SPLINE_SURFACE (((1., 1.), (0.333333333333333, 0.333333333333333), (0.333333333333333, 0.333333333333333), (1., 1.), (0.333333333333333, 0.333333333333333), (0.333333333333333, 0.333333333333333), (1., 1.)))
   REPRESENTATION_ITEM ('')
   SURFACE ()
);
#2558 = ADVANCED_FACE ('', (#2542), #2557, .T.);
#2559 = ORIENTED_EDGE ('', *, *, #2537, .T.);
#2560 = EDGE_LOOP ('', (#2559));
#2561 = FACE_OUTER_BOUND ('', #2560, .T.);
#2562 = CARTESIAN_POINT ('', (145.16172034356, 139.296720343528, 1.52942497472077));
#2563 = CARTESIAN_POINT ('', (145.16172034356, 143.445920343528, 1.52942497472077));
#2564 = CARTESIAN_POINT ('', (149.31092034356, 139.296720343528, 1.52942497472077));
#2565 = CARTESIAN_POINT ('', (149.31092034356, 143.445920343528, 1.52942497472077));
#2566 = B_SPLINE_SURFACE_WITH_KNOTS ('', 1, 1, ((#2562, #2563), (#2564, #2565)), .UNSPECIFIED., .F., .F., .U., (2, 2), (2, 2), (0., 1.), (0., 1.), .UNSPECIFIED.);
#2567 = ADVANCED_FACE ('', (#2561), #2566, .T.);
#2568 = CARTESIAN_POINT ('', (147.064999999999, 47.4999999999712, 1.52942497472077));
#2569 = VERTEX_POINT ('', #2568);
#2570 = CARTESIAN_POINT ('', (147.064999999999, 47.4999999999712, 4.52942497472077));
#2571 = CARTESIAN_POINT ('', (147.064999999999, 47.4999999999712, 1.52942497472077));
#2572 = B_SPLINE_CURVE_WITH_KNOTS ('', 1, (#2570, #2571), .UNSPECIFIED., .F., .U., (2, 2), (0., 1.), .UNSPECIFIED.);
#2573 = EDGE_CURVE ('', #2363, #2569, #2572, .T.);
#2574 = ORIENTED_EDGE ('', *, *, #2573, .T.);
#2575 = CARTESIAN_POINT ('', (147.064999999999, 47.4999999999712, 1.52942497472077));
#2576 = CARTESIAN_POINT ('', (147.064999999999, 47.3607613428054, 1.52942497472077));
#2577 = CARTESIAN_POINT ('', (147.09164216362, 47.2268221414777, 1.52942497472078));
#2578 = CARTESIAN_POINT ('', (147.144926490862, 47.0981823959879, 1.52942497472078));
#2579 = CARTESIAN_POINT ('', (147.198210818104, 46.9695426504981, 1.52942497472078));
#2580 = CARTESIAN_POINT ('', (147.274081281068, 46.8559944784106, 1.52942497472077));
#2581 = CARTESIAN_POINT ('', (147.372537879753, 46.7575378797253, 1.52942497472077));
#2582 = CARTESIAN_POINT ('', (147.470994478438, 46.6590812810401, 1.52942497472077));
#2583 = CARTESIAN_POINT ('', (147.584542650525, 46.5832108180765, 1.52942497472077));
#2584 = CARTESIAN_POINT ('', (147.713182396015, 46.5299264908344, 1.52942497472077));
#2585 = CARTESIAN_POINT ('', (147.841822141505, 46.4766421635923, 1.52942497472077));
#2586 = CARTESIAN_POINT ('', (147.975761342833, 46.4499999999712, 1.52942497472077));
#2587 = CARTESIAN_POINT ('', (148.114999999999, 46.4499999999712, 1.52942497472077));
#2588 = CARTESIAN_POINT ('', (148.254238657164, 46.4499999999712, 1.52942497472077));
#2589 = CARTESIAN_POINT ('', (148.388177858492, 46.4766421635923, 1.52942497472077));
#2590 = CARTESIAN_POINT ('', (148.516817603982, 46.5299264908344, 1.52942497472077));
#2591 = CARTESIAN_POINT ('', (148.645457349472, 46.5832108180765, 1.52942497472077));
#2592 = CARTESIAN_POINT ('', (148.759005521559, 46.6590812810401, 1.52942497472077));
#2593 = CARTESIAN_POINT ('', (148.857462120245, 46.7575378797253, 1.52942497472077));
#2594 = CARTESIAN_POINT ('', (148.95591871893, 46.8559944784106, 1.52942497472077));
#2595 = CARTESIAN_POINT ('', (149.031789181893, 46.9695426504981, 1.52942497472077));
#2596 = CARTESIAN_POINT ('', (149.085073509135, 47.0981823959878, 1.52942497472077));
#2597 = CARTESIAN_POINT ('', (149.138357836378, 47.2268221414776, 1.52942497472077));
#2598 = CARTESIAN_POINT ('', (149.164999999999, 47.3607613428054, 1.52942497472077));
#2599 = CARTESIAN_POINT ('', (149.164999999999, 47.4999999999712, 1.52942497472077));
#2600 = CARTESIAN_POINT ('', (149.164999999999, 47.639238657137, 1.52942497472077));
#2601 = CARTESIAN_POINT ('', (149.138357836378, 47.7731778584647, 1.52942497472077));
#2602 = CARTESIAN_POINT ('', (149.085073509135, 47.9018176039545, 1.52942497472077));
#2603 = CARTESIAN_POINT ('', (149.031789181893, 48.0304573494443, 1.52942497472077));
#2604 = CARTESIAN_POINT ('', (148.95591871893, 48.1440055215319, 1.52942497472077));
#2605 = CARTESIAN_POINT ('', (148.857462120245, 48.2424621202171, 1.52942497472077));
#2606 = CARTESIAN_POINT ('', (148.759005521559, 48.3409187189023, 1.52942497472077));
#2607 = CARTESIAN_POINT ('', (148.645457349472, 48.416789181866, 1.52942497472077));
#2608 = CARTESIAN_POINT ('', (148.516817603982, 48.4700735091081, 1.52942497472077));
#2609 = CARTESIAN_POINT ('', (148.388177858492, 48.5233578363502, 1.52942497472077));
#2610 = CARTESIAN_POINT ('', (148.254238657164, 48.5499999999712, 1.52942497472077));
#2611 = CARTESIAN_POINT ('', (148.114999999999, 48.5499999999712, 1.52942497472077));
#2612 = CARTESIAN_POINT ('', (147.975761342833, 48.5499999999712, 1.52942497472077));
#2613 = CARTESIAN_POINT ('', (147.841822141505, 48.5233578363502, 1.52942497472077));
#2614 = CARTESIAN_POINT ('', (147.713182396015, 48.4700735091081, 1.52942497472077));
#2615 = CARTESIAN_POINT ('', (147.584542650525, 48.416789181866, 1.52942497472077));
#2616 = CARTESIAN_POINT ('', (147.470994478438, 48.3409187189023, 1.52942497472077));
#2617 = CARTESIAN_POINT ('', (147.372537879753, 48.2424621202171, 1.52942497472077));
#2618 = CARTESIAN_POINT ('', (147.274081281068, 48.1440055215319, 1.52942497472077));
#2619 = CARTESIAN_POINT ('', (147.198210818104, 48.0304573494443, 1.52942497472077));
#2620 = CARTESIAN_POINT ('', (147.144926490862, 47.9018176039545, 1.52942497472077));
#2621 = CARTESIAN_POINT ('', (147.09164216362, 47.7731778584648, 1.52942497472077));
#2622 = CARTESIAN_POINT ('', (147.064999999999, 47.639238657137, 1.52942497472077));
#2623 = CARTESIAN_POINT ('', (147.064999999999, 47.4999999999712, 1.52942497472077));
#2624 = B_SPLINE_CURVE_WITH_KNOTS ('', 3, (#2575, #2576, #2577, #2578, #2579, #2580, #2581, #2582, #2583, #2584, #2585, #2586, #2587, #2588, #2589, #2590, #2591, #2592, #2593, #2594, #2595, #2596, #2597, #2598, #2599, #2600, #2601, #2602, #2603, #2604, #2605, #2606, #2607, #2608, #2609, #2610, #2611, #2612, #2613, #2614, #2615, #2616, #2617, #2618, #2619, #2620, #2621, #2622, #2623), .UNSPECIFIED., .T., .U., (4, 3, 3, 3, 3, 3, 3, 3, 3, 3, 3, 3, 3, 3, 3, 3, 4), (0., 0.0625, 0.125, 0.1875, 0.25, 0.3125, 0.375, 0.4375, 0.5, 0.5625, 0.625, 0.6875, 0.75, 0.8125, 0.875, 0.9375, 1.), .UNSPECIFIED.);
#2625 = EDGE_CURVE ('', #2569, #2569, #2624, .T.);
#2626 = ORIENTED_EDGE ('', *, *, #2625, .F.);
#2627 = ORIENTED_EDGE ('', *, *, #2573, .F.);
#2628 = ORIENTED_EDGE ('', *, *, #2414, .F.);
#2629 = EDGE_LOOP ('', (#2574, #2626, #2627, #2628));
#2630 = FACE_OUTER_BOUND ('', #2629, .T.);
#2631 = CARTESIAN_POINT ('', (147.064999999999, 47.4999999999712, 4.82942497472077));
#2632 = CARTESIAN_POINT ('', (147.064999999999, 47.4999999999712, 1.22942497472077));
#2633 = CARTESIAN_POINT ('', (147.064999999999, 45.3999999999712, 4.82942497472077));
#2634 = CARTESIAN_POINT ('', (147.064999999999, 45.3999999999712, 1.22942497472078));
#2635 = CARTESIAN_POINT ('', (149.164999999999, 45.3999999999712, 4.82942497472077));
#2636 = CARTESIAN_POINT ('', (149.164999999999, 45.3999999999712, 1.22942497472078));
#2637 = CARTESIAN_POINT ('', (149.164999999999, 47.4999999999712, 4.82942497472077));
#2638 = CARTESIAN_POINT ('', (149.164999999999, 47.4999999999712, 1.22942497472077));
#2639 = CARTESIAN_POINT ('', (149.164999999999, 49.5999999999712, 4.82942497472077));
#2640 = CARTESIAN_POINT ('', (149.164999999999, 49.5999999999712, 1.22942497472078));
#2641 = CARTESIAN_POINT ('', (147.064999999999, 49.5999999999712, 4.82942497472077));
#2642 = CARTESIAN_POINT ('', (147.064999999999, 49.5999999999712, 1.22942497472078));
#2643 = CARTESIAN_POINT ('', (147.064999999999, 47.4999999999712, 4.82942497472077));
#2644 = CARTESIAN_POINT ('', (147.064999999999, 47.4999999999712, 1.22942497472077));
#2645 = (
   BOUNDED_SURFACE ()
   B_SPLINE_SURFACE (3, 1, ((#2631, #2632), (#2633, #2634), (#2635, #2636), (#2637, #2638), (#2639, #2640), (#2641, #2642), (#2643, #2644)), .UNSPECIFIED., .T., .F., .U.)
   B_SPLINE_SURFACE_WITH_KNOTS ((4, 3, 4), (2, 2), (0., 0.5, 1.), (0., 1.), .UNSPECIFIED.)
   GEOMETRIC_REPRESENTATION_ITEM ()
   RATIONAL_B_SPLINE_SURFACE (((1., 1.), (0.333333333333333, 0.333333333333333), (0.333333333333333, 0.333333333333333), (1., 1.), (0.333333333333333, 0.333333333333333), (0.333333333333333, 0.333333333333333), (1., 1.)))
   REPRESENTATION_ITEM ('')
   SURFACE ()
);
#2646 = ADVANCED_FACE ('', (#2630), #2645, .T.);
#2647 = ORIENTED_EDGE ('', *, *, #2625, .T.);
#2648 = EDGE_LOOP ('', (#2647));
#2649 = FACE_OUTER_BOUND ('', #2648, .T.);
#2650 = CARTESIAN_POINT ('', (147.052399999999, 46.4373999999712, 1.52942497472077));
#2651 = CARTESIAN_POINT ('', (147.052399999999, 48.5625999999712, 1.52942497472077));
#2652 = CARTESIAN_POINT ('', (149.177599999999, 46.4373999999712, 1.52942497472077));
#2653 = CARTESIAN_POINT ('', (149.177599999999, 48.5625999999712, 1.52942497472077));
#2654 = B_SPLINE_SURFACE_WITH_KNOTS ('', 1, 1, ((#2650, #2651), (#2652, #2653)), .UNSPECIFIED., .F., .F., .U., (2, 2), (2, 2), (0., 1.), (0., 1.), .UNSPECIFIED.);
#2655 = ADVANCED_FACE ('', (#2649), #2654, .T.);
#2656 = CARTESIAN_POINT ('', (-0.795000000000019, 34.1258608354281, -3.39019925136189));
#2657 = VERTEX_POINT ('', #2656);
#2658 = CARTESIAN_POINT ('', (-0.794999999999998, 34.1258608354281, -3.3901992513619));
#2659 = CARTESIAN_POINT ('', (-0.795000000000021, 136.999999999968, -3.3901992513619));
#2660 = B_SPLINE_CURVE_WITH_KNOTS ('', 1, (#2658, #2659), .UNSPECIFIED., .F., .U., (2, 2), (0., 1.), .UNSPECIFIED.);
#2661 = EDGE_CURVE ('', #2657, #524, #2660, .T.);
#2662 = ORIENTED_EDGE ('', *, *, #2661, .F.);
#2663 = CARTESIAN_POINT ('', (0.546665485989152, 32.385191575268, -3.3901992513619));
#2664 = VERTEX_POINT ('', #2663);
#2665 = CARTESIAN_POINT ('', (-0.795000000000019, 34.1258608354281, -3.39019925136189));
#2666 = CARTESIAN_POINT ('', (-0.795000000000019, 33.9270721501356, -3.39019925136189));
#2667 = CARTESIAN_POINT ('', (-0.762948775472904, 33.7335929821643, -3.39019925136189));
#2668 = CARTESIAN_POINT ('', (-0.698846326418724, 33.5454233315146, -3.39019925136189));
#2669 = CARTESIAN_POINT ('', (-0.634743877364545, 33.3572536808649, -3.39019925136189));
#2670 = CARTESIAN_POINT ('', (-0.542014473762231, 33.1844453270736, -3.39019925136189));
#2671 = CARTESIAN_POINT ('', (-0.420658115611782, 33.0269982701406, -3.39019925136189));
#2672 = CARTESIAN_POINT ('', (-0.299301757461333, 32.8695512132077, -3.39019925136189));
#2673 = CARTESIAN_POINT ('', (-0.155801144567528, 32.7358760714213, -3.39019925136189));
#2674 = CARTESIAN_POINT ('', (0.00984372306962794, 32.6259728447815, -3.39019925136189));
#2675 = CARTESIAN_POINT ('', (0.175488590706783, 32.5160696181416, -3.39019925136189));
#2676 = CARTESIAN_POINT ('', (0.354429178346629, 32.4358091949705, -3.39019925136189));
#2677 = CARTESIAN_POINT ('', (0.546665485989164, 32.385191575268, -3.39019925136189));
#2678 = B_SPLINE_CURVE_WITH_KNOTS ('', 3, (#2665, #2666, #2667, #2668, #2669, #2670, #2671, #2672, #2673, #2674, #2675, #2676, #2677), .UNSPECIFIED., .F., .U., (4, 3, 3, 3, 4), (0., 0.25, 0.5, 0.75, 1.), .UNSPECIFIED.);
#2679 = EDGE_CURVE ('', #2657, #2664, #2678, .T.);
#2680 = ORIENTED_EDGE ('', *, *, #2679, .T.);
#2681 = CARTESIAN_POINT ('', (126.490059760382, -0.776883339710607, -3.3901992513619));
#2682 = VERTEX_POINT ('', #2681);
#2683 = CARTESIAN_POINT ('', (126.490059760382, -0.776883339710607, -3.3901992513619));
#2684 = CARTESIAN_POINT ('', (0.546665485989152, 32.385191575268, -3.3901992513619));
#2685 = B_SPLINE_CURVE_WITH_KNOTS ('', 1, (#2683, #2684), .UNSPECIFIED., .F., .U., (2, 2), (0., 1.), .UNSPECIFIED.);
#2686 = EDGE_CURVE ('', #2682, #2664, #2685, .T.);
#2687 = ORIENTED_EDGE ('', *, *, #2686, .F.);
#2688 = CARTESIAN_POINT ('', (126.948394274392, -0.836214079550459, -3.39019925136189));
#2689 = VERTEX_POINT ('', #2688);
#2690 = CARTESIAN_POINT ('', (126.490059760382, -0.776883339710604, -3.39019925136189));
#2691 = CARTESIAN_POINT ('', (126.640277838903, -0.816437166270507, -3.39019925136189));
#2692 = CARTESIAN_POINT ('', (126.793056010239, -0.836214079550459, -3.39019925136189));
#2693 = CARTESIAN_POINT ('', (126.948394274392, -0.836214079550459, -3.39019925136189));
#2694 = B_SPLINE_CURVE_WITH_KNOTS ('', 3, (#2690, #2691, #2692, #2693), .UNSPECIFIED., .F., .U., (4, 4), (0., 1.), .UNSPECIFIED.);
#2695 = EDGE_CURVE ('', #2682, #2689, #2694, .T.);
#2696 = ORIENTED_EDGE ('', *, *, #2695, .T.);
#2697 = CARTESIAN_POINT ('', (142.864999999998, -0.836214079550467, -3.3901992513619));
#2698 = VERTEX_POINT ('', #2697);
#2699 = CARTESIAN_POINT ('', (142.864999999998, -0.836214079550467, -3.3901992513619));
#2700 = CARTESIAN_POINT ('', (126.948394274392, -0.83621407955043, -3.3901992513619));
#2701 = B_SPLINE_CURVE_WITH_KNOTS ('', 1, (#2699, #2700), .UNSPECIFIED., .F., .U., (2, 2), (0., 1.), .UNSPECIFIED.);
#2702 = EDGE_CURVE ('', #2698, #2689, #2701, .T.);
#2703 = ORIENTED_EDGE ('', *, *, #2702, .F.);
#2704 = CARTESIAN_POINT ('', (142.864999999998, -0.836214079550459, -3.39019925136189));
#2705 = CARTESIAN_POINT ('', (143.103694840854, -0.836214079550459, -3.39019925136189));
#2706 = CARTESIAN_POINT ('', (143.333304900273, -0.790541799057229, -3.39019925136189));
#2707 = CARTESIAN_POINT ('', (143.553830178255, -0.699197238070776, -3.39019925136189));
#2708 = CARTESIAN_POINT ('', (143.774355456238, -0.607852677084322, -3.39019925136189));
#2709 = CARTESIAN_POINT ('', (143.96900946553, -0.477789026289473, -3.39019925136189));
#2710 = CARTESIAN_POINT ('', (144.137792206134, -0.309006285686247, -3.39019925136189));
#2711 = CARTESIAN_POINT ('', (144.306574946737, -0.14022354508302, -3.39019925136189));
#2712 = CARTESIAN_POINT ('', (144.436638597532, 0.0544304642098526, -3.39019925136189));
#2713 = CARTESIAN_POINT ('', (144.527983158518, 0.274955742192375, -3.39019925136189));
#2714 = CARTESIAN_POINT ('', (144.619327719505, 0.495481020174897, -3.39019925136189));
#2715 = CARTESIAN_POINT ('', (144.664999999998, 0.725091079593951, -3.39019925136189));
#2716 = CARTESIAN_POINT ('', (144.664999999998, 0.963785920449537, -3.39019925136189));
#2717 = B_SPLINE_CURVE_WITH_KNOTS ('', 3, (#2704, #2705, #2706, #2707, #2708, #2709, #2710, #2711, #2712, #2713, #2714, #2715, #2716), .UNSPECIFIED., .F., .U., (4, 3, 3, 3, 4), (0., 0.25, 0.5, 0.75, 1.), .UNSPECIFIED.);
#2718 = EDGE_CURVE ('', #2698, #2253, #2717, .T.);
#2719 = ORIENTED_EDGE ('', *, *, #2718, .T.);
#2720 = ORIENTED_EDGE ('', *, *, #2270, .F.);
#2721 = ORIENTED_EDGE ('', *, *, #2303, .T.);
#2722 = ORIENTED_EDGE ('', *, *, #503, .F.);
#2723 = ORIENTED_EDGE ('', *, *, #544, .T.);
#2724 = EDGE_LOOP ('', (#2662, #2680, #2687, #2696, #2703, #2719, #2720, #2721, #2722, #2723));
#2725 = FACE_OUTER_BOUND ('', #2724, .T.);
#2726 = CARTESIAN_POINT ('', (-0.795000000000019, -0.836214079550459, -3.39019925136189));
#2727 = CARTESIAN_POINT ('', (-0.795000000000019, 138.799999999968, -3.39019925136189));
#2728 = CARTESIAN_POINT ('', (144.664999999998, -0.836214079550459, -3.39019925136189));
#2729 = CARTESIAN_POINT ('', (144.664999999998, 138.799999999968, -3.39019925136189));
#2730 = B_SPLINE_SURFACE_WITH_KNOTS ('', 1, 1, ((#2726, #2727), (#2728, #2729)), .UNSPECIFIED., .F., .F., .U., (2, 2), (2, 2), (0., 1.), (0., 1.), .UNSPECIFIED.);
#2731 = ADVANCED_FACE ('', (#2725), #2730, .T.);
#2732 = CARTESIAN_POINT ('', (-1.99499999999999, 34.125860835428, -2.19019925136189));
#2733 = VERTEX_POINT ('', #2732);
#2734 = CARTESIAN_POINT ('', (-1.995, 34.1258608354281, -2.19019925136189));
#2735 = CARTESIAN_POINT ('', (-0.794999999999998, 34.1258608354281, -3.3901992513619));
#2736 = B_SPLINE_CURVE_WITH_KNOTS ('', 1, (#2734, #2735), .UNSPECIFIED., .F., .U., (2, 2), (0., 1.), .UNSPECIFIED.);
#2737 = EDGE_CURVE ('', #2733, #2657, #2736, .T.);
#2738 = ORIENTED_EDGE ('', *, *, #2737, .F.);
#2739 = CARTESIAN_POINT ('', (0.241109143315157, 31.2247454018279, -2.19019925136189));
#2740 = VERTEX_POINT ('', #2739);
#2741 = CARTESIAN_POINT ('', (-1.99499999999999, 34.1258608354281, -2.19019925136189));
#2742 = CARTESIAN_POINT ('', (-1.99499999999999, 32.7083748886619, -2.19019925136189));
#2743 = CARTESIAN_POINT ('', (-1.12965430904304, 31.5856802532325, -2.19019925136189));
#2744 = CARTESIAN_POINT ('', (0.241109143315259, 31.2247454018279, -2.19019925136189));
#2745 = (
   BOUNDED_CURVE ()
   B_SPLINE_CURVE (3, (#2741, #2742, #2743, #2744), .UNSPECIFIED., .F., .U.)
   B_SPLINE_CURVE_WITH_KNOTS ((4, 4), (0., 1.), .UNSPECIFIED.)
   CURVE ()
   GEOMETRIC_REPRESENTATION_ITEM ()
   RATIONAL_B_SPLINE_CURVE ((1., 0.861354857633997, 0.861354857633997, 1.))
   REPRESENTATION_ITEM ('')
);
#2746 = EDGE_CURVE ('', #2733, #2740, #2745, .T.);
#2747 = ORIENTED_EDGE ('', *, *, #2746, .T.);
#2748 = CARTESIAN_POINT ('', (0.546665485989152, 32.385191575268, -3.3901992513619));
#2749 = CARTESIAN_POINT ('', (0.241109143315242, 31.2247454018279, -2.1901992513619));
#2750 = B_SPLINE_CURVE_WITH_KNOTS ('', 1, (#2748, #2749), .UNSPECIFIED., .F., .U., (2, 2), (0., 1.), .UNSPECIFIED.);
#2751 = EDGE_CURVE ('', #2664, #2740, #2750, .T.);
#2752 = ORIENTED_EDGE ('', *, *, #2751, .F.);
#2753 = ORIENTED_EDGE ('', *, *, #2679, .F.);
#2754 = EDGE_LOOP ('', (#2738, #2747, #2752, #2753));
#2755 = FACE_OUTER_BOUND ('', #2754, .T.);
#2756 = CARTESIAN_POINT ('', (-0.794999999999991, 34.1258608354281, -3.39019925136189));
#2757 = CARTESIAN_POINT ('', (-0.794999999999991, 33.2753692673684, -3.39019925136189));
#2758 = CARTESIAN_POINT ('', (-0.27579258542582, 32.6017524861108, -3.39019925136189));
#2759 = CARTESIAN_POINT ('', (0.54666548598916, 32.385191575268, -3.39019925136189));
#2760 = CARTESIAN_POINT ('', (-2.11499999999999, 34.1258608354281, -2.07019925136189));
#2761 = CARTESIAN_POINT ('', (-2.11499999999999, 32.6516754507913, -2.07019925136189));
#2762 = CARTESIAN_POINT ('', (-1.21504048140476, 31.4840730299447, -2.07019925136189));
#2763 = CARTESIAN_POINT ('', (0.210553509047869, 31.1087007844839, -2.07019925136189));
#2764 = (
   BOUNDED_SURFACE ()
   B_SPLINE_SURFACE (1, 3, ((#2756, #2757, #2758, #2759), (#2760, #2761, #2762, #2763)), .UNSPECIFIED., .F., .F., .U.)
   B_SPLINE_SURFACE_WITH_KNOTS ((2, 2), (4, 4), (0., 1.), (0., 1.), .UNSPECIFIED.)
   GEOMETRIC_REPRESENTATION_ITEM ()
   RATIONAL_B_SPLINE_SURFACE (((1., 0.861354857633997, 0.861354857633997, 1.), (1., 0.861354857633997, 0.861354857633997, 1.)))
   REPRESENTATION_ITEM ('')
   SURFACE ()
);
#2765 = ADVANCED_FACE ('', (#2755), #2764, .T.);
#2766 = CARTESIAN_POINT ('', (0.241109143315156, 31.2247454018278, 4.52942497472077));
#2767 = VERTEX_POINT ('', #2766);
#2768 = CARTESIAN_POINT ('', (0.241109143315157, 31.2247454018279, -2.19019925136189));
#2769 = CARTESIAN_POINT ('', (0.241109143315157, 31.2247454018279, 4.52942497472077));
#2770 = B_SPLINE_CURVE_WITH_KNOTS ('', 1, (#2768, #2769), .UNSPECIFIED., .F., .U., (2, 2), (0., 1.), .UNSPECIFIED.);
#2771 = EDGE_CURVE ('', #2740, #2767, #2770, .T.);
#2772 = ORIENTED_EDGE ('', *, *, #2771, .F.);
#2773 = ORIENTED_EDGE ('', *, *, #2746, .F.);
#2774 = CARTESIAN_POINT ('', (-1.9950000000001, 34.125860835428, 4.52942497472077));
#2775 = VERTEX_POINT ('', #2774);
#2776 = CARTESIAN_POINT ('', (-1.99499999999999, 34.125860835428, 4.52942497472077));
#2777 = CARTESIAN_POINT ('', (-1.99499999999999, 34.125860835428, -2.19019925136189));
#2778 = B_SPLINE_CURVE_WITH_KNOTS ('', 1, (#2776, #2777), .UNSPECIFIED., .F., .U., (2, 2), (0., 1.), .UNSPECIFIED.);
#2779 = EDGE_CURVE ('', #2775, #2733, #2778, .T.);
#2780 = ORIENTED_EDGE ('', *, *, #2779, .F.);
#2781 = CARTESIAN_POINT ('', (0.241109143315156, 31.2247454018278, 4.52942497472077));
#2782 = CARTESIAN_POINT ('', (-0.0792847027557236, 31.3091081013319, 4.52942497472077));
#2783 = CARTESIAN_POINT ('', (-0.377519015488796, 31.4428754732839, 4.52942497472077));
#2784 = CARTESIAN_POINT ('', (-0.653593794884055, 31.6260475176836, 4.52942497472077));
#2785 = CARTESIAN_POINT ('', (-0.929668574279314, 31.8092195620833, 4.52942497472077));
#2786 = CARTESIAN_POINT ('', (-1.16883626243565, 32.0320114650606, 4.52942497472077));
#2787 = CARTESIAN_POINT ('', (-1.37109685935307, 32.2944232266155, 4.52942497472077));
#2788 = CARTESIAN_POINT ('', (-1.57335745627049, 32.5568349881704, 4.52942497472077));
#2789 = CARTESIAN_POINT ('', (-1.72790646227434, 32.8448489111559, 4.52942497472077));
#2790 = CARTESIAN_POINT ('', (-1.83474387736464, 33.1584649955721, 4.52942497472077));
#2791 = CARTESIAN_POINT ('', (-1.94158129245495, 33.4720810799883, 4.52942497472077));
#2792 = CARTESIAN_POINT ('', (-1.9950000000001, 33.7945463599402, 4.52942497472077));
#2793 = CARTESIAN_POINT ('', (-1.9950000000001, 34.125860835428, 4.52942497472077));
#2794 = B_SPLINE_CURVE_WITH_KNOTS ('', 3, (#2781, #2782, #2783, #2784, #2785, #2786, #2787, #2788, #2789, #2790, #2791, #2792, #2793), .UNSPECIFIED., .F., .U., (4, 3, 3, 3, 4), (0., 0.25, 0.5, 0.75, 1.), .UNSPECIFIED.);
#2795 = EDGE_CURVE ('', #2767, #2775, #2794, .T.);
#2796 = ORIENTED_EDGE ('', *, *, #2795, .F.);
#2797 = EDGE_LOOP ('', (#2772, #2773, #2780, #2796));
#2798 = FACE_OUTER_BOUND ('', #2797, .T.);
#2799 = CARTESIAN_POINT ('', (-1.99499999999999, 34.1258608354281, 5.20138739732904));
#2800 = CARTESIAN_POINT ('', (-1.99499999999999, 34.1258608354281, -2.86216167397015));
#2801 = CARTESIAN_POINT ('', (-1.99499999999999, 32.7083748886619, 5.20138739732904));
#2802 = CARTESIAN_POINT ('', (-1.99499999999999, 32.7083748886619, -2.86216167397015));
#2803 = CARTESIAN_POINT ('', (-1.12965430904304, 31.5856802532325, 5.20138739732904));
#2804 = CARTESIAN_POINT ('', (-1.12965430904304, 31.5856802532325, -2.86216167397015));
#2805 = CARTESIAN_POINT ('', (0.241109143315262, 31.2247454018279, 5.20138739732904));
#2806 = CARTESIAN_POINT ('', (0.241109143315262, 31.2247454018279, -2.86216167397015));
#2807 = (
   BOUNDED_SURFACE ()
   B_SPLINE_SURFACE (3, 1, ((#2799, #2800), (#2801, #2802), (#2803, #2804), (#2805, #2806)), .UNSPECIFIED., .F., .F., .U.)
   B_SPLINE_SURFACE_WITH_KNOTS ((4, 4), (2, 2), (0., 1.), (0., 1.), .UNSPECIFIED.)
   GEOMETRIC_REPRESENTATION_ITEM ()
   RATIONAL_B_SPLINE_SURFACE (((1., 1.), (0.861354857633997, 0.861354857633997), (0.861354857633997, 0.861354857633997), (1., 1.)))
   REPRESENTATION_ITEM ('')
   SURFACE ()
);
#2808 = ADVANCED_FACE ('', (#2798), #2807, .T.);
#2809 = ORIENTED_EDGE ('', *, *, #2779, .T.);
#2810 = CARTESIAN_POINT ('', (-1.99500000000003, 136.999999999968, -2.19019925136189));
#2811 = CARTESIAN_POINT ('', (-1.995, 34.1258608354281, -2.19019925136189));
#2812 = B_SPLINE_CURVE_WITH_KNOTS ('', 1, (#2810, #2811), .UNSPECIFIED., .F., .U., (2, 2), (0., 1.), .UNSPECIFIED.);
#2813 = EDGE_CURVE ('', #515, #2733, #2812, .T.);
#2814 = ORIENTED_EDGE ('', *, *, #2813, .F.);
#2815 = ORIENTED_EDGE ('', *, *, #563, .F.);
#2816 = ORIENTED_EDGE ('', *, *, #716, .F.);
#2817 = CARTESIAN_POINT ('', (-1.99500000000045, 120.499999999996, 3.22942497472077));
#2818 = VERTEX_POINT ('', #2817);
#2819 = CARTESIAN_POINT ('', (-1.99500000000045, 120.499999999996, 3.22942497472077));
#2820 = CARTESIAN_POINT ('', (-1.99500000000045, 120.499999999996, 4.52942497472077));
#2821 = B_SPLINE_CURVE_WITH_KNOTS ('', 1, (#2819, #2820), .UNSPECIFIED., .F., .U., (2, 2), (0., 1.), .UNSPECIFIED.);
#2822 = EDGE_CURVE ('', #2818, #696, #2821, .T.);
#2823 = ORIENTED_EDGE ('', *, *, #2822, .F.);
#2824 = CARTESIAN_POINT ('', (-1.99500000000002, 47.5000000000246, 3.22675714052078));
#2825 = VERTEX_POINT ('', #2824);
#2826 = CARTESIAN_POINT ('', (-1.99500000000001, 120.499999999996, 3.22675714052077));
#2827 = CARTESIAN_POINT ('', (-1.99499999999999, 47.5000000000246, 3.22675714052077));
#2828 = B_SPLINE_CURVE_WITH_KNOTS ('', 1, (#2826, #2827), .UNSPECIFIED., .F., .U., (2, 2), (0., 1.), .UNSPECIFIED.);
#2829 = EDGE_CURVE ('', #2818, #2825, #2828, .T.);
#2830 = ORIENTED_EDGE ('', *, *, #2829, .T.);
#2831 = CARTESIAN_POINT ('', (-1.99500000000045, 47.5000000000246, 4.52942497472077));
#2832 = VERTEX_POINT ('', #2831);
#2833 = CARTESIAN_POINT ('', (-1.99500000000044, 47.5000000000246, 4.52942497472077));
#2834 = CARTESIAN_POINT ('', (-1.99500000000044, 47.5000000000246, 3.22942497472077));
#2835 = B_SPLINE_CURVE_WITH_KNOTS ('', 1, (#2833, #2834), .UNSPECIFIED., .F., .U., (2, 2), (0., 1.), .UNSPECIFIED.);
#2836 = EDGE_CURVE ('', #2832, #2825, #2835, .T.);
#2837 = ORIENTED_EDGE ('', *, *, #2836, .F.);
#2838 = CARTESIAN_POINT ('', (-1.99500000000011, 34.125860835428, 4.52942497472077));
#2839 = CARTESIAN_POINT ('', (-1.99500000000011, 47.5000000000246, 4.52942497472077));
#2840 = B_SPLINE_CURVE_WITH_KNOTS ('', 1, (#2838, #2839), .UNSPECIFIED., .F., .U., (2, 2), (0., 1.), .UNSPECIFIED.);
#2841 = EDGE_CURVE ('', #2775, #2832, #2840, .T.);
#2842 = ORIENTED_EDGE ('', *, *, #2841, .F.);
#2843 = EDGE_LOOP ('', (#2809, #2814, #2815, #2816, #2823, #2830, #2837, #2842));
#2844 = FACE_OUTER_BOUND ('', #2843, .T.);
#2845 = CARTESIAN_POINT ('', (-1.99499999999999, 34.125860835428, -2.19019925136189));
#2846 = CARTESIAN_POINT ('', (-1.99499999999999, 34.125860835428, 4.52942497472077));
#2847 = CARTESIAN_POINT ('', (-1.99500000000001, 136.999999999968, -2.19019925136189));
#2848 = CARTESIAN_POINT ('', (-1.99500000000001, 136.999999999968, 4.52942497472077));
#2849 = B_SPLINE_SURFACE_WITH_KNOTS ('', 1, 1, ((#2845, #2846), (#2847, #2848)), .UNSPECIFIED., .F., .F., .U., (2, 2), (2, 2), (0., 1.), (0., 1.), .UNSPECIFIED.);
#2850 = ADVANCED_FACE ('', (#2844), #2849, .T.);
#2851 = ORIENTED_EDGE ('', *, *, #528, .F.);
#2852 = ORIENTED_EDGE ('', *, *, #2813, .T.);
#2853 = ORIENTED_EDGE ('', *, *, #2737, .T.);
#2854 = ORIENTED_EDGE ('', *, *, #2661, .T.);
#2855 = EDGE_LOOP ('', (#2851, #2852, #2853, #2854));
#2856 = FACE_OUTER_BOUND ('', #2855, .T.);
#2857 = CARTESIAN_POINT ('', (-0.794999999999998, 34.1258608354281, -3.3901992513619));
#2858 = CARTESIAN_POINT ('', (-1.995, 34.1258608354281, -2.19019925136189));
#2859 = CARTESIAN_POINT ('', (-0.795000000000021, 136.999999999968, -3.3901992513619));
#2860 = CARTESIAN_POINT ('', (-1.99500000000003, 136.999999999968, -2.19019925136189));
#2861 = B_SPLINE_SURFACE_WITH_KNOTS ('', 1, 1, ((#2857, #2858), (#2859, #2860)), .UNSPECIFIED., .F., .F., .U., (2, 2), (2, 2), (0., 1.), (0., 1.), .UNSPECIFIED.);
#2862 = ADVANCED_FACE ('', (#2856), #2861, .T.);
#2863 = CARTESIAN_POINT ('', (-2.99500000000045, 119.499999999996, 3.22675714052078));
#2864 = VERTEX_POINT ('', #2863);
#2865 = CARTESIAN_POINT ('', (-2.99500000000045, 119.499999999996, 3.22942497472077));
#2866 = CARTESIAN_POINT ('', (-2.40921356237354, 119.499999999996, 3.22942497472077));
#2867 = CARTESIAN_POINT ('', (-1.99500000000045, 119.914213562369, 3.22942497472077));
#2868 = CARTESIAN_POINT ('', (-1.99500000000045, 120.499999999996, 3.22942497472077));
#2869 = (
   BOUNDED_CURVE ()
   B_SPLINE_CURVE (3, (#2865, #2866, #2867, #2868), .UNSPECIFIED., .F., .U.)
   B_SPLINE_CURVE_WITH_KNOTS ((4, 4), (0., 1.), .UNSPECIFIED.)
   CURVE ()
   GEOMETRIC_REPRESENTATION_ITEM ()
   RATIONAL_B_SPLINE_CURVE ((1., 0.804737854124365, 0.804737854124365, 1.))
   REPRESENTATION_ITEM ('')
);
#2870 = EDGE_CURVE ('', #2864, #2818, #2869, .T.);
#2871 = ORIENTED_EDGE ('', *, *, #2870, .T.);
#2872 = ORIENTED_EDGE ('', *, *, #2822, .T.);
#2873 = ORIENTED_EDGE ('', *, *, #711, .F.);
#2874 = CARTESIAN_POINT ('', (-2.99500000000045, 119.499999999996, 3.22942497472077));
#2875 = CARTESIAN_POINT ('', (-2.99500000000045, 119.499999999996, 4.52942497472077));
#2876 = B_SPLINE_CURVE_WITH_KNOTS ('', 1, (#2874, #2875), .UNSPECIFIED., .F., .U., (2, 2), (0., 1.), .UNSPECIFIED.);
#2877 = EDGE_CURVE ('', #2864, #689, #2876, .T.);
#2878 = ORIENTED_EDGE ('', *, *, #2877, .F.);
#2879 = EDGE_LOOP ('', (#2871, #2872, #2873, #2878));
#2880 = FACE_OUTER_BOUND ('', #2879, .T.);
#2881 = CARTESIAN_POINT ('', (-1.99500000000045, 120.499999999996, 4.65942497472077));
#2882 = CARTESIAN_POINT ('', (-1.99500000000045, 120.499999999996, 3.09942497472077));
#2883 = CARTESIAN_POINT ('', (-1.99500000000045, 119.914213562369, 4.65942497472077));
#2884 = CARTESIAN_POINT ('', (-1.99500000000045, 119.914213562369, 3.09942497472077));
#2885 = CARTESIAN_POINT ('', (-2.40921356237354, 119.499999999996, 4.65942497472077));
#2886 = CARTESIAN_POINT ('', (-2.40921356237354, 119.499999999996, 3.09942497472077));
#2887 = CARTESIAN_POINT ('', (-2.99500000000045, 119.499999999996, 4.65942497472077));
#2888 = CARTESIAN_POINT ('', (-2.99500000000045, 119.499999999996, 3.09942497472077));
#2889 = (
   BOUNDED_SURFACE ()
   B_SPLINE_SURFACE (3, 1, ((#2881, #2882), (#2883, #2884), (#2885, #2886), (#2887, #2888)), .UNSPECIFIED., .F., .F., .U.)
   B_SPLINE_SURFACE_WITH_KNOTS ((4, 4), (2, 2), (0., 1.), (0., 1.), .UNSPECIFIED.)
   GEOMETRIC_REPRESENTATION_ITEM ()
   RATIONAL_B_SPLINE_SURFACE (((1., 1.), (0.804737854124365, 0.804737854124365), (0.804737854124365, 0.804737854124365), (1., 1.)))
   REPRESENTATION_ITEM ('')
   SURFACE ()
);
#2890 = ADVANCED_FACE ('', (#2880), #2889, .T.);
#2891 = CARTESIAN_POINT ('', (-5.49500000000081, 119.499999999996, 3.22675714052078));
#2892 = VERTEX_POINT ('', #2891);
#2893 = CARTESIAN_POINT ('', (-2.99500000000045, 119.499999999996, 3.22675714052078));
#2894 = CARTESIAN_POINT ('', (-5.49500000000081, 119.499999999996, 3.22675714052078));
#2895 = B_SPLINE_CURVE_WITH_KNOTS ('', 1, (#2893, #2894), .UNSPECIFIED., .F., .U., (2, 2), (0., 1.), .UNSPECIFIED.);
#2896 = EDGE_CURVE ('', #2864, #2892, #2895, .T.);
#2897 = ORIENTED_EDGE ('', *, *, #2896, .F.);
#2898 = ORIENTED_EDGE ('', *, *, #2877, .T.);
#2899 = ORIENTED_EDGE ('', *, *, #693, .T.);
#2900 = CARTESIAN_POINT ('', (-5.4950000000008, 119.499999999996, 4.52942497472077));
#2901 = CARTESIAN_POINT ('', (-5.4950000000008, 119.499999999996, 3.22942497472077));
#2902 = B_SPLINE_CURVE_WITH_KNOTS ('', 1, (#2900, #2901), .UNSPECIFIED., .F., .U., (2, 2), (0., 1.), .UNSPECIFIED.);
#2903 = EDGE_CURVE ('', #671, #2892, #2902, .T.);
#2904 = ORIENTED_EDGE ('', *, *, #2903, .T.);
#2905 = EDGE_LOOP ('', (#2897, #2898, #2899, #2904));
#2906 = FACE_OUTER_BOUND ('', #2905, .T.);
#2907 = CARTESIAN_POINT ('', (-5.4950000000008, 119.499999999996, 3.22675714052078));
#2908 = CARTESIAN_POINT ('', (-5.4950000000008, 119.499999999996, 4.52942497472077));
#2909 = CARTESIAN_POINT ('', (-2.99500000000045, 119.499999999996, 3.22675714052078));
#2910 = CARTESIAN_POINT ('', (-2.99500000000045, 119.499999999996, 4.52942497472077));
#2911 = B_SPLINE_SURFACE_WITH_KNOTS ('', 1, 1, ((#2907, #2908), (#2909, #2910)), .UNSPECIFIED., .F., .F., .U., (2, 2), (2, 2), (0., 1.), (0., 1.), .UNSPECIFIED.);
#2912 = ADVANCED_FACE ('', (#2906), #2911, .T.);
#2913 = CARTESIAN_POINT ('', (-6.49500000000082, 120.499999999996, 3.22942497472077));
#2914 = CARTESIAN_POINT ('', (-6.49500000000082, 119.914213562369, 3.22942497472077));
#2915 = CARTESIAN_POINT ('', (-6.08078643762771, 119.499999999996, 3.22942497472077));
#2916 = CARTESIAN_POINT ('', (-5.4950000000008, 119.499999999996, 3.22942497472077));
#2917 = (
   BOUNDED_CURVE ()
   B_SPLINE_CURVE (3, (#2913, #2914, #2915, #2916), .UNSPECIFIED., .F., .U.)
   B_SPLINE_CURVE_WITH_KNOTS ((4, 4), (0., 1.), .UNSPECIFIED.)
   CURVE ()
   GEOMETRIC_REPRESENTATION_ITEM ()
   RATIONAL_B_SPLINE_CURVE ((1., 0.804737854124357, 0.804737854124357, 1.))
   REPRESENTATION_ITEM ('')
);
#2918 = EDGE_CURVE ('', #1332, #2892, #2917, .T.);
#2919 = ORIENTED_EDGE ('', *, *, #2918, .T.);
#2920 = ORIENTED_EDGE ('', *, *, #2903, .F.);
#2921 = ORIENTED_EDGE ('', *, *, #686, .F.);
#2922 = ORIENTED_EDGE ('', *, *, #1341, .T.);
#2923 = EDGE_LOOP ('', (#2919, #2920, #2921, #2922));
#2924 = FACE_OUTER_BOUND ('', #2923, .T.);
#2925 = CARTESIAN_POINT ('', (-5.4950000000008, 119.499999999996, 4.65942497472077));
#2926 = CARTESIAN_POINT ('', (-5.4950000000008, 119.499999999996, 3.09942497472077));
#2927 = CARTESIAN_POINT ('', (-6.08078643762771, 119.499999999996, 4.65942497472077));
#2928 = CARTESIAN_POINT ('', (-6.08078643762771, 119.499999999996, 3.09942497472077));
#2929 = CARTESIAN_POINT ('', (-6.49500000000082, 119.914213562369, 4.65942497472077));
#2930 = CARTESIAN_POINT ('', (-6.49500000000082, 119.914213562369, 3.09942497472077));
#2931 = CARTESIAN_POINT ('', (-6.49500000000082, 120.499999999996, 4.65942497472077));
#2932 = CARTESIAN_POINT ('', (-6.49500000000082, 120.499999999996, 3.09942497472077));
#2933 = (
   BOUNDED_SURFACE ()
   B_SPLINE_SURFACE (3, 1, ((#2925, #2926), (#2927, #2928), (#2929, #2930), (#2931, #2932)), .UNSPECIFIED., .F., .F., .U.)
   B_SPLINE_SURFACE_WITH_KNOTS ((4, 4), (2, 2), (0., 1.), (0., 1.), .UNSPECIFIED.)
   GEOMETRIC_REPRESENTATION_ITEM ()
   RATIONAL_B_SPLINE_SURFACE (((1., 1.), (0.804737854124357, 0.804737854124357), (0.804737854124357, 0.804737854124357), (1., 1.)))
   REPRESENTATION_ITEM ('')
   SURFACE ()
);
#2934 = ADVANCED_FACE ('', (#2924), #2933, .T.);
#2935 = ORIENTED_EDGE ('', *, *, #2829, .F.);
#2936 = ORIENTED_EDGE ('', *, *, #2870, .F.);
#2937 = ORIENTED_EDGE ('', *, *, #2896, .T.);
#2938 = ORIENTED_EDGE ('', *, *, #2918, .F.);
#2939 = ORIENTED_EDGE ('', *, *, #1336, .F.);
#2940 = CARTESIAN_POINT ('', (-5.49500000000077, 48.5000000000246, 3.22675714052077));
#2941 = VERTEX_POINT ('', #2940);
#2942 = CARTESIAN_POINT ('', (-5.49500000000076, 48.5000000000246, 3.22942497472077));
#2943 = CARTESIAN_POINT ('', (-6.08078643762767, 48.5000000000246, 3.22942497472077));
#2944 = CARTESIAN_POINT ('', (-6.49500000000077, 48.0857864376515, 3.22942497472077));
#2945 = CARTESIAN_POINT ('', (-6.49500000000077, 47.5000000000246, 3.22942497472077));
#2946 = (
   BOUNDED_CURVE ()
   B_SPLINE_CURVE (3, (#2942, #2943, #2944, #2945), .UNSPECIFIED., .F., .U.)
   B_SPLINE_CURVE_WITH_KNOTS ((4, 4), (0., 1.), .UNSPECIFIED.)
   CURVE ()
   GEOMETRIC_REPRESENTATION_ITEM ()
   RATIONAL_B_SPLINE_CURVE ((1., 0.804737854124365, 0.804737854124365, 1.))
   REPRESENTATION_ITEM ('')
);
#2947 = EDGE_CURVE ('', #2941, #1325, #2946, .T.);
#2948 = ORIENTED_EDGE ('', *, *, #2947, .F.);
#2949 = CARTESIAN_POINT ('', (-2.99500000000045, 48.5000000000246, 3.22675714052078));
#2950 = VERTEX_POINT ('', #2949);
#2951 = CARTESIAN_POINT ('', (-2.99500000000045, 48.5000000000246, 3.22675714052078));
#2952 = CARTESIAN_POINT ('', (-5.49500000000076, 48.5000000000246, 3.22675714052078));
#2953 = B_SPLINE_CURVE_WITH_KNOTS ('', 1, (#2951, #2952), .UNSPECIFIED., .F., .U., (2, 2), (0., 1.), .UNSPECIFIED.);
#2954 = EDGE_CURVE ('', #2950, #2941, #2953, .T.);
#2955 = ORIENTED_EDGE ('', *, *, #2954, .F.);
#2956 = CARTESIAN_POINT ('', (-1.99500000000044, 47.5000000000246, 3.22942497472077));
#2957 = CARTESIAN_POINT ('', (-1.99500000000048, 48.0857864376515, 3.22942497472077));
#2958 = CARTESIAN_POINT ('', (-2.40921356237357, 48.5000000000246, 3.22942497472077));
#2959 = CARTESIAN_POINT ('', (-2.99500000000045, 48.5000000000246, 3.22942497472077));
#2960 = (
   BOUNDED_CURVE ()
   B_SPLINE_CURVE (3, (#2956, #2957, #2958, #2959), .UNSPECIFIED., .F., .U.)
   B_SPLINE_CURVE_WITH_KNOTS ((4, 4), (0., 1.), .UNSPECIFIED.)
   CURVE ()
   GEOMETRIC_REPRESENTATION_ITEM ()
   RATIONAL_B_SPLINE_CURVE ((1., 0.804737854124381, 0.804737854124381, 1.))
   REPRESENTATION_ITEM ('')
);
#2961 = EDGE_CURVE ('', #2825, #2950, #2960, .T.);
#2962 = ORIENTED_EDGE ('', *, *, #2961, .F.);
#2963 = EDGE_LOOP ('', (#2935, #2936, #2937, #2938, #2939, #2948, #2955, #2962));
#2964 = FACE_OUTER_BOUND ('', #2963, .T.);
#2965 = CARTESIAN_POINT ('', (-6.49500000000081, 47.0620000000247, 3.22675714052078));
#2966 = CARTESIAN_POINT ('', (-6.49500000000081, 120.937999999996, 3.22675714052078));
#2967 = CARTESIAN_POINT ('', (-1.99500000000002, 47.0620000000247, 3.22675714052078));
#2968 = CARTESIAN_POINT ('', (-1.99500000000002, 120.937999999996, 3.22675714052078));
#2969 = B_SPLINE_SURFACE_WITH_KNOTS ('', 1, 1, ((#2965, #2966), (#2967, #2968)), .UNSPECIFIED., .F., .F., .U., (2, 2), (2, 2), (0., 1.), (0., 1.), .UNSPECIFIED.);
#2970 = ADVANCED_FACE ('', (#2964), #2969, .T.);
#2971 = ORIENTED_EDGE ('', *, *, #2947, .T.);
#2972 = ORIENTED_EDGE ('', *, *, #1329, .T.);
#2973 = CARTESIAN_POINT ('', (-5.49500000000076, 48.5000000000246, 4.52942497472077));
#2974 = VERTEX_POINT ('', #2973);
#2975 = CARTESIAN_POINT ('', (-5.49500000000076, 48.5000000000246, 4.52942497472077));
#2976 = CARTESIAN_POINT ('', (-5.6276082449205, 48.5000000000246, 4.52942497472077));
#2977 = CARTESIAN_POINT ('', (-5.75516938904222, 48.4746265108617, 4.52942497472077));
#2978 = CARTESIAN_POINT ('', (-5.87768343236585, 48.4238795325359, 4.52942497472077));
#2979 = CARTESIAN_POINT ('', (-6.00019747568948, 48.3731325542101, 4.52942497472077));
#2980 = CARTESIAN_POINT ('', (-6.1083385919633, 48.3008749704351, 4.52942497472077));
#2981 = CARTESIAN_POINT ('', (-6.20210678118731, 48.2071067812111, 4.52942497472077));
#2982 = CARTESIAN_POINT ('', (-6.29587497041133, 48.1133385919871, 4.52942497472077));
#2983 = CARTESIAN_POINT ('', (-6.36813255418624, 48.0051974757133, 4.52942497472077));
#2984 = CARTESIAN_POINT ('', (-6.41887953251205, 47.8826834323897, 4.52942497472077));
#2985 = CARTESIAN_POINT ('', (-6.46962651083786, 47.760169389066, 4.52942497472077));
#2986 = CARTESIAN_POINT ('', (-6.49500000000077, 47.6326082449443, 4.52942497472077));
#2987 = CARTESIAN_POINT ('', (-6.49500000000077, 47.5000000000246, 4.52942497472077));
#2988 = B_SPLINE_CURVE_WITH_KNOTS ('', 3, (#2975, #2976, #2977, #2978, #2979, #2980, #2981, #2982, #2983, #2984, #2985, #2986, #2987), .UNSPECIFIED., .F., .U., (4, 3, 3, 3, 4), (0., 0.25, 0.5, 0.75, 1.), .UNSPECIFIED.);
#2989 = EDGE_CURVE ('', #2974, #1318, #2988, .T.);
#2990 = ORIENTED_EDGE ('', *, *, #2989, .F.);
#2991 = CARTESIAN_POINT ('', (-5.49500000000076, 48.5000000000246, 4.52942497472077));
#2992 = CARTESIAN_POINT ('', (-5.49500000000076, 48.5000000000246, 3.22942497472077));
#2993 = B_SPLINE_CURVE_WITH_KNOTS ('', 1, (#2991, #2992), .UNSPECIFIED., .F., .U., (2, 2), (0., 1.), .UNSPECIFIED.);
#2994 = EDGE_CURVE ('', #2974, #2941, #2993, .T.);
#2995 = ORIENTED_EDGE ('', *, *, #2994, .T.);
#2996 = EDGE_LOOP ('', (#2971, #2972, #2990, #2995));
#2997 = FACE_OUTER_BOUND ('', #2996, .T.);
#2998 = CARTESIAN_POINT ('', (-6.49500000000077, 47.5000000000246, 4.65942497472077));
#2999 = CARTESIAN_POINT ('', (-6.49500000000077, 47.5000000000246, 3.09942497472077));
#3000 = CARTESIAN_POINT ('', (-6.49500000000077, 48.0857864376515, 4.65942497472077));
#3001 = CARTESIAN_POINT ('', (-6.49500000000077, 48.0857864376515, 3.09942497472077));
#3002 = CARTESIAN_POINT ('', (-6.08078643762767, 48.5000000000246, 4.65942497472077));
#3003 = CARTESIAN_POINT ('', (-6.08078643762767, 48.5000000000246, 3.09942497472077));
#3004 = CARTESIAN_POINT ('', (-5.49500000000076, 48.5000000000246, 4.65942497472077));
#3005 = CARTESIAN_POINT ('', (-5.49500000000076, 48.5000000000246, 3.09942497472077));
#3006 = (
   BOUNDED_SURFACE ()
   B_SPLINE_SURFACE (3, 1, ((#2998, #2999), (#3000, #3001), (#3002, #3003), (#3004, #3005)), .UNSPECIFIED., .F., .F., .U.)
   B_SPLINE_SURFACE_WITH_KNOTS ((4, 4), (2, 2), (0., 1.), (0., 1.), .UNSPECIFIED.)
   GEOMETRIC_REPRESENTATION_ITEM ()
   RATIONAL_B_SPLINE_SURFACE (((1., 1.), (0.804737854124365, 0.804737854124365), (0.804737854124365, 0.804737854124365), (1., 1.)))
   REPRESENTATION_ITEM ('')
   SURFACE ()
);
#3007 = ADVANCED_FACE ('', (#2997), #3006, .T.);
#3008 = CARTESIAN_POINT ('', (-2.99500000000045, 48.5000000000246, 4.52942497472077));
#3009 = VERTEX_POINT ('', #3008);
#3010 = CARTESIAN_POINT ('', (-1.99500000000045, 47.5000000000246, 4.52942497472077));
#3011 = CARTESIAN_POINT ('', (-1.99500000000045, 47.6326082449444, 4.52942497472077));
#3012 = CARTESIAN_POINT ('', (-2.02037348916336, 47.7601693890661, 4.52942497472077));
#3013 = CARTESIAN_POINT ('', (-2.07112046748918, 47.8826834323897, 4.52942497472077));
#3014 = CARTESIAN_POINT ('', (-2.12186744581499, 48.0051974757133, 4.52942497472077));
#3015 = CARTESIAN_POINT ('', (-2.19412502958991, 48.1133385919871, 4.52942497472077));
#3016 = CARTESIAN_POINT ('', (-2.28789321881392, 48.2071067812111, 4.52942497472077));
#3017 = CARTESIAN_POINT ('', (-2.38166140803793, 48.3008749704352, 4.52942497472077));
#3018 = CARTESIAN_POINT ('', (-2.48980252431171, 48.37313255421, 4.52942497472077));
#3019 = CARTESIAN_POINT ('', (-2.61231656763537, 48.4238795325359, 4.52942497472077));
#3020 = CARTESIAN_POINT ('', (-2.73483061095904, 48.4746265108617, 4.52942497472077));
#3021 = CARTESIAN_POINT ('', (-2.86239175508073, 48.5000000000246, 4.52942497472077));
#3022 = CARTESIAN_POINT ('', (-2.99500000000045, 48.5000000000246, 4.52942497472077));
#3023 = B_SPLINE_CURVE_WITH_KNOTS ('', 3, (#3010, #3011, #3012, #3013, #3014, #3015, #3016, #3017, #3018, #3019, #3020, #3021, #3022), .UNSPECIFIED., .F., .U., (4, 3, 3, 3, 4), (0., 0.25, 0.5, 0.75, 1.), .UNSPECIFIED.);
#3024 = EDGE_CURVE ('', #2832, #3009, #3023, .T.);
#3025 = ORIENTED_EDGE ('', *, *, #3024, .T.);
#3026 = CARTESIAN_POINT ('', (-5.49500000000076, 48.5000000000246, 4.52942497472077));
#3027 = CARTESIAN_POINT ('', (-2.99500000000045, 48.5000000000246, 4.52942497472077));
#3028 = B_SPLINE_CURVE_WITH_KNOTS ('', 1, (#3026, #3027), .UNSPECIFIED., .F., .U., (2, 2), (0., 1.), .UNSPECIFIED.);
#3029 = EDGE_CURVE ('', #2974, #3009, #3028, .T.);
#3030 = ORIENTED_EDGE ('', *, *, #3029, .F.);
#3031 = ORIENTED_EDGE ('', *, *, #2989, .T.);
#3032 = ORIENTED_EDGE ('', *, *, #1322, .T.);
#3033 = ORIENTED_EDGE ('', *, *, #1399, .T.);
#3034 = CARTESIAN_POINT ('', (15.2630384844884, 22.6160176719888, 4.52942497472077));
#3035 = VERTEX_POINT ('', #3034);
#3036 = CARTESIAN_POINT ('', (15.2630384844884, 22.6160176719888, 4.52942497472077));
#3037 = CARTESIAN_POINT ('', (-4.25888219218955, 27.756259822452, 4.52942497472077));
#3038 = B_SPLINE_CURVE_WITH_KNOTS ('', 1, (#3036, #3037), .UNSPECIFIED., .F., .U., (2, 2), (0., 1.), .UNSPECIFIED.);
#3039 = EDGE_CURVE ('', #3035, #1379, #3038, .T.);
#3040 = ORIENTED_EDGE ('', *, *, #3039, .F.);
#3041 = CARTESIAN_POINT ('', (16.4847038563413, 23.328424712919, 4.52942497472077));
#3042 = VERTEX_POINT ('', #3041);
#3043 = CARTESIAN_POINT ('', (15.2630384844884, 22.6160176719888, 4.52942497472077));
#3044 = CARTESIAN_POINT ('', (15.3912754448256, 22.5822520892016, 4.52942497472077));
#3045 = CARTESIAN_POINT ('', (15.5210924521289, 22.5743086309311, 4.52942497472077));
#3046 = CARTESIAN_POINT ('', (15.6524895063985, 22.5921872971773, 4.52942497472077));
#3047 = CARTESIAN_POINT ('', (15.7838865606681, 22.6100659634234, 4.52942497472077));
#3048 = CARTESIAN_POINT ('', (15.9068617191032, 22.6524058302436, 4.52942497472077));
#3049 = CARTESIAN_POINT ('', (16.0214149817039, 22.7192068976377, 4.52942497472077));
#3050 = CARTESIAN_POINT ('', (16.1359682443046, 22.7860079650319, 4.52942497472077));
#3051 = CARTESIAN_POINT ('', (16.2333798175677, 22.8721853362433, 4.52942497472077));
#3052 = CARTESIAN_POINT ('', (16.313649701493, 22.9777390112721, 4.52942497472077));
#3053 = CARTESIAN_POINT ('', (16.3939195854184, 23.0832926863008, 4.52942497472077));
#3054 = CARTESIAN_POINT ('', (16.4509376370345, 23.2001879201831, 4.52942497472077));
#3055 = CARTESIAN_POINT ('', (16.4847038563413, 23.328424712919, 4.52942497472077));
#3056 = B_SPLINE_CURVE_WITH_KNOTS ('', 3, (#3043, #3044, #3045, #3046, #3047, #3048, #3049, #3050, #3051, #3052, #3053, #3054, #3055), .UNSPECIFIED., .F., .U., (4, 3, 3, 3, 4), (0., 0.25, 0.5, 0.75, 1.), .UNSPECIFIED.);
#3057 = EDGE_CURVE ('', #3035, #3042, #3056, .T.);
#3058 = ORIENTED_EDGE ('', *, *, #3057, .T.);
#3059 = CARTESIAN_POINT ('', (17.1212672392041, 25.7459546664419, 4.52942497472077));
#3060 = VERTEX_POINT ('', #3059);
#3061 = CARTESIAN_POINT ('', (17.1212672392041, 25.7459546664419, 4.52942497472077));
#3062 = CARTESIAN_POINT ('', (16.4847038563413, 23.328424712919, 4.52942497472077));
#3063 = B_SPLINE_CURVE_WITH_KNOTS ('', 1, (#3061, #3062), .UNSPECIFIED., .F., .U., (2, 2), (0., 1.), .UNSPECIFIED.);
#3064 = EDGE_CURVE ('', #3060, #3042, #3063, .T.);
#3065 = ORIENTED_EDGE ('', *, *, #3064, .F.);
#3066 = CARTESIAN_POINT ('', (16.4088595503093, 26.9676253417214, 4.52942497472077));
#3067 = VERTEX_POINT ('', #3066);
#3068 = CARTESIAN_POINT ('', (17.1212672392041, 25.7459546664418, 4.52942497472077));
#3069 = CARTESIAN_POINT ('', (17.155033611614, 25.8741920406299, 4.52942497472077));
#3070 = CARTESIAN_POINT ('', (17.1629776362694, 26.0040095816095, 4.52942497472077));
#3071 = CARTESIAN_POINT ('', (17.1450993131703, 26.1354072893807, 4.52942497472077));
#3072 = CARTESIAN_POINT ('', (17.1272209900713, 26.266804997152, 4.52942497472077));
#3073 = CARTESIAN_POINT ('', (17.0848812289115, 26.3897807919193, 4.52942497472077));
#3074 = CARTESIAN_POINT ('', (17.0180800296912, 26.5043346736828, 4.52942497472077));
#3075 = CARTESIAN_POINT ('', (16.9512788304708, 26.6188885554463, 4.52942497472077));
#3076 = CARTESIAN_POINT ('', (16.8651011443382, 26.7163006075064, 4.52942497472077));
#3077 = CARTESIAN_POINT ('', (16.7595469712933, 26.796570829863, 4.52942497472077));
#3078 = CARTESIAN_POINT ('', (16.6539927982485, 26.8768410522196, 4.52942497472077));
#3079 = CARTESIAN_POINT ('', (16.5370969912538, 26.9338592228391, 4.52942497472077));
#3080 = CARTESIAN_POINT ('', (16.4088595503093, 26.9676253417214, 4.52942497472077));
#3081 = B_SPLINE_CURVE_WITH_KNOTS ('', 3, (#3068, #3069, #3070, #3071, #3072, #3073, #3074, #3075, #3076, #3077, #3078, #3079, #3080), .UNSPECIFIED., .F., .U., (4, 3, 3, 3, 4), (0., 0.25, 0.5, 0.75, 1.), .UNSPECIFIED.);
#3082 = EDGE_CURVE ('', #3060, #3067, #3081, .T.);
#3083 = ORIENTED_EDGE ('', *, *, #3082, .T.);
#3084 = CARTESIAN_POINT ('', (16.4088595503093, 26.9676253417214, 4.52942497472077));
#3085 = CARTESIAN_POINT ('', (11.0196094146446, 28.3866653617569, 4.52942497472077));
#3086 = CARTESIAN_POINT ('', (5.63035927897988, 29.8057053817923, 4.52942497472077));
#3087 = CARTESIAN_POINT ('', (0.241109143315156, 31.2247454018278, 4.52942497472077));
#3088 = B_SPLINE_CURVE_WITH_KNOTS ('', 3, (#3084, #3085, #3086, #3087), .UNSPECIFIED., .F., .U., (4, 4), (0., 1.), .UNSPECIFIED.);
#3089 = EDGE_CURVE ('', #3067, #2767, #3088, .T.);
#3090 = ORIENTED_EDGE ('', *, *, #3089, .T.);
#3091 = ORIENTED_EDGE ('', *, *, #2795, .T.);
#3092 = ORIENTED_EDGE ('', *, *, #2841, .T.);
#3093 = EDGE_LOOP ('', (#3025, #3030, #3031, #3032, #3033, #3040, #3058, #3065, #3083, #3090, #3091, #3092));
#3094 = FACE_OUTER_BOUND ('', #3093, .T.);
#3095 = CARTESIAN_POINT ('', (-5.29500000000062, 45.5000000000246, 4.52942497472077));
#3096 = VERTEX_POINT ('', #3095);
#3097 = CARTESIAN_POINT ('', (-5.29500000000062, 45.5000000000246, 4.52942497472077));
#3098 = CARTESIAN_POINT ('', (-5.29500000000062, 45.6392386571903, 4.52942497472077));
#3099 = CARTESIAN_POINT ('', (-5.26835783637957, 45.7731778585181, 4.52942497472077));
#3100 = CARTESIAN_POINT ('', (-5.21507350913747, 45.9018176040079, 4.52942497472077));
#3101 = CARTESIAN_POINT ('', (-5.16178918189537, 46.0304573494977, 4.52942497472077));
#3102 = CARTESIAN_POINT ('', (-5.08591871893171, 46.1440055215852, 4.52942497472077));
#3103 = CARTESIAN_POINT ('', (-4.98746212024649, 46.2424621202704, 4.52942497472077));
#3104 = CARTESIAN_POINT ('', (-4.88900552156127, 46.3409187189557, 4.52942497472077));
#3105 = CARTESIAN_POINT ('', (-4.77545734947377, 46.4167891819193, 4.52942497472077));
#3106 = CARTESIAN_POINT ('', (-4.64681760398396, 46.4700735091614, 4.52942497472077));
#3107 = CARTESIAN_POINT ('', (-4.51817785849416, 46.5233578364035, 4.52942497472077));
#3108 = CARTESIAN_POINT ('', (-4.38423865716638, 46.5500000000246, 4.52942497472077));
#3109 = CARTESIAN_POINT ('', (-4.24500000000062, 46.5500000000246, 4.52942497472077));
#3110 = CARTESIAN_POINT ('', (-4.10576134283486, 46.5500000000246, 4.52942497472077));
#3111 = CARTESIAN_POINT ('', (-3.97182214150707, 46.5233578364035, 4.52942497472077));
#3112 = CARTESIAN_POINT ('', (-3.84318239601728, 46.4700735091614, 4.52942497472077));
#3113 = CARTESIAN_POINT ('', (-3.71454265052748, 46.4167891819193, 4.52942497472077));
#3114 = CARTESIAN_POINT ('', (-3.60099447843996, 46.3409187189557, 4.52942497472077));
#3115 = CARTESIAN_POINT ('', (-3.50253787975475, 46.2424621202704, 4.52942497472077));
#3116 = CARTESIAN_POINT ('', (-3.40408128106953, 46.1440055215852, 4.52942497472077));
#3117 = CARTESIAN_POINT ('', (-3.32821081810587, 46.0304573494977, 4.52942497472077));
#3118 = CARTESIAN_POINT ('', (-3.27492649086377, 45.9018176040079, 4.52942497472077));
#3119 = CARTESIAN_POINT ('', (-3.22164216362167, 45.7731778585181, 4.52942497472077));
#3120 = CARTESIAN_POINT ('', (-3.19500000000062, 45.6392386571903, 4.52942497472077));
#3121 = CARTESIAN_POINT ('', (-3.19500000000062, 45.5000000000246, 4.52942497472077));
#3122 = CARTESIAN_POINT ('', (-3.19500000000062, 45.3607613428588, 4.52942497472077));
#3123 = CARTESIAN_POINT ('', (-3.22164216362168, 45.226822141531, 4.52942497472077));
#3124 = CARTESIAN_POINT ('', (-3.27492649086377, 45.0981823960412, 4.52942497472077));
#3125 = CARTESIAN_POINT ('', (-3.32821081810587, 44.9695426505514, 4.52942497472077));
#3126 = CARTESIAN_POINT ('', (-3.40408128106953, 44.8559944784639, 4.52942497472077));
#3127 = CARTESIAN_POINT ('', (-3.50253787975475, 44.7575378797787, 4.52942497472077));
#3128 = CARTESIAN_POINT ('', (-3.60099447843996, 44.6590812810935, 4.52942497472077));
#3129 = CARTESIAN_POINT ('', (-3.71454265052746, 44.5832108181298, 4.52942497472077));
#3130 = CARTESIAN_POINT ('', (-3.84318239601728, 44.5299264908877, 4.52942497472077));
#3131 = CARTESIAN_POINT ('', (-3.97182214150709, 44.4766421636456, 4.52942497472077));
#3132 = CARTESIAN_POINT ('', (-4.10576134283488, 44.4500000000246, 4.52942497472077));
#3133 = CARTESIAN_POINT ('', (-4.24500000000062, 44.4500000000246, 4.52942497472077));
#3134 = CARTESIAN_POINT ('', (-4.38423865716637, 44.4500000000246, 4.52942497472077));
#3135 = CARTESIAN_POINT ('', (-4.51817785849416, 44.4766421636456, 4.52942497472077));
#3136 = CARTESIAN_POINT ('', (-4.64681760398396, 44.5299264908877, 4.52942497472077));
#3137 = CARTESIAN_POINT ('', (-4.77545734947377, 44.5832108181298, 4.52942497472077));
#3138 = CARTESIAN_POINT ('', (-4.88900552156128, 44.6590812810935, 4.52942497472077));
#3139 = CARTESIAN_POINT ('', (-4.98746212024649, 44.7575378797787, 4.52942497472077));
#3140 = CARTESIAN_POINT ('', (-5.08591871893171, 44.8559944784639, 4.52942497472077));
#3141 = CARTESIAN_POINT ('', (-5.16178918189537, 44.9695426505514, 4.52942497472077));
#3142 = CARTESIAN_POINT ('', (-5.21507350913747, 45.0981823960412, 4.52942497472077));
#3143 = CARTESIAN_POINT ('', (-5.26835783637957, 45.226822141531, 4.52942497472077));
#3144 = CARTESIAN_POINT ('', (-5.29500000000062, 45.3607613428588, 4.52942497472077));
#3145 = CARTESIAN_POINT ('', (-5.29500000000062, 45.5000000000246, 4.52942497472077));
#3146 = B_SPLINE_CURVE_WITH_KNOTS ('', 3, (#3097, #3098, #3099, #3100, #3101, #3102, #3103, #3104, #3105, #3106, #3107, #3108, #3109, #3110, #3111, #3112, #3113, #3114, #3115, #3116, #3117, #3118, #3119, #3120, #3121, #3122, #3123, #3124, #3125, #3126, #3127, #3128, #3129, #3130, #3131, #3132, #3133, #3134, #3135, #3136, #3137, #3138, #3139, #3140, #3141, #3142, #3143, #3144, #3145), .UNSPECIFIED., .T., .U., (4, 3, 3, 3, 3, 3, 3, 3, 3, 3, 3, 3, 3, 3, 3, 3, 4), (0., 0.0625, 0.125, 0.1875, 0.25, 0.3125, 0.375, 0.4375, 0.5, 0.5625, 0.625, 0.6875, 0.75, 0.8125, 0.875, 0.9375, 1.), .UNSPECIFIED.);
#3147 = EDGE_CURVE ('', #3096, #3096, #3146, .T.);
#3148 = ORIENTED_EDGE ('', *, *, #3147, .T.);
#3149 = EDGE_LOOP ('', (#3148));
#3150 = FACE_BOUND ('', #3149, .T.);
#3151 = CARTESIAN_POINT ('', (-5.67114745801804, 30.5629026452807, 4.52942497472077));
#3152 = VERTEX_POINT ('', #3151);
#3153 = CARTESIAN_POINT ('', (-5.67114745801804, 30.5629026452807, 4.52942497472077));
#3154 = CARTESIAN_POINT ('', (-5.67114745801804, 30.8347495473662, 4.52942497472077));
#3155 = CARTESIAN_POINT ('', (-5.61913180523409, 31.0962498928157, 4.52942497472077));
#3156 = CARTESIAN_POINT ('', (-5.51510049966618, 31.3474036816291, 4.52942497472077));
#3157 = CARTESIAN_POINT ('', (-5.41106919409827, 31.5985574704425, 4.52942497472077));
#3158 = CARTESIAN_POINT ('', (-5.2629411473597, 31.8202467588039, 4.52942497472077));
#3159 = CARTESIAN_POINT ('', (-5.07071635945046, 32.0124715467131, 4.52942497472077));
#3160 = CARTESIAN_POINT ('', (-4.87849157154123, 32.2046963346223, 4.52942497472077));
#3161 = CARTESIAN_POINT ('', (-4.6568022831799, 32.3528243813609, 4.52942497472077));
#3162 = CARTESIAN_POINT ('', (-4.40564849436648, 32.4568556869288, 4.52942497472077));
#3163 = CARTESIAN_POINT ('', (-4.15449470555305, 32.5608869924967, 4.52942497472077));
#3164 = CARTESIAN_POINT ('', (-3.89299436010358, 32.6129026452807, 4.52942497472077));
#3165 = CARTESIAN_POINT ('', (-3.62114745801804, 32.6129026452807, 4.52942497472077));
#3166 = CARTESIAN_POINT ('', (-3.34930055593251, 32.6129026452807, 4.52942497472077));
#3167 = CARTESIAN_POINT ('', (-3.08780021048303, 32.5608869924967, 4.52942497472077));
#3168 = CARTESIAN_POINT ('', (-2.83664642166961, 32.4568556869288, 4.52942497472077));
#3169 = CARTESIAN_POINT ('', (-2.58549263285618, 32.3528243813609, 4.52942497472077));
#3170 = CARTESIAN_POINT ('', (-2.36380334449485, 32.2046963346223, 4.52942497472077));
#3171 = CARTESIAN_POINT ('', (-2.17157855658562, 32.0124715467131, 4.52942497472077));
#3172 = CARTESIAN_POINT ('', (-1.97935376867639, 31.8202467588039, 4.52942497472077));
#3173 = CARTESIAN_POINT ('', (-1.83122572193781, 31.5985574704426, 4.52942497472077));
#3174 = CARTESIAN_POINT ('', (-1.7271944163699, 31.3474036816291, 4.52942497472077));
#3175 = CARTESIAN_POINT ('', (-1.623163110802, 31.0962498928157, 4.52942497472077));
#3176 = CARTESIAN_POINT ('', (-1.57114745801804, 30.8347495473662, 4.52942497472077));
#3177 = CARTESIAN_POINT ('', (-1.57114745801804, 30.5629026452807, 4.52942497472077));
#3178 = CARTESIAN_POINT ('', (-1.57114745801804, 30.2910557431952, 4.52942497472077));
#3179 = CARTESIAN_POINT ('', (-1.623163110802, 30.0295553977457, 4.52942497472077));
#3180 = CARTESIAN_POINT ('', (-1.7271944163699, 29.7784016089323, 4.52942497472077));
#3181 = CARTESIAN_POINT ('', (-1.83122572193781, 29.5272478201188, 4.52942497472077));
#3182 = CARTESIAN_POINT ('', (-1.97935376867639, 29.3055585317575, 4.52942497472077));
#3183 = CARTESIAN_POINT ('', (-2.17157855658562, 29.1133337438483, 4.52942497472077));
#3184 = CARTESIAN_POINT ('', (-2.36380334449485, 28.921108955939, 4.52942497472077));
#3185 = CARTESIAN_POINT ('', (-2.58549263285618, 28.7729809092005, 4.52942497472077));
#3186 = CARTESIAN_POINT ('', (-2.83664642166961, 28.6689496036326, 4.52942497472077));
#3187 = CARTESIAN_POINT ('', (-3.08780021048303, 28.5649182980646, 4.52942497472077));
#3188 = CARTESIAN_POINT ('', (-3.34930055593251, 28.5129026452807, 4.52942497472077));
#3189 = CARTESIAN_POINT ('', (-3.62114745801804, 28.5129026452807, 4.52942497472077));
#3190 = CARTESIAN_POINT ('', (-3.89299436010358, 28.5129026452807, 4.52942497472077));
#3191 = CARTESIAN_POINT ('', (-4.15449470555305, 28.5649182980646, 4.52942497472077));
#3192 = CARTESIAN_POINT ('', (-4.40564849436648, 28.6689496036326, 4.52942497472077));
#3193 = CARTESIAN_POINT ('', (-4.65680228317991, 28.7729809092005, 4.52942497472077));
#3194 = CARTESIAN_POINT ('', (-4.87849157154123, 28.921108955939, 4.52942497472077));
#3195 = CARTESIAN_POINT ('', (-5.07071635945046, 29.1133337438483, 4.52942497472077));
#3196 = CARTESIAN_POINT ('', (-5.2629411473597, 29.3055585317575, 4.52942497472077));
#3197 = CARTESIAN_POINT ('', (-5.41106919409827, 29.5272478201188, 4.52942497472077));
#3198 = CARTESIAN_POINT ('', (-5.51510049966618, 29.7784016089323, 4.52942497472077));
#3199 = CARTESIAN_POINT ('', (-5.61913180523409, 30.0295553977457, 4.52942497472077));
#3200 = CARTESIAN_POINT ('', (-5.67114745801804, 30.2910557431952, 4.52942497472077));
#3201 = CARTESIAN_POINT ('', (-5.67114745801804, 30.5629026452807, 4.52942497472077));
#3202 = B_SPLINE_CURVE_WITH_KNOTS ('', 3, (#3153, #3154, #3155, #3156, #3157, #3158, #3159, #3160, #3161, #3162, #3163, #3164, #3165, #3166, #3167, #3168, #3169, #3170, #3171, #3172, #3173, #3174, #3175, #3176, #3177, #3178, #3179, #3180, #3181, #3182, #3183, #3184, #3185, #3186, #3187, #3188, #3189, #3190, #3191, #3192, #3193, #3194, #3195, #3196, #3197, #3198, #3199, #3200, #3201), .UNSPECIFIED., .T., .U., (4, 3, 3, 3, 3, 3, 3, 3, 3, 3, 3, 3, 3, 3, 3, 3, 4), (0., 0.0625, 0.125, 0.1875, 0.25, 0.3125, 0.375, 0.4375, 0.5, 0.5625, 0.625, 0.6875, 0.75, 0.8125, 0.875, 0.9375, 1.), .UNSPECIFIED.);
#3203 = EDGE_CURVE ('', #3152, #3152, #3202, .T.);
#3204 = ORIENTED_EDGE ('', *, *, #3203, .T.);
#3205 = EDGE_LOOP ('', (#3204));
#3206 = FACE_BOUND ('', #3205, .T.);
#3207 = CARTESIAN_POINT ('', (12.8518701170734, 25.3010805456013, 4.52942497472077));
#3208 = VERTEX_POINT ('', #3207);
#3209 = CARTESIAN_POINT ('', (12.8518701170734, 25.3010805456013, 4.52942497472077));
#3210 = CARTESIAN_POINT ('', (12.8518701170734, 25.4403192027671, 4.52942497472077));
#3211 = CARTESIAN_POINT ('', (12.8785122806945, 25.5742584040949, 4.52942497472077));
#3212 = CARTESIAN_POINT ('', (12.9317966079366, 25.7028981495847, 4.52942497472077));
#3213 = CARTESIAN_POINT ('', (12.9850809351787, 25.8315378950745, 4.52942497472077));
#3214 = CARTESIAN_POINT ('', (13.0609513981423, 25.945086067162, 4.52942497472077));
#3215 = CARTESIAN_POINT ('', (13.1594079968276, 26.0435426658472, 4.52942497472077));
#3216 = CARTESIAN_POINT ('', (13.2578645955128, 26.1419992645324, 4.52942497472077));
#3217 = CARTESIAN_POINT ('', (13.3714127676003, 26.2178697274961, 4.52942497472077));
#3218 = CARTESIAN_POINT ('', (13.5000525130901, 26.2711540547382, 4.52942497472077));
#3219 = CARTESIAN_POINT ('', (13.6286922585799, 26.3244383819803, 4.52942497472077));
#3220 = CARTESIAN_POINT ('', (13.7626314599077, 26.3510805456013, 4.52942497472077));
#3221 = CARTESIAN_POINT ('', (13.9018701170734, 26.3510805456013, 4.52942497472077));
#3222 = CARTESIAN_POINT ('', (14.0411087742392, 26.3510805456013, 4.52942497472077));
#3223 = CARTESIAN_POINT ('', (14.175047975567, 26.3244383819803, 4.52942497472077));
#3224 = CARTESIAN_POINT ('', (14.3036877210568, 26.2711540547382, 4.52942497472077));
#3225 = CARTESIAN_POINT ('', (14.4323274665466, 26.2178697274961, 4.52942497472077));
#3226 = CARTESIAN_POINT ('', (14.5458756386341, 26.1419992645324, 4.52942497472077));
#3227 = CARTESIAN_POINT ('', (14.6443322373193, 26.0435426658472, 4.52942497472077));
#3228 = CARTESIAN_POINT ('', (14.7427888360045, 25.945086067162, 4.52942497472077));
#3229 = CARTESIAN_POINT ('', (14.8186592989682, 25.8315378950745, 4.52942497472077));
#3230 = CARTESIAN_POINT ('', (14.8719436262103, 25.7028981495847, 4.52942497472077));
#3231 = CARTESIAN_POINT ('', (14.9252279534524, 25.5742584040949, 4.52942497472077));
#3232 = CARTESIAN_POINT ('', (14.9518701170734, 25.4403192027671, 4.52942497472077));
#3233 = CARTESIAN_POINT ('', (14.9518701170734, 25.3010805456013, 4.52942497472077));
#3234 = CARTESIAN_POINT ('', (14.9518701170734, 25.1618418884356, 4.52942497472077));
#3235 = CARTESIAN_POINT ('', (14.9252279534524, 25.0279026871078, 4.52942497472077));
#3236 = CARTESIAN_POINT ('', (14.8719436262103, 24.899262941618, 4.52942497472077));
#3237 = CARTESIAN_POINT ('', (14.8186592989682, 24.7706231961282, 4.52942497472077));
#3238 = CARTESIAN_POINT ('', (14.7427888360045, 24.6570750240407, 4.52942497472077));
#3239 = CARTESIAN_POINT ('', (14.6443322373193, 24.5586184253555, 4.52942497472077));
#3240 = CARTESIAN_POINT ('', (14.5458756386341, 24.4601618266702, 4.52942497472077));
#3241 = CARTESIAN_POINT ('', (14.4323274665466, 24.3842913637066, 4.52942497472077));
#3242 = CARTESIAN_POINT ('', (14.3036877210568, 24.3310070364645, 4.52942497472077));
#3243 = CARTESIAN_POINT ('', (14.175047975567, 24.2777227092224, 4.52942497472077));
#3244 = CARTESIAN_POINT ('', (14.0411087742392, 24.2510805456013, 4.52942497472077));
#3245 = CARTESIAN_POINT ('', (13.9018701170734, 24.2510805456013, 4.52942497472077));
#3246 = CARTESIAN_POINT ('', (13.7626314599077, 24.2510805456013, 4.52942497472077));
#3247 = CARTESIAN_POINT ('', (13.6286922585799, 24.2777227092224, 4.52942497472077));
#3248 = CARTESIAN_POINT ('', (13.5000525130901, 24.3310070364645, 4.52942497472077));
#3249 = CARTESIAN_POINT ('', (13.3714127676003, 24.3842913637066, 4.52942497472077));
#3250 = CARTESIAN_POINT ('', (13.2578645955128, 24.4601618266702, 4.52942497472077));
#3251 = CARTESIAN_POINT ('', (13.1594079968276, 24.5586184253555, 4.52942497472077));
#3252 = CARTESIAN_POINT ('', (13.0609513981423, 24.6570750240407, 4.52942497472077));
#3253 = CARTESIAN_POINT ('', (12.9850809351787, 24.7706231961282, 4.52942497472077));
#3254 = CARTESIAN_POINT ('', (12.9317966079366, 24.899262941618, 4.52942497472077));
#3255 = CARTESIAN_POINT ('', (12.8785122806945, 25.0279026871078, 4.52942497472077));
#3256 = CARTESIAN_POINT ('', (12.8518701170734, 25.1618418884356, 4.52942497472077));
#3257 = CARTESIAN_POINT ('', (12.8518701170734, 25.3010805456013, 4.52942497472077));
#3258 = B_SPLINE_CURVE_WITH_KNOTS ('', 3, (#3209, #3210, #3211, #3212, #3213, #3214, #3215, #3216, #3217, #3218, #3219, #3220, #3221, #3222, #3223, #3224, #3225, #3226, #3227, #3228, #3229, #3230, #3231, #3232, #3233, #3234, #3235, #3236, #3237, #3238, #3239, #3240, #3241, #3242, #3243, #3244, #3245, #3246, #3247, #3248, #3249, #3250, #3251, #3252, #3253, #3254, #3255, #3256, #3257), .UNSPECIFIED., .T., .U., (4, 3, 3, 3, 3, 3, 3, 3, 3, 3, 3, 3, 3, 3, 3, 3, 4), (0., 0.0625, 0.125, 0.1875, 0.25, 0.3125, 0.375, 0.4375, 0.5, 0.5625, 0.625, 0.6875, 0.75, 0.8125, 0.875, 0.9375, 1.), .UNSPECIFIED.);
#3259 = EDGE_CURVE ('', #3208, #3208, #3258, .T.);
#3260 = ORIENTED_EDGE ('', *, *, #3259, .T.);
#3261 = EDGE_LOOP ('', (#3260));
#3262 = FACE_BOUND ('', #3261, .T.);
#3263 = CARTESIAN_POINT ('', (-6.49500000000077, 22.4275552517936, 4.52942497472077));
#3264 = CARTESIAN_POINT ('', (-6.49500000000077, 48.5000000000246, 4.52942497472077));
#3265 = CARTESIAN_POINT ('', (17.2961246403362, 22.4275552517936, 4.52942497472077));
#3266 = CARTESIAN_POINT ('', (17.2961246403362, 48.5000000000246, 4.52942497472077));
#3267 = B_SPLINE_SURFACE_WITH_KNOTS ('', 1, 1, ((#3263, #3264), (#3265, #3266)), .UNSPECIFIED., .F., .F., .U., (2, 2), (2, 2), (0., 1.), (0., 1.), .UNSPECIFIED.);
#3268 = ADVANCED_FACE ('', (#3094, #3150, #3206, #3262), #3267, .T.);
#3269 = CARTESIAN_POINT ('', (12.8518701170734, 25.3010805456013, 1.52942497472077));
#3270 = VERTEX_POINT ('', #3269);
#3271 = CARTESIAN_POINT ('', (12.8518701170734, 25.3010805456013, 4.52942497472077));
#3272 = CARTESIAN_POINT ('', (12.8518701170734, 25.3010805456013, 1.52942497472077));
#3273 = B_SPLINE_CURVE_WITH_KNOTS ('', 1, (#3271, #3272), .UNSPECIFIED., .F., .U., (2, 2), (0., 1.), .UNSPECIFIED.);
#3274 = EDGE_CURVE ('', #3208, #3270, #3273, .T.);
#3275 = ORIENTED_EDGE ('', *, *, #3274, .T.);
#3276 = CARTESIAN_POINT ('', (12.8518701170734, 25.3010805456013, 1.52942497472077));
#3277 = CARTESIAN_POINT ('', (12.8518701170734, 25.1618418884356, 1.52942497472077));
#3278 = CARTESIAN_POINT ('', (12.8785122806945, 25.0279026871078, 1.52942497472078));
#3279 = CARTESIAN_POINT ('', (12.9317966079366, 24.899262941618, 1.52942497472078));
#3280 = CARTESIAN_POINT ('', (12.9850809351787, 24.7706231961282, 1.52942497472078));
#3281 = CARTESIAN_POINT ('', (13.0609513981423, 24.6570750240407, 1.52942497472077));
#3282 = CARTESIAN_POINT ('', (13.1594079968276, 24.5586184253555, 1.52942497472077));
#3283 = CARTESIAN_POINT ('', (13.2578645955128, 24.4601618266702, 1.52942497472077));
#3284 = CARTESIAN_POINT ('', (13.3714127676003, 24.3842913637066, 1.52942497472077));
#3285 = CARTESIAN_POINT ('', (13.5000525130901, 24.3310070364645, 1.52942497472077));
#3286 = CARTESIAN_POINT ('', (13.6286922585799, 24.2777227092224, 1.52942497472077));
#3287 = CARTESIAN_POINT ('', (13.7626314599077, 24.2510805456013, 1.52942497472077));
#3288 = CARTESIAN_POINT ('', (13.9018701170734, 24.2510805456013, 1.52942497472077));
#3289 = CARTESIAN_POINT ('', (14.0411087742392, 24.2510805456013, 1.52942497472077));
#3290 = CARTESIAN_POINT ('', (14.175047975567, 24.2777227092224, 1.52942497472077));
#3291 = CARTESIAN_POINT ('', (14.3036877210568, 24.3310070364645, 1.52942497472077));
#3292 = CARTESIAN_POINT ('', (14.4323274665466, 24.3842913637066, 1.52942497472077));
#3293 = CARTESIAN_POINT ('', (14.5458756386341, 24.4601618266702, 1.52942497472077));
#3294 = CARTESIAN_POINT ('', (14.6443322373193, 24.5586184253555, 1.52942497472077));
#3295 = CARTESIAN_POINT ('', (14.7427888360045, 24.6570750240407, 1.52942497472077));
#3296 = CARTESIAN_POINT ('', (14.8186592989682, 24.7706231961282, 1.52942497472077));
#3297 = CARTESIAN_POINT ('', (14.8719436262103, 24.899262941618, 1.52942497472077));
#3298 = CARTESIAN_POINT ('', (14.9252279534524, 25.0279026871078, 1.52942497472077));
#3299 = CARTESIAN_POINT ('', (14.9518701170734, 25.1618418884356, 1.52942497472077));
#3300 = CARTESIAN_POINT ('', (14.9518701170734, 25.3010805456013, 1.52942497472077));
#3301 = CARTESIAN_POINT ('', (14.9518701170734, 25.4403192027671, 1.52942497472077));
#3302 = CARTESIAN_POINT ('', (14.9252279534524, 25.5742584040949, 1.52942497472077));
#3303 = CARTESIAN_POINT ('', (14.8719436262103, 25.7028981495847, 1.52942497472077));
#3304 = CARTESIAN_POINT ('', (14.8186592989682, 25.8315378950745, 1.52942497472077));
#3305 = CARTESIAN_POINT ('', (14.7427888360045, 25.945086067162, 1.52942497472077));
#3306 = CARTESIAN_POINT ('', (14.6443322373193, 26.0435426658472, 1.52942497472077));
#3307 = CARTESIAN_POINT ('', (14.5458756386341, 26.1419992645324, 1.52942497472077));
#3308 = CARTESIAN_POINT ('', (14.4323274665466, 26.2178697274961, 1.52942497472077));
#3309 = CARTESIAN_POINT ('', (14.3036877210568, 26.2711540547382, 1.52942497472077));
#3310 = CARTESIAN_POINT ('', (14.175047975567, 26.3244383819803, 1.52942497472077));
#3311 = CARTESIAN_POINT ('', (14.0411087742392, 26.3510805456013, 1.52942497472077));
#3312 = CARTESIAN_POINT ('', (13.9018701170734, 26.3510805456013, 1.52942497472077));
#3313 = CARTESIAN_POINT ('', (13.7626314599077, 26.3510805456013, 1.52942497472077));
#3314 = CARTESIAN_POINT ('', (13.6286922585799, 26.3244383819803, 1.52942497472078));
#3315 = CARTESIAN_POINT ('', (13.5000525130901, 26.2711540547382, 1.52942497472078));
#3316 = CARTESIAN_POINT ('', (13.3714127676003, 26.2178697274961, 1.52942497472078));
#3317 = CARTESIAN_POINT ('', (13.2578645955128, 26.1419992645324, 1.52942497472078));
#3318 = CARTESIAN_POINT ('', (13.1594079968276, 26.0435426658472, 1.52942497472078));
#3319 = CARTESIAN_POINT ('', (13.0609513981423, 25.945086067162, 1.52942497472078));
#3320 = CARTESIAN_POINT ('', (12.9850809351787, 25.8315378950745, 1.52942497472078));
#3321 = CARTESIAN_POINT ('', (12.9317966079366, 25.7028981495847, 1.52942497472078));
#3322 = CARTESIAN_POINT ('', (12.8785122806945, 25.5742584040949, 1.52942497472078));
#3323 = CARTESIAN_POINT ('', (12.8518701170734, 25.4403192027671, 1.52942497472077));
#3324 = CARTESIAN_POINT ('', (12.8518701170734, 25.3010805456013, 1.52942497472077));
#3325 = B_SPLINE_CURVE_WITH_KNOTS ('', 3, (#3276, #3277, #3278, #3279, #3280, #3281, #3282, #3283, #3284, #3285, #3286, #3287, #3288, #3289, #3290, #3291, #3292, #3293, #3294, #3295, #3296, #3297, #3298, #3299, #3300, #3301, #3302, #3303, #3304, #3305, #3306, #3307, #3308, #3309, #3310, #3311, #3312, #3313, #3314, #3315, #3316, #3317, #3318, #3319, #3320, #3321, #3322, #3323, #3324), .UNSPECIFIED., .T., .U., (4, 3, 3, 3, 3, 3, 3, 3, 3, 3, 3, 3, 3, 3, 3, 3, 4), (0., 0.0625, 0.125, 0.1875, 0.25, 0.3125, 0.375, 0.4375, 0.5, 0.5625, 0.625, 0.6875, 0.75, 0.8125, 0.875, 0.9375, 1.), .UNSPECIFIED.);
#3326 = EDGE_CURVE ('', #3270, #3270, #3325, .T.);
#3327 = ORIENTED_EDGE ('', *, *, #3326, .F.);
#3328 = ORIENTED_EDGE ('', *, *, #3274, .F.);
#3329 = ORIENTED_EDGE ('', *, *, #3259, .F.);
#3330 = EDGE_LOOP ('', (#3275, #3327, #3328, #3329));
#3331 = FACE_OUTER_BOUND ('', #3330, .T.);
#3332 = CARTESIAN_POINT ('', (12.8518701170734, 25.3010805456013, 4.82942497472077));
#3333 = CARTESIAN_POINT ('', (12.8518701170734, 25.3010805456013, 1.22942497472077));
#3334 = CARTESIAN_POINT ('', (12.8518701170734, 23.2010805456013, 4.82942497472077));
#3335 = CARTESIAN_POINT ('', (12.8518701170734, 23.2010805456013, 1.22942497472078));
#3336 = CARTESIAN_POINT ('', (14.9518701170734, 23.2010805456013, 4.82942497472077));
#3337 = CARTESIAN_POINT ('', (14.9518701170734, 23.2010805456013, 1.22942497472078));
#3338 = CARTESIAN_POINT ('', (14.9518701170734, 25.3010805456013, 4.82942497472077));
#3339 = CARTESIAN_POINT ('', (14.9518701170734, 25.3010805456013, 1.22942497472077));
#3340 = CARTESIAN_POINT ('', (14.9518701170734, 27.4010805456013, 4.82942497472077));
#3341 = CARTESIAN_POINT ('', (14.9518701170734, 27.4010805456013, 1.22942497472078));
#3342 = CARTESIAN_POINT ('', (12.8518701170734, 27.4010805456013, 4.82942497472077));
#3343 = CARTESIAN_POINT ('', (12.8518701170734, 27.4010805456013, 1.22942497472078));
#3344 = CARTESIAN_POINT ('', (12.8518701170734, 25.3010805456013, 4.82942497472077));
#3345 = CARTESIAN_POINT ('', (12.8518701170734, 25.3010805456013, 1.22942497472077));
#3346 = (
   BOUNDED_SURFACE ()
   B_SPLINE_SURFACE (3, 1, ((#3332, #3333), (#3334, #3335), (#3336, #3337), (#3338, #3339), (#3340, #3341), (#3342, #3343), (#3344, #3345)), .UNSPECIFIED., .T., .F., .U.)
   B_SPLINE_SURFACE_WITH_KNOTS ((4, 3, 4), (2, 2), (0., 0.5, 1.), (0., 1.), .UNSPECIFIED.)
   GEOMETRIC_REPRESENTATION_ITEM ()
   RATIONAL_B_SPLINE_SURFACE (((1., 1.), (0.333333333333333, 0.333333333333333), (0.333333333333333, 0.333333333333333), (1., 1.), (0.333333333333333, 0.333333333333333), (0.333333333333333, 0.333333333333333), (1., 1.)))
   REPRESENTATION_ITEM ('')
   SURFACE ()
);
#3347 = ADVANCED_FACE ('', (#3331), #3346, .T.);
#3348 = ORIENTED_EDGE ('', *, *, #3326, .T.);
#3349 = EDGE_LOOP ('', (#3348));
#3350 = FACE_OUTER_BOUND ('', #3349, .T.);
#3351 = CARTESIAN_POINT ('', (12.8392701170734, 24.2384805456013, 1.52942497472077));
#3352 = CARTESIAN_POINT ('', (12.8392701170734, 26.3636805456013, 1.52942497472077));
#3353 = CARTESIAN_POINT ('', (14.9644701170734, 24.2384805456013, 1.52942497472077));
#3354 = CARTESIAN_POINT ('', (14.9644701170734, 26.3636805456013, 1.52942497472077));
#3355 = B_SPLINE_SURFACE_WITH_KNOTS ('', 1, 1, ((#3351, #3352), (#3353, #3354)), .UNSPECIFIED., .F., .F., .U., (2, 2), (2, 2), (0., 1.), (0., 1.), .UNSPECIFIED.);
#3356 = ADVANCED_FACE ('', (#3350), #3355, .T.);
#3357 = CARTESIAN_POINT ('', (-5.67114745801804, 30.5629026452807, 1.52942497472077));
#3358 = VERTEX_POINT ('', #3357);
#3359 = CARTESIAN_POINT ('', (-5.67114745801804, 30.5629026452807, 4.52942497472077));
#3360 = CARTESIAN_POINT ('', (-5.67114745801804, 30.5629026452807, 1.52942497472077));
#3361 = B_SPLINE_CURVE_WITH_KNOTS ('', 1, (#3359, #3360), .UNSPECIFIED., .F., .U., (2, 2), (0., 1.), .UNSPECIFIED.);
#3362 = EDGE_CURVE ('', #3152, #3358, #3361, .T.);
#3363 = ORIENTED_EDGE ('', *, *, #3362, .T.);
#3364 = CARTESIAN_POINT ('', (-5.67114745801804, 30.5629026452807, 1.52942497472077));
#3365 = CARTESIAN_POINT ('', (-5.67114745801804, 30.2910557431952, 1.52942497472077));
#3366 = CARTESIAN_POINT ('', (-5.61913180523409, 30.0295553977457, 1.52942497472077));
#3367 = CARTESIAN_POINT ('', (-5.51510049966618, 29.7784016089323, 1.52942497472077));
#3368 = CARTESIAN_POINT ('', (-5.41106919409827, 29.5272478201188, 1.52942497472077));
#3369 = CARTESIAN_POINT ('', (-5.2629411473597, 29.3055585317575, 1.52942497472077));
#3370 = CARTESIAN_POINT ('', (-5.07071635945046, 29.1133337438483, 1.52942497472077));
#3371 = CARTESIAN_POINT ('', (-4.87849157154123, 28.921108955939, 1.52942497472077));
#3372 = CARTESIAN_POINT ('', (-4.6568022831799, 28.7729809092005, 1.52942497472078));
#3373 = CARTESIAN_POINT ('', (-4.40564849436648, 28.6689496036326, 1.52942497472078));
#3374 = CARTESIAN_POINT ('', (-4.15449470555306, 28.5649182980646, 1.52942497472078));
#3375 = CARTESIAN_POINT ('', (-3.89299436010358, 28.5129026452807, 1.52942497472077));
#3376 = CARTESIAN_POINT ('', (-3.62114745801804, 28.5129026452807, 1.52942497472077));
#3377 = CARTESIAN_POINT ('', (-3.34930055593251, 28.5129026452807, 1.52942497472077));
#3378 = CARTESIAN_POINT ('', (-3.08780021048303, 28.5649182980646, 1.52942497472078));
#3379 = CARTESIAN_POINT ('', (-2.83664642166961, 28.6689496036326, 1.52942497472078));
#3380 = CARTESIAN_POINT ('', (-2.58549263285618, 28.7729809092005, 1.52942497472078));
#3381 = CARTESIAN_POINT ('', (-2.36380334449485, 28.921108955939, 1.52942497472077));
#3382 = CARTESIAN_POINT ('', (-2.17157855658562, 29.1133337438483, 1.52942497472077));
#3383 = CARTESIAN_POINT ('', (-1.97935376867638, 29.3055585317575, 1.52942497472077));
#3384 = CARTESIAN_POINT ('', (-1.83122572193781, 29.5272478201188, 1.52942497472077));
#3385 = CARTESIAN_POINT ('', (-1.7271944163699, 29.7784016089322, 1.52942497472077));
#3386 = CARTESIAN_POINT ('', (-1.623163110802, 30.0295553977457, 1.52942497472077));
#3387 = CARTESIAN_POINT ('', (-1.57114745801804, 30.2910557431952, 1.52942497472077));
#3388 = CARTESIAN_POINT ('', (-1.57114745801804, 30.5629026452807, 1.52942497472077));
#3389 = CARTESIAN_POINT ('', (-1.57114745801804, 30.8347495473662, 1.52942497472077));
#3390 = CARTESIAN_POINT ('', (-1.623163110802, 31.0962498928157, 1.52942497472077));
#3391 = CARTESIAN_POINT ('', (-1.7271944163699, 31.3474036816291, 1.52942497472077));
#3392 = CARTESIAN_POINT ('', (-1.83122572193781, 31.5985574704425, 1.52942497472077));
#3393 = CARTESIAN_POINT ('', (-1.97935376867639, 31.8202467588039, 1.52942497472077));
#3394 = CARTESIAN_POINT ('', (-2.17157855658562, 32.0124715467131, 1.52942497472077));
#3395 = CARTESIAN_POINT ('', (-2.36380334449485, 32.2046963346223, 1.52942497472077));
#3396 = CARTESIAN_POINT ('', (-2.58549263285619, 32.3528243813609, 1.52942497472078));
#3397 = CARTESIAN_POINT ('', (-2.83664642166961, 32.4568556869288, 1.52942497472078));
#3398 = CARTESIAN_POINT ('', (-3.08780021048303, 32.5608869924967, 1.52942497472078));
#3399 = CARTESIAN_POINT ('', (-3.34930055593251, 32.6129026452807, 1.52942497472077));
#3400 = CARTESIAN_POINT ('', (-3.62114745801804, 32.6129026452807, 1.52942497472077));
#3401 = CARTESIAN_POINT ('', (-3.89299436010358, 32.6129026452807, 1.52942497472077));
#3402 = CARTESIAN_POINT ('', (-4.15449470555306, 32.5608869924967, 1.52942497472078));
#3403 = CARTESIAN_POINT ('', (-4.40564849436648, 32.4568556869288, 1.52942497472078));
#3404 = CARTESIAN_POINT ('', (-4.6568022831799, 32.3528243813609, 1.52942497472078));
#3405 = CARTESIAN_POINT ('', (-4.87849157154123, 32.2046963346224, 1.52942497472078));
#3406 = CARTESIAN_POINT ('', (-5.07071635945046, 32.0124715467131, 1.52942497472078));
#3407 = CARTESIAN_POINT ('', (-5.2629411473597, 31.8202467588039, 1.52942497472078));
#3408 = CARTESIAN_POINT ('', (-5.41106919409827, 31.5985574704426, 1.52942497472077));
#3409 = CARTESIAN_POINT ('', (-5.51510049966618, 31.3474036816291, 1.52942497472077));
#3410 = CARTESIAN_POINT ('', (-5.61913180523409, 31.0962498928157, 1.52942497472077));
#3411 = CARTESIAN_POINT ('', (-5.67114745801804, 30.8347495473662, 1.52942497472077));
#3412 = CARTESIAN_POINT ('', (-5.67114745801804, 30.5629026452807, 1.52942497472077));
#3413 = B_SPLINE_CURVE_WITH_KNOTS ('', 3, (#3364, #3365, #3366, #3367, #3368, #3369, #3370, #3371, #3372, #3373, #3374, #3375, #3376, #3377, #3378, #3379, #3380, #3381, #3382, #3383, #3384, #3385, #3386, #3387, #3388, #3389, #3390, #3391, #3392, #3393, #3394, #3395, #3396, #3397, #3398, #3399, #3400, #3401, #3402, #3403, #3404, #3405, #3406, #3407, #3408, #3409, #3410, #3411, #3412), .UNSPECIFIED., .T., .U., (4, 3, 3, 3, 3, 3, 3, 3, 3, 3, 3, 3, 3, 3, 3, 3, 4), (0., 0.0625, 0.125, 0.1875, 0.25, 0.3125, 0.375, 0.4375, 0.5, 0.5625, 0.625, 0.6875, 0.75, 0.8125, 0.875, 0.9375, 1.), .UNSPECIFIED.);
#3414 = EDGE_CURVE ('', #3358, #3358, #3413, .T.);
#3415 = ORIENTED_EDGE ('', *, *, #3414, .F.);
#3416 = ORIENTED_EDGE ('', *, *, #3362, .F.);
#3417 = ORIENTED_EDGE ('', *, *, #3203, .F.);
#3418 = EDGE_LOOP ('', (#3363, #3415, #3416, #3417));
#3419 = FACE_OUTER_BOUND ('', #3418, .T.);
#3420 = CARTESIAN_POINT ('', (-5.67114745801804, 30.5629026452807, 4.82942497472077));
#3421 = CARTESIAN_POINT ('', (-5.67114745801804, 30.5629026452807, 1.22942497472077));
#3422 = CARTESIAN_POINT ('', (-5.67114745801804, 26.4629026452807, 4.82942497472077));
#3423 = CARTESIAN_POINT ('', (-5.67114745801804, 26.4629026452807, 1.22942497472078));
#3424 = CARTESIAN_POINT ('', (-1.57114745801804, 26.4629026452807, 4.82942497472077));
#3425 = CARTESIAN_POINT ('', (-1.57114745801804, 26.4629026452807, 1.22942497472078));
#3426 = CARTESIAN_POINT ('', (-1.57114745801804, 30.5629026452807, 4.82942497472077));
#3427 = CARTESIAN_POINT ('', (-1.57114745801804, 30.5629026452807, 1.22942497472077));
#3428 = CARTESIAN_POINT ('', (-1.57114745801804, 34.6629026452807, 4.82942497472077));
#3429 = CARTESIAN_POINT ('', (-1.57114745801804, 34.6629026452807, 1.22942497472078));
#3430 = CARTESIAN_POINT ('', (-5.67114745801804, 34.6629026452807, 4.82942497472077));
#3431 = CARTESIAN_POINT ('', (-5.67114745801804, 34.6629026452807, 1.22942497472078));
#3432 = CARTESIAN_POINT ('', (-5.67114745801804, 30.5629026452807, 4.82942497472077));
#3433 = CARTESIAN_POINT ('', (-5.67114745801804, 30.5629026452807, 1.22942497472077));
#3434 = (
   BOUNDED_SURFACE ()
   B_SPLINE_SURFACE (3, 1, ((#3420, #3421), (#3422, #3423), (#3424, #3425), (#3426, #3427), (#3428, #3429), (#3430, #3431), (#3432, #3433)), .UNSPECIFIED., .T., .F., .U.)
   B_SPLINE_SURFACE_WITH_KNOTS ((4, 3, 4), (2, 2), (0., 0.5, 1.), (0., 1.), .UNSPECIFIED.)
   GEOMETRIC_REPRESENTATION_ITEM ()
   RATIONAL_B_SPLINE_SURFACE (((1., 1.), (0.333333333333333, 0.333333333333333), (0.333333333333333, 0.333333333333333), (1., 1.), (0.333333333333333, 0.333333333333333), (0.333333333333333, 0.333333333333333), (1., 1.)))
   REPRESENTATION_ITEM ('')
   SURFACE ()
);
#3435 = ADVANCED_FACE ('', (#3419), #3434, .T.);
#3436 = ORIENTED_EDGE ('', *, *, #3414, .T.);
#3437 = EDGE_LOOP ('', (#3436));
#3438 = FACE_OUTER_BOUND ('', #3437, .T.);
#3439 = CARTESIAN_POINT ('', (-5.69574745801804, 28.4883026452807, 1.52942497472077));
#3440 = CARTESIAN_POINT ('', (-5.69574745801804, 32.6375026452807, 1.52942497472077));
#3441 = CARTESIAN_POINT ('', (-1.54654745801804, 28.4883026452807, 1.52942497472077));
#3442 = CARTESIAN_POINT ('', (-1.54654745801804, 32.6375026452807, 1.52942497472077));
#3443 = B_SPLINE_SURFACE_WITH_KNOTS ('', 1, 1, ((#3439, #3440), (#3441, #3442)), .UNSPECIFIED., .F., .F., .U., (2, 2), (2, 2), (0., 1.), (0., 1.), .UNSPECIFIED.);
#3444 = ADVANCED_FACE ('', (#3438), #3443, .T.);
#3445 = CARTESIAN_POINT ('', (-5.29500000000062, 45.5000000000246, 1.52942497472077));
#3446 = VERTEX_POINT ('', #3445);
#3447 = CARTESIAN_POINT ('', (-5.29500000000062, 45.5000000000246, 4.52942497472077));
#3448 = CARTESIAN_POINT ('', (-5.29500000000062, 45.5000000000246, 1.52942497472077));
#3449 = B_SPLINE_CURVE_WITH_KNOTS ('', 1, (#3447, #3448), .UNSPECIFIED., .F., .U., (2, 2), (0., 1.), .UNSPECIFIED.);
#3450 = EDGE_CURVE ('', #3096, #3446, #3449, .T.);
#3451 = ORIENTED_EDGE ('', *, *, #3450, .T.);
#3452 = CARTESIAN_POINT ('', (-5.29500000000062, 45.5000000000246, 1.52942497472077));
#3453 = CARTESIAN_POINT ('', (-5.29500000000062, 45.3607613428588, 1.52942497472077));
#3454 = CARTESIAN_POINT ('', (-5.26835783637957, 45.226822141531, 1.52942497472077));
#3455 = CARTESIAN_POINT ('', (-5.21507350913747, 45.0981823960412, 1.52942497472077));
#3456 = CARTESIAN_POINT ('', (-5.16178918189537, 44.9695426505514, 1.52942497472077));
#3457 = CARTESIAN_POINT ('', (-5.08591871893171, 44.8559944784639, 1.52942497472077));
#3458 = CARTESIAN_POINT ('', (-4.98746212024649, 44.7575378797787, 1.52942497472077));
#3459 = CARTESIAN_POINT ('', (-4.88900552156127, 44.6590812810935, 1.52942497472077));
#3460 = CARTESIAN_POINT ('', (-4.77545734947377, 44.5832108181298, 1.52942497472077));
#3461 = CARTESIAN_POINT ('', (-4.64681760398396, 44.5299264908877, 1.52942497472077));
#3462 = CARTESIAN_POINT ('', (-4.51817785849416, 44.4766421636456, 1.52942497472077));
#3463 = CARTESIAN_POINT ('', (-4.38423865716638, 44.4500000000246, 1.52942497472077));
#3464 = CARTESIAN_POINT ('', (-4.24500000000062, 44.4500000000246, 1.52942497472077));
#3465 = CARTESIAN_POINT ('', (-4.10576134283486, 44.4500000000246, 1.52942497472077));
#3466 = CARTESIAN_POINT ('', (-3.97182214150708, 44.4766421636456, 1.52942497472078));
#3467 = CARTESIAN_POINT ('', (-3.84318239601728, 44.5299264908877, 1.52942497472078));
#3468 = CARTESIAN_POINT ('', (-3.71454265052748, 44.5832108181298, 1.52942497472078));
#3469 = CARTESIAN_POINT ('', (-3.60099447843997, 44.6590812810935, 1.52942497472077));
#3470 = CARTESIAN_POINT ('', (-3.50253787975475, 44.7575378797787, 1.52942497472077));
#3471 = CARTESIAN_POINT ('', (-3.40408128106953, 44.8559944784639, 1.52942497472077));
#3472 = CARTESIAN_POINT ('', (-3.32821081810587, 44.9695426505514, 1.52942497472077));
#3473 = CARTESIAN_POINT ('', (-3.27492649086377, 45.0981823960412, 1.52942497472077));
#3474 = CARTESIAN_POINT ('', (-3.22164216362167, 45.226822141531, 1.52942497472077));
#3475 = CARTESIAN_POINT ('', (-3.19500000000062, 45.3607613428588, 1.52942497472077));
#3476 = CARTESIAN_POINT ('', (-3.19500000000062, 45.5000000000246, 1.52942497472077));
#3477 = CARTESIAN_POINT ('', (-3.19500000000062, 45.6392386571903, 1.52942497472077));
#3478 = CARTESIAN_POINT ('', (-3.22164216362167, 45.7731778585181, 1.52942497472077));
#3479 = CARTESIAN_POINT ('', (-3.27492649086377, 45.9018176040079, 1.52942497472077));
#3480 = CARTESIAN_POINT ('', (-3.32821081810587, 46.0304573494977, 1.52942497472077));
#3481 = CARTESIAN_POINT ('', (-3.40408128106953, 46.1440055215852, 1.52942497472077));
#3482 = CARTESIAN_POINT ('', (-3.50253787975475, 46.2424621202704, 1.52942497472077));
#3483 = CARTESIAN_POINT ('', (-3.60099447843997, 46.3409187189557, 1.52942497472077));
#3484 = CARTESIAN_POINT ('', (-3.71454265052747, 46.4167891819193, 1.52942497472077));
#3485 = CARTESIAN_POINT ('', (-3.84318239601728, 46.4700735091614, 1.52942497472077));
#3486 = CARTESIAN_POINT ('', (-3.97182214150708, 46.5233578364035, 1.52942497472077));
#3487 = CARTESIAN_POINT ('', (-4.10576134283486, 46.5500000000246, 1.52942497472077));
#3488 = CARTESIAN_POINT ('', (-4.24500000000062, 46.5500000000246, 1.52942497472077));
#3489 = CARTESIAN_POINT ('', (-4.38423865716638, 46.5500000000246, 1.52942497472077));
#3490 = CARTESIAN_POINT ('', (-4.51817785849417, 46.5233578364035, 1.52942497472077));
#3491 = CARTESIAN_POINT ('', (-4.64681760398396, 46.4700735091614, 1.52942497472077));
#3492 = CARTESIAN_POINT ('', (-4.77545734947376, 46.4167891819193, 1.52942497472077));
#3493 = CARTESIAN_POINT ('', (-4.88900552156127, 46.3409187189557, 1.52942497472077));
#3494 = CARTESIAN_POINT ('', (-4.98746212024649, 46.2424621202705, 1.52942497472077));
#3495 = CARTESIAN_POINT ('', (-5.08591871893171, 46.1440055215852, 1.52942497472077));
#3496 = CARTESIAN_POINT ('', (-5.16178918189537, 46.0304573494977, 1.52942497472077));
#3497 = CARTESIAN_POINT ('', (-5.21507350913747, 45.9018176040079, 1.52942497472077));
#3498 = CARTESIAN_POINT ('', (-5.26835783637957, 45.7731778585181, 1.52942497472077));
#3499 = CARTESIAN_POINT ('', (-5.29500000000062, 45.6392386571903, 1.52942497472077));
#3500 = CARTESIAN_POINT ('', (-5.29500000000062, 45.5000000000246, 1.52942497472077));
#3501 = B_SPLINE_CURVE_WITH_KNOTS ('', 3, (#3452, #3453, #3454, #3455, #3456, #3457, #3458, #3459, #3460, #3461, #3462, #3463, #3464, #3465, #3466, #3467, #3468, #3469, #3470, #3471, #3472, #3473, #3474, #3475, #3476, #3477, #3478, #3479, #3480, #3481, #3482, #3483, #3484, #3485, #3486, #3487, #3488, #3489, #3490, #3491, #3492, #3493, #3494, #3495, #3496, #3497, #3498, #3499, #3500), .UNSPECIFIED., .T., .U., (4, 3, 3, 3, 3, 3, 3, 3, 3, 3, 3, 3, 3, 3, 3, 3, 4), (0., 0.0625, 0.125, 0.1875, 0.25, 0.3125, 0.375, 0.4375, 0.5, 0.5625, 0.625, 0.6875, 0.75, 0.8125, 0.875, 0.9375, 1.), .UNSPECIFIED.);
#3502 = EDGE_CURVE ('', #3446, #3446, #3501, .T.);
#3503 = ORIENTED_EDGE ('', *, *, #3502, .F.);
#3504 = ORIENTED_EDGE ('', *, *, #3450, .F.);
#3505 = ORIENTED_EDGE ('', *, *, #3147, .F.);
#3506 = EDGE_LOOP ('', (#3451, #3503, #3504, #3505));
#3507 = FACE_OUTER_BOUND ('', #3506, .T.);
#3508 = CARTESIAN_POINT ('', (-5.29500000000062, 45.5000000000246, 4.82942497472077));
#3509 = CARTESIAN_POINT ('', (-5.29500000000062, 45.5000000000246, 1.22942497472077));
#3510 = CARTESIAN_POINT ('', (-5.29500000000062, 43.4000000000246, 4.82942497472077));
#3511 = CARTESIAN_POINT ('', (-5.29500000000062, 43.4000000000246, 1.22942497472078));
#3512 = CARTESIAN_POINT ('', (-3.19500000000062, 43.4000000000246, 4.82942497472077));
#3513 = CARTESIAN_POINT ('', (-3.19500000000062, 43.4000000000246, 1.22942497472078));
#3514 = CARTESIAN_POINT ('', (-3.19500000000062, 45.5000000000246, 4.82942497472077));
#3515 = CARTESIAN_POINT ('', (-3.19500000000062, 45.5000000000246, 1.22942497472077));
#3516 = CARTESIAN_POINT ('', (-3.19500000000062, 47.6000000000246, 4.82942497472077));
#3517 = CARTESIAN_POINT ('', (-3.19500000000062, 47.6000000000246, 1.22942497472078));
#3518 = CARTESIAN_POINT ('', (-5.29500000000062, 47.6000000000246, 4.82942497472077));
#3519 = CARTESIAN_POINT ('', (-5.29500000000062, 47.6000000000246, 1.22942497472078));
#3520 = CARTESIAN_POINT ('', (-5.29500000000062, 45.5000000000246, 4.82942497472077));
#3521 = CARTESIAN_POINT ('', (-5.29500000000062, 45.5000000000246, 1.22942497472077));
#3522 = (
   BOUNDED_SURFACE ()
   B_SPLINE_SURFACE (3, 1, ((#3508, #3509), (#3510, #3511), (#3512, #3513), (#3514, #3515), (#3516, #3517), (#3518, #3519), (#3520, #3521)), .UNSPECIFIED., .T., .F., .U.)
   B_SPLINE_SURFACE_WITH_KNOTS ((4, 3, 4), (2, 2), (0., 0.5, 1.), (0., 1.), .UNSPECIFIED.)
   GEOMETRIC_REPRESENTATION_ITEM ()
   RATIONAL_B_SPLINE_SURFACE (((1., 1.), (0.333333333333333, 0.333333333333333), (0.333333333333333, 0.333333333333333), (1., 1.), (0.333333333333333, 0.333333333333333), (0.333333333333333, 0.333333333333333), (1., 1.)))
   REPRESENTATION_ITEM ('')
   SURFACE ()
);
#3523 = ADVANCED_FACE ('', (#3507), #3522, .T.);
#3524 = ORIENTED_EDGE ('', *, *, #3502, .T.);
#3525 = EDGE_LOOP ('', (#3524));
#3526 = FACE_OUTER_BOUND ('', #3525, .T.);
#3527 = CARTESIAN_POINT ('', (-5.30760000000062, 44.4374000000246, 1.52942497472077));
#3528 = CARTESIAN_POINT ('', (-5.30760000000062, 46.5626000000246, 1.52942497472077));
#3529 = CARTESIAN_POINT ('', (-3.18240000000062, 44.4374000000246, 1.52942497472077));
#3530 = CARTESIAN_POINT ('', (-3.18240000000062, 46.5626000000246, 1.52942497472077));
#3531 = B_SPLINE_SURFACE_WITH_KNOTS ('', 1, 1, ((#3527, #3528), (#3529, #3530)), .UNSPECIFIED., .F., .F., .U., (2, 2), (2, 2), (0., 1.), (0., 1.), .UNSPECIFIED.);
#3532 = ADVANCED_FACE ('', (#3526), #3531, .T.);
#3533 = ORIENTED_EDGE ('', *, *, #2954, .T.);
#3534 = ORIENTED_EDGE ('', *, *, #2994, .F.);
#3535 = ORIENTED_EDGE ('', *, *, #3029, .T.);
#3536 = CARTESIAN_POINT ('', (-2.99500000000045, 48.5000000000246, 4.52942497472077));
#3537 = CARTESIAN_POINT ('', (-2.99500000000045, 48.5000000000246, 3.22942497472077));
#3538 = B_SPLINE_CURVE_WITH_KNOTS ('', 1, (#3536, #3537), .UNSPECIFIED., .F., .U., (2, 2), (0., 1.), .UNSPECIFIED.);
#3539 = EDGE_CURVE ('', #3009, #2950, #3538, .T.);
#3540 = ORIENTED_EDGE ('', *, *, #3539, .T.);
#3541 = EDGE_LOOP ('', (#3533, #3534, #3535, #3540));
#3542 = FACE_OUTER_BOUND ('', #3541, .T.);
#3543 = CARTESIAN_POINT ('', (-5.49500000000076, 48.5000000000246, 3.22675714052078));
#3544 = CARTESIAN_POINT ('', (-2.99500000000045, 48.5000000000246, 3.22675714052078));
#3545 = CARTESIAN_POINT ('', (-5.49500000000076, 48.5000000000246, 4.52942497472077));
#3546 = CARTESIAN_POINT ('', (-2.99500000000045, 48.5000000000246, 4.52942497472077));
#3547 = B_SPLINE_SURFACE_WITH_KNOTS ('', 1, 1, ((#3543, #3544), (#3545, #3546)), .UNSPECIFIED., .F., .F., .U., (2, 2), (2, 2), (0., 1.), (0., 1.), .UNSPECIFIED.);
#3548 = ADVANCED_FACE ('', (#3542), #3547, .T.);
#3549 = ORIENTED_EDGE ('', *, *, #2961, .T.);
#3550 = ORIENTED_EDGE ('', *, *, #3539, .F.);
#3551 = ORIENTED_EDGE ('', *, *, #3024, .F.);
#3552 = ORIENTED_EDGE ('', *, *, #2836, .T.);
#3553 = EDGE_LOOP ('', (#3549, #3550, #3551, #3552));
#3554 = FACE_OUTER_BOUND ('', #3553, .T.);
#3555 = CARTESIAN_POINT ('', (-2.99500000000045, 48.5000000000246, 4.65942497472077));
#3556 = CARTESIAN_POINT ('', (-2.99500000000045, 48.5000000000246, 3.09942497472077));
#3557 = CARTESIAN_POINT ('', (-2.40921356237357, 48.5000000000246, 4.65942497472077));
#3558 = CARTESIAN_POINT ('', (-2.40921356237357, 48.5000000000246, 3.09942497472077));
#3559 = CARTESIAN_POINT ('', (-1.99500000000048, 48.0857864376515, 4.65942497472077));
#3560 = CARTESIAN_POINT ('', (-1.99500000000048, 48.0857864376515, 3.09942497472077));
#3561 = CARTESIAN_POINT ('', (-1.99500000000044, 47.5000000000246, 4.65942497472077));
#3562 = CARTESIAN_POINT ('', (-1.99500000000044, 47.5000000000246, 3.09942497472077));
#3563 = (
   BOUNDED_SURFACE ()
   B_SPLINE_SURFACE (3, 1, ((#3555, #3556), (#3557, #3558), (#3559, #3560), (#3561, #3562)), .UNSPECIFIED., .F., .F., .U.)
   B_SPLINE_SURFACE_WITH_KNOTS ((4, 4), (2, 2), (0., 1.), (0., 1.), .UNSPECIFIED.)
   GEOMETRIC_REPRESENTATION_ITEM ()
   RATIONAL_B_SPLINE_SURFACE (((1., 1.), (0.804737854124381, 0.804737854124381), (0.804737854124381, 0.804737854124381), (1., 1.)))
   REPRESENTATION_ITEM ('')
   SURFACE ()
);
#3564 = ADVANCED_FACE ('', (#3554), #3563, .T.);
#3565 = ORIENTED_EDGE ('', *, *, #1454, .T.);
#3566 = CARTESIAN_POINT ('', (15.2630384844884, 22.6160176719888, 3.22942497472077));
#3567 = CARTESIAN_POINT ('', (15.2630384844884, 22.6160176719888, 4.52942497472077));
#3568 = B_SPLINE_CURVE_WITH_KNOTS ('', 1, (#3566, #3567), .UNSPECIFIED., .F., .U., (2, 2), (0., 1.), .UNSPECIFIED.);
#3569 = EDGE_CURVE ('', #1445, #3035, #3568, .T.);
#3570 = ORIENTED_EDGE ('', *, *, #3569, .T.);
#3571 = ORIENTED_EDGE ('', *, *, #3039, .T.);
#3572 = ORIENTED_EDGE ('', *, *, #1383, .F.);
#3573 = EDGE_LOOP ('', (#3565, #3570, #3571, #3572));
#3574 = FACE_OUTER_BOUND ('', #3573, .T.);
#3575 = CARTESIAN_POINT ('', (-4.25888219218955, 27.756259822452, 3.22942497472077));
#3576 = CARTESIAN_POINT ('', (-4.25888219218955, 27.756259822452, 4.52942497472077));
#3577 = CARTESIAN_POINT ('', (15.2630384844884, 22.6160176719888, 3.22942497472077));
#3578 = CARTESIAN_POINT ('', (15.2630384844884, 22.6160176719888, 4.52942497472077));
#3579 = B_SPLINE_SURFACE_WITH_KNOTS ('', 1, 1, ((#3575, #3576), (#3577, #3578)), .UNSPECIFIED., .F., .F., .U., (2, 2), (2, 2), (0., 1.), (0., 1.), .UNSPECIFIED.);
#3580 = ADVANCED_FACE ('', (#3574), #3579, .T.);
#3581 = CARTESIAN_POINT ('', (16.4847038563413, 23.328424712919, 3.22675714052077));
#3582 = VERTEX_POINT ('', #3581);
#3583 = CARTESIAN_POINT ('', (15.2630384844884, 22.6160176719888, 3.22942497472077));
#3584 = CARTESIAN_POINT ('', (15.8295147255191, 22.466860982972, 3.22942497472077));
#3585 = CARTESIAN_POINT ('', (16.3355443555511, 22.7619492122531, 3.22942497472077));
#3586 = CARTESIAN_POINT ('', (16.4847038563413, 23.328424712919, 3.22942497472077));
#3587 = (
   BOUNDED_CURVE ()
   B_SPLINE_CURVE (3, (#3583, #3584, #3585, #3586), .UNSPECIFIED., .F., .U.)
   B_SPLINE_CURVE_WITH_KNOTS ((4, 4), (0., 1.), .UNSPECIFIED.)
   CURVE ()
   GEOMETRIC_REPRESENTATION_ITEM ()
   RATIONAL_B_SPLINE_CURVE ((1., 0.804739024060375, 0.804739024060375, 1.))
   REPRESENTATION_ITEM ('')
);
#3588 = EDGE_CURVE ('', #1445, #3582, #3587, .T.);
#3589 = ORIENTED_EDGE ('', *, *, #3588, .T.);
#3590 = CARTESIAN_POINT ('', (16.4847038563413, 23.328424712919, 4.52942497472077));
#3591 = CARTESIAN_POINT ('', (16.4847038563413, 23.328424712919, 3.22942497472077));
#3592 = B_SPLINE_CURVE_WITH_KNOTS ('', 1, (#3590, #3591), .UNSPECIFIED., .F., .U., (2, 2), (0., 1.), .UNSPECIFIED.);
#3593 = EDGE_CURVE ('', #3042, #3582, #3592, .T.);
#3594 = ORIENTED_EDGE ('', *, *, #3593, .F.);
#3595 = ORIENTED_EDGE ('', *, *, #3057, .F.);
#3596 = ORIENTED_EDGE ('', *, *, #3569, .F.);
#3597 = EDGE_LOOP ('', (#3589, #3594, #3595, #3596));
#3598 = FACE_OUTER_BOUND ('', #3597, .T.);
#3599 = CARTESIAN_POINT ('', (16.4847038563413, 23.328424712919, 4.65942497472077));
#3600 = CARTESIAN_POINT ('', (16.4847038563413, 23.328424712919, 3.09942497472077));
#3601 = CARTESIAN_POINT ('', (16.3355443555511, 22.7619492122531, 4.65942497472077));
#3602 = CARTESIAN_POINT ('', (16.3355443555511, 22.7619492122531, 3.09942497472077));
#3603 = CARTESIAN_POINT ('', (15.8295147255191, 22.466860982972, 4.65942497472077));
#3604 = CARTESIAN_POINT ('', (15.8295147255191, 22.466860982972, 3.09942497472077));
#3605 = CARTESIAN_POINT ('', (15.2630384844884, 22.6160176719888, 4.65942497472077));
#3606 = CARTESIAN_POINT ('', (15.2630384844884, 22.6160176719888, 3.09942497472077));
#3607 = (
   BOUNDED_SURFACE ()
   B_SPLINE_SURFACE (3, 1, ((#3599, #3600), (#3601, #3602), (#3603, #3604), (#3605, #3606)), .UNSPECIFIED., .F., .F., .U.)
   B_SPLINE_SURFACE_WITH_KNOTS ((4, 4), (2, 2), (0., 1.), (0., 1.), .UNSPECIFIED.)
   GEOMETRIC_REPRESENTATION_ITEM ()
   RATIONAL_B_SPLINE_SURFACE (((1., 1.), (0.804739024060375, 0.804739024060375), (0.804739024060375, 0.804739024060375), (1., 1.)))
   REPRESENTATION_ITEM ('')
   SURFACE ()
);
#3608 = ADVANCED_FACE ('', (#3598), #3607, .T.);
#3609 = CARTESIAN_POINT ('', (17.1212672392041, 25.7459546664419, 3.22675714052078));
#3610 = VERTEX_POINT ('', #3609);
#3611 = CARTESIAN_POINT ('', (17.1212672392041, 25.7459546664419, 3.22675714052078));
#3612 = CARTESIAN_POINT ('', (16.9090794449165, 24.9401113486009, 3.22675714052078));
#3613 = CARTESIAN_POINT ('', (16.6968916506289, 24.13426803076, 3.22675714052077));
#3614 = CARTESIAN_POINT ('', (16.4847038563413, 23.328424712919, 3.22675714052077));
#3615 = B_SPLINE_CURVE_WITH_KNOTS ('', 3, (#3611, #3612, #3613, #3614), .UNSPECIFIED., .F., .U., (4, 4), (0., 1.), .UNSPECIFIED.);
#3616 = EDGE_CURVE ('', #3610, #3582, #3615, .T.);
#3617 = ORIENTED_EDGE ('', *, *, #3616, .F.);
#3618 = CARTESIAN_POINT ('', (17.1212672392041, 25.7459546664419, 3.22942497472077));
#3619 = CARTESIAN_POINT ('', (17.1212672392041, 25.7459546664419, 4.52942497472077));
#3620 = B_SPLINE_CURVE_WITH_KNOTS ('', 1, (#3618, #3619), .UNSPECIFIED., .F., .U., (2, 2), (0., 1.), .UNSPECIFIED.);
#3621 = EDGE_CURVE ('', #3610, #3060, #3620, .T.);
#3622 = ORIENTED_EDGE ('', *, *, #3621, .T.);
#3623 = ORIENTED_EDGE ('', *, *, #3064, .T.);
#3624 = ORIENTED_EDGE ('', *, *, #3593, .T.);
#3625 = EDGE_LOOP ('', (#3617, #3622, #3623, #3624));
#3626 = FACE_OUTER_BOUND ('', #3625, .T.);
#3627 = CARTESIAN_POINT ('', (16.4847038563413, 23.328424712919, 3.22675714052077));
#3628 = CARTESIAN_POINT ('', (16.4847038563413, 23.328424712919, 4.52942497472077));
#3629 = CARTESIAN_POINT ('', (17.1212672392041, 25.7459546664419, 3.22675714052077));
#3630 = CARTESIAN_POINT ('', (17.1212672392041, 25.7459546664419, 4.52942497472077));
#3631 = B_SPLINE_SURFACE_WITH_KNOTS ('', 1, 1, ((#3627, #3628), (#3629, #3630)), .UNSPECIFIED., .F., .F., .U., (2, 2), (2, 2), (0., 1.), (0., 1.), .UNSPECIFIED.);
#3632 = ADVANCED_FACE ('', (#3626), #3631, .T.);
#3633 = CARTESIAN_POINT ('', (16.4088595503093, 26.9676253417214, 3.22942497472077));
#3634 = VERTEX_POINT ('', #3633);
#3635 = CARTESIAN_POINT ('', (17.1212672392041, 25.7459546664419, 3.22942497472077));
#3636 = CARTESIAN_POINT ('', (17.2704275608497, 26.3124332845388, 3.22942497472077));
#3637 = CARTESIAN_POINT ('', (16.9753384632977, 26.8184661400141, 3.22942497472077));
#3638 = CARTESIAN_POINT ('', (16.4088595503093, 26.9676253417214, 3.22942497472077));
#3639 = (
   BOUNDED_CURVE ()
   B_SPLINE_CURVE (3, (#3635, #3636, #3637, #3638), .UNSPECIFIED., .F., .U.)
   B_SPLINE_CURVE_WITH_KNOTS ((4, 4), (0., 1.), .UNSPECIFIED.)
   CURVE ()
   GEOMETRIC_REPRESENTATION_ITEM ()
   RATIONAL_B_SPLINE_CURVE ((1., 0.804737388136714, 0.804737388136714, 1.))
   REPRESENTATION_ITEM ('')
);
#3640 = EDGE_CURVE ('', #3610, #3634, #3639, .T.);
#3641 = ORIENTED_EDGE ('', *, *, #3640, .T.);
#3642 = CARTESIAN_POINT ('', (16.4088595503093, 26.9676253417214, 3.22942497472077));
#3643 = CARTESIAN_POINT ('', (16.4088595503093, 26.9676253417214, 4.52942497472077));
#3644 = B_SPLINE_CURVE_WITH_KNOTS ('', 1, (#3642, #3643), .UNSPECIFIED., .F., .U., (2, 2), (0., 1.), .UNSPECIFIED.);
#3645 = EDGE_CURVE ('', #3634, #3067, #3644, .T.);
#3646 = ORIENTED_EDGE ('', *, *, #3645, .T.);
#3647 = ORIENTED_EDGE ('', *, *, #3082, .F.);
#3648 = ORIENTED_EDGE ('', *, *, #3621, .F.);
#3649 = EDGE_LOOP ('', (#3641, #3646, #3647, #3648));
#3650 = FACE_OUTER_BOUND ('', #3649, .T.);
#3651 = CARTESIAN_POINT ('', (16.4088595503093, 26.9676253417214, 4.65942497472077));
#3652 = CARTESIAN_POINT ('', (16.4088595503093, 26.9676253417214, 3.09942497472077));
#3653 = CARTESIAN_POINT ('', (16.9753384632977, 26.8184661400141, 4.65942497472077));
#3654 = CARTESIAN_POINT ('', (16.9753384632977, 26.8184661400141, 3.09942497472077));
#3655 = CARTESIAN_POINT ('', (17.2704275608497, 26.3124332845388, 4.65942497472077));
#3656 = CARTESIAN_POINT ('', (17.2704275608497, 26.3124332845388, 3.09942497472077));
#3657 = CARTESIAN_POINT ('', (17.1212672392041, 25.7459546664419, 4.65942497472077));
#3658 = CARTESIAN_POINT ('', (17.1212672392041, 25.7459546664419, 3.09942497472077));
#3659 = (
   BOUNDED_SURFACE ()
   B_SPLINE_SURFACE (3, 1, ((#3651, #3652), (#3653, #3654), (#3655, #3656), (#3657, #3658)), .UNSPECIFIED., .F., .F., .U.)
   B_SPLINE_SURFACE_WITH_KNOTS ((4, 4), (2, 2), (0., 1.), (0., 1.), .UNSPECIFIED.)
   GEOMETRIC_REPRESENTATION_ITEM ()
   RATIONAL_B_SPLINE_SURFACE (((1., 1.), (0.804737388136714, 0.804737388136714), (0.804737388136714, 0.804737388136714), (1., 1.)))
   REPRESENTATION_ITEM ('')
   SURFACE ()
);
#3660 = ADVANCED_FACE ('', (#3650), #3659, .T.);
#3661 = CARTESIAN_POINT ('', (126.184503417708, -1.93732951315071, -2.19019925136189));
#3662 = VERTEX_POINT ('', #3661);
#3663 = CARTESIAN_POINT ('', (126.184503417708, -1.93732951315071, 4.52942497472077));
#3664 = CARTESIAN_POINT ('', (126.184503417708, -1.93732951315071, -2.19019925136189));
#3665 = B_SPLINE_CURVE_WITH_KNOTS ('', 1, (#3663, #3664), .UNSPECIFIED., .F., .U., (2, 2), (0., 1.), .UNSPECIFIED.);
#3666 = EDGE_CURVE ('', #1651, #3662, #3665, .T.);
#3667 = ORIENTED_EDGE ('', *, *, #3666, .T.);
#3668 = CARTESIAN_POINT ('', (126.184503417708, -1.93732951315071, -2.19019925136189));
#3669 = CARTESIAN_POINT ('', (0.241109143315157, 31.2247454018279, -2.19019925136189));
#3670 = B_SPLINE_CURVE_WITH_KNOTS ('', 1, (#3668, #3669), .UNSPECIFIED., .F., .U., (2, 2), (0., 1.), .UNSPECIFIED.);
#3671 = EDGE_CURVE ('', #3662, #2740, #3670, .T.);
#3672 = ORIENTED_EDGE ('', *, *, #3671, .T.);
#3673 = ORIENTED_EDGE ('', *, *, #2771, .T.);
#3674 = ORIENTED_EDGE ('', *, *, #3089, .F.);
#3675 = ORIENTED_EDGE ('', *, *, #3645, .F.);
#3676 = CARTESIAN_POINT ('', (87.0027442034688, 8.37959454506831, 3.22675714052078));
#3677 = VERTEX_POINT ('', #3676);
#3678 = CARTESIAN_POINT ('', (16.4088595503093, 26.9676253417214, 3.22675714052078));
#3679 = CARTESIAN_POINT ('', (87.0027442034688, 8.37959454506831, 3.22675714052078));
#3680 = B_SPLINE_CURVE_WITH_KNOTS ('', 1, (#3678, #3679), .UNSPECIFIED., .F., .U., (2, 2), (0., 1.), .UNSPECIFIED.);
#3681 = EDGE_CURVE ('', #3634, #3677, #3680, .T.);
#3682 = ORIENTED_EDGE ('', *, *, #3681, .T.);
#3683 = CARTESIAN_POINT ('', (87.0027442677881, 8.37959452813243, 3.22942497472077));
#3684 = CARTESIAN_POINT ('', (87.0027442677881, 8.37959452813243, 4.52942497472077));
#3685 = B_SPLINE_CURVE_WITH_KNOTS ('', 1, (#3683, #3684), .UNSPECIFIED., .F., .U., (2, 2), (0., 1.), .UNSPECIFIED.);
#3686 = EDGE_CURVE ('', #3677, #1660, #3685, .T.);
#3687 = ORIENTED_EDGE ('', *, *, #3686, .T.);
#3688 = ORIENTED_EDGE ('', *, *, #1666, .F.);
#3689 = EDGE_LOOP ('', (#3667, #3672, #3673, #3674, #3675, #3682, #3687, #3688));
#3690 = FACE_OUTER_BOUND ('', #3689, .T.);
#3691 = CARTESIAN_POINT ('', (126.184503417708, -1.93732951315071, -2.19019925136189));
#3692 = CARTESIAN_POINT ('', (126.184503417708, -1.93732951315071, 4.52942497472077));
#3693 = CARTESIAN_POINT ('', (0.241109143315175, 31.2247454018279, -2.19019925136189));
#3694 = CARTESIAN_POINT ('', (0.241109143315175, 31.2247454018279, 4.52942497472077));
#3695 = B_SPLINE_SURFACE_WITH_KNOTS ('', 1, 1, ((#3691, #3692), (#3693, #3694)), .UNSPECIFIED., .F., .F., .U., (2, 2), (2, 2), (0., 1.), (0., 1.), .UNSPECIFIED.);
#3696 = ADVANCED_FACE ('', (#3690), #3695, .T.);
#3697 = CARTESIAN_POINT ('', (126.184503417708, -1.9373295131507, -2.1901992513619));
#3698 = CARTESIAN_POINT ('', (126.490059760382, -0.776883339710607, -3.3901992513619));
#3699 = B_SPLINE_CURVE_WITH_KNOTS ('', 1, (#3697, #3698), .UNSPECIFIED., .F., .U., (2, 2), (0., 1.), .UNSPECIFIED.);
#3700 = EDGE_CURVE ('', #3662, #2682, #3699, .T.);
#3701 = ORIENTED_EDGE ('', *, *, #3700, .T.);
#3702 = ORIENTED_EDGE ('', *, *, #2686, .T.);
#3703 = ORIENTED_EDGE ('', *, *, #2751, .T.);
#3704 = ORIENTED_EDGE ('', *, *, #3671, .F.);
#3705 = EDGE_LOOP ('', (#3701, #3702, #3703, #3704));
#3706 = FACE_OUTER_BOUND ('', #3705, .T.);
#3707 = CARTESIAN_POINT ('', (126.490059760382, -0.776883339710607, -3.3901992513619));
#3708 = CARTESIAN_POINT ('', (126.184503417708, -1.9373295131507, -2.1901992513619));
#3709 = CARTESIAN_POINT ('', (0.546665485989161, 32.385191575268, -3.3901992513619));
#3710 = CARTESIAN_POINT ('', (0.241109143315259, 31.2247454018279, -2.1901992513619));
#3711 = B_SPLINE_SURFACE_WITH_KNOTS ('', 1, 1, ((#3707, #3708), (#3709, #3710)), .UNSPECIFIED., .F., .F., .U., (2, 2), (2, 2), (0., 1.), (0., 1.), .UNSPECIFIED.);
#3712 = ADVANCED_FACE ('', (#3706), #3711, .T.);
#3713 = CARTESIAN_POINT ('', (126.948394274392, -2.03621407955042, -2.19019925136189));
#3714 = VERTEX_POINT ('', #3713);
#3715 = CARTESIAN_POINT ('', (126.948394274392, -0.83621407955043, -3.3901992513619));
#3716 = CARTESIAN_POINT ('', (126.948394274392, -2.03621407955043, -2.1901992513619));
#3717 = B_SPLINE_CURVE_WITH_KNOTS ('', 1, (#3715, #3716), .UNSPECIFIED., .F., .U., (2, 2), (0., 1.), .UNSPECIFIED.);
#3718 = EDGE_CURVE ('', #2689, #3714, #3717, .T.);
#3719 = ORIENTED_EDGE ('', *, *, #3718, .F.);
#3720 = ORIENTED_EDGE ('', *, *, #2695, .F.);
#3721 = ORIENTED_EDGE ('', *, *, #3700, .F.);
#3722 = CARTESIAN_POINT ('', (126.948394274392, -2.03621407955042, -2.19019925136189));
#3723 = CARTESIAN_POINT ('', (126.690215219851, -2.03621407955042, -2.19019925136189));
#3724 = CARTESIAN_POINT ('', (126.434172497628, -2.00306971953458, -2.19019925136189));
#3725 = CARTESIAN_POINT ('', (126.184503417708, -1.93732951315069, -2.19019925136189));
#3726 = (
   BOUNDED_CURVE ()
   B_SPLINE_CURVE (3, (#3722, #3723, #3724, #3725), .UNSPECIFIED., .F., .U.)
   B_SPLINE_CURVE_WITH_KNOTS ((4, 4), (0., 1.), .UNSPECIFIED.)
   CURVE ()
   GEOMETRIC_REPRESENTATION_ITEM ()
   RATIONAL_B_SPLINE_CURVE ((1., 0.994483589892434, 0.994483589892434, 1.))
   REPRESENTATION_ITEM ('')
);
#3727 = EDGE_CURVE ('', #3714, #3662, #3726, .T.);
#3728 = ORIENTED_EDGE ('', *, *, #3727, .F.);
#3729 = EDGE_LOOP ('', (#3719, #3720, #3721, #3728));
#3730 = FACE_OUTER_BOUND ('', #3729, .T.);
#3731 = CARTESIAN_POINT ('', (126.490059760382, -0.776883339710607, -3.39019925136189));
#3732 = CARTESIAN_POINT ('', (126.639861208334, -0.816327463540926, -3.39019925136189));
#3733 = CARTESIAN_POINT ('', (126.793486841667, -0.83621407955042, -3.39019925136189));
#3734 = CARTESIAN_POINT ('', (126.948394274392, -0.83621407955042, -3.39019925136189));
#3735 = CARTESIAN_POINT ('', (126.15394778344, -2.05337413049471, -2.07019925136189));
#3736 = CARTESIAN_POINT ('', (126.413603626558, -2.12174394513395, -2.07019925136189));
#3737 = CARTESIAN_POINT ('', (126.679888057669, -2.15621407955043, -2.07019925136189));
#3738 = CARTESIAN_POINT ('', (126.948394274392, -2.15621407955043, -2.07019925136189));
#3739 = (
   BOUNDED_SURFACE ()
   B_SPLINE_SURFACE (1, 3, ((#3731, #3732, #3733, #3734), (#3735, #3736, #3737, #3738)), .UNSPECIFIED., .F., .F., .U.)
   B_SPLINE_SURFACE_WITH_KNOTS ((2, 2), (4, 4), (0., 1.), (0., 1.), .UNSPECIFIED.)
   GEOMETRIC_REPRESENTATION_ITEM ()
   RATIONAL_B_SPLINE_SURFACE (((1., 0.994483589892434, 0.994483589892434, 1.), (1., 0.994483589892434, 0.994483589892434, 1.)))
   REPRESENTATION_ITEM ('')
   SURFACE ()
);
#3740 = ADVANCED_FACE ('', (#3730), #3739, .T.);
#3741 = CARTESIAN_POINT ('', (126.948394274392, -2.03621407955042, 4.52942497472077));
#3742 = CARTESIAN_POINT ('', (126.948394274392, -2.03621407955042, -2.19019925136189));
#3743 = B_SPLINE_CURVE_WITH_KNOTS ('', 1, (#3741, #3742), .UNSPECIFIED., .F., .U., (2, 2), (0., 1.), .UNSPECIFIED.);
#3744 = EDGE_CURVE ('', #1644, #3714, #3743, .T.);
#3745 = ORIENTED_EDGE ('', *, *, #3744, .T.);
#3746 = ORIENTED_EDGE ('', *, *, #3727, .T.);
#3747 = ORIENTED_EDGE ('', *, *, #3666, .F.);
#3748 = ORIENTED_EDGE ('', *, *, #1657, .F.);
#3749 = EDGE_LOOP ('', (#3745, #3746, #3747, #3748));
#3750 = FACE_OUTER_BOUND ('', #3749, .T.);
#3751 = CARTESIAN_POINT ('', (126.184503417708, -1.93732951315069, 5.20138739732904));
#3752 = CARTESIAN_POINT ('', (126.184503417708, -1.93732951315069, -2.86216167397015));
#3753 = CARTESIAN_POINT ('', (126.434172497628, -2.00306971953458, 5.20138739732904));
#3754 = CARTESIAN_POINT ('', (126.434172497628, -2.00306971953458, -2.86216167397015));
#3755 = CARTESIAN_POINT ('', (126.690215219851, -2.03621407955042, 5.20138739732904));
#3756 = CARTESIAN_POINT ('', (126.690215219851, -2.03621407955042, -2.86216167397015));
#3757 = CARTESIAN_POINT ('', (126.948394274392, -2.03621407955042, 5.20138739732904));
#3758 = CARTESIAN_POINT ('', (126.948394274392, -2.03621407955042, -2.86216167397015));
#3759 = (
   BOUNDED_SURFACE ()
   B_SPLINE_SURFACE (3, 1, ((#3751, #3752), (#3753, #3754), (#3755, #3756), (#3757, #3758)), .UNSPECIFIED., .F., .F., .U.)
   B_SPLINE_SURFACE_WITH_KNOTS ((4, 4), (2, 2), (0., 1.), (0., 1.), .UNSPECIFIED.)
   GEOMETRIC_REPRESENTATION_ITEM ()
   RATIONAL_B_SPLINE_SURFACE (((1., 1.), (0.994483589892434, 0.994483589892434), (0.994483589892434, 0.994483589892434), (1., 1.)))
   REPRESENTATION_ITEM ('')
   SURFACE ()
);
#3760 = ADVANCED_FACE ('', (#3750), #3759, .T.);
#3761 = CARTESIAN_POINT ('', (142.864999999998, -2.03621407955047, -2.1901992513619));
#3762 = VERTEX_POINT ('', #3761);
#3763 = CARTESIAN_POINT ('', (142.864999999998, -2.03621407955045, -2.19019925136189));
#3764 = CARTESIAN_POINT ('', (142.864999999998, -2.03621407955045, 4.52942497472077));
#3765 = B_SPLINE_CURVE_WITH_KNOTS ('', 1, (#3763, #3764), .UNSPECIFIED., .F., .U., (2, 2), (0., 1.), .UNSPECIFIED.);
#3766 = EDGE_CURVE ('', #3762, #1626, #3765, .T.);
#3767 = ORIENTED_EDGE ('', *, *, #3766, .F.);
#3768 = CARTESIAN_POINT ('', (126.948394274392, -2.03621407955043, -2.1901992513619));
#3769 = CARTESIAN_POINT ('', (142.864999999998, -2.03621407955047, -2.1901992513619));
#3770 = B_SPLINE_CURVE_WITH_KNOTS ('', 1, (#3768, #3769), .UNSPECIFIED., .F., .U., (2, 2), (0., 1.), .UNSPECIFIED.);
#3771 = EDGE_CURVE ('', #3714, #3762, #3770, .T.);
#3772 = ORIENTED_EDGE ('', *, *, #3771, .F.);
#3773 = ORIENTED_EDGE ('', *, *, #3744, .F.);
#3774 = ORIENTED_EDGE ('', *, *, #1648, .T.);
#3775 = EDGE_LOOP ('', (#3767, #3772, #3773, #3774));
#3776 = FACE_OUTER_BOUND ('', #3775, .T.);
#3777 = CARTESIAN_POINT ('', (142.864999999999, -2.03621407955046, -2.19019925136189));
#3778 = CARTESIAN_POINT ('', (142.864999999999, -2.03621407955046, 4.52942497472077));
#3779 = CARTESIAN_POINT ('', (126.948394274392, -2.03621407955043, -2.19019925136189));
#3780 = CARTESIAN_POINT ('', (126.948394274392, -2.03621407955043, 4.52942497472077));
#3781 = B_SPLINE_SURFACE_WITH_KNOTS ('', 1, 1, ((#3777, #3778), (#3779, #3780)), .UNSPECIFIED., .F., .F., .U., (2, 2), (2, 2), (0., 1.), (0., 1.), .UNSPECIFIED.);
#3782 = ADVANCED_FACE ('', (#3776), #3781, .T.);
#3783 = CARTESIAN_POINT ('', (142.864999999998, -2.03621407955047, -2.1901992513619));
#3784 = CARTESIAN_POINT ('', (142.864999999998, -0.836214079550467, -3.3901992513619));
#3785 = B_SPLINE_CURVE_WITH_KNOTS ('', 1, (#3783, #3784), .UNSPECIFIED., .F., .U., (2, 2), (0., 1.), .UNSPECIFIED.);
#3786 = EDGE_CURVE ('', #3762, #2698, #3785, .T.);
#3787 = ORIENTED_EDGE ('', *, *, #3786, .T.);
#3788 = ORIENTED_EDGE ('', *, *, #2702, .T.);
#3789 = ORIENTED_EDGE ('', *, *, #3718, .T.);
#3790 = ORIENTED_EDGE ('', *, *, #3771, .T.);
#3791 = EDGE_LOOP ('', (#3787, #3788, #3789, #3790));
#3792 = FACE_OUTER_BOUND ('', #3791, .T.);
#3793 = CARTESIAN_POINT ('', (142.864999999998, -0.836214079550467, -3.3901992513619));
#3794 = CARTESIAN_POINT ('', (142.864999999998, -2.03621407955047, -2.1901992513619));
#3795 = CARTESIAN_POINT ('', (126.948394274392, -0.83621407955043, -3.3901992513619));
#3796 = CARTESIAN_POINT ('', (126.948394274392, -2.03621407955043, -2.1901992513619));
#3797 = B_SPLINE_SURFACE_WITH_KNOTS ('', 1, 1, ((#3793, #3794), (#3795, #3796)), .UNSPECIFIED., .F., .F., .U., (2, 2), (2, 2), (0., 1.), (0., 1.), .UNSPECIFIED.);
#3798 = ADVANCED_FACE ('', (#3792), #3797, .T.);
#3799 = ORIENTED_EDGE ('', *, *, #2257, .F.);
#3800 = ORIENTED_EDGE ('', *, *, #2718, .F.);
#3801 = ORIENTED_EDGE ('', *, *, #3786, .F.);
#3802 = CARTESIAN_POINT ('', (145.864999999998, 0.963785920449539, -2.19019925136189));
#3803 = CARTESIAN_POINT ('', (145.864999999998, -0.793573392431173, -2.19019925136189));
#3804 = CARTESIAN_POINT ('', (144.622359312879, -2.03621407955045, -2.19019925136189));
#3805 = CARTESIAN_POINT ('', (142.864999999998, -2.03621407955045, -2.19019925136189));
#3806 = (
   BOUNDED_CURVE ()
   B_SPLINE_CURVE (3, (#3802, #3803, #3804, #3805), .UNSPECIFIED., .F., .U.)
   B_SPLINE_CURVE_WITH_KNOTS ((4, 4), (0., 1.), .UNSPECIFIED.)
   CURVE ()
   GEOMETRIC_REPRESENTATION_ITEM ()
   RATIONAL_B_SPLINE_CURVE ((1., 0.804737854124366, 0.804737854124366, 1.))
   REPRESENTATION_ITEM ('')
);
#3807 = EDGE_CURVE ('', #2220, #3762, #3806, .T.);
#3808 = ORIENTED_EDGE ('', *, *, #3807, .F.);
#3809 = EDGE_LOOP ('', (#3799, #3800, #3801, #3808));
#3810 = FACE_OUTER_BOUND ('', #3809, .T.);
#3811 = CARTESIAN_POINT ('', (142.864999999998, -0.836214079550459, -3.39019925136189));
#3812 = CARTESIAN_POINT ('', (143.919415587726, -0.836214079550459, -3.39019925136189));
#3813 = CARTESIAN_POINT ('', (144.664999999998, -0.0906296672788901, -3.39019925136189));
#3814 = CARTESIAN_POINT ('', (144.664999999998, 0.963785920449541, -3.39019925136189));
#3815 = CARTESIAN_POINT ('', (142.864999999998, -2.15621407955045, -2.07019925136189));
#3816 = CARTESIAN_POINT ('', (144.692653685394, -2.15621407955045, -2.07019925136189));
#3817 = CARTESIAN_POINT ('', (145.984999999998, -0.863867764946419, -2.07019925136189));
#3818 = CARTESIAN_POINT ('', (145.984999999998, 0.963785920449524, -2.07019925136189));
#3819 = (
   BOUNDED_SURFACE ()
   B_SPLINE_SURFACE (1, 3, ((#3811, #3812, #3813, #3814), (#3815, #3816, #3817, #3818)), .UNSPECIFIED., .F., .F., .U.)
   B_SPLINE_SURFACE_WITH_KNOTS ((2, 2), (4, 4), (0., 1.), (0., 1.), .UNSPECIFIED.)
   GEOMETRIC_REPRESENTATION_ITEM ()
   RATIONAL_B_SPLINE_SURFACE (((1., 0.804737854124366, 0.804737854124366, 1.), (1., 0.804737854124366, 0.804737854124366, 1.)))
   REPRESENTATION_ITEM ('')
   SURFACE ()
);
#3820 = ADVANCED_FACE ('', (#3810), #3819, .T.);
#3821 = ORIENTED_EDGE ('', *, *, #2229, .F.);
#3822 = ORIENTED_EDGE ('', *, *, #3807, .T.);
#3823 = ORIENTED_EDGE ('', *, *, #3766, .T.);
#3824 = ORIENTED_EDGE ('', *, *, #1641, .F.);
#3825 = EDGE_LOOP ('', (#3821, #3822, #3823, #3824));
#3826 = FACE_OUTER_BOUND ('', #3825, .T.);
#3827 = CARTESIAN_POINT ('', (142.864999999998, -2.03621407955045, 5.20138739732904));
#3828 = CARTESIAN_POINT ('', (142.864999999998, -2.03621407955045, -2.86216167397015));
#3829 = CARTESIAN_POINT ('', (144.622359312879, -2.03621407955045, 5.20138739732904));
#3830 = CARTESIAN_POINT ('', (144.622359312879, -2.03621407955045, -2.86216167397015));
#3831 = CARTESIAN_POINT ('', (145.864999999998, -0.793573392431173, 5.20138739732904));
#3832 = CARTESIAN_POINT ('', (145.864999999998, -0.793573392431173, -2.86216167397015));
#3833 = CARTESIAN_POINT ('', (145.864999999998, 0.963785920449539, 5.20138739732904));
#3834 = CARTESIAN_POINT ('', (145.864999999998, 0.963785920449539, -2.86216167397015));
#3835 = (
   BOUNDED_SURFACE ()
   B_SPLINE_SURFACE (3, 1, ((#3827, #3828), (#3829, #3830), (#3831, #3832), (#3833, #3834)), .UNSPECIFIED., .F., .F., .U.)
   B_SPLINE_SURFACE_WITH_KNOTS ((4, 4), (2, 2), (0., 1.), (0., 1.), .UNSPECIFIED.)
   GEOMETRIC_REPRESENTATION_ITEM ()
   RATIONAL_B_SPLINE_SURFACE (((1., 1.), (0.804737854124366, 0.804737854124366), (0.804737854124366, 0.804737854124366), (1., 1.)))
   REPRESENTATION_ITEM ('')
   SURFACE ()
);
#3836 = ADVANCED_FACE ('', (#3826), #3835, .T.);
#3837 = ORIENTED_EDGE ('', *, *, #3681, .F.);
#3838 = ORIENTED_EDGE ('', *, *, #3640, .F.);
#3839 = ORIENTED_EDGE ('', *, *, #3616, .T.);
#3840 = ORIENTED_EDGE ('', *, *, #3588, .F.);
#3841 = ORIENTED_EDGE ('', *, *, #1449, .F.);
#3842 = CARTESIAN_POINT ('', (85.144495514237, 5.24959331153283, 3.22675714052077));
#3843 = VERTEX_POINT ('', #3842);
#3844 = CARTESIAN_POINT ('', (85.144495514237, 5.24959331153283, 3.22942497472077));
#3845 = CARTESIAN_POINT ('', (84.9953351925914, 4.68311469343585, 3.22942497472077));
#3846 = CARTESIAN_POINT ('', (85.2904242901434, 4.17708183796061, 3.22942497472077));
#3847 = CARTESIAN_POINT ('', (85.8569032031318, 4.0279226362533, 3.22942497472077));
#3848 = (
   BOUNDED_CURVE ()
   B_SPLINE_CURVE (3, (#3844, #3845, #3846, #3847), .UNSPECIFIED., .F., .U.)
   B_SPLINE_CURVE_WITH_KNOTS ((4, 4), (0., 1.), .UNSPECIFIED.)
   CURVE ()
   GEOMETRIC_REPRESENTATION_ITEM ()
   RATIONAL_B_SPLINE_CURVE ((1., 0.80473738813671, 0.80473738813671, 1.))
   REPRESENTATION_ITEM ('')
);
#3849 = EDGE_CURVE ('', #3843, #1438, #3848, .T.);
#3850 = ORIENTED_EDGE ('', *, *, #3849, .F.);
#3851 = CARTESIAN_POINT ('', (85.7810760077702, 7.66718824767853, 3.22675714052078));
#3852 = VERTEX_POINT ('', #3851);
#3853 = CARTESIAN_POINT ('', (85.7810760077702, 7.66718824767854, 3.22675714052077));
#3854 = CARTESIAN_POINT ('', (85.144495514237, 5.24959331153283, 3.22675714052077));
#3855 = B_SPLINE_CURVE_WITH_KNOTS ('', 1, (#3853, #3854), .UNSPECIFIED., .F., .U., (2, 2), (0., 1.), .UNSPECIFIED.);
#3856 = EDGE_CURVE ('', #3852, #3843, #3855, .T.);
#3857 = ORIENTED_EDGE ('', *, *, #3856, .F.);
#3858 = CARTESIAN_POINT ('', (87.0027442677882, 8.37959452813247, 3.22942497472077));
#3859 = CARTESIAN_POINT ('', (86.4362671307804, 8.52875326220745, 3.22942497472077));
#3860 = CARTESIAN_POINT ('', (85.93023586178, 8.23366508979584, 3.22942497472077));
#3861 = CARTESIAN_POINT ('', (85.7810760077702, 7.66718824767854, 3.22942497472077));
#3862 = (
   BOUNDED_CURVE ()
   B_SPLINE_CURVE (3, (#3858, #3859, #3860, #3861), .UNSPECIFIED., .F., .U.)
   B_SPLINE_CURVE_WITH_KNOTS ((4, 4), (0., 1.), .UNSPECIFIED.)
   CURVE ()
   GEOMETRIC_REPRESENTATION_ITEM ()
   RATIONAL_B_SPLINE_CURVE ((1., 0.804738320111564, 0.804738320111564, 1.))
   REPRESENTATION_ITEM ('')
);
#3863 = EDGE_CURVE ('', #3677, #3852, #3862, .T.);
#3864 = ORIENTED_EDGE ('', *, *, #3863, .F.);
#3865 = EDGE_LOOP ('', (#3837, #3838, #3839, #3840, #3841, #3850, #3857, #3864));
#3866 = FACE_OUTER_BOUND ('', #3865, .T.);
#3867 = CARTESIAN_POINT ('', (14.8325810541207, 3.89028442002048, 3.22675714052078));
#3868 = CARTESIAN_POINT ('', (14.8325810541207, 27.1052635579543, 3.22675714052078));
#3869 = CARTESIAN_POINT ('', (87.433182616975, 3.89028442002048, 3.22675714052078));
#3870 = CARTESIAN_POINT ('', (87.433182616975, 27.1052635579543, 3.22675714052078));
#3871 = B_SPLINE_SURFACE_WITH_KNOTS ('', 1, 1, ((#3867, #3868), (#3869, #3870)), .UNSPECIFIED., .F., .F., .U., (2, 2), (2, 2), (0., 1.), (0., 1.), .UNSPECIFIED.);
#3872 = ADVANCED_FACE ('', (#3866), #3871, .T.);
#3873 = ORIENTED_EDGE ('', *, *, #3849, .T.);
#3874 = ORIENTED_EDGE ('', *, *, #1442, .T.);
#3875 = ORIENTED_EDGE ('', *, *, #1707, .F.);
#3876 = CARTESIAN_POINT ('', (85.144495514237, 5.24959331153283, 4.52942497472077));
#3877 = CARTESIAN_POINT ('', (85.144495514237, 5.24959331153283, 3.22942497472077));
#3878 = B_SPLINE_CURVE_WITH_KNOTS ('', 1, (#3876, #3877), .UNSPECIFIED., .F., .U., (2, 2), (0., 1.), .UNSPECIFIED.);
#3879 = EDGE_CURVE ('', #1687, #3843, #3878, .T.);
#3880 = ORIENTED_EDGE ('', *, *, #3879, .T.);
#3881 = EDGE_LOOP ('', (#3873, #3874, #3875, #3880));
#3882 = FACE_OUTER_BOUND ('', #3881, .T.);
#3883 = CARTESIAN_POINT ('', (85.8569032031318, 4.0279226362533, 4.65942497472077));
#3884 = CARTESIAN_POINT ('', (85.8569032031318, 4.0279226362533, 3.09942497472077));
#3885 = CARTESIAN_POINT ('', (85.2904242901434, 4.17708183796061, 4.65942497472077));
#3886 = CARTESIAN_POINT ('', (85.2904242901434, 4.17708183796061, 3.09942497472077));
#3887 = CARTESIAN_POINT ('', (84.9953351925914, 4.68311469343585, 4.65942497472077));
#3888 = CARTESIAN_POINT ('', (84.9953351925914, 4.68311469343585, 3.09942497472077));
#3889 = CARTESIAN_POINT ('', (85.144495514237, 5.24959331153283, 4.65942497472077));
#3890 = CARTESIAN_POINT ('', (85.144495514237, 5.24959331153283, 3.09942497472077));
#3891 = (
   BOUNDED_SURFACE ()
   B_SPLINE_SURFACE (3, 1, ((#3883, #3884), (#3885, #3886), (#3887, #3888), (#3889, #3890)), .UNSPECIFIED., .F., .F., .U.)
   B_SPLINE_SURFACE_WITH_KNOTS ((4, 4), (2, 2), (0., 1.), (0., 1.), .UNSPECIFIED.)
   GEOMETRIC_REPRESENTATION_ITEM ()
   RATIONAL_B_SPLINE_SURFACE (((1., 1.), (0.80473738813671, 0.80473738813671), (0.80473738813671, 0.80473738813671), (1., 1.)))
   REPRESENTATION_ITEM ('')
   SURFACE ()
);
#3892 = ADVANCED_FACE ('', (#3882), #3891, .T.);
#3893 = ORIENTED_EDGE ('', *, *, #3856, .T.);
#3894 = ORIENTED_EDGE ('', *, *, #3879, .F.);
#3895 = ORIENTED_EDGE ('', *, *, #1691, .T.);
#3896 = CARTESIAN_POINT ('', (85.7810760077702, 7.66718824767854, 3.22942497472077));
#3897 = CARTESIAN_POINT ('', (85.7810760077702, 7.66718824767854, 4.52942497472077));
#3898 = B_SPLINE_CURVE_WITH_KNOTS ('', 1, (#3896, #3897), .UNSPECIFIED., .F., .U., (2, 2), (0., 1.), .UNSPECIFIED.);
#3899 = EDGE_CURVE ('', #3852, #1669, #3898, .T.);
#3900 = ORIENTED_EDGE ('', *, *, #3899, .F.);
#3901 = EDGE_LOOP ('', (#3893, #3894, #3895, #3900));
#3902 = FACE_OUTER_BOUND ('', #3901, .T.);
#3903 = CARTESIAN_POINT ('', (85.7810760077702, 7.66718824767854, 3.22675714052077));
#3904 = CARTESIAN_POINT ('', (85.7810760077702, 7.66718824767854, 4.52942497472077));
#3905 = CARTESIAN_POINT ('', (85.144495514237, 5.24959331153283, 3.22675714052077));
#3906 = CARTESIAN_POINT ('', (85.144495514237, 5.24959331153283, 4.52942497472077));
#3907 = B_SPLINE_SURFACE_WITH_KNOTS ('', 1, 1, ((#3903, #3904), (#3905, #3906)), .UNSPECIFIED., .F., .F., .U., (2, 2), (2, 2), (0., 1.), (0., 1.), .UNSPECIFIED.);
#3908 = ADVANCED_FACE ('', (#3902), #3907, .T.);
#3909 = ORIENTED_EDGE ('', *, *, #3863, .T.);
#3910 = ORIENTED_EDGE ('', *, *, #3899, .T.);
#3911 = ORIENTED_EDGE ('', *, *, #1684, .F.);
#3912 = ORIENTED_EDGE ('', *, *, #3686, .F.);
#3913 = EDGE_LOOP ('', (#3909, #3910, #3911, #3912));
#3914 = FACE_OUTER_BOUND ('', #3913, .T.);
#3915 = CARTESIAN_POINT ('', (85.7810760077702, 7.66718824767854, 4.65942497472077));
#3916 = CARTESIAN_POINT ('', (85.7810760077702, 7.66718824767854, 3.09942497472077));
#3917 = CARTESIAN_POINT ('', (85.9302358617799, 8.23366508979584, 4.65942497472077));
#3918 = CARTESIAN_POINT ('', (85.9302358617799, 8.23366508979584, 3.09942497472077));
#3919 = CARTESIAN_POINT ('', (86.4362671307804, 8.52875326220745, 4.65942497472077));
#3920 = CARTESIAN_POINT ('', (86.4362671307804, 8.52875326220745, 3.09942497472077));
#3921 = CARTESIAN_POINT ('', (87.0027442677882, 8.37959452813247, 4.65942497472077));
#3922 = CARTESIAN_POINT ('', (87.0027442677882, 8.37959452813247, 3.09942497472077));
#3923 = (
   BOUNDED_SURFACE ()
   B_SPLINE_SURFACE (3, 1, ((#3915, #3916), (#3917, #3918), (#3919, #3920), (#3921, #3922)), .UNSPECIFIED., .F., .F., .U.)
   B_SPLINE_SURFACE_WITH_KNOTS ((4, 4), (2, 2), (0., 1.), (0., 1.), .UNSPECIFIED.)
   GEOMETRIC_REPRESENTATION_ITEM ()
   RATIONAL_B_SPLINE_SURFACE (((1., 1.), (0.804738320111564, 0.804738320111564), (0.804738320111564, 0.804738320111564), (1., 1.)))
   REPRESENTATION_ITEM ('')
   SURFACE ()
);
#3924 = ADVANCED_FACE ('', (#3914), #3923, .T.);
#3925 = ORIENTED_EDGE ('', *, *, #2161, .F.);
#3926 = CARTESIAN_POINT ('', (150.364999999998, 7.49999999996812, 3.22942497472077));
#3927 = CARTESIAN_POINT ('', (150.364999999998, 8.08578643759502, 3.22942497472077));
#3928 = CARTESIAN_POINT ('', (149.950786437625, 8.49999999996811, 3.22942497472077));
#3929 = CARTESIAN_POINT ('', (149.364999999998, 8.49999999996811, 3.22942497472077));
#3930 = (
   BOUNDED_CURVE ()
   B_SPLINE_CURVE (3, (#3926, #3927, #3928, #3929), .UNSPECIFIED., .F., .U.)
   B_SPLINE_CURVE_WITH_KNOTS ((4, 4), (0., 1.), .UNSPECIFIED.)
   CURVE ()
   GEOMETRIC_REPRESENTATION_ITEM ()
   RATIONAL_B_SPLINE_CURVE ((1., 0.804737854124365, 0.804737854124365, 1.))
   REPRESENTATION_ITEM ('')
);
#3931 = EDGE_CURVE ('', #150, #2155, #3930, .T.);
#3932 = ORIENTED_EDGE ('', *, *, #3931, .F.);
#3933 = ORIENTED_EDGE ('', *, *, #154, .F.);
#3934 = ORIENTED_EDGE ('', *, *, #89, .F.);
#3935 = ORIENTED_EDGE ('', *, *, #59, .T.);
#3936 = ORIENTED_EDGE ('', *, *, #10, .F.);
#3937 = ORIENTED_EDGE ('', *, *, #2236, .F.);
#3938 = ORIENTED_EDGE ('', *, *, #2189, .F.);
#3939 = EDGE_LOOP ('', (#3925, #3932, #3933, #3934, #3935, #3936, #3937, #3938));
#3940 = FACE_OUTER_BOUND ('', #3939, .T.);
#3941 = CARTESIAN_POINT ('', (145.864999999998, 7.2719999999681, 3.22675714052078));
#3942 = CARTESIAN_POINT ('', (145.864999999998, 45.7279999999712, 3.22675714052078));
#3943 = CARTESIAN_POINT ('', (150.364999999998, 7.2719999999681, 3.22675714052078));
#3944 = CARTESIAN_POINT ('', (150.364999999998, 45.7279999999712, 3.22675714052078));
#3945 = B_SPLINE_SURFACE_WITH_KNOTS ('', 1, 1, ((#3941, #3942), (#3943, #3944)), .UNSPECIFIED., .F., .F., .U., (2, 2), (2, 2), (0., 1.), (0., 1.), .UNSPECIFIED.);
#3946 = ADVANCED_FACE ('', (#3940), #3945, .T.);
#3947 = ORIENTED_EDGE ('', *, *, #3931, .T.);
#3948 = ORIENTED_EDGE ('', *, *, #2172, .T.);
#3949 = ORIENTED_EDGE ('', *, *, #1591, .F.);
#3950 = ORIENTED_EDGE ('', *, *, #161, .T.);
#3951 = EDGE_LOOP ('', (#3947, #3948, #3949, #3950));
#3952 = FACE_OUTER_BOUND ('', #3951, .T.);
#3953 = CARTESIAN_POINT ('', (149.364999999998, 8.49999999996811, 4.65942497472077));
#3954 = CARTESIAN_POINT ('', (149.364999999998, 8.49999999996811, 3.09942497472077));
#3955 = CARTESIAN_POINT ('', (149.950786437625, 8.49999999996811, 4.65942497472077));
#3956 = CARTESIAN_POINT ('', (149.950786437625, 8.49999999996811, 3.09942497472077));
#3957 = CARTESIAN_POINT ('', (150.364999999998, 8.08578643759502, 4.65942497472077));
#3958 = CARTESIAN_POINT ('', (150.364999999998, 8.08578643759502, 3.09942497472077));
#3959 = CARTESIAN_POINT ('', (150.364999999998, 7.49999999996812, 4.65942497472077));
#3960 = CARTESIAN_POINT ('', (150.364999999998, 7.49999999996812, 3.09942497472077));
#3961 = (
   BOUNDED_SURFACE ()
   B_SPLINE_SURFACE (3, 1, ((#3953, #3954), (#3955, #3956), (#3957, #3958), (#3959, #3960)), .UNSPECIFIED., .F., .F., .U.)
   B_SPLINE_SURFACE_WITH_KNOTS ((4, 4), (2, 2), (0., 1.), (0., 1.), .UNSPECIFIED.)
   GEOMETRIC_REPRESENTATION_ITEM ()
   RATIONAL_B_SPLINE_SURFACE (((1., 1.), (0.804737854124365, 0.804737854124365), (0.804737854124365, 0.804737854124365), (1., 1.)))
   REPRESENTATION_ITEM ('')
   SURFACE ()
);
#3962 = ADVANCED_FACE ('', (#3952), #3961, .T.);
#3963 = CARTESIAN_POINT ('', (-7.49499999999998, 147.999999999968, -2.17077142648074));
#3964 = VERTEX_POINT ('', #3963);
#3965 = CARTESIAN_POINT ('', (151.364999999998, 147.999999999968, -2.17077142648074));
#3966 = VERTEX_POINT ('', #3965);
#3967 = CARTESIAN_POINT ('', (-7.49499999999998, 147.999999999968, -2.17077142648074));
#3968 = CARTESIAN_POINT ('', (151.364999999998, 147.999999999968, -2.17077142648074));
#3969 = B_SPLINE_CURVE_WITH_KNOTS ('', 1, (#3967, #3968), .UNSPECIFIED., .F., .U., (2, 2), (0., 1.), .UNSPECIFIED.);
#3970 = EDGE_CURVE ('', #3964, #3966, #3969, .T.);
#3971 = ORIENTED_EDGE ('', *, *, #3970, .F.);
#3972 = CARTESIAN_POINT ('', (-9.99500000000009, 145.499999999968, -2.17077142648074));
#3973 = VERTEX_POINT ('', #3972);
#3974 = CARTESIAN_POINT ('', (-7.49499999999999, 147.999999999968, -2.17077142648073));
#3975 = CARTESIAN_POINT ('', (-7.82652061229939, 147.999999999968, -2.17077142648073));
#3976 = CARTESIAN_POINT ('', (-8.14542347260368, 147.936566277061, -2.17077142648073));
#3977 = CARTESIAN_POINT ('', (-8.45170858091271, 147.809698831246, -2.17077142648073));
#3978 = CARTESIAN_POINT ('', (-8.75799368922175, 147.682831385432, -2.17077142648073));
#3979 = CARTESIAN_POINT ('', (-9.02834647990631, 147.502187425995, -2.17077142648073));
#3980 = CARTESIAN_POINT ('', (-9.26276695296636, 147.267766952935, -2.17077142648073));
#3981 = CARTESIAN_POINT ('', (-9.4971874260264, 147.033346479874, -2.17077142648073));
#3982 = CARTESIAN_POINT ('', (-9.67783138546368, 146.76299368919, -2.17077142648073));
#3983 = CARTESIAN_POINT ('', (-9.8046988312782, 146.456708580881, -2.17077142648073));
#3984 = CARTESIAN_POINT ('', (-9.93156627709273, 146.150423472572, -2.17077142648073));
#3985 = CARTESIAN_POINT ('', (-9.99499999999999, 145.831520612268, -2.17077142648073));
#3986 = CARTESIAN_POINT ('', (-9.99499999999999, 145.499999999968, -2.17077142648073));
#3987 = B_SPLINE_CURVE_WITH_KNOTS ('', 3, (#3974, #3975, #3976, #3977, #3978, #3979, #3980, #3981, #3982, #3983, #3984, #3985, #3986), .UNSPECIFIED., .F., .U., (4, 3, 3, 3, 4), (0., 0.25, 0.5, 0.75, 1.), .UNSPECIFIED.);
#3988 = EDGE_CURVE ('', #3964, #3973, #3987, .T.);
#3989 = ORIENTED_EDGE ('', *, *, #3988, .T.);
#3990 = CARTESIAN_POINT ('', (-9.99500000000008, 27.5742677833059, -2.17077142648074));
#3991 = VERTEX_POINT ('', #3990);
#3992 = CARTESIAN_POINT ('', (-9.99499999999999, 145.499999999968, -2.17077142648073));
#3993 = CARTESIAN_POINT ('', (-9.99499999999999, 27.5742677833059, -2.17077142648073));
#3994 = B_SPLINE_CURVE_WITH_KNOTS ('', 1, (#3992, #3993), .UNSPECIFIED., .F., .U., (2, 2), (0., 1.), .UNSPECIFIED.);
#3995 = EDGE_CURVE ('', #3973, #3991, #3994, .T.);
#3996 = ORIENTED_EDGE ('', *, *, #3995, .T.);
#3997 = CARTESIAN_POINT ('', (-8.13157571390396, 25.1566715886389, -2.17077142648074));
#3998 = VERTEX_POINT ('', #3997);
#3999 = CARTESIAN_POINT ('', (-9.99499999999999, 27.5742677833059, -2.17077142648073));
#4000 = CARTESIAN_POINT ('', (-9.99499999999999, 27.2981723870661, -2.17077142648073));
#4001 = CARTESIAN_POINT ('', (-9.95048441037903, 27.0294513204395, -2.17077142648073));
#4002 = CARTESIAN_POINT ('', (-9.86145323113712, 26.768104583426, -2.17077142648073));
#4003 = CARTESIAN_POINT ('', (-9.7724220518952, 26.5067578464125, -2.17077142648073));
#4004 = CARTESIAN_POINT ('', (-9.64363121355865, 26.2667462439245, -2.17077142648073));
#4005 = CARTESIAN_POINT ('', (-9.47508071612747, 26.0480697759621, -2.17077142648073));
#4006 = CARTESIAN_POINT ('', (-9.30653021869629, 25.8293933079997, -2.17077142648073));
#4007 = CARTESIAN_POINT ('', (-9.10722381189935, 25.643733388852, -2.17077142648074));
#4008 = CARTESIAN_POINT ('', (-8.87716149573663, 25.4910900185189, -2.17077142648074));
#4009 = CARTESIAN_POINT ('', (-8.64709917957391, 25.3384466481858, -2.17077142648074));
#4010 = CARTESIAN_POINT ('', (-8.39857058562968, 25.2269738382258, -2.17077142648073));
#4011 = CARTESIAN_POINT ('', (-8.13157571390394, 25.156671588639, -2.17077142648073));
#4012 = B_SPLINE_CURVE_WITH_KNOTS ('', 3, (#3999, #4000, #4001, #4002, #4003, #4004, #4005, #4006, #4007, #4008, #4009, #4010, #4011), .UNSPECIFIED., .F., .U., (4, 3, 3, 3, 4), (0., 0.25, 0.5, 0.75, 1.), .UNSPECIFIED.);
#4013 = EDGE_CURVE ('', #3991, #3998, #4012, .T.);
#4014 = ORIENTED_EDGE ('', *, *, #4013, .T.);
#4015 = CARTESIAN_POINT ('', (125.211505856072, -9.95381027421733, -2.17077142648074));
#4016 = VERTEX_POINT ('', #4015);
#4017 = CARTESIAN_POINT ('', (125.211505856072, -9.95381027421723, -2.17077142648074));
#4018 = CARTESIAN_POINT ('', (-8.13157571390395, 25.156671588639, -2.17077142648074));
#4019 = B_SPLINE_CURVE_WITH_KNOTS ('', 1, (#4017, #4018), .UNSPECIFIED., .F., .U., (2, 2), (0., 1.), .UNSPECIFIED.);
#4020 = EDGE_CURVE ('', #4016, #3998, #4019, .T.);
#4021 = ORIENTED_EDGE ('', *, *, #4020, .F.);
#4022 = CARTESIAN_POINT ('', (125.848081569976, -10.0362140795505, -2.17077142648074));
#4023 = VERTEX_POINT ('', #4022);
#4024 = CARTESIAN_POINT ('', (125.848081569976, -10.0362140795505, -2.17077142648074));
#4025 = CARTESIAN_POINT ('', (125.632932357858, -10.0362140795505, -2.17077142648074));
#4026 = CARTESIAN_POINT ('', (125.419563422673, -10.0085937795373, -2.17077142648074));
#4027 = CARTESIAN_POINT ('', (125.211505856072, -9.95381027421733, -2.17077142648074));
#4028 = (
   BOUNDED_CURVE ()
   B_SPLINE_CURVE (3, (#4024, #4025, #4026, #4027), .UNSPECIFIED., .F., .U.)
   B_SPLINE_CURVE_WITH_KNOTS ((4, 4), (0., 1.), .UNSPECIFIED.)
   CURVE ()
   GEOMETRIC_REPRESENTATION_ITEM ()
   RATIONAL_B_SPLINE_CURVE ((0.956578302349546, 0.951301424133789, 0.951301424133789, 0.956578302349546))
   REPRESENTATION_ITEM ('')
);
#4029 = EDGE_CURVE ('', #4023, #4016, #4028, .T.);
#4030 = ORIENTED_EDGE ('', *, *, #4029, .F.);
#4031 = CARTESIAN_POINT ('', (151.364999999998, -10.0362140795505, -2.17077142648074));
#4032 = VERTEX_POINT ('', #4031);
#4033 = CARTESIAN_POINT ('', (125.848081569976, -10.0362140795504, -2.17077142648073));
#4034 = CARTESIAN_POINT ('', (151.364999999998, -10.0362140795504, -2.17077142648073));
#4035 = B_SPLINE_CURVE_WITH_KNOTS ('', 1, (#4033, #4034), .UNSPECIFIED., .F., .U., (2, 2), (0., 1.), .UNSPECIFIED.);
#4036 = EDGE_CURVE ('', #4023, #4032, #4035, .T.);
#4037 = ORIENTED_EDGE ('', *, *, #4036, .T.);
#4038 = CARTESIAN_POINT ('', (153.864999999998, -7.53621407955041, -2.17077142648074));
#4039 = VERTEX_POINT ('', #4038);
#4040 = CARTESIAN_POINT ('', (151.364999999998, -10.0362140795504, -2.17077142648073));
#4041 = CARTESIAN_POINT ('', (151.696520612297, -10.0362140795504, -2.17077142648073));
#4042 = CARTESIAN_POINT ('', (152.015423472601, -9.97278035664313, -2.17077142648073));
#4043 = CARTESIAN_POINT ('', (152.321708580911, -9.84591291082861, -2.17077142648073));
#4044 = CARTESIAN_POINT ('', (152.62799368922, -9.7190454650141, -2.17077142648073));
#4045 = CARTESIAN_POINT ('', (152.898346479904, -9.5384015055768, -2.17077142648073));
#4046 = CARTESIAN_POINT ('', (153.132766952964, -9.30398103251676, -2.17077142648073));
#4047 = CARTESIAN_POINT ('', (153.367187426024, -9.06956055945673, -2.17077142648073));
#4048 = CARTESIAN_POINT ('', (153.547831385461, -8.79920776877235, -2.17077142648073));
#4049 = CARTESIAN_POINT ('', (153.674698831276, -8.49292266046312, -2.17077142648073));
#4050 = CARTESIAN_POINT ('', (153.801566277091, -8.18663755215389, -2.17077142648073));
#4051 = CARTESIAN_POINT ('', (153.864999999998, -7.86773469184965, -2.17077142648073));
#4052 = CARTESIAN_POINT ('', (153.864999999998, -7.53621407955039, -2.17077142648073));
#4053 = B_SPLINE_CURVE_WITH_KNOTS ('', 3, (#4040, #4041, #4042, #4043, #4044, #4045, #4046, #4047, #4048, #4049, #4050, #4051, #4052), .UNSPECIFIED., .F., .U., (4, 3, 3, 3, 4), (0., 0.25, 0.5, 0.75, 1.), .UNSPECIFIED.);
#4054 = EDGE_CURVE ('', #4032, #4039, #4053, .T.);
#4055 = ORIENTED_EDGE ('', *, *, #4054, .T.);
#4056 = CARTESIAN_POINT ('', (153.864999999998, 145.499999999968, -2.17077142648073));
#4057 = VERTEX_POINT ('', #4056);
#4058 = CARTESIAN_POINT ('', (153.864999999998, 145.499999999968, -2.17077142648074));
#4059 = CARTESIAN_POINT ('', (153.864999999998, -7.53621407955039, -2.17077142648074));
#4060 = B_SPLINE_CURVE_WITH_KNOTS ('', 1, (#4058, #4059), .UNSPECIFIED., .F., .U., (2, 2), (0., 1.), .UNSPECIFIED.);
#4061 = EDGE_CURVE ('', #4057, #4039, #4060, .T.);
#4062 = ORIENTED_EDGE ('', *, *, #4061, .F.);
#4063 = CARTESIAN_POINT ('', (153.864999999998, 145.499999999968, -2.17077142648073));
#4064 = CARTESIAN_POINT ('', (153.864999999998, 145.831520612268, -2.17077142648073));
#4065 = CARTESIAN_POINT ('', (153.801566277091, 146.150423472572, -2.17077142648073));
#4066 = CARTESIAN_POINT ('', (153.674698831276, 146.456708580881, -2.17077142648073));
#4067 = CARTESIAN_POINT ('', (153.547831385462, 146.76299368919, -2.17077142648073));
#4068 = CARTESIAN_POINT ('', (153.367187426024, 147.033346479874, -2.17077142648073));
#4069 = CARTESIAN_POINT ('', (153.132766952964, 147.267766952934, -2.17077142648073));
#4070 = CARTESIAN_POINT ('', (152.898346479904, 147.502187425995, -2.17077142648073));
#4071 = CARTESIAN_POINT ('', (152.62799368922, 147.682831385432, -2.17077142648073));
#4072 = CARTESIAN_POINT ('', (152.321708580911, 147.809698831246, -2.17077142648073));
#4073 = CARTESIAN_POINT ('', (152.015423472601, 147.936566277061, -2.17077142648073));
#4074 = CARTESIAN_POINT ('', (151.696520612297, 147.999999999968, -2.17077142648073));
#4075 = CARTESIAN_POINT ('', (151.364999999998, 147.999999999968, -2.17077142648073));
#4076 = B_SPLINE_CURVE_WITH_KNOTS ('', 3, (#4063, #4064, #4065, #4066, #4067, #4068, #4069, #4070, #4071, #4072, #4073, #4074, #4075), .UNSPECIFIED., .F., .U., (4, 3, 3, 3, 4), (0., 0.25, 0.5, 0.75, 1.), .UNSPECIFIED.);
#4077 = EDGE_CURVE ('', #4057, #3966, #4076, .T.);
#4078 = ORIENTED_EDGE ('', *, *, #4077, .T.);
#4079 = EDGE_LOOP ('', (#3971, #3989, #3996, #4014, #4021, #4030, #4037, #4055, #4062, #4078));
#4080 = FACE_OUTER_BOUND ('', #4079, .T.);
#4081 = CARTESIAN_POINT ('', (99.5982920630023, 143.49999999997, -2.17077142648074));
#4082 = VERTEX_POINT ('', #4081);
#4083 = CARTESIAN_POINT ('', (99.5982920630023, 140.999999999968, -2.17077142648073));
#4084 = VERTEX_POINT ('', #4083);
#4085 = CARTESIAN_POINT ('', (99.5982920630023, 143.49999999997, -2.17077142648073));
#4086 = CARTESIAN_POINT ('', (99.5982920630023, 140.999999999968, -2.17077142648073));
#4087 = B_SPLINE_CURVE_WITH_KNOTS ('', 1, (#4085, #4086), .UNSPECIFIED., .F., .U., (2, 2), (0., 1.), .UNSPECIFIED.);
#4088 = EDGE_CURVE ('', #4082, #4084, #4087, .T.);
#4089 = ORIENTED_EDGE ('', *, *, #4088, .T.);
#4090 = CARTESIAN_POINT ('', (99.5982920630023, 140.999999999968, -2.17077142648073));
#4091 = CARTESIAN_POINT ('', (99.5982920630023, 140.867391755048, -2.17077142648073));
#4092 = CARTESIAN_POINT ('', (99.5729185738394, 140.739830610927, -2.17077142648073));
#4093 = CARTESIAN_POINT ('', (99.5221715955136, 140.617316567603, -2.17077142648073));
#4094 = CARTESIAN_POINT ('', (99.4714246171877, 140.494802524279, -2.17077142648073));
#4095 = CARTESIAN_POINT ('', (99.3991670334128, 140.386661408006, -2.17077142648073));
#4096 = CARTESIAN_POINT ('', (99.3053988441888, 140.292893218782, -2.17077142648073));
#4097 = CARTESIAN_POINT ('', (99.2116306549648, 140.199125029558, -2.17077142648073));
#4098 = CARTESIAN_POINT ('', (99.103489538691, 140.126867445783, -2.17077142648073));
#4099 = CARTESIAN_POINT ('', (98.9809754953674, 140.076120467457, -2.17077142648073));
#4100 = CARTESIAN_POINT ('', (98.8584614520438, 140.025373489131, -2.17077142648073));
#4101 = CARTESIAN_POINT ('', (98.7309003079221, 139.999999999968, -2.17077142648074));
#4102 = CARTESIAN_POINT ('', (98.5982920630023, 139.999999999968, -2.17077142648074));
#4103 = B_SPLINE_CURVE_WITH_KNOTS ('', 3, (#4090, #4091, #4092, #4093, #4094, #4095, #4096, #4097, #4098, #4099, #4100, #4101, #4102), .UNSPECIFIED., .F., .U., (4, 3, 3, 3, 4), (0., 0.25, 0.5, 0.75, 1.), .UNSPECIFIED.);
#4104 = EDGE_CURVE ('', #4084, #431, #4103, .T.);
#4105 = ORIENTED_EDGE ('', *, *, #4104, .T.);
#4106 = ORIENTED_EDGE ('', *, *, #435, .F.);
#4107 = ORIENTED_EDGE ('', *, *, #363, .T.);
#4108 = ORIENTED_EDGE ('', *, *, #324, .T.);
#4109 = ORIENTED_EDGE ('', *, *, #281, .T.);
#4110 = ORIENTED_EDGE ('', *, *, #242, .T.);
#4111 = ORIENTED_EDGE ('', *, *, #199, .T.);
#4112 = ORIENTED_EDGE ('', *, *, #134, .F.);
#4113 = ORIENTED_EDGE ('', *, *, #1543, .T.);
#4114 = ORIENTED_EDGE ('', *, *, #1506, .F.);
#4115 = ORIENTED_EDGE ('', *, *, #1472, .F.);
#4116 = ORIENTED_EDGE ('', *, *, #1421, .T.);
#4117 = ORIENTED_EDGE ('', *, *, #1369, .T.);
#4118 = ORIENTED_EDGE ('', *, *, #1308, .T.);
#4119 = ORIENTED_EDGE ('', *, *, #1282, .T.);
#4120 = ORIENTED_EDGE ('', *, *, #1223, .F.);
#4121 = CARTESIAN_POINT ('', (98.5982920630022, 144.49999999997, -2.17077142648073));
#4122 = CARTESIAN_POINT ('', (98.730900307922, 144.49999999997, -2.17077142648073));
#4123 = CARTESIAN_POINT ('', (98.8584614520438, 144.474626510808, -2.17077142648073));
#4124 = CARTESIAN_POINT ('', (98.9809754953673, 144.423879532482, -2.17077142648073));
#4125 = CARTESIAN_POINT ('', (99.1034895386909, 144.373132554156, -2.17077142648073));
#4126 = CARTESIAN_POINT ('', (99.2116306549648, 144.300874970381, -2.17077142648073));
#4127 = CARTESIAN_POINT ('', (99.3053988441888, 144.207106781157, -2.17077142648073));
#4128 = CARTESIAN_POINT ('', (99.3991670334129, 144.113338591933, -2.17077142648073));
#4129 = CARTESIAN_POINT ('', (99.4714246171878, 144.005197475659, -2.17077142648073));
#4130 = CARTESIAN_POINT ('', (99.5221715955136, 143.882683432336, -2.17077142648073));
#4131 = CARTESIAN_POINT ('', (99.5729185738394, 143.760169389012, -2.17077142648073));
#4132 = CARTESIAN_POINT ('', (99.5982920630022, 143.63260824489, -2.17077142648073));
#4133 = CARTESIAN_POINT ('', (99.5982920630022, 143.49999999997, -2.17077142648073));
#4134 = B_SPLINE_CURVE_WITH_KNOTS ('', 3, (#4121, #4122, #4123, #4124, #4125, #4126, #4127, #4128, #4129, #4130, #4131, #4132, #4133), .UNSPECIFIED., .F., .U., (4, 3, 3, 3, 4), (0., 0.25, 0.5, 0.75, 1.), .UNSPECIFIED.);
#4135 = EDGE_CURVE ('', #1217, #4082, #4134, .T.);
#4136 = ORIENTED_EDGE ('', *, *, #4135, .T.);
#4137 = EDGE_LOOP ('', (#4089, #4105, #4106, #4107, #4108, #4109, #4110, #4111, #4112, #4113, #4114, #4115, #4116, #4117, #4118, #4119, #4120, #4136));
#4138 = FACE_BOUND ('', #4137, .T.);
#4139 = CARTESIAN_POINT ('', (-9.99499999999999, -10.0362140795504, -2.17077142648073));
#4140 = CARTESIAN_POINT ('', (-9.99499999999999, 147.999999999968, -2.17077142648073));
#4141 = CARTESIAN_POINT ('', (153.864999999998, -10.0362140795504, -2.17077142648073));
#4142 = CARTESIAN_POINT ('', (153.864999999998, 147.999999999968, -2.17077142648073));
#4143 = B_SPLINE_SURFACE_WITH_KNOTS ('', 1, 1, ((#4139, #4140), (#4141, #4142)), .UNSPECIFIED., .F., .F., .U., (2, 2), (2, 2), (0., 1.), (0., 1.), .UNSPECIFIED.);
#4144 = ADVANCED_FACE ('', (#4080, #4138), #4143, .T.);
#4145 = ORIENTED_EDGE ('', *, *, #4104, .F.);
#4146 = CARTESIAN_POINT ('', (99.5982920630023, 140.999999999968, 4.52942497472077));
#4147 = VERTEX_POINT ('', #4146);
#4148 = CARTESIAN_POINT ('', (99.5982920630023, 140.999999999968, -2.17077142648073));
#4149 = CARTESIAN_POINT ('', (99.5982920630023, 140.999999999968, 4.52942497472077));
#4150 = B_SPLINE_CURVE_WITH_KNOTS ('', 1, (#4148, #4149), .UNSPECIFIED., .F., .U., (2, 2), (0., 1.), .UNSPECIFIED.);
#4151 = EDGE_CURVE ('', #4084, #4147, #4150, .T.);
#4152 = ORIENTED_EDGE ('', *, *, #4151, .T.);
#4153 = CARTESIAN_POINT ('', (98.5982920630023, 139.999999999968, 4.52942497472077));
#4154 = CARTESIAN_POINT ('', (98.7309003079221, 139.999999999968, 4.52942497472077));
#4155 = CARTESIAN_POINT ('', (98.8584614520438, 140.025373489131, 4.52942497472077));
#4156 = CARTESIAN_POINT ('', (98.9809754953674, 140.076120467457, 4.52942497472077));
#4157 = CARTESIAN_POINT ('', (99.103489538691, 140.126867445783, 4.52942497472077));
#4158 = CARTESIAN_POINT ('', (99.2116306549648, 140.199125029558, 4.52942497472077));
#4159 = CARTESIAN_POINT ('', (99.3053988441888, 140.292893218782, 4.52942497472077));
#4160 = CARTESIAN_POINT ('', (99.3991670334128, 140.386661408006, 4.52942497472077));
#4161 = CARTESIAN_POINT ('', (99.4714246171878, 140.494802524279, 4.52942497472077));
#4162 = CARTESIAN_POINT ('', (99.5221715955136, 140.617316567603, 4.52942497472077));
#4163 = CARTESIAN_POINT ('', (99.5729185738394, 140.739830610927, 4.52942497472077));
#4164 = CARTESIAN_POINT ('', (99.5982920630023, 140.867391755048, 4.52942497472077));
#4165 = CARTESIAN_POINT ('', (99.5982920630023, 140.999999999968, 4.52942497472077));
#4166 = B_SPLINE_CURVE_WITH_KNOTS ('', 3, (#4153, #4154, #4155, #4156, #4157, #4158, #4159, #4160, #4161, #4162, #4163, #4164, #4165), .UNSPECIFIED., .F., .U., (4, 3, 3, 3, 4), (0., 0.25, 0.5, 0.75, 1.), .UNSPECIFIED.);
#4167 = EDGE_CURVE ('', #438, #4147, #4166, .T.);
#4168 = ORIENTED_EDGE ('', *, *, #4167, .F.);
#4169 = ORIENTED_EDGE ('', *, *, #442, .F.);
#4170 = EDGE_LOOP ('', (#4145, #4152, #4168, #4169));
#4171 = FACE_OUTER_BOUND ('', #4170, .T.);
#4172 = CARTESIAN_POINT ('', (99.5982920630023, 140.999999999968, 5.19944461484093));
#4173 = CARTESIAN_POINT ('', (99.5982920630023, 140.999999999968, -2.84079106660089));
#4174 = CARTESIAN_POINT ('', (99.5982920630023, 140.414213562341, 5.19944461484093));
#4175 = CARTESIAN_POINT ('', (99.5982920630023, 140.414213562341, -2.84079106660088));
#4176 = CARTESIAN_POINT ('', (99.1840785006292, 139.999999999968, 5.19944461484093));
#4177 = CARTESIAN_POINT ('', (99.1840785006292, 139.999999999968, -2.84079106660088));
#4178 = CARTESIAN_POINT ('', (98.5982920630023, 139.999999999968, 5.19944461484093));
#4179 = CARTESIAN_POINT ('', (98.5982920630023, 139.999999999968, -2.84079106660089));
#4180 = (
   BOUNDED_SURFACE ()
   B_SPLINE_SURFACE (3, 1, ((#4172, #4173), (#4174, #4175), (#4176, #4177), (#4178, #4179)), .UNSPECIFIED., .F., .F., .U.)
   B_SPLINE_SURFACE_WITH_KNOTS ((4, 4), (2, 2), (0., 1.), (0., 1.), .UNSPECIFIED.)
   GEOMETRIC_REPRESENTATION_ITEM ()
   RATIONAL_B_SPLINE_SURFACE (((1., 1.), (0.804737854124365, 0.804737854124365), (0.804737854124365, 0.804737854124365), (1., 1.)))
   REPRESENTATION_ITEM ('')
   SURFACE ()
);
#4181 = ADVANCED_FACE ('', (#4171), #4180, .T.);
#4182 = ORIENTED_EDGE ('', *, *, #4088, .F.);
#4183 = CARTESIAN_POINT ('', (99.5982920630023, 143.49999999997, 4.52942497472077));
#4184 = VERTEX_POINT ('', #4183);
#4185 = CARTESIAN_POINT ('', (99.5982920630023, 143.49999999997, 4.52942497472077));
#4186 = CARTESIAN_POINT ('', (99.5982920630023, 143.49999999997, -2.17077142648073));
#4187 = B_SPLINE_CURVE_WITH_KNOTS ('', 1, (#4185, #4186), .UNSPECIFIED., .F., .U., (2, 2), (0., 1.), .UNSPECIFIED.);
#4188 = EDGE_CURVE ('', #4184, #4082, #4187, .T.);
#4189 = ORIENTED_EDGE ('', *, *, #4188, .F.);
#4190 = CARTESIAN_POINT ('', (99.5982920630023, 143.499999999971, 4.52942497472077));
#4191 = CARTESIAN_POINT ('', (99.5982920630023, 140.999999999968, 4.52942497472077));
#4192 = B_SPLINE_CURVE_WITH_KNOTS ('', 1, (#4190, #4191), .UNSPECIFIED., .F., .U., (2, 2), (0., 1.), .UNSPECIFIED.);
#4193 = EDGE_CURVE ('', #4184, #4147, #4192, .T.);
#4194 = ORIENTED_EDGE ('', *, *, #4193, .T.);
#4195 = ORIENTED_EDGE ('', *, *, #4151, .F.);
#4196 = EDGE_LOOP ('', (#4182, #4189, #4194, #4195));
#4197 = FACE_OUTER_BOUND ('', #4196, .T.);
#4198 = CARTESIAN_POINT ('', (99.5982920630023, 140.999999999968, 4.52942497472077));
#4199 = CARTESIAN_POINT ('', (99.5982920630023, 143.499999999971, 4.52942497472077));
#4200 = CARTESIAN_POINT ('', (99.5982920630023, 140.999999999968, -2.17077142648073));
#4201 = CARTESIAN_POINT ('', (99.5982920630023, 143.499999999971, -2.17077142648073));
#4202 = B_SPLINE_SURFACE_WITH_KNOTS ('', 1, 1, ((#4198, #4199), (#4200, #4201)), .UNSPECIFIED., .F., .F., .U., (2, 2), (2, 2), (0., 1.), (0., 1.), .UNSPECIFIED.);
#4203 = ADVANCED_FACE ('', (#4197), #4202, .T.);
#4204 = ORIENTED_EDGE ('', *, *, #4135, .F.);
#4205 = ORIENTED_EDGE ('', *, *, #1256, .T.);
#4206 = CARTESIAN_POINT ('', (99.5982920630023, 143.499999999971, 4.52942497472077));
#4207 = CARTESIAN_POINT ('', (99.5982920630023, 143.63260824489, 4.52942497472077));
#4208 = CARTESIAN_POINT ('', (99.5729185738394, 143.760169389012, 4.52942497472077));
#4209 = CARTESIAN_POINT ('', (99.5221715955136, 143.882683432336, 4.52942497472077));
#4210 = CARTESIAN_POINT ('', (99.4714246171878, 144.005197475659, 4.52942497472077));
#4211 = CARTESIAN_POINT ('', (99.3991670334129, 144.113338591933, 4.52942497472077));
#4212 = CARTESIAN_POINT ('', (99.3053988441888, 144.207106781157, 4.52942497472077));
#4213 = CARTESIAN_POINT ('', (99.2116306549648, 144.300874970381, 4.52942497472077));
#4214 = CARTESIAN_POINT ('', (99.103489538691, 144.373132554156, 4.52942497472077));
#4215 = CARTESIAN_POINT ('', (98.9809754953674, 144.423879532482, 4.52942497472077));
#4216 = CARTESIAN_POINT ('', (98.8584614520437, 144.474626510808, 4.52942497472077));
#4217 = CARTESIAN_POINT ('', (98.730900307922, 144.499999999971, 4.52942497472077));
#4218 = CARTESIAN_POINT ('', (98.5982920630023, 144.499999999971, 4.52942497472077));
#4219 = B_SPLINE_CURVE_WITH_KNOTS ('', 3, (#4206, #4207, #4208, #4209, #4210, #4211, #4212, #4213, #4214, #4215, #4216, #4217, #4218), .UNSPECIFIED., .F., .U., (4, 3, 3, 3, 4), (0., 0.25, 0.5, 0.75, 1.), .UNSPECIFIED.);
#4220 = EDGE_CURVE ('', #4184, #1247, #4219, .T.);
#4221 = ORIENTED_EDGE ('', *, *, #4220, .F.);
#4222 = ORIENTED_EDGE ('', *, *, #4188, .T.);
#4223 = EDGE_LOOP ('', (#4204, #4205, #4221, #4222));
#4224 = FACE_OUTER_BOUND ('', #4223, .T.);
#4225 = CARTESIAN_POINT ('', (98.5982920630022, 144.49999999997, 5.19944461484093));
#4226 = CARTESIAN_POINT ('', (98.5982920630022, 144.49999999997, -2.84079106660089));
#4227 = CARTESIAN_POINT ('', (99.1840785006291, 144.49999999997, 5.19944461484092));
#4228 = CARTESIAN_POINT ('', (99.1840785006291, 144.49999999997, -2.84079106660089));
#4229 = CARTESIAN_POINT ('', (99.5982920630023, 144.085786437597, 5.19944461484092));
#4230 = CARTESIAN_POINT ('', (99.5982920630023, 144.085786437597, -2.84079106660089));
#4231 = CARTESIAN_POINT ('', (99.5982920630023, 143.49999999997, 5.19944461484093));
#4232 = CARTESIAN_POINT ('', (99.5982920630023, 143.49999999997, -2.84079106660089));
#4233 = (
   BOUNDED_SURFACE ()
   B_SPLINE_SURFACE (3, 1, ((#4225, #4226), (#4227, #4228), (#4229, #4230), (#4231, #4232)), .UNSPECIFIED., .F., .F., .U.)
   B_SPLINE_SURFACE_WITH_KNOTS ((4, 4), (2, 2), (0., 1.), (0., 1.), .UNSPECIFIED.)
   GEOMETRIC_REPRESENTATION_ITEM ()
   RATIONAL_B_SPLINE_SURFACE (((1., 1.), (0.804737854124361, 0.804737854124361), (0.804737854124361, 0.804737854124361), (1., 1.)))
   REPRESENTATION_ITEM ('')
   SURFACE ()
);
#4234 = ADVANCED_FACE ('', (#4224), #4233, .T.);
#4235 = ORIENTED_EDGE ('', *, *, #1251, .F.);
#4236 = CARTESIAN_POINT ('', (95.115, 143.499999999971, 4.52942497472077));
#4237 = VERTEX_POINT ('', #4236);
#4238 = CARTESIAN_POINT ('', (96.115, 144.499999999971, 4.52942497472077));
#4239 = CARTESIAN_POINT ('', (95.9823917550803, 144.499999999971, 4.52942497472077));
#4240 = CARTESIAN_POINT ('', (95.8548306109586, 144.474626510808, 4.52942497472077));
#4241 = CARTESIAN_POINT ('', (95.7323165676349, 144.423879532482, 4.52942497472077));
#4242 = CARTESIAN_POINT ('', (95.6098025243113, 144.373132554156, 4.52942497472077));
#4243 = CARTESIAN_POINT ('', (95.5016614080375, 144.300874970381, 4.52942497472077));
#4244 = CARTESIAN_POINT ('', (95.4078932188135, 144.207106781157, 4.52942497472077));
#4245 = CARTESIAN_POINT ('', (95.3141250295894, 144.113338591933, 4.52942497472077));
#4246 = CARTESIAN_POINT ('', (95.2418674458145, 144.005197475659, 4.52942497472077));
#4247 = CARTESIAN_POINT ('', (95.1911204674887, 143.882683432336, 4.52942497472077));
#4248 = CARTESIAN_POINT ('', (95.1403734891629, 143.760169389012, 4.52942497472077));
#4249 = CARTESIAN_POINT ('', (95.115, 143.63260824489, 4.52942497472077));
#4250 = CARTESIAN_POINT ('', (95.115, 143.499999999971, 4.52942497472077));
#4251 = B_SPLINE_CURVE_WITH_KNOTS ('', 3, (#4238, #4239, #4240, #4241, #4242, #4243, #4244, #4245, #4246, #4247, #4248, #4249, #4250), .UNSPECIFIED., .F., .U., (4, 3, 3, 3, 4), (0., 0.25, 0.5, 0.75, 1.), .UNSPECIFIED.);
#4252 = EDGE_CURVE ('', #1240, #4237, #4251, .T.);
#4253 = ORIENTED_EDGE ('', *, *, #4252, .T.);
#4254 = CARTESIAN_POINT ('', (95.115, 140.999999999968, 4.52942497472077));
#4255 = VERTEX_POINT ('', #4254);
#4256 = CARTESIAN_POINT ('', (95.115, 140.999999999968, 4.52942497472077));
#4257 = CARTESIAN_POINT ('', (95.115, 143.499999999971, 4.52942497472077));
#4258 = B_SPLINE_CURVE_WITH_KNOTS ('', 1, (#4256, #4257), .UNSPECIFIED., .F., .U., (2, 2), (0., 1.), .UNSPECIFIED.);
#4259 = EDGE_CURVE ('', #4255, #4237, #4258, .T.);
#4260 = ORIENTED_EDGE ('', *, *, #4259, .F.);
#4261 = CARTESIAN_POINT ('', (95.115, 140.999999999968, 4.52942497472077));
#4262 = CARTESIAN_POINT ('', (95.115, 140.867391755048, 4.52942497472077));
#4263 = CARTESIAN_POINT ('', (95.1403734891629, 140.739830610927, 4.52942497472077));
#4264 = CARTESIAN_POINT ('', (95.1911204674887, 140.617316567603, 4.52942497472077));
#4265 = CARTESIAN_POINT ('', (95.2418674458146, 140.494802524279, 4.52942497472077));
#4266 = CARTESIAN_POINT ('', (95.3141250295894, 140.386661408006, 4.52942497472077));
#4267 = CARTESIAN_POINT ('', (95.4078932188135, 140.292893218782, 4.52942497472077));
#4268 = CARTESIAN_POINT ('', (95.5016614080375, 140.199125029558, 4.52942497472077));
#4269 = CARTESIAN_POINT ('', (95.6098025243113, 140.126867445783, 4.52942497472077));
#4270 = CARTESIAN_POINT ('', (95.7323165676349, 140.076120467457, 4.52942497472077));
#4271 = CARTESIAN_POINT ('', (95.8548306109586, 140.025373489131, 4.52942497472077));
#4272 = CARTESIAN_POINT ('', (95.9823917550803, 139.999999999968, 4.52942497472077));
#4273 = CARTESIAN_POINT ('', (96.115, 139.999999999968, 4.52942497472077));
#4274 = B_SPLINE_CURVE_WITH_KNOTS ('', 3, (#4261, #4262, #4263, #4264, #4265, #4266, #4267, #4268, #4269, #4270, #4271, #4272, #4273), .UNSPECIFIED., .F., .U., (4, 3, 3, 3, 4), (0., 0.25, 0.5, 0.75, 1.), .UNSPECIFIED.);
#4275 = EDGE_CURVE ('', #4255, #445, #4274, .T.);
#4276 = ORIENTED_EDGE ('', *, *, #4275, .T.);
#4277 = ORIENTED_EDGE ('', *, *, #449, .F.);
#4278 = ORIENTED_EDGE ('', *, *, #4167, .T.);
#4279 = ORIENTED_EDGE ('', *, *, #4193, .F.);
#4280 = ORIENTED_EDGE ('', *, *, #4220, .T.);
#4281 = EDGE_LOOP ('', (#4235, #4253, #4260, #4276, #4277, #4278, #4279, #4280));
#4282 = FACE_OUTER_BOUND ('', #4281, .T.);
#4283 = CARTESIAN_POINT ('', (96.3066460315011, 142.249999999969, 4.52942497472077));
#4284 = VERTEX_POINT ('', #4283);
#4285 = CARTESIAN_POINT ('', (96.3066460315011, 142.249999999969, 4.52942497472077));
#4286 = CARTESIAN_POINT ('', (96.3066460315011, 142.389238657135, 4.52942497472077));
#4287 = CARTESIAN_POINT ('', (96.3332881951221, 142.523177858463, 4.52942497472077));
#4288 = CARTESIAN_POINT ('', (96.3865725223642, 142.651817603953, 4.52942497472077));
#4289 = CARTESIAN_POINT ('', (96.4398568496064, 142.780457349442, 4.52942497472077));
#4290 = CARTESIAN_POINT ('', (96.51572731257, 142.89400552153, 4.52942497472077));
#4291 = CARTESIAN_POINT ('', (96.6141839112553, 142.992462120215, 4.52942497472077));
#4292 = CARTESIAN_POINT ('', (96.7126405099405, 143.0909187189, 4.52942497472077));
#4293 = CARTESIAN_POINT ('', (96.826188682028, 143.166789181864, 4.52942497472077));
#4294 = CARTESIAN_POINT ('', (96.9548284275178, 143.220073509106, 4.52942497472077));
#4295 = CARTESIAN_POINT ('', (97.0834681730076, 143.273357836348, 4.52942497472077));
#4296 = CARTESIAN_POINT ('', (97.2174073743354, 143.299999999969, 4.52942497472077));
#4297 = CARTESIAN_POINT ('', (97.3566460315011, 143.299999999969, 4.52942497472077));
#4298 = CARTESIAN_POINT ('', (97.4958846886669, 143.299999999969, 4.52942497472077));
#4299 = CARTESIAN_POINT ('', (97.6298238899947, 143.273357836348, 4.52942497472077));
#4300 = CARTESIAN_POINT ('', (97.7584636354845, 143.220073509106, 4.52942497472077));
#4301 = CARTESIAN_POINT ('', (97.8871033809743, 143.166789181864, 4.52942497472077));
#4302 = CARTESIAN_POINT ('', (98.0006515530618, 143.0909187189, 4.52942497472077));
#4303 = CARTESIAN_POINT ('', (98.099108151747, 142.992462120215, 4.52942497472077));
#4304 = CARTESIAN_POINT ('', (98.1975647504322, 142.89400552153, 4.52942497472077));
#4305 = CARTESIAN_POINT ('', (98.2734352133959, 142.780457349442, 4.52942497472077));
#4306 = CARTESIAN_POINT ('', (98.326719540638, 142.651817603953, 4.52942497472077));
#4307 = CARTESIAN_POINT ('', (98.3800038678801, 142.523177858463, 4.52942497472077));
#4308 = CARTESIAN_POINT ('', (98.4066460315011, 142.389238657135, 4.52942497472077));
#4309 = CARTESIAN_POINT ('', (98.4066460315011, 142.249999999969, 4.52942497472077));
#4310 = CARTESIAN_POINT ('', (98.4066460315011, 142.110761342804, 4.52942497472077));
#4311 = CARTESIAN_POINT ('', (98.3800038678801, 141.976822141476, 4.52942497472077));
#4312 = CARTESIAN_POINT ('', (98.326719540638, 141.848182395986, 4.52942497472077));
#4313 = CARTESIAN_POINT ('', (98.2734352133959, 141.719542650496, 4.52942497472077));
#4314 = CARTESIAN_POINT ('', (98.1975647504322, 141.605994478409, 4.52942497472077));
#4315 = CARTESIAN_POINT ('', (98.099108151747, 141.507537879723, 4.52942497472077));
#4316 = CARTESIAN_POINT ('', (98.0006515530618, 141.409081281038, 4.52942497472077));
#4317 = CARTESIAN_POINT ('', (97.8871033809743, 141.333210818075, 4.52942497472077));
#4318 = CARTESIAN_POINT ('', (97.7584636354845, 141.279926490832, 4.52942497472077));
#4319 = CARTESIAN_POINT ('', (97.6298238899947, 141.22664216359, 4.52942497472077));
#4320 = CARTESIAN_POINT ('', (97.4958846886669, 141.199999999969, 4.52942497472077));
#4321 = CARTESIAN_POINT ('', (97.3566460315011, 141.199999999969, 4.52942497472077));
#4322 = CARTESIAN_POINT ('', (97.2174073743354, 141.199999999969, 4.52942497472077));
#4323 = CARTESIAN_POINT ('', (97.0834681730076, 141.22664216359, 4.52942497472077));
#4324 = CARTESIAN_POINT ('', (96.9548284275178, 141.279926490832, 4.52942497472077));
#4325 = CARTESIAN_POINT ('', (96.826188682028, 141.333210818075, 4.52942497472077));
#4326 = CARTESIAN_POINT ('', (96.7126405099405, 141.409081281038, 4.52942497472077));
#4327 = CARTESIAN_POINT ('', (96.6141839112552, 141.507537879723, 4.52942497472077));
#4328 = CARTESIAN_POINT ('', (96.51572731257, 141.605994478409, 4.52942497472077));
#4329 = CARTESIAN_POINT ('', (96.4398568496064, 141.719542650496, 4.52942497472077));
#4330 = CARTESIAN_POINT ('', (96.3865725223643, 141.848182395986, 4.52942497472077));
#4331 = CARTESIAN_POINT ('', (96.3332881951222, 141.976822141476, 4.52942497472077));
#4332 = CARTESIAN_POINT ('', (96.3066460315011, 142.110761342804, 4.52942497472077));
#4333 = CARTESIAN_POINT ('', (96.3066460315011, 142.249999999969, 4.52942497472077));
#4334 = B_SPLINE_CURVE_WITH_KNOTS ('', 3, (#4285, #4286, #4287, #4288, #4289, #4290, #4291, #4292, #4293, #4294, #4295, #4296, #4297, #4298, #4299, #4300, #4301, #4302, #4303, #4304, #4305, #4306, #4307, #4308, #4309, #4310, #4311, #4312, #4313, #4314, #4315, #4316, #4317, #4318, #4319, #4320, #4321, #4322, #4323, #4324, #4325, #4326, #4327, #4328, #4329, #4330, #4331, #4332, #4333), .UNSPECIFIED., .T., .U., (4, 3, 3, 3, 3, 3, 3, 3, 3, 3, 3, 3, 3, 3, 3, 3, 4), (0., 0.0625, 0.125, 0.1875, 0.25, 0.3125, 0.375, 0.4375, 0.5, 0.5625, 0.625, 0.6875, 0.75, 0.8125, 0.875, 0.9375, 1.), .UNSPECIFIED.);
#4335 = EDGE_CURVE ('', #4284, #4284, #4334, .T.);
#4336 = ORIENTED_EDGE ('', *, *, #4335, .T.);
#4337 = EDGE_LOOP ('', (#4336));
#4338 = FACE_BOUND ('', #4337, .T.);
#4339 = CARTESIAN_POINT ('', (95.115, 139.999999999968, 4.52942497472077));
#4340 = CARTESIAN_POINT ('', (95.115, 144.499999999971, 4.52942497472077));
#4341 = CARTESIAN_POINT ('', (99.5982920630023, 139.999999999968, 4.52942497472077));
#4342 = CARTESIAN_POINT ('', (99.5982920630023, 144.499999999971, 4.52942497472077));
#4343 = B_SPLINE_SURFACE_WITH_KNOTS ('', 1, 1, ((#4339, #4340), (#4341, #4342)), .UNSPECIFIED., .F., .F., .U., (2, 2), (2, 2), (0., 1.), (0., 1.), .UNSPECIFIED.);
#4344 = ADVANCED_FACE ('', (#4282, #4338), #4343, .T.);
#4345 = CARTESIAN_POINT ('', (96.3066460315011, 142.249999999969, 1.52942497472077));
#4346 = VERTEX_POINT ('', #4345);
#4347 = CARTESIAN_POINT ('', (96.3066460315011, 142.249999999969, 4.52942497472077));
#4348 = CARTESIAN_POINT ('', (96.3066460315011, 142.249999999969, 1.52942497472077));
#4349 = B_SPLINE_CURVE_WITH_KNOTS ('', 1, (#4347, #4348), .UNSPECIFIED., .F., .U., (2, 2), (0., 1.), .UNSPECIFIED.);
#4350 = EDGE_CURVE ('', #4284, #4346, #4349, .T.);
#4351 = ORIENTED_EDGE ('', *, *, #4350, .T.);
#4352 = CARTESIAN_POINT ('', (96.3066460315011, 142.249999999969, 1.52942497472078));
#4353 = CARTESIAN_POINT ('', (96.3066460315011, 142.110761342804, 1.52942497472078));
#4354 = CARTESIAN_POINT ('', (96.3332881951222, 141.976822141476, 1.52942497472077));
#4355 = CARTESIAN_POINT ('', (96.3865725223643, 141.848182395986, 1.52942497472077));
#4356 = CARTESIAN_POINT ('', (96.4398568496064, 141.719542650496, 1.52942497472077));
#4357 = CARTESIAN_POINT ('', (96.51572731257, 141.605994478409, 1.52942497472077));
#4358 = CARTESIAN_POINT ('', (96.6141839112552, 141.507537879723, 1.52942497472077));
#4359 = CARTESIAN_POINT ('', (96.7126405099404, 141.409081281038, 1.52942497472077));
#4360 = CARTESIAN_POINT ('', (96.826188682028, 141.333210818075, 1.52942497472077));
#4361 = CARTESIAN_POINT ('', (96.9548284275178, 141.279926490833, 1.52942497472077));
#4362 = CARTESIAN_POINT ('', (97.0834681730076, 141.22664216359, 1.52942497472077));
#4363 = CARTESIAN_POINT ('', (97.2174073743354, 141.199999999969, 1.52942497472078));
#4364 = CARTESIAN_POINT ('', (97.3566460315011, 141.199999999969, 1.52942497472078));
#4365 = CARTESIAN_POINT ('', (97.4958846886669, 141.199999999969, 1.52942497472078));
#4366 = CARTESIAN_POINT ('', (97.6298238899947, 141.22664216359, 1.52942497472077));
#4367 = CARTESIAN_POINT ('', (97.7584636354845, 141.279926490833, 1.52942497472077));
#4368 = CARTESIAN_POINT ('', (97.8871033809743, 141.333210818075, 1.52942497472077));
#4369 = CARTESIAN_POINT ('', (98.0006515530618, 141.409081281038, 1.52942497472077));
#4370 = CARTESIAN_POINT ('', (98.099108151747, 141.507537879723, 1.52942497472077));
#4371 = CARTESIAN_POINT ('', (98.1975647504322, 141.605994478409, 1.52942497472077));
#4372 = CARTESIAN_POINT ('', (98.2734352133959, 141.719542650496, 1.52942497472077));
#4373 = CARTESIAN_POINT ('', (98.326719540638, 141.848182395986, 1.52942497472077));
#4374 = CARTESIAN_POINT ('', (98.3800038678801, 141.976822141476, 1.52942497472077));
#4375 = CARTESIAN_POINT ('', (98.4066460315011, 142.110761342804, 1.52942497472077));
#4376 = CARTESIAN_POINT ('', (98.4066460315011, 142.249999999969, 1.52942497472077));
#4377 = CARTESIAN_POINT ('', (98.4066460315011, 142.389238657135, 1.52942497472077));
#4378 = CARTESIAN_POINT ('', (98.3800038678801, 142.523177858463, 1.52942497472077));
#4379 = CARTESIAN_POINT ('', (98.326719540638, 142.651817603953, 1.52942497472077));
#4380 = CARTESIAN_POINT ('', (98.2734352133959, 142.780457349442, 1.52942497472077));
#4381 = CARTESIAN_POINT ('', (98.1975647504322, 142.89400552153, 1.52942497472077));
#4382 = CARTESIAN_POINT ('', (98.099108151747, 142.992462120215, 1.52942497472077));
#4383 = CARTESIAN_POINT ('', (98.0006515530618, 143.0909187189, 1.52942497472077));
#4384 = CARTESIAN_POINT ('', (97.8871033809743, 143.166789181864, 1.52942497472077));
#4385 = CARTESIAN_POINT ('', (97.7584636354845, 143.220073509106, 1.52942497472077));
#4386 = CARTESIAN_POINT ('', (97.6298238899947, 143.273357836348, 1.52942497472077));
#4387 = CARTESIAN_POINT ('', (97.4958846886669, 143.299999999969, 1.52942497472077));
#4388 = CARTESIAN_POINT ('', (97.3566460315011, 143.299999999969, 1.52942497472077));
#4389 = CARTESIAN_POINT ('', (97.2174073743354, 143.299999999969, 1.52942497472077));
#4390 = CARTESIAN_POINT ('', (97.0834681730076, 143.273357836348, 1.52942497472077));
#4391 = CARTESIAN_POINT ('', (96.9548284275178, 143.220073509106, 1.52942497472077));
#4392 = CARTESIAN_POINT ('', (96.826188682028, 143.166789181864, 1.52942497472077));
#4393 = CARTESIAN_POINT ('', (96.7126405099404, 143.0909187189, 1.52942497472077));
#4394 = CARTESIAN_POINT ('', (96.6141839112552, 142.992462120215, 1.52942497472077));
#4395 = CARTESIAN_POINT ('', (96.51572731257, 142.89400552153, 1.52942497472077));
#4396 = CARTESIAN_POINT ('', (96.4398568496064, 142.780457349442, 1.52942497472077));
#4397 = CARTESIAN_POINT ('', (96.3865725223643, 142.651817603953, 1.52942497472077));
#4398 = CARTESIAN_POINT ('', (96.3332881951222, 142.523177858463, 1.52942497472077));
#4399 = CARTESIAN_POINT ('', (96.3066460315011, 142.389238657135, 1.52942497472078));
#4400 = CARTESIAN_POINT ('', (96.3066460315011, 142.249999999969, 1.52942497472078));
#4401 = B_SPLINE_CURVE_WITH_KNOTS ('', 3, (#4352, #4353, #4354, #4355, #4356, #4357, #4358, #4359, #4360, #4361, #4362, #4363, #4364, #4365, #4366, #4367, #4368, #4369, #4370, #4371, #4372, #4373, #4374, #4375, #4376, #4377, #4378, #4379, #4380, #4381, #4382, #4383, #4384, #4385, #4386, #4387, #4388, #4389, #4390, #4391, #4392, #4393, #4394, #4395, #4396, #4397, #4398, #4399, #4400), .UNSPECIFIED., .T., .U., (4, 3, 3, 3, 3, 3, 3, 3, 3, 3, 3, 3, 3, 3, 3, 3, 4), (0., 0.0625, 0.125, 0.1875, 0.25, 0.3125, 0.375, 0.4375, 0.5, 0.5625, 0.625, 0.6875, 0.75, 0.8125, 0.875, 0.9375, 1.), .UNSPECIFIED.);
#4402 = EDGE_CURVE ('', #4346, #4346, #4401, .T.);
#4403 = ORIENTED_EDGE ('', *, *, #4402, .F.);
#4404 = ORIENTED_EDGE ('', *, *, #4350, .F.);
#4405 = ORIENTED_EDGE ('', *, *, #4335, .F.);
#4406 = EDGE_LOOP ('', (#4351, #4403, #4404, #4405));
#4407 = FACE_OUTER_BOUND ('', #4406, .T.);
#4408 = CARTESIAN_POINT ('', (96.3066460315011, 142.249999999969, 4.82942497472077));
#4409 = CARTESIAN_POINT ('', (96.3066460315011, 142.249999999969, 1.22942497472077));
#4410 = CARTESIAN_POINT ('', (96.3066460315011, 140.149999999969, 4.82942497472077));
#4411 = CARTESIAN_POINT ('', (96.3066460315011, 140.149999999969, 1.22942497472078));
#4412 = CARTESIAN_POINT ('', (98.4066460315011, 140.149999999969, 4.82942497472077));
#4413 = CARTESIAN_POINT ('', (98.4066460315011, 140.149999999969, 1.22942497472078));
#4414 = CARTESIAN_POINT ('', (98.4066460315011, 142.249999999969, 4.82942497472077));
#4415 = CARTESIAN_POINT ('', (98.4066460315011, 142.249999999969, 1.22942497472077));
#4416 = CARTESIAN_POINT ('', (98.4066460315011, 144.349999999969, 4.82942497472077));
#4417 = CARTESIAN_POINT ('', (98.4066460315011, 144.349999999969, 1.22942497472078));
#4418 = CARTESIAN_POINT ('', (96.3066460315011, 144.349999999969, 4.82942497472077));
#4419 = CARTESIAN_POINT ('', (96.3066460315011, 144.349999999969, 1.22942497472078));
#4420 = CARTESIAN_POINT ('', (96.3066460315011, 142.249999999969, 4.82942497472077));
#4421 = CARTESIAN_POINT ('', (96.3066460315011, 142.249999999969, 1.22942497472077));
#4422 = (
   BOUNDED_SURFACE ()
   B_SPLINE_SURFACE (3, 1, ((#4408, #4409), (#4410, #4411), (#4412, #4413), (#4414, #4415), (#4416, #4417), (#4418, #4419), (#4420, #4421)), .UNSPECIFIED., .T., .F., .U.)
   B_SPLINE_SURFACE_WITH_KNOTS ((4, 3, 4), (2, 2), (0., 0.5, 1.), (0., 1.), .UNSPECIFIED.)
   GEOMETRIC_REPRESENTATION_ITEM ()
   RATIONAL_B_SPLINE_SURFACE (((1., 1.), (0.333333333333333, 0.333333333333333), (0.333333333333333, 0.333333333333333), (1., 1.), (0.333333333333333, 0.333333333333333), (0.333333333333333, 0.333333333333333), (1., 1.)))
   REPRESENTATION_ITEM ('')
   SURFACE ()
);
#4423 = ADVANCED_FACE ('', (#4407), #4422, .T.);
#4424 = ORIENTED_EDGE ('', *, *, #4402, .T.);
#4425 = EDGE_LOOP ('', (#4424));
#4426 = FACE_OUTER_BOUND ('', #4425, .T.);
#4427 = CARTESIAN_POINT ('', (96.2940460315011, 141.187399999969, 1.52942497472077));
#4428 = CARTESIAN_POINT ('', (96.2940460315011, 143.312599999969, 1.52942497472077));
#4429 = CARTESIAN_POINT ('', (98.4192460315011, 141.187399999969, 1.52942497472077));
#4430 = CARTESIAN_POINT ('', (98.4192460315011, 143.312599999969, 1.52942497472077));
#4431 = B_SPLINE_SURFACE_WITH_KNOTS ('', 1, 1, ((#4427, #4428), (#4429, #4430)), .UNSPECIFIED., .F., .F., .U., (2, 2), (2, 2), (0., 1.), (0., 1.), .UNSPECIFIED.);
#4432 = ADVANCED_FACE ('', (#4426), #4431, .T.);
#4433 = CARTESIAN_POINT ('', (95.115, 143.49999999997, 3.22675714052078));
#4434 = VERTEX_POINT ('', #4433);
#4435 = CARTESIAN_POINT ('', (96.115, 144.499999999971, 3.22942497472077));
#4436 = CARTESIAN_POINT ('', (95.5292135623731, 144.49999999997, 3.22942497472077));
#4437 = CARTESIAN_POINT ('', (95.115, 144.085786437597, 3.22942497472077));
#4438 = CARTESIAN_POINT ('', (95.115, 143.499999999971, 3.22942497472077));
#4439 = (
   BOUNDED_CURVE ()
   B_SPLINE_CURVE (3, (#4435, #4436, #4437, #4438), .UNSPECIFIED., .F., .U.)
   B_SPLINE_CURVE_WITH_KNOTS ((4, 4), (0., 1.), .UNSPECIFIED.)
   CURVE ()
   GEOMETRIC_REPRESENTATION_ITEM ()
   RATIONAL_B_SPLINE_CURVE ((1., 0.804737854124369, 0.804737854124369, 1.))
   REPRESENTATION_ITEM ('')
);
#4440 = EDGE_CURVE ('', #1233, #4434, #4439, .T.);
#4441 = ORIENTED_EDGE ('', *, *, #4440, .T.);
#4442 = CARTESIAN_POINT ('', (95.115, 143.499999999971, 4.52942497472077));
#4443 = CARTESIAN_POINT ('', (95.115, 143.499999999971, 3.22942497472077));
#4444 = B_SPLINE_CURVE_WITH_KNOTS ('', 1, (#4442, #4443), .UNSPECIFIED., .F., .U., (2, 2), (0., 1.), .UNSPECIFIED.);
#4445 = EDGE_CURVE ('', #4237, #4434, #4444, .T.);
#4446 = ORIENTED_EDGE ('', *, *, #4445, .F.);
#4447 = ORIENTED_EDGE ('', *, *, #4252, .F.);
#4448 = ORIENTED_EDGE ('', *, *, #1244, .F.);
#4449 = EDGE_LOOP ('', (#4441, #4446, #4447, #4448));
#4450 = FACE_OUTER_BOUND ('', #4449, .T.);
#4451 = CARTESIAN_POINT ('', (95.115, 143.499999999971, 4.65942497472077));
#4452 = CARTESIAN_POINT ('', (95.115, 143.499999999971, 3.09942497472077));
#4453 = CARTESIAN_POINT ('', (95.115, 144.085786437597, 4.65942497472077));
#4454 = CARTESIAN_POINT ('', (95.115, 144.085786437597, 3.09942497472077));
#4455 = CARTESIAN_POINT ('', (95.5292135623731, 144.49999999997, 4.65942497472077));
#4456 = CARTESIAN_POINT ('', (95.5292135623731, 144.49999999997, 3.09942497472077));
#4457 = CARTESIAN_POINT ('', (96.115, 144.499999999971, 4.65942497472077));
#4458 = CARTESIAN_POINT ('', (96.115, 144.499999999971, 3.09942497472077));
#4459 = (
   BOUNDED_SURFACE ()
   B_SPLINE_SURFACE (3, 1, ((#4451, #4452), (#4453, #4454), (#4455, #4456), (#4457, #4458)), .UNSPECIFIED., .F., .F., .U.)
   B_SPLINE_SURFACE_WITH_KNOTS ((4, 4), (2, 2), (0., 1.), (0., 1.), .UNSPECIFIED.)
   GEOMETRIC_REPRESENTATION_ITEM ()
   RATIONAL_B_SPLINE_SURFACE (((1., 1.), (0.804737854124369, 0.804737854124369), (0.804737854124369, 0.804737854124369), (1., 1.)))
   REPRESENTATION_ITEM ('')
   SURFACE ()
);
#4460 = ADVANCED_FACE ('', (#4450), #4459, .T.);
#4461 = CARTESIAN_POINT ('', (95.115, 140.999999999968, 3.22675714052078));
#4462 = VERTEX_POINT ('', #4461);
#4463 = CARTESIAN_POINT ('', (95.115, 140.999999999968, 3.22675714052078));
#4464 = CARTESIAN_POINT ('', (95.115, 143.49999999997, 3.22675714052078));
#4465 = B_SPLINE_CURVE_WITH_KNOTS ('', 1, (#4463, #4464), .UNSPECIFIED., .F., .U., (2, 2), (0., 1.), .UNSPECIFIED.);
#4466 = EDGE_CURVE ('', #4462, #4434, #4465, .T.);
#4467 = ORIENTED_EDGE ('', *, *, #4466, .F.);
#4468 = CARTESIAN_POINT ('', (95.115, 140.999999999968, 3.22942497472077));
#4469 = CARTESIAN_POINT ('', (95.115, 140.999999999968, 4.52942497472077));
#4470 = B_SPLINE_CURVE_WITH_KNOTS ('', 1, (#4468, #4469), .UNSPECIFIED., .F., .U., (2, 2), (0., 1.), .UNSPECIFIED.);
#4471 = EDGE_CURVE ('', #4462, #4255, #4470, .T.);
#4472 = ORIENTED_EDGE ('', *, *, #4471, .T.);
#4473 = ORIENTED_EDGE ('', *, *, #4259, .T.);
#4474 = ORIENTED_EDGE ('', *, *, #4445, .T.);
#4475 = EDGE_LOOP ('', (#4467, #4472, #4473, #4474));
#4476 = FACE_OUTER_BOUND ('', #4475, .T.);
#4477 = CARTESIAN_POINT ('', (95.115, 140.999999999968, 3.22675714052078));
#4478 = CARTESIAN_POINT ('', (95.115, 143.499999999971, 3.22675714052078));
#4479 = CARTESIAN_POINT ('', (95.115, 140.999999999968, 4.52942497472077));
#4480 = CARTESIAN_POINT ('', (95.115, 143.499999999971, 4.52942497472077));
#4481 = B_SPLINE_SURFACE_WITH_KNOTS ('', 1, 1, ((#4477, #4478), (#4479, #4480)), .UNSPECIFIED., .F., .F., .U., (2, 2), (2, 2), (0., 1.), (0., 1.), .UNSPECIFIED.);
#4482 = ADVANCED_FACE ('', (#4476), #4481, .T.);
#4483 = CARTESIAN_POINT ('', (95.115, 140.999999999968, 3.22942497472077));
#4484 = CARTESIAN_POINT ('', (95.115, 140.414213562341, 3.22942497472077));
#4485 = CARTESIAN_POINT ('', (95.5292135623731, 139.999999999968, 3.22942497472077));
#4486 = CARTESIAN_POINT ('', (96.115, 139.999999999968, 3.22942497472077));
#4487 = (
   BOUNDED_CURVE ()
   B_SPLINE_CURVE (3, (#4483, #4484, #4485, #4486), .UNSPECIFIED., .F., .U.)
   B_SPLINE_CURVE_WITH_KNOTS ((4, 4), (0., 1.), .UNSPECIFIED.)
   CURVE ()
   GEOMETRIC_REPRESENTATION_ITEM ()
   RATIONAL_B_SPLINE_CURVE ((1., 0.804737854124365, 0.804737854124365, 1.))
   REPRESENTATION_ITEM ('')
);
#4488 = EDGE_CURVE ('', #4462, #452, #4487, .T.);
#4489 = ORIENTED_EDGE ('', *, *, #4488, .T.);
#4490 = ORIENTED_EDGE ('', *, *, #456, .F.);
#4491 = ORIENTED_EDGE ('', *, *, #4275, .F.);
#4492 = ORIENTED_EDGE ('', *, *, #4471, .F.);
#4493 = EDGE_LOOP ('', (#4489, #4490, #4491, #4492));
#4494 = FACE_OUTER_BOUND ('', #4493, .T.);
#4495 = CARTESIAN_POINT ('', (96.115, 139.999999999968, 4.65942497472077));
#4496 = CARTESIAN_POINT ('', (96.115, 139.999999999968, 3.09942497472077));
#4497 = CARTESIAN_POINT ('', (95.5292135623731, 139.999999999968, 4.65942497472077));
#4498 = CARTESIAN_POINT ('', (95.5292135623731, 139.999999999968, 3.09942497472077));
#4499 = CARTESIAN_POINT ('', (95.115, 140.414213562341, 4.65942497472077));
#4500 = CARTESIAN_POINT ('', (95.115, 140.414213562341, 3.09942497472077));
#4501 = CARTESIAN_POINT ('', (95.115, 140.999999999968, 4.65942497472077));
#4502 = CARTESIAN_POINT ('', (95.115, 140.999999999968, 3.09942497472077));
#4503 = (
   BOUNDED_SURFACE ()
   B_SPLINE_SURFACE (3, 1, ((#4495, #4496), (#4497, #4498), (#4499, #4500), (#4501, #4502)), .UNSPECIFIED., .F., .F., .U.)
   B_SPLINE_SURFACE_WITH_KNOTS ((4, 4), (2, 2), (0., 1.), (0., 1.), .UNSPECIFIED.)
   GEOMETRIC_REPRESENTATION_ITEM ()
   RATIONAL_B_SPLINE_SURFACE (((1., 1.), (0.804737854124365, 0.804737854124365), (0.804737854124365, 0.804737854124365), (1., 1.)))
   REPRESENTATION_ITEM ('')
   SURFACE ()
);
#4504 = ADVANCED_FACE ('', (#4494), #4503, .T.);
#4505 = ORIENTED_EDGE ('', *, *, #463, .F.);
#4506 = ORIENTED_EDGE ('', *, *, #4488, .F.);
#4507 = ORIENTED_EDGE ('', *, *, #4466, .T.);
#4508 = ORIENTED_EDGE ('', *, *, #4440, .F.);
#4509 = ORIENTED_EDGE ('', *, *, #1237, .F.);
#4510 = ORIENTED_EDGE ('', *, *, #1195, .F.);
#4511 = ORIENTED_EDGE ('', *, *, #1167, .F.);
#4512 = CARTESIAN_POINT ('', (23.1149999999988, 139.999999999968, 3.22942497472077));
#4513 = CARTESIAN_POINT ('', (23.7007864376257, 139.999999999968, 3.22942497472077));
#4514 = CARTESIAN_POINT ('', (24.1149999999988, 140.414213562341, 3.22942497472077));
#4515 = CARTESIAN_POINT ('', (24.1149999999988, 140.999999999968, 3.22942497472077));
#4516 = (
   BOUNDED_CURVE ()
   B_SPLINE_CURVE (3, (#4512, #4513, #4514, #4515), .UNSPECIFIED., .F., .U.)
   B_SPLINE_CURVE_WITH_KNOTS ((4, 4), (0., 1.), .UNSPECIFIED.)
   CURVE ()
   GEOMETRIC_REPRESENTATION_ITEM ()
   RATIONAL_B_SPLINE_CURVE ((1., 0.804737854124361, 0.804737854124361, 1.))
   REPRESENTATION_ITEM ('')
);
#4517 = EDGE_CURVE ('', #459, #1161, #4516, .T.);
#4518 = ORIENTED_EDGE ('', *, *, #4517, .F.);
#4519 = EDGE_LOOP ('', (#4505, #4506, #4507, #4508, #4509, #4510, #4511, #4518));
#4520 = FACE_OUTER_BOUND ('', #4519, .T.);
#4521 = CARTESIAN_POINT ('', (22.6769999999987, 139.999999999968, 3.22675714052078));
#4522 = CARTESIAN_POINT ('', (22.6769999999987, 144.499999999971, 3.22675714052078));
#4523 = CARTESIAN_POINT ('', (96.553, 139.999999999968, 3.22675714052078));
#4524 = CARTESIAN_POINT ('', (96.553, 144.499999999971, 3.22675714052078));
#4525 = B_SPLINE_SURFACE_WITH_KNOTS ('', 1, 1, ((#4521, #4522), (#4523, #4524)), .UNSPECIFIED., .F., .F., .U., (2, 2), (2, 2), (0., 1.), (0., 1.), .UNSPECIFIED.);
#4526 = ADVANCED_FACE ('', (#4520), #4525, .T.);
#4527 = ORIENTED_EDGE ('', *, *, #4517, .T.);
#4528 = ORIENTED_EDGE ('', *, *, #1178, .F.);
#4529 = ORIENTED_EDGE ('', *, *, #611, .F.);
#4530 = ORIENTED_EDGE ('', *, *, #470, .F.);
#4531 = EDGE_LOOP ('', (#4527, #4528, #4529, #4530));
#4532 = FACE_OUTER_BOUND ('', #4531, .T.);
#4533 = CARTESIAN_POINT ('', (24.1149999999988, 140.999999999968, 4.65942497472077));
#4534 = CARTESIAN_POINT ('', (24.1149999999988, 140.999999999968, 3.09942497472077));
#4535 = CARTESIAN_POINT ('', (24.1149999999988, 140.414213562341, 4.65942497472077));
#4536 = CARTESIAN_POINT ('', (24.1149999999988, 140.414213562341, 3.09942497472077));
#4537 = CARTESIAN_POINT ('', (23.7007864376257, 139.999999999968, 4.65942497472077));
#4538 = CARTESIAN_POINT ('', (23.7007864376257, 139.999999999968, 3.09942497472077));
#4539 = CARTESIAN_POINT ('', (23.1149999999988, 139.999999999968, 4.65942497472077));
#4540 = CARTESIAN_POINT ('', (23.1149999999988, 139.999999999968, 3.09942497472077));
#4541 = (
   BOUNDED_SURFACE ()
   B_SPLINE_SURFACE (3, 1, ((#4533, #4534), (#4535, #4536), (#4537, #4538), (#4539, #4540)), .UNSPECIFIED., .F., .F., .U.)
   B_SPLINE_SURFACE_WITH_KNOTS ((4, 4), (2, 2), (0., 1.), (0., 1.), .UNSPECIFIED.)
   GEOMETRIC_REPRESENTATION_ITEM ()
   RATIONAL_B_SPLINE_SURFACE (((1., 1.), (0.804737854124361, 0.804737854124361), (0.804737854124361, 0.804737854124361), (1., 1.)))
   REPRESENTATION_ITEM ('')
   SURFACE ()
);
#4542 = ADVANCED_FACE ('', (#4532), #4541, .T.);
#4543 = CARTESIAN_POINT ('', (-7.49499999999999, 148.499999999968, -2.67077142648074));
#4544 = VERTEX_POINT ('', #4543);
#4545 = CARTESIAN_POINT ('', (-7.49499999999998, 148.499999999968, -2.67077142648074));
#4546 = CARTESIAN_POINT ('', (-7.49499999999998, 148.499999999968, -2.37787820766728));
#4547 = CARTESIAN_POINT ('', (-7.49499999999998, 148.292893218782, -2.17077142648074));
#4548 = CARTESIAN_POINT ('', (-7.49499999999998, 147.999999999968, -2.17077142648074));
#4549 = (
   BOUNDED_CURVE ()
   B_SPLINE_CURVE (3, (#4545, #4546, #4547, #4548), .UNSPECIFIED., .F., .U.)
   B_SPLINE_CURVE_WITH_KNOTS ((4, 4), (0., 1.), .UNSPECIFIED.)
   CURVE ()
   GEOMETRIC_REPRESENTATION_ITEM ()
   RATIONAL_B_SPLINE_CURVE ((1., 0.804737854124365, 0.804737854124365, 1.))
   REPRESENTATION_ITEM ('')
);
#4550 = EDGE_CURVE ('', #4544, #3964, #4549, .T.);
#4551 = ORIENTED_EDGE ('', *, *, #4550, .F.);
#4552 = CARTESIAN_POINT ('', (-10.495, 145.499999999968, -2.67077142648074));
#4553 = VERTEX_POINT ('', #4552);
#4554 = CARTESIAN_POINT ('', (-10.495, 145.499999999968, -2.67077142648074));
#4555 = CARTESIAN_POINT ('', (-10.495, 147.257359312849, -2.67077142648074));
#4556 = CARTESIAN_POINT ('', (-9.2523593128807, 148.499999999968, -2.67077142648074));
#4557 = CARTESIAN_POINT ('', (-7.49499999999999, 148.499999999968, -2.67077142648074));
#4558 = (
   BOUNDED_CURVE ()
   B_SPLINE_CURVE (3, (#4554, #4555, #4556, #4557), .UNSPECIFIED., .F., .U.)
   B_SPLINE_CURVE_WITH_KNOTS ((4, 4), (0., 1.), .UNSPECIFIED.)
   CURVE ()
   GEOMETRIC_REPRESENTATION_ITEM ()
   RATIONAL_B_SPLINE_CURVE ((1., 0.804737854124365, 0.804737854124365, 1.))
   REPRESENTATION_ITEM ('')
);
#4559 = EDGE_CURVE ('', #4553, #4544, #4558, .T.);
#4560 = ORIENTED_EDGE ('', *, *, #4559, .F.);
#4561 = CARTESIAN_POINT ('', (-10.495, 145.499999999968, -2.67077142648064));
#4562 = CARTESIAN_POINT ('', (-10.4949999999999, 145.499999999968, -2.37787820766728));
#4563 = CARTESIAN_POINT ('', (-10.2878932188134, 145.499999999968, -2.17077142648079));
#4564 = CARTESIAN_POINT ('', (-9.99500000000009, 145.499999999968, -2.17077142648074));
#4565 = (
   BOUNDED_CURVE ()
   B_SPLINE_CURVE (3, (#4561, #4562, #4563, #4564), .UNSPECIFIED., .F., .U.)
   B_SPLINE_CURVE_WITH_KNOTS ((4, 4), (0., 1.), .UNSPECIFIED.)
   CURVE ()
   GEOMETRIC_REPRESENTATION_ITEM ()
   RATIONAL_B_SPLINE_CURVE ((0.956578302349546, 0.769794770334788, 0.769794770334786, 0.956578302349539))
   REPRESENTATION_ITEM ('')
);
#4566 = EDGE_CURVE ('', #4553, #3973, #4565, .T.);
#4567 = ORIENTED_EDGE ('', *, *, #4566, .T.);
#4568 = ORIENTED_EDGE ('', *, *, #3988, .F.);
#4569 = EDGE_LOOP ('', (#4551, #4560, #4567, #4568));
#4570 = FACE_OUTER_BOUND ('', #4569, .T.);
#4571 = CARTESIAN_POINT ('', (-7.49499999999998, 147.950083291645, -2.17326934384172));
#4572 = CARTESIAN_POINT ('', (-8.93022556332041, 147.950083291645, -2.17326934384172));
#4573 = CARTESIAN_POINT ('', (-9.94508329167657, 146.935225563289, -2.17326934384172));
#4574 = CARTESIAN_POINT ('', (-9.94508329167657, 145.499999999968, -2.17326934384172));
#4575 = CARTESIAN_POINT ('', (-7.49499999999998, 148.290026882579, -2.13916121511781));
#4576 = CARTESIAN_POINT ('', (-9.12935990844772, 148.290026882579, -2.13916121511781));
#4577 = CARTESIAN_POINT ('', (-10.2850268826105, 147.134359908416, -2.13916121511781));
#4578 = CARTESIAN_POINT ('', (-10.2850268826105, 145.499999999968, -2.13916121511781));
#4579 = CARTESIAN_POINT ('', (-7.49499999999998, 148.531610211331, -2.38074454387016));
#4580 = CARTESIAN_POINT ('', (-9.27087614598763, 148.531610211331, -2.38074454387016));
#4581 = CARTESIAN_POINT ('', (-10.5266102113629, 147.275876145956, -2.38074454387016));
#4582 = CARTESIAN_POINT ('', (-10.5266102113629, 145.499999999968, -2.38074454387016));
#4583 = CARTESIAN_POINT ('', (-7.49499999999998, 148.497502082607, -2.72068813480415));
#4584 = CARTESIAN_POINT ('', (-9.25089606676833, 148.497502082607, -2.72068813480415));
#4585 = CARTESIAN_POINT ('', (-10.492502082639, 147.255896066737, -2.72068813480415));
#4586 = CARTESIAN_POINT ('', (-10.492502082639, 145.499999999968, -2.72068813480415));
#4587 = (
   BOUNDED_SURFACE ()
   B_SPLINE_SURFACE (3, 3, ((#4571, #4572, #4573, #4574), (#4575, #4576, #4577, #4578), (#4579, #4580, #4581, #4582), (#4583, #4584, #4585, #4586)), .UNSPECIFIED., .F., .F., .U.)
   B_SPLINE_SURFACE_WITH_KNOTS ((4, 4), (4, 4), (0., 1.), (0., 1.), .UNSPECIFIED.)
   GEOMETRIC_REPRESENTATION_ITEM ()
   RATIONAL_B_SPLINE_SURFACE (((1., 0.804737854124365, 0.804737854124365, 1.), (0.755320871117968, 0.607835296998819, 0.607835296998819, 0.755320871117968), (0.755320871117968, 0.607835296998819, 0.607835296998819, 0.755320871117968), (1., 0.804737854124365, 0.804737854124365, 1.)))
   REPRESENTATION_ITEM ('')
   SURFACE ()
);
#4588 = ADVANCED_FACE ('', (#4570), #4587, .T.);
#4589 = CARTESIAN_POINT ('', (-10.495, 145.499999999968, -5.89019925136199));
#4590 = VERTEX_POINT ('', #4589);
#4591 = CARTESIAN_POINT ('', (-10.495, 145.499999999968, -2.67077142648074));
#4592 = CARTESIAN_POINT ('', (-10.495, 145.499999999968, -5.89019925136189));
#4593 = B_SPLINE_CURVE_WITH_KNOTS ('', 1, (#4591, #4592), .UNSPECIFIED., .F., .U., (2, 2), (0., 1.), .UNSPECIFIED.);
#4594 = EDGE_CURVE ('', #4553, #4590, #4593, .T.);
#4595 = ORIENTED_EDGE ('', *, *, #4594, .F.);
#4596 = ORIENTED_EDGE ('', *, *, #4559, .T.);
#4597 = CARTESIAN_POINT ('', (-7.49499999999999, 148.499999999968, -5.89019925136199));
#4598 = VERTEX_POINT ('', #4597);
#4599 = CARTESIAN_POINT ('', (-7.49499999999999, 148.499999999968, -2.67077142648074));
#4600 = CARTESIAN_POINT ('', (-7.49499999999999, 148.499999999968, -5.89019925136189));
#4601 = B_SPLINE_CURVE_WITH_KNOTS ('', 1, (#4599, #4600), .UNSPECIFIED., .F., .U., (2, 2), (0., 1.), .UNSPECIFIED.);
#4602 = EDGE_CURVE ('', #4544, #4598, #4601, .T.);
#4603 = ORIENTED_EDGE ('', *, *, #4602, .T.);
#4604 = CARTESIAN_POINT ('', (-10.495, 145.499999999968, -5.89019925136199));
#4605 = CARTESIAN_POINT ('', (-10.495, 147.257359312849, -5.89019925136199));
#4606 = CARTESIAN_POINT ('', (-9.2523593128807, 148.499999999968, -5.89019925136199));
#4607 = CARTESIAN_POINT ('', (-7.49499999999999, 148.499999999968, -5.89019925136199));
#4608 = (
   BOUNDED_CURVE ()
   B_SPLINE_CURVE (3, (#4604, #4605, #4606, #4607), .UNSPECIFIED., .F., .U.)
   B_SPLINE_CURVE_WITH_KNOTS ((4, 4), (0., 1.), .UNSPECIFIED.)
   CURVE ()
   GEOMETRIC_REPRESENTATION_ITEM ()
   RATIONAL_B_SPLINE_CURVE ((0.956578302349546, 0.769794770334702, 0.769794770334702, 0.956578302349546))
   REPRESENTATION_ITEM ('')
);
#4609 = EDGE_CURVE ('', #4590, #4598, #4608, .T.);
#4610 = ORIENTED_EDGE ('', *, *, #4609, .F.);
#4611 = EDGE_LOOP ('', (#4595, #4596, #4603, #4610));
#4612 = FACE_OUTER_BOUND ('', #4611, .T.);
#4613 = CARTESIAN_POINT ('', (-10.495, 145.499999999968, -2.34882864399262));
#4614 = CARTESIAN_POINT ('', (-10.495, 145.499999999968, -6.21214203385001));
#4615 = CARTESIAN_POINT ('', (-10.495, 147.257359312849, -2.34882864399262));
#4616 = CARTESIAN_POINT ('', (-10.495, 147.257359312849, -6.21214203385));
#4617 = CARTESIAN_POINT ('', (-9.2523593128807, 148.499999999968, -2.34882864399262));
#4618 = CARTESIAN_POINT ('', (-9.2523593128807, 148.499999999968, -6.21214203385));
#4619 = CARTESIAN_POINT ('', (-7.49499999999998, 148.499999999968, -2.34882864399262));
#4620 = CARTESIAN_POINT ('', (-7.49499999999998, 148.499999999968, -6.21214203385001));
#4621 = (
   BOUNDED_SURFACE ()
   B_SPLINE_SURFACE (3, 1, ((#4613, #4614), (#4615, #4616), (#4617, #4618), (#4619, #4620)), .UNSPECIFIED., .F., .F., .U.)
   B_SPLINE_SURFACE_WITH_KNOTS ((4, 4), (2, 2), (0., 1.), (0., 1.), .UNSPECIFIED.)
   GEOMETRIC_REPRESENTATION_ITEM ()
   RATIONAL_B_SPLINE_SURFACE (((1., 1.), (0.804737854124365, 0.804737854124365), (0.804737854124365, 0.804737854124365), (1., 1.)))
   REPRESENTATION_ITEM ('')
   SURFACE ()
);
#4622 = ADVANCED_FACE ('', (#4612), #4621, .T.);
#4623 = ORIENTED_EDGE ('', *, *, #4602, .F.);
#4624 = CARTESIAN_POINT ('', (151.364999999998, 148.499999999968, -2.67077142648074));
#4625 = VERTEX_POINT ('', #4624);
#4626 = CARTESIAN_POINT ('', (151.364999999998, 148.499999999968, -2.67077142648074));
#4627 = CARTESIAN_POINT ('', (-7.49499999999998, 148.499999999968, -2.67077142648074));
#4628 = B_SPLINE_CURVE_WITH_KNOTS ('', 1, (#4626, #4627), .UNSPECIFIED., .F., .U., (2, 2), (0., 1.), .UNSPECIFIED.);
#4629 = EDGE_CURVE ('', #4625, #4544, #4628, .T.);
#4630 = ORIENTED_EDGE ('', *, *, #4629, .F.);
#4631 = CARTESIAN_POINT ('', (151.364999999998, 148.499999999968, -5.89019925136199));
#4632 = VERTEX_POINT ('', #4631);
#4633 = CARTESIAN_POINT ('', (151.364999999998, 148.499999999968, -5.89019925136189));
#4634 = CARTESIAN_POINT ('', (151.364999999998, 148.499999999968, -2.67077142648074));
#4635 = B_SPLINE_CURVE_WITH_KNOTS ('', 1, (#4633, #4634), .UNSPECIFIED., .F., .U., (2, 2), (0., 1.), .UNSPECIFIED.);
#4636 = EDGE_CURVE ('', #4632, #4625, #4635, .T.);
#4637 = ORIENTED_EDGE ('', *, *, #4636, .F.);
#4638 = CARTESIAN_POINT ('', (-7.49499999999997, 148.499999999968, -5.89019925136189));
#4639 = CARTESIAN_POINT ('', (151.364999999998, 148.499999999968, -5.89019925136189));
#4640 = B_SPLINE_CURVE_WITH_KNOTS ('', 1, (#4638, #4639), .UNSPECIFIED., .F., .U., (2, 2), (0., 1.), .UNSPECIFIED.);
#4641 = EDGE_CURVE ('', #4598, #4632, #4640, .T.);
#4642 = ORIENTED_EDGE ('', *, *, #4641, .F.);
#4643 = EDGE_LOOP ('', (#4623, #4630, #4637, #4642));
#4644 = FACE_OUTER_BOUND ('', #4643, .T.);
#4645 = CARTESIAN_POINT ('', (-7.49499999999995, 148.499999999968, -5.89019925136189));
#4646 = CARTESIAN_POINT ('', (151.364999999998, 148.499999999968, -5.89019925136189));
#4647 = CARTESIAN_POINT ('', (-7.49499999999995, 148.499999999968, -2.67077142648074));
#4648 = CARTESIAN_POINT ('', (151.364999999998, 148.499999999968, -2.67077142648074));
#4649 = B_SPLINE_SURFACE_WITH_KNOTS ('', 1, 1, ((#4645, #4646), (#4647, #4648)), .UNSPECIFIED., .F., .F., .U., (2, 2), (2, 2), (0., 1.), (0., 1.), .UNSPECIFIED.);
#4650 = ADVANCED_FACE ('', (#4644), #4649, .T.);
#4651 = CARTESIAN_POINT ('', (151.364999999998, 147.999999999968, -2.17077142648074));
#4652 = CARTESIAN_POINT ('', (151.364999999998, 148.292893218782, -2.17077142648074));
#4653 = CARTESIAN_POINT ('', (151.364999999998, 148.499999999968, -2.37787820766728));
#4654 = CARTESIAN_POINT ('', (151.364999999998, 148.499999999968, -2.67077142648074));
#4655 = (
   BOUNDED_CURVE ()
   B_SPLINE_CURVE (3, (#4651, #4652, #4653, #4654), .UNSPECIFIED., .F., .U.)
   B_SPLINE_CURVE_WITH_KNOTS ((4, 4), (0., 1.), .UNSPECIFIED.)
   CURVE ()
   GEOMETRIC_REPRESENTATION_ITEM ()
   RATIONAL_B_SPLINE_CURVE ((1., 0.804737854124365, 0.804737854124365, 1.))
   REPRESENTATION_ITEM ('')
);
#4656 = EDGE_CURVE ('', #3966, #4625, #4655, .T.);
#4657 = ORIENTED_EDGE ('', *, *, #4656, .T.);
#4658 = ORIENTED_EDGE ('', *, *, #4629, .T.);
#4659 = ORIENTED_EDGE ('', *, *, #4550, .T.);
#4660 = ORIENTED_EDGE ('', *, *, #3970, .T.);
#4661 = EDGE_LOOP ('', (#4657, #4658, #4659, #4660));
#4662 = FACE_OUTER_BOUND ('', #4661, .T.);
#4663 = CARTESIAN_POINT ('', (-7.49499999999998, 148.499999999968, -2.67077142648074));
#4664 = CARTESIAN_POINT ('', (151.364999999998, 148.499999999968, -2.67077142648074));
#4665 = CARTESIAN_POINT ('', (-7.49499999999998, 148.499999999968, -2.37787820766728));
#4666 = CARTESIAN_POINT ('', (151.364999999998, 148.499999999968, -2.37787820766728));
#4667 = CARTESIAN_POINT ('', (-7.49499999999998, 148.292893218782, -2.17077142648074));
#4668 = CARTESIAN_POINT ('', (151.364999999998, 148.292893218782, -2.17077142648074));
#4669 = CARTESIAN_POINT ('', (-7.49499999999998, 147.999999999968, -2.17077142648074));
#4670 = CARTESIAN_POINT ('', (151.364999999998, 147.999999999968, -2.17077142648074));
#4671 = (
   BOUNDED_SURFACE ()
   B_SPLINE_SURFACE (3, 1, ((#4663, #4664), (#4665, #4666), (#4667, #4668), (#4669, #4670)), .UNSPECIFIED., .F., .F., .U.)
   B_SPLINE_SURFACE_WITH_KNOTS ((4, 4), (2, 2), (0., 1.), (0., 1.), .UNSPECIFIED.)
   GEOMETRIC_REPRESENTATION_ITEM ()
   RATIONAL_B_SPLINE_SURFACE (((1., 1.), (0.804737854124365, 0.804737854124365), (0.804737854124365, 0.804737854124365), (1., 1.)))
   REPRESENTATION_ITEM ('')
   SURFACE ()
);
#4672 = ADVANCED_FACE ('', (#4662), #4671, .T.);
#4673 = CARTESIAN_POINT ('', (154.364999999998, 145.499999999968, -2.67077142648074));
#4674 = VERTEX_POINT ('', #4673);
#4675 = CARTESIAN_POINT ('', (154.364999999998, 145.499999999968, -2.67077142648074));
#4676 = CARTESIAN_POINT ('', (154.364999999998, 145.499999999968, -2.37787820766728));
#4677 = CARTESIAN_POINT ('', (154.157893218811, 145.499999999968, -2.17077142648074));
#4678 = CARTESIAN_POINT ('', (153.864999999998, 145.499999999968, -2.17077142648074));
#4679 = (
   BOUNDED_CURVE ()
   B_SPLINE_CURVE (3, (#4675, #4676, #4677, #4678), .UNSPECIFIED., .F., .U.)
   B_SPLINE_CURVE_WITH_KNOTS ((4, 4), (0., 1.), .UNSPECIFIED.)
   CURVE ()
   GEOMETRIC_REPRESENTATION_ITEM ()
   RATIONAL_B_SPLINE_CURVE ((1., 0.804737854124365, 0.804737854124365, 1.))
   REPRESENTATION_ITEM ('')
);
#4680 = EDGE_CURVE ('', #4674, #4057, #4679, .T.);
#4681 = ORIENTED_EDGE ('', *, *, #4680, .F.);
#4682 = CARTESIAN_POINT ('', (151.364999999998, 148.499999999968, -2.67077142648074));
#4683 = CARTESIAN_POINT ('', (153.122359312879, 148.499999999968, -2.67077142648074));
#4684 = CARTESIAN_POINT ('', (154.364999999998, 147.257359312849, -2.67077142648074));
#4685 = CARTESIAN_POINT ('', (154.364999999998, 145.499999999968, -2.67077142648074));
#4686 = (
   BOUNDED_CURVE ()
   B_SPLINE_CURVE (3, (#4682, #4683, #4684, #4685), .UNSPECIFIED., .F., .U.)
   B_SPLINE_CURVE_WITH_KNOTS ((4, 4), (0., 1.), .UNSPECIFIED.)
   CURVE ()
   GEOMETRIC_REPRESENTATION_ITEM ()
   RATIONAL_B_SPLINE_CURVE ((1., 0.804737854124365, 0.804737854124365, 1.))
   REPRESENTATION_ITEM ('')
);
#4687 = EDGE_CURVE ('', #4625, #4674, #4686, .T.);
#4688 = ORIENTED_EDGE ('', *, *, #4687, .F.);
#4689 = ORIENTED_EDGE ('', *, *, #4656, .F.);
#4690 = ORIENTED_EDGE ('', *, *, #4077, .F.);
#4691 = EDGE_LOOP ('', (#4681, #4688, #4689, #4690));
#4692 = FACE_OUTER_BOUND ('', #4691, .T.);
#4693 = CARTESIAN_POINT ('', (153.815083291675, 145.499999999968, -2.17326934384172));
#4694 = CARTESIAN_POINT ('', (153.815083291675, 146.935225563288, -2.17326934384172));
#4695 = CARTESIAN_POINT ('', (152.800225563318, 147.950083291645, -2.17326934384172));
#4696 = CARTESIAN_POINT ('', (151.364999999998, 147.950083291645, -2.17326934384172));
#4697 = CARTESIAN_POINT ('', (154.155026882608, 145.499999999968, -2.13916121511781));
#4698 = CARTESIAN_POINT ('', (154.155026882609, 147.134359908416, -2.13916121511781));
#4699 = CARTESIAN_POINT ('', (152.999359908446, 148.290026882579, -2.13916121511781));
#4700 = CARTESIAN_POINT ('', (151.364999999998, 148.290026882579, -2.13916121511781));
#4701 = CARTESIAN_POINT ('', (154.396610211361, 145.499999999968, -2.38074454387016));
#4702 = CARTESIAN_POINT ('', (154.396610211361, 147.275876145956, -2.38074454387016));
#4703 = CARTESIAN_POINT ('', (153.140876145986, 148.531610211331, -2.38074454387016));
#4704 = CARTESIAN_POINT ('', (151.364999999998, 148.531610211331, -2.38074454387016));
#4705 = CARTESIAN_POINT ('', (154.362502082637, 145.499999999968, -2.72068813480415));
#4706 = CARTESIAN_POINT ('', (154.362502082637, 147.255896066736, -2.72068813480415));
#4707 = CARTESIAN_POINT ('', (153.120896066766, 148.497502082607, -2.72068813480415));
#4708 = CARTESIAN_POINT ('', (151.364999999998, 148.497502082607, -2.72068813480415));
#4709 = (
   BOUNDED_SURFACE ()
   B_SPLINE_SURFACE (3, 3, ((#4693, #4694, #4695, #4696), (#4697, #4698, #4699, #4700), (#4701, #4702, #4703, #4704), (#4705, #4706, #4707, #4708)), .UNSPECIFIED., .F., .F., .U.)
   B_SPLINE_SURFACE_WITH_KNOTS ((4, 4), (4, 4), (0., 1.), (0., 1.), .UNSPECIFIED.)
   GEOMETRIC_REPRESENTATION_ITEM ()
   RATIONAL_B_SPLINE_SURFACE (((1., 0.804737854124365, 0.804737854124365, 1.), (0.755320871117968, 0.607835296998819, 0.607835296998819, 0.755320871117968), (0.755320871117968, 0.607835296998819, 0.607835296998819, 0.755320871117968), (1., 0.804737854124365, 0.804737854124365, 1.)))
   REPRESENTATION_ITEM ('')
   SURFACE ()
);
#4710 = ADVANCED_FACE ('', (#4692), #4709, .T.);
#4711 = ORIENTED_EDGE ('', *, *, #4636, .T.);
#4712 = ORIENTED_EDGE ('', *, *, #4687, .T.);
#4713 = CARTESIAN_POINT ('', (154.364999999998, 145.499999999968, -5.89019925136199));
#4714 = VERTEX_POINT ('', #4713);
#4715 = CARTESIAN_POINT ('', (154.364999999998, 145.499999999968, -5.89019925136189));
#4716 = CARTESIAN_POINT ('', (154.364999999998, 145.499999999968, -2.67077142648074));
#4717 = B_SPLINE_CURVE_WITH_KNOTS ('', 1, (#4715, #4716), .UNSPECIFIED., .F., .U., (2, 2), (0., 1.), .UNSPECIFIED.);
#4718 = EDGE_CURVE ('', #4714, #4674, #4717, .T.);
#4719 = ORIENTED_EDGE ('', *, *, #4718, .F.);
#4720 = CARTESIAN_POINT ('', (151.364999999998, 148.499999999968, -5.89019925136199));
#4721 = CARTESIAN_POINT ('', (153.122359312879, 148.499999999968, -5.89019925136199));
#4722 = CARTESIAN_POINT ('', (154.364999999998, 147.257359312849, -5.89019925136199));
#4723 = CARTESIAN_POINT ('', (154.364999999998, 145.499999999968, -5.89019925136199));
#4724 = (
   BOUNDED_CURVE ()
   B_SPLINE_CURVE (3, (#4720, #4721, #4722, #4723), .UNSPECIFIED., .F., .U.)
   B_SPLINE_CURVE_WITH_KNOTS ((4, 4), (0., 1.), .UNSPECIFIED.)
   CURVE ()
   GEOMETRIC_REPRESENTATION_ITEM ()
   RATIONAL_B_SPLINE_CURVE ((0.956578302349547, 0.769794770334703, 0.769794770334703, 0.956578302349547))
   REPRESENTATION_ITEM ('')
);
#4725 = EDGE_CURVE ('', #4632, #4714, #4724, .T.);
#4726 = ORIENTED_EDGE ('', *, *, #4725, .F.);
#4727 = EDGE_LOOP ('', (#4711, #4712, #4719, #4726));
#4728 = FACE_OUTER_BOUND ('', #4727, .T.);
#4729 = CARTESIAN_POINT ('', (151.364999999998, 148.499999999968, -2.34882864399262));
#4730 = CARTESIAN_POINT ('', (151.364999999998, 148.499999999968, -6.21214203385001));
#4731 = CARTESIAN_POINT ('', (153.122359312879, 148.499999999968, -2.34882864399262));
#4732 = CARTESIAN_POINT ('', (153.122359312879, 148.499999999968, -6.21214203385));
#4733 = CARTESIAN_POINT ('', (154.364999999998, 147.257359312849, -2.34882864399262));
#4734 = CARTESIAN_POINT ('', (154.364999999998, 147.257359312849, -6.21214203385));
#4735 = CARTESIAN_POINT ('', (154.364999999998, 145.499999999968, -2.34882864399262));
#4736 = CARTESIAN_POINT ('', (154.364999999998, 145.499999999968, -6.21214203385001));
#4737 = (
   BOUNDED_SURFACE ()
   B_SPLINE_SURFACE (3, 1, ((#4729, #4730), (#4731, #4732), (#4733, #4734), (#4735, #4736)), .UNSPECIFIED., .F., .F., .U.)
   B_SPLINE_SURFACE_WITH_KNOTS ((4, 4), (2, 2), (0., 1.), (0., 1.), .UNSPECIFIED.)
   GEOMETRIC_REPRESENTATION_ITEM ()
   RATIONAL_B_SPLINE_SURFACE (((1., 1.), (0.804737854124365, 0.804737854124365), (0.804737854124365, 0.804737854124365), (1., 1.)))
   REPRESENTATION_ITEM ('')
   SURFACE ()
);
#4738 = ADVANCED_FACE ('', (#4728), #4737, .T.);
#4739 = ORIENTED_EDGE ('', *, *, #4718, .T.);
#4740 = CARTESIAN_POINT ('', (154.364999999998, -7.53621407955039, -2.67077142648074));
#4741 = VERTEX_POINT ('', #4740);
#4742 = CARTESIAN_POINT ('', (154.364999999998, 145.499999999968, -2.67077142648074));
#4743 = CARTESIAN_POINT ('', (154.364999999998, -7.53621407955038, -2.67077142648074));
#4744 = B_SPLINE_CURVE_WITH_KNOTS ('', 1, (#4742, #4743), .UNSPECIFIED., .F., .U., (2, 2), (0., 1.), .UNSPECIFIED.);
#4745 = EDGE_CURVE ('', #4674, #4741, #4744, .T.);
#4746 = ORIENTED_EDGE ('', *, *, #4745, .T.);
#4747 = CARTESIAN_POINT ('', (154.364999999998, -7.5362140795504, -5.89019925136199));
#4748 = VERTEX_POINT ('', #4747);
#4749 = CARTESIAN_POINT ('', (154.364999999998, -7.53621407955039, -5.89019925136189));
#4750 = CARTESIAN_POINT ('', (154.364999999998, -7.53621407955039, -2.67077142648074));
#4751 = B_SPLINE_CURVE_WITH_KNOTS ('', 1, (#4749, #4750), .UNSPECIFIED., .F., .U., (2, 2), (0., 1.), .UNSPECIFIED.);
#4752 = EDGE_CURVE ('', #4748, #4741, #4751, .T.);
#4753 = ORIENTED_EDGE ('', *, *, #4752, .F.);
#4754 = CARTESIAN_POINT ('', (154.364999999998, -7.53621407955039, -5.89019925136189));
#4755 = CARTESIAN_POINT ('', (154.364999999998, 145.499999999968, -5.89019925136189));
#4756 = B_SPLINE_CURVE_WITH_KNOTS ('', 1, (#4754, #4755), .UNSPECIFIED., .F., .U., (2, 2), (0., 1.), .UNSPECIFIED.);
#4757 = EDGE_CURVE ('', #4748, #4714, #4756, .T.);
#4758 = ORIENTED_EDGE ('', *, *, #4757, .T.);
#4759 = EDGE_LOOP ('', (#4739, #4746, #4753, #4758));
#4760 = FACE_OUTER_BOUND ('', #4759, .T.);
#4761 = CARTESIAN_POINT ('', (154.364999999998, -7.53621407955039, -5.89019925136189));
#4762 = CARTESIAN_POINT ('', (154.364999999998, -7.53621407955039, -2.67077142648074));
#4763 = CARTESIAN_POINT ('', (154.364999999998, 145.499999999968, -5.89019925136189));
#4764 = CARTESIAN_POINT ('', (154.364999999998, 145.499999999968, -2.67077142648074));
#4765 = B_SPLINE_SURFACE_WITH_KNOTS ('', 1, 1, ((#4761, #4762), (#4763, #4764)), .UNSPECIFIED., .F., .F., .U., (2, 2), (2, 2), (0., 1.), (0., 1.), .UNSPECIFIED.);
#4766 = ADVANCED_FACE ('', (#4760), #4765, .T.);
#4767 = CARTESIAN_POINT ('', (154.364999999998, -7.5362140795504, -2.67077142648064));
#4768 = CARTESIAN_POINT ('', (154.364999999998, -7.53621407955041, -2.37787820766727));
#4769 = CARTESIAN_POINT ('', (154.157893218811, -7.5362140795504, -2.17077142648079));
#4770 = CARTESIAN_POINT ('', (153.864999999998, -7.53621407955041, -2.17077142648074));
#4771 = (
   BOUNDED_CURVE ()
   B_SPLINE_CURVE (3, (#4767, #4768, #4769, #4770), .UNSPECIFIED., .F., .U.)
   B_SPLINE_CURVE_WITH_KNOTS ((4, 4), (0., 1.), .UNSPECIFIED.)
   CURVE ()
   GEOMETRIC_REPRESENTATION_ITEM ()
   RATIONAL_B_SPLINE_CURVE ((0.956578302349547, 0.769794770334785, 0.769794770334786, 0.956578302349549))
   REPRESENTATION_ITEM ('')
);
#4772 = EDGE_CURVE ('', #4741, #4039, #4771, .T.);
#4773 = ORIENTED_EDGE ('', *, *, #4772, .F.);
#4774 = ORIENTED_EDGE ('', *, *, #4745, .F.);
#4775 = ORIENTED_EDGE ('', *, *, #4680, .T.);
#4776 = ORIENTED_EDGE ('', *, *, #4061, .T.);
#4777 = EDGE_LOOP ('', (#4773, #4774, #4775, #4776));
#4778 = FACE_OUTER_BOUND ('', #4777, .T.);
#4779 = CARTESIAN_POINT ('', (154.364999999998, 145.499999999968, -2.67077142648074));
#4780 = CARTESIAN_POINT ('', (154.364999999998, -7.53621407955039, -2.67077142648074));
#4781 = CARTESIAN_POINT ('', (154.364999999998, 145.499999999968, -2.37787820766728));
#4782 = CARTESIAN_POINT ('', (154.364999999998, -7.5362140795504, -2.37787820766728));
#4783 = CARTESIAN_POINT ('', (154.157893218811, 145.499999999968, -2.17077142648074));
#4784 = CARTESIAN_POINT ('', (154.157893218811, -7.5362140795504, -2.17077142648074));
#4785 = CARTESIAN_POINT ('', (153.864999999998, 145.499999999968, -2.17077142648074));
#4786 = CARTESIAN_POINT ('', (153.864999999998, -7.53621407955039, -2.17077142648074));
#4787 = (
   BOUNDED_SURFACE ()
   B_SPLINE_SURFACE (3, 1, ((#4779, #4780), (#4781, #4782), (#4783, #4784), (#4785, #4786)), .UNSPECIFIED., .F., .F., .U.)
   B_SPLINE_SURFACE_WITH_KNOTS ((4, 4), (2, 2), (0., 1.), (0., 1.), .UNSPECIFIED.)
   GEOMETRIC_REPRESENTATION_ITEM ()
   RATIONAL_B_SPLINE_SURFACE (((1., 1.), (0.804737854124365, 0.804737854124365), (0.804737854124365, 0.804737854124365), (1., 1.)))
   REPRESENTATION_ITEM ('')
   SURFACE ()
);
#4788 = ADVANCED_FACE ('', (#4778), #4787, .T.);
#4789 = CARTESIAN_POINT ('', (151.364999999998, -10.5362140795504, -2.67077142648074));
#4790 = VERTEX_POINT ('', #4789);
#4791 = CARTESIAN_POINT ('', (151.364999999998, -10.0362140795505, -2.17077142648074));
#4792 = CARTESIAN_POINT ('', (151.364999999998, -10.3291072983639, -2.17077142648079));
#4793 = CARTESIAN_POINT ('', (151.364999999998, -10.5362140795503, -2.37787820766728));
#4794 = CARTESIAN_POINT ('', (151.364999999998, -10.5362140795504, -2.67077142648064));
#4795 = (
   BOUNDED_CURVE ()
   B_SPLINE_CURVE (3, (#4791, #4792, #4793, #4794), .UNSPECIFIED., .F., .U.)
   B_SPLINE_CURVE_WITH_KNOTS ((4, 4), (0., 1.), .UNSPECIFIED.)
   CURVE ()
   GEOMETRIC_REPRESENTATION_ITEM ()
   RATIONAL_B_SPLINE_CURVE ((0.956578302349543, 0.769794770334786, 0.769794770334787, 0.956578302349547))
   REPRESENTATION_ITEM ('')
);
#4796 = EDGE_CURVE ('', #4032, #4790, #4795, .T.);
#4797 = ORIENTED_EDGE ('', *, *, #4796, .T.);
#4798 = CARTESIAN_POINT ('', (154.364999999998, -7.53621407955039, -2.67077142648074));
#4799 = CARTESIAN_POINT ('', (154.364999999998, -9.29357339243111, -2.67077142648074));
#4800 = CARTESIAN_POINT ('', (153.122359312879, -10.5362140795504, -2.67077142648074));
#4801 = CARTESIAN_POINT ('', (151.364999999998, -10.5362140795504, -2.67077142648074));
#4802 = (
   BOUNDED_CURVE ()
   B_SPLINE_CURVE (3, (#4798, #4799, #4800, #4801), .UNSPECIFIED., .F., .U.)
   B_SPLINE_CURVE_WITH_KNOTS ((4, 4), (0., 1.), .UNSPECIFIED.)
   CURVE ()
   GEOMETRIC_REPRESENTATION_ITEM ()
   RATIONAL_B_SPLINE_CURVE ((1., 0.804737854124365, 0.804737854124365, 1.))
   REPRESENTATION_ITEM ('')
);
#4803 = EDGE_CURVE ('', #4741, #4790, #4802, .T.);
#4804 = ORIENTED_EDGE ('', *, *, #4803, .F.);
#4805 = ORIENTED_EDGE ('', *, *, #4772, .T.);
#4806 = ORIENTED_EDGE ('', *, *, #4054, .F.);
#4807 = EDGE_LOOP ('', (#4797, #4804, #4805, #4806));
#4808 = FACE_OUTER_BOUND ('', #4807, .T.);
#4809 = CARTESIAN_POINT ('', (151.364999999998, -9.98629737122698, -2.17326934384172));
#4810 = CARTESIAN_POINT ('', (152.800225563318, -9.98629737122697, -2.17326934384172));
#4811 = CARTESIAN_POINT ('', (153.815083291674, -8.97143964287083, -2.17326934384172));
#4812 = CARTESIAN_POINT ('', (153.815083291674, -7.53621407955041, -2.17326934384172));
#4813 = CARTESIAN_POINT ('', (151.364999999998, -10.326240962161, -2.13916121511781));
#4814 = CARTESIAN_POINT ('', (152.999359908446, -10.326240962161, -2.13916121511781));
#4815 = CARTESIAN_POINT ('', (154.155026882608, -9.17057398799815, -2.13916121511781));
#4816 = CARTESIAN_POINT ('', (154.155026882608, -7.53621407955041, -2.13916121511781));
#4817 = CARTESIAN_POINT ('', (151.364999999998, -10.5678242909133, -2.38074454387016));
#4818 = CARTESIAN_POINT ('', (153.140876145985, -10.5678242909133, -2.38074454387016));
#4819 = CARTESIAN_POINT ('', (154.396610211361, -9.31209022553804, -2.38074454387016));
#4820 = CARTESIAN_POINT ('', (154.396610211361, -7.53621407955041, -2.38074454387016));
#4821 = CARTESIAN_POINT ('', (151.364999999998, -10.5337161621894, -2.72068813480415));
#4822 = CARTESIAN_POINT ('', (153.120896066766, -10.5337161621894, -2.72068813480415));
#4823 = CARTESIAN_POINT ('', (154.362502082637, -9.29211014631874, -2.72068813480415));
#4824 = CARTESIAN_POINT ('', (154.362502082637, -7.53621407955041, -2.72068813480415));
#4825 = (
   BOUNDED_SURFACE ()
   B_SPLINE_SURFACE (3, 3, ((#4809, #4810, #4811, #4812), (#4813, #4814, #4815, #4816), (#4817, #4818, #4819, #4820), (#4821, #4822, #4823, #4824)), .UNSPECIFIED., .F., .F., .U.)
   B_SPLINE_SURFACE_WITH_KNOTS ((4, 4), (4, 4), (0., 1.), (0., 1.), .UNSPECIFIED.)
   GEOMETRIC_REPRESENTATION_ITEM ()
   RATIONAL_B_SPLINE_SURFACE (((1., 0.804737854124365, 0.804737854124365, 1.), (0.755320871117968, 0.60783529699882, 0.60783529699882, 0.755320871117968), (0.755320871117968, 0.60783529699882, 0.60783529699882, 0.755320871117968), (1., 0.804737854124365, 0.804737854124365, 1.)))
   REPRESENTATION_ITEM ('')
   SURFACE ()
);
#4826 = ADVANCED_FACE ('', (#4808), #4825, .T.);
#4827 = ORIENTED_EDGE ('', *, *, #4752, .T.);
#4828 = ORIENTED_EDGE ('', *, *, #4803, .T.);
#4829 = CARTESIAN_POINT ('', (151.364999999998, -10.5362140795504, -5.89019925136199));
#4830 = VERTEX_POINT ('', #4829);
#4831 = CARTESIAN_POINT ('', (151.364999999998, -10.5362140795504, -5.89019925136189));
#4832 = CARTESIAN_POINT ('', (151.364999999998, -10.5362140795504, -2.67077142648074));
#4833 = B_SPLINE_CURVE_WITH_KNOTS ('', 1, (#4831, #4832), .UNSPECIFIED., .F., .U., (2, 2), (0., 1.), .UNSPECIFIED.);
#4834 = EDGE_CURVE ('', #4830, #4790, #4833, .T.);
#4835 = ORIENTED_EDGE ('', *, *, #4834, .F.);
#4836 = CARTESIAN_POINT ('', (154.364999999998, -7.53621407955041, -5.89019925136199));
#4837 = CARTESIAN_POINT ('', (154.364999999998, -9.29357339243112, -5.89019925136199));
#4838 = CARTESIAN_POINT ('', (153.122359312879, -10.5362140795504, -5.89019925136199));
#4839 = CARTESIAN_POINT ('', (151.364999999998, -10.5362140795504, -5.89019925136199));
#4840 = (
   BOUNDED_CURVE ()
   B_SPLINE_CURVE (3, (#4836, #4837, #4838, #4839), .UNSPECIFIED., .F., .U.)
   B_SPLINE_CURVE_WITH_KNOTS ((4, 4), (0., 1.), .UNSPECIFIED.)
   CURVE ()
   GEOMETRIC_REPRESENTATION_ITEM ()
   RATIONAL_B_SPLINE_CURVE ((0.956578302349548, 0.769794770334704, 0.769794770334704, 0.956578302349548))
   REPRESENTATION_ITEM ('')
);
#4841 = EDGE_CURVE ('', #4748, #4830, #4840, .T.);
#4842 = ORIENTED_EDGE ('', *, *, #4841, .F.);
#4843 = EDGE_LOOP ('', (#4827, #4828, #4835, #4842));
#4844 = FACE_OUTER_BOUND ('', #4843, .T.);
#4845 = CARTESIAN_POINT ('', (154.364999999998, -7.53621407955039, -2.34882864399262));
#4846 = CARTESIAN_POINT ('', (154.364999999998, -7.53621407955039, -6.21214203385001));
#4847 = CARTESIAN_POINT ('', (154.364999999998, -9.29357339243111, -2.34882864399262));
#4848 = CARTESIAN_POINT ('', (154.364999999998, -9.29357339243111, -6.21214203385));
#4849 = CARTESIAN_POINT ('', (153.122359312879, -10.5362140795504, -2.34882864399262));
#4850 = CARTESIAN_POINT ('', (153.122359312879, -10.5362140795504, -6.21214203385));
#4851 = CARTESIAN_POINT ('', (151.364999999998, -10.5362140795504, -2.34882864399262));
#4852 = CARTESIAN_POINT ('', (151.364999999998, -10.5362140795504, -6.21214203385001));
#4853 = (
   BOUNDED_SURFACE ()
   B_SPLINE_SURFACE (3, 1, ((#4845, #4846), (#4847, #4848), (#4849, #4850), (#4851, #4852)), .UNSPECIFIED., .F., .F., .U.)
   B_SPLINE_SURFACE_WITH_KNOTS ((4, 4), (2, 2), (0., 1.), (0., 1.), .UNSPECIFIED.)
   GEOMETRIC_REPRESENTATION_ITEM ()
   RATIONAL_B_SPLINE_SURFACE (((1., 1.), (0.804737854124365, 0.804737854124365), (0.804737854124365, 0.804737854124365), (1., 1.)))
   REPRESENTATION_ITEM ('')
   SURFACE ()
);
#4854 = ADVANCED_FACE ('', (#4844), #4853, .T.);
#4855 = ORIENTED_EDGE ('', *, *, #4834, .T.);
#4856 = CARTESIAN_POINT ('', (125.848081569976, -10.5362140795504, -2.67077142648074));
#4857 = VERTEX_POINT ('', #4856);
#4858 = CARTESIAN_POINT ('', (151.364999999998, -10.5362140795504, -2.67077142648074));
#4859 = CARTESIAN_POINT ('', (125.848081569976, -10.5362140795504, -2.67077142648074));
#4860 = B_SPLINE_CURVE_WITH_KNOTS ('', 1, (#4858, #4859), .UNSPECIFIED., .F., .U., (2, 2), (0., 1.), .UNSPECIFIED.);
#4861 = EDGE_CURVE ('', #4790, #4857, #4860, .T.);
#4862 = ORIENTED_EDGE ('', *, *, #4861, .T.);
#4863 = CARTESIAN_POINT ('', (125.848081569976, -10.5362140795504, -5.89019925136199));
#4864 = VERTEX_POINT ('', #4863);
#4865 = CARTESIAN_POINT ('', (125.848081569976, -10.5362140795504, -2.67077142648074));
#4866 = CARTESIAN_POINT ('', (125.848081569976, -10.5362140795504, -5.89019925136189));
#4867 = B_SPLINE_CURVE_WITH_KNOTS ('', 1, (#4865, #4866), .UNSPECIFIED., .F., .U., (2, 2), (0., 1.), .UNSPECIFIED.);
#4868 = EDGE_CURVE ('', #4857, #4864, #4867, .T.);
#4869 = ORIENTED_EDGE ('', *, *, #4868, .T.);
#4870 = CARTESIAN_POINT ('', (125.848081569976, -10.5362140795504, -5.89019925136189));
#4871 = CARTESIAN_POINT ('', (151.364999999998, -10.5362140795504, -5.89019925136189));
#4872 = B_SPLINE_CURVE_WITH_KNOTS ('', 1, (#4870, #4871), .UNSPECIFIED., .F., .U., (2, 2), (0., 1.), .UNSPECIFIED.);
#4873 = EDGE_CURVE ('', #4864, #4830, #4872, .T.);
#4874 = ORIENTED_EDGE ('', *, *, #4873, .T.);
#4875 = EDGE_LOOP ('', (#4855, #4862, #4869, #4874));
#4876 = FACE_OUTER_BOUND ('', #4875, .T.);
#4877 = CARTESIAN_POINT ('', (125.848081569976, -10.5362140795504, -5.89019925136189));
#4878 = CARTESIAN_POINT ('', (125.848081569976, -10.5362140795504, -2.67077142648074));
#4879 = CARTESIAN_POINT ('', (151.364999999998, -10.5362140795504, -5.89019925136189));
#4880 = CARTESIAN_POINT ('', (151.364999999998, -10.5362140795504, -2.67077142648074));
#4881 = B_SPLINE_SURFACE_WITH_KNOTS ('', 1, 1, ((#4877, #4878), (#4879, #4880)), .UNSPECIFIED., .F., .F., .U., (2, 2), (2, 2), (0., 1.), (0., 1.), .UNSPECIFIED.);
#4882 = ADVANCED_FACE ('', (#4876), #4881, .T.);
#4883 = CARTESIAN_POINT ('', (125.848081569976, -10.5362140795504, -2.67077142648064));
#4884 = CARTESIAN_POINT ('', (125.848081569976, -10.5362140795503, -2.37787820766728));
#4885 = CARTESIAN_POINT ('', (125.848081569976, -10.3291072983638, -2.1707714264808));
#4886 = CARTESIAN_POINT ('', (125.848081569976, -10.0362140795505, -2.17077142648074));
#4887 = (
   BOUNDED_CURVE ()
   B_SPLINE_CURVE (3, (#4883, #4884, #4885, #4886), .UNSPECIFIED., .F., .U.)
   B_SPLINE_CURVE_WITH_KNOTS ((4, 4), (0., 1.), .UNSPECIFIED.)
   CURVE ()
   GEOMETRIC_REPRESENTATION_ITEM ()
   RATIONAL_B_SPLINE_CURVE ((0.956578302349547, 0.769794770334791, 0.769794770334787, 0.956578302349537))
   REPRESENTATION_ITEM ('')
);
#4888 = EDGE_CURVE ('', #4857, #4023, #4887, .T.);
#4889 = ORIENTED_EDGE ('', *, *, #4888, .F.);
#4890 = ORIENTED_EDGE ('', *, *, #4861, .F.);
#4891 = ORIENTED_EDGE ('', *, *, #4796, .F.);
#4892 = ORIENTED_EDGE ('', *, *, #4036, .F.);
#4893 = EDGE_LOOP ('', (#4889, #4890, #4891, #4892));
#4894 = FACE_OUTER_BOUND ('', #4893, .T.);
#4895 = CARTESIAN_POINT ('', (153.916691843, -10.5362140795504, -2.67077142648074));
#4896 = CARTESIAN_POINT ('', (123.296389726974, -10.5362140795504, -2.67077142648074));
#4897 = CARTESIAN_POINT ('', (153.916691843, -10.5362140795504, -2.37787820766729));
#4898 = CARTESIAN_POINT ('', (123.296389726974, -10.5362140795504, -2.37787820766729));
#4899 = CARTESIAN_POINT ('', (153.916691843, -10.3291072983638, -2.17077142648074));
#4900 = CARTESIAN_POINT ('', (123.296389726974, -10.3291072983638, -2.17077142648074));
#4901 = CARTESIAN_POINT ('', (153.916691843, -10.0362140795504, -2.17077142648074));
#4902 = CARTESIAN_POINT ('', (123.296389726974, -10.0362140795504, -2.17077142648074));
#4903 = (
   BOUNDED_SURFACE ()
   B_SPLINE_SURFACE (3, 1, ((#4895, #4896), (#4897, #4898), (#4899, #4900), (#4901, #4902)), .UNSPECIFIED., .F., .F., .U.)
   B_SPLINE_SURFACE_WITH_KNOTS ((4, 4), (2, 2), (0., 1.), (0., 1.), .UNSPECIFIED.)
   GEOMETRIC_REPRESENTATION_ITEM ()
   RATIONAL_B_SPLINE_SURFACE (((1., 1.), (0.804737854124369, 0.804737854124369), (0.804737854124369, 0.804737854124369), (1., 1.)))
   REPRESENTATION_ITEM ('')
   SURFACE ()
);
#4904 = ADVANCED_FACE ('', (#4894), #4903, .T.);
#4905 = ORIENTED_EDGE ('', *, *, #4888, .T.);
#4906 = ORIENTED_EDGE ('', *, *, #4029, .T.);
#4907 = CARTESIAN_POINT ('', (125.084190713291, -10.4373295131506, -2.67077142648074));
#4908 = VERTEX_POINT ('', #4907);
#4909 = CARTESIAN_POINT ('', (125.211505856072, -9.95381027421732, -2.17077142648074));
#4910 = CARTESIAN_POINT ('', (125.136926372126, -10.2370492867161, -2.17077142648079));
#4911 = CARTESIAN_POINT ('', (125.084190713291, -10.4373295131506, -2.37787820766727));
#4912 = CARTESIAN_POINT ('', (125.084190713291, -10.4373295131506, -2.67077142648064));
#4913 = (
   BOUNDED_CURVE ()
   B_SPLINE_CURVE (3, (#4909, #4910, #4911, #4912), .UNSPECIFIED., .F., .U.)
   B_SPLINE_CURVE_WITH_KNOTS ((4, 4), (0., 1.), .UNSPECIFIED.)
   CURVE ()
   GEOMETRIC_REPRESENTATION_ITEM ()
   RATIONAL_B_SPLINE_CURVE ((0.95657830234955, 0.769794770334787, 0.769794770334786, 0.956578302349547))
   REPRESENTATION_ITEM ('')
);
#4914 = EDGE_CURVE ('', #4016, #4908, #4913, .T.);
#4915 = ORIENTED_EDGE ('', *, *, #4914, .T.);
#4916 = CARTESIAN_POINT ('', (125.848081569976, -10.5362140795504, -2.67077142648074));
#4917 = CARTESIAN_POINT ('', (125.589902515434, -10.5362140795504, -2.67077142648074));
#4918 = CARTESIAN_POINT ('', (125.333859793212, -10.5030697195345, -2.67077142648074));
#4919 = CARTESIAN_POINT ('', (125.084190713291, -10.4373295131506, -2.67077142648074));
#4920 = (
   BOUNDED_CURVE ()
   B_SPLINE_CURVE (3, (#4916, #4917, #4918, #4919), .UNSPECIFIED., .F., .U.)
   B_SPLINE_CURVE_WITH_KNOTS ((4, 4), (0., 1.), .UNSPECIFIED.)
   CURVE ()
   GEOMETRIC_REPRESENTATION_ITEM ()
   RATIONAL_B_SPLINE_CURVE ((1., 0.994483589892436, 0.994483589892436, 1.))
   REPRESENTATION_ITEM ('')
);
#4921 = EDGE_CURVE ('', #4857, #4908, #4920, .T.);
#4922 = ORIENTED_EDGE ('', *, *, #4921, .F.);
#4923 = EDGE_LOOP ('', (#4905, #4906, #4915, #4922));
#4924 = FACE_OUTER_BOUND ('', #4923, .T.);
#4925 = CARTESIAN_POINT ('', (125.224216161766, -9.90553889658004, -2.17326934384172));
#4926 = CARTESIAN_POINT ('', (125.428119508821, -9.95922855699758, -2.17326934384172));
#4927 = CARTESIAN_POINT ('', (125.637228174045, -9.98629737122697, -2.17326934384172));
#4928 = CARTESIAN_POINT ('', (125.848081569976, -9.98629737122697, -2.17326934384172));
#4929 = CARTESIAN_POINT ('', (125.137656228132, -10.2342774293174, -2.13916121511781));
#4930 = CARTESIAN_POINT ('', (125.369850709711, -10.2954164103439, -2.13916121511781));
#4931 = CARTESIAN_POINT ('', (125.607972735743, -10.326240962161, -2.13916121511781));
#4932 = CARTESIAN_POINT ('', (125.848081569976, -10.3262409621609, -2.13916121511781));
#4933 = CARTESIAN_POINT ('', (125.076141796145, -10.4678978038321, -2.38074454387017));
#4934 = CARTESIAN_POINT ('', (125.328441573528, -10.5343306974889, -2.38074454387017));
#4935 = CARTESIAN_POINT ('', (125.587182150607, -10.5678242909133, -2.38074454387017));
#4936 = CARTESIAN_POINT ('', (125.848081569976, -10.5678242909133, -2.38074454387017));
#4937 = CARTESIAN_POINT ('', (125.084826758702, -10.434913930948, -2.72068813480415));
#4938 = CARTESIAN_POINT ('', (125.33428795438, -10.5005993994643, -2.72068813480415));
#4939 = CARTESIAN_POINT ('', (125.590117485415, -10.5337161621894, -2.72068813480415));
#4940 = CARTESIAN_POINT ('', (125.848081569976, -10.5337161621894, -2.72068813480415));
#4941 = (
   BOUNDED_SURFACE ()
   B_SPLINE_SURFACE (3, 3, ((#4925, #4926, #4927, #4928), (#4929, #4930, #4931, #4932), (#4933, #4934, #4935, #4936), (#4937, #4938, #4939, #4940)), .UNSPECIFIED., .F., .F., .U.)
   B_SPLINE_SURFACE_WITH_KNOTS ((4, 4), (4, 4), (0., 1.), (0., 1.), .UNSPECIFIED.)
   GEOMETRIC_REPRESENTATION_ITEM ()
   RATIONAL_B_SPLINE_SURFACE (((1., 0.994483589892436, 0.994483589892436, 1.), (0.75532087111797, 0.751154211430081, 0.751154211430081, 0.75532087111797), (0.75532087111797, 0.751154211430081, 0.751154211430081, 0.75532087111797), (1., 0.994483589892436, 0.994483589892436, 1.)))
   REPRESENTATION_ITEM ('')
   SURFACE ()
);
#4942 = ADVANCED_FACE ('', (#4924), #4941, .T.);
#4943 = ORIENTED_EDGE ('', *, *, #4914, .F.);
#4944 = ORIENTED_EDGE ('', *, *, #4020, .T.);
#4945 = CARTESIAN_POINT ('', (-8.25889085668474, 24.6731523497057, -2.67077142648074));
#4946 = VERTEX_POINT ('', #4945);
#4947 = CARTESIAN_POINT ('', (-8.25889085668473, 24.6731523497057, -2.67077142648064));
#4948 = CARTESIAN_POINT ('', (-8.25889085668472, 24.6731523497057, -2.37787820766728));
#4949 = CARTESIAN_POINT ('', (-8.20615519784946, 24.8734325761402, -2.17077142648079));
#4950 = CARTESIAN_POINT ('', (-8.13157571390396, 25.1566715886389, -2.17077142648074));
#4951 = (
   BOUNDED_CURVE ()
   B_SPLINE_CURVE (3, (#4947, #4948, #4949, #4950), .UNSPECIFIED., .F., .U.)
   B_SPLINE_CURVE_WITH_KNOTS ((4, 4), (0., 1.), .UNSPECIFIED.)
   CURVE ()
   GEOMETRIC_REPRESENTATION_ITEM ()
   RATIONAL_B_SPLINE_CURVE ((0.956578302349547, 0.76979477033479, 0.76979477033479, 0.956578302349549))
   REPRESENTATION_ITEM ('')
);
#4952 = EDGE_CURVE ('', #4946, #3998, #4951, .T.);
#4953 = ORIENTED_EDGE ('', *, *, #4952, .F.);
#4954 = CARTESIAN_POINT ('', (-8.25889085668474, 24.6731523497057, -2.67077142648074));
#4955 = CARTESIAN_POINT ('', (125.084190713291, -10.4373295131506, -2.67077142648074));
#4956 = B_SPLINE_CURVE_WITH_KNOTS ('', 1, (#4954, #4955), .UNSPECIFIED., .F., .U., (2, 2), (0., 1.), .UNSPECIFIED.);
#4957 = EDGE_CURVE ('', #4946, #4908, #4956, .T.);
#4958 = ORIENTED_EDGE ('', *, *, #4957, .T.);
#4959 = EDGE_LOOP ('', (#4943, #4944, #4953, #4958));
#4960 = FACE_OUTER_BOUND ('', #4959, .T.);
#4961 = CARTESIAN_POINT ('', (125.084190713291, -10.4373295131506, -2.67077142648074));
#4962 = CARTESIAN_POINT ('', (-8.25889085668474, 24.6731523497057, -2.67077142648074));
#4963 = CARTESIAN_POINT ('', (125.084190713291, -10.4373295131506, -2.37787820766729));
#4964 = CARTESIAN_POINT ('', (-8.25889085668473, 24.6731523497057, -2.37787820766729));
#4965 = CARTESIAN_POINT ('', (125.136926372126, -10.2370492867161, -2.17077142648074));
#4966 = CARTESIAN_POINT ('', (-8.20615519784948, 24.8734325761402, -2.17077142648074));
#4967 = CARTESIAN_POINT ('', (125.211505856072, -9.95381027421723, -2.17077142648074));
#4968 = CARTESIAN_POINT ('', (-8.13157571390395, 25.156671588639, -2.17077142648074));
#4969 = (
   BOUNDED_SURFACE ()
   B_SPLINE_SURFACE (3, 1, ((#4961, #4962), (#4963, #4964), (#4965, #4966), (#4967, #4968)), .UNSPECIFIED., .F., .F., .U.)
   B_SPLINE_SURFACE_WITH_KNOTS ((4, 4), (2, 2), (0., 1.), (0., 1.), .UNSPECIFIED.)
   GEOMETRIC_REPRESENTATION_ITEM ()
   RATIONAL_B_SPLINE_SURFACE (((1., 1.), (0.804737854124366, 0.804737854124366), (0.804737854124366, 0.804737854124366), (1., 1.)))
   REPRESENTATION_ITEM ('')
   SURFACE ()
);
#4970 = ADVANCED_FACE ('', (#4960), #4969, .T.);
#4971 = ORIENTED_EDGE ('', *, *, #4952, .T.);
#4972 = ORIENTED_EDGE ('', *, *, #4013, .F.);
#4973 = CARTESIAN_POINT ('', (-10.495, 27.5742677833059, -2.67077142648074));
#4974 = VERTEX_POINT ('', #4973);
#4975 = CARTESIAN_POINT ('', (-9.99500000000008, 27.5742677833059, -2.17077142648074));
#4976 = CARTESIAN_POINT ('', (-10.2878932188134, 27.5742677833059, -2.17077142648079));
#4977 = CARTESIAN_POINT ('', (-10.4949999999999, 27.5742677833059, -2.37787820766728));
#4978 = CARTESIAN_POINT ('', (-10.495, 27.5742677833059, -2.67077142648064));
#4979 = (
   BOUNDED_CURVE ()
   B_SPLINE_CURVE (3, (#4975, #4976, #4977, #4978), .UNSPECIFIED., .F., .U.)
   B_SPLINE_CURVE_WITH_KNOTS ((4, 4), (0., 1.), .UNSPECIFIED.)
   CURVE ()
   GEOMETRIC_REPRESENTATION_ITEM ()
   RATIONAL_B_SPLINE_CURVE ((0.956578302349547, 0.76979477033479, 0.76979477033479, 0.956578302349548))
   REPRESENTATION_ITEM ('')
);
#4980 = EDGE_CURVE ('', #3991, #4974, #4979, .T.);
#4981 = ORIENTED_EDGE ('', *, *, #4980, .T.);
#4982 = CARTESIAN_POINT ('', (-8.25889085668474, 24.6731523497057, -2.67077142648074));
#4983 = CARTESIAN_POINT ('', (-9.62965430904304, 25.0340872011103, -2.67077142648074));
#4984 = CARTESIAN_POINT ('', (-10.495, 26.1567818365397, -2.67077142648074));
#4985 = CARTESIAN_POINT ('', (-10.495, 27.5742677833059, -2.67077142648074));
#4986 = (
   BOUNDED_CURVE ()
   B_SPLINE_CURVE (3, (#4982, #4983, #4984, #4985), .UNSPECIFIED., .F., .U.)
   B_SPLINE_CURVE_WITH_KNOTS ((4, 4), (0., 1.), .UNSPECIFIED.)
   CURVE ()
   GEOMETRIC_REPRESENTATION_ITEM ()
   RATIONAL_B_SPLINE_CURVE ((1., 0.861354857633997, 0.861354857633997, 1.))
   REPRESENTATION_ITEM ('')
);
#4987 = EDGE_CURVE ('', #4946, #4974, #4986, .T.);
#4988 = ORIENTED_EDGE ('', *, *, #4987, .F.);
#4989 = EDGE_LOOP ('', (#4971, #4972, #4981, #4988));
#4990 = FACE_OUTER_BOUND ('', #4989, .T.);
#4991 = CARTESIAN_POINT ('', (-9.94508329167657, 27.5742677833059, -2.17326934384172));
#4992 = CARTESIAN_POINT ('', (-9.94508329167657, 26.4166149051865, -2.17326934384172));
#4993 = CARTESIAN_POINT ('', (-9.23836028536391, 25.499716449213, -2.17326934384172));
#4994 = CARTESIAN_POINT ('', (-8.11886540820925, 25.2049429662762, -2.17326934384172));
#4995 = CARTESIAN_POINT ('', (-10.2850268826106, 27.5742677833059, -2.13916121511781));
#4996 = CARTESIAN_POINT ('', (-10.2850268826106, 26.2559931509057, -2.13916121511781));
#4997 = CARTESIAN_POINT ('', (-9.48024763577018, 25.2118770796355, -2.13916121511781));
#4998 = CARTESIAN_POINT ('', (-8.2054253418436, 24.8762044335389, -2.13916121511781));
#4999 = CARTESIAN_POINT ('', (-10.5266102113629, 27.5742677833059, -2.38074454387017));
#5000 = CARTESIAN_POINT ('', (-10.5266102113629, 26.1418461597459, -2.38074454387017));
#5001 = CARTESIAN_POINT ('', (-9.65214660034157, 25.0073219860759, -2.38074454387017));
#5002 = CARTESIAN_POINT ('', (-8.26693977383073, 24.6425840590242, -2.38074454387017));
#5003 = CARTESIAN_POINT ('', (-10.492502082639, 27.5742677833059, -2.72068813480415));
#5004 = CARTESIAN_POINT ('', (-10.492502082639, 26.1579620907915, -2.72068813480415));
#5005 = CARTESIAN_POINT ('', (-9.62787691235694, 25.0362022548357, -2.72068813480415));
#5006 = CARTESIAN_POINT ('', (-8.25825481127379, 24.6755679319083, -2.72068813480415));
#5007 = (
   BOUNDED_SURFACE ()
   B_SPLINE_SURFACE (3, 3, ((#4991, #4992, #4993, #4994), (#4995, #4996, #4997, #4998), (#4999, #5000, #5001, #5002), (#5003, #5004, #5005, #5006)), .UNSPECIFIED., .F., .F., .U.)
   B_SPLINE_SURFACE_WITH_KNOTS ((4, 4), (4, 4), (0., 1.), (0., 1.), .UNSPECIFIED.)
   GEOMETRIC_REPRESENTATION_ITEM ()
   RATIONAL_B_SPLINE_SURFACE (((1., 0.861354857633997, 0.861354857633997, 1.), (0.755320871117973, 0.650599301409808, 0.650599301409808, 0.755320871117973), (0.755320871117973, 0.650599301409808, 0.650599301409808, 0.755320871117973), (1., 0.861354857633997, 0.861354857633997, 1.)))
   REPRESENTATION_ITEM ('')
   SURFACE ()
);
#5008 = ADVANCED_FACE ('', (#4990), #5007, .T.);
#5009 = ORIENTED_EDGE ('', *, *, #4980, .F.);
#5010 = ORIENTED_EDGE ('', *, *, #3995, .F.);
#5011 = ORIENTED_EDGE ('', *, *, #4566, .F.);
#5012 = CARTESIAN_POINT ('', (-10.495, 27.5742677833059, -2.67077142648074));
#5013 = CARTESIAN_POINT ('', (-10.495, 145.499999999968, -2.67077142648074));
#5014 = B_SPLINE_CURVE_WITH_KNOTS ('', 1, (#5012, #5013), .UNSPECIFIED., .F., .U., (2, 2), (0., 1.), .UNSPECIFIED.);
#5015 = EDGE_CURVE ('', #4974, #4553, #5014, .T.);
#5016 = ORIENTED_EDGE ('', *, *, #5015, .F.);
#5017 = EDGE_LOOP ('', (#5009, #5010, #5011, #5016));
#5018 = FACE_OUTER_BOUND ('', #5017, .T.);
#5019 = CARTESIAN_POINT ('', (-10.495, 27.5742677833059, -2.67077142648074));
#5020 = CARTESIAN_POINT ('', (-10.495, 145.499999999968, -2.67077142648074));
#5021 = CARTESIAN_POINT ('', (-10.495, 27.5742677833059, -2.37787820766728));
#5022 = CARTESIAN_POINT ('', (-10.495, 145.499999999968, -2.37787820766728));
#5023 = CARTESIAN_POINT ('', (-10.2878932188134, 27.5742677833059, -2.17077142648074));
#5024 = CARTESIAN_POINT ('', (-10.2878932188134, 145.499999999968, -2.17077142648074));
#5025 = CARTESIAN_POINT ('', (-9.99499999999999, 27.5742677833059, -2.17077142648074));
#5026 = CARTESIAN_POINT ('', (-9.99499999999999, 145.499999999968, -2.17077142648074));
#5027 = (
   BOUNDED_SURFACE ()
   B_SPLINE_SURFACE (3, 1, ((#5019, #5020), (#5021, #5022), (#5023, #5024), (#5025, #5026)), .UNSPECIFIED., .F., .F., .U.)
   B_SPLINE_SURFACE_WITH_KNOTS ((4, 4), (2, 2), (0., 1.), (0., 1.), .UNSPECIFIED.)
   GEOMETRIC_REPRESENTATION_ITEM ()
   RATIONAL_B_SPLINE_SURFACE (((1., 1.), (0.804737854124365, 0.804737854124365), (0.804737854124365, 0.804737854124365), (1., 1.)))
   REPRESENTATION_ITEM ('')
   SURFACE ()
);
#5028 = ADVANCED_FACE ('', (#5018), #5027, .T.);
#5029 = CARTESIAN_POINT ('', (-10.495, 27.5742677833059, -5.89019925136199));
#5030 = VERTEX_POINT ('', #5029);
#5031 = CARTESIAN_POINT ('', (-10.495, 27.5742677833059, -5.89019925136189));
#5032 = CARTESIAN_POINT ('', (-10.495, 27.5742677833059, -2.67077142648074));
#5033 = B_SPLINE_CURVE_WITH_KNOTS ('', 1, (#5031, #5032), .UNSPECIFIED., .F., .U., (2, 2), (0., 1.), .UNSPECIFIED.);
#5034 = EDGE_CURVE ('', #5030, #4974, #5033, .T.);
#5035 = ORIENTED_EDGE ('', *, *, #5034, .T.);
#5036 = ORIENTED_EDGE ('', *, *, #5015, .T.);
#5037 = ORIENTED_EDGE ('', *, *, #4594, .T.);
#5038 = CARTESIAN_POINT ('', (-10.495, 145.499999999968, -5.89019925136189));
#5039 = CARTESIAN_POINT ('', (-10.495, 27.5742677833059, -5.89019925136189));
#5040 = B_SPLINE_CURVE_WITH_KNOTS ('', 1, (#5038, #5039), .UNSPECIFIED., .F., .U., (2, 2), (0., 1.), .UNSPECIFIED.);
#5041 = EDGE_CURVE ('', #4590, #5030, #5040, .T.);
#5042 = ORIENTED_EDGE ('', *, *, #5041, .T.);
#5043 = EDGE_LOOP ('', (#5035, #5036, #5037, #5042));
#5044 = FACE_OUTER_BOUND ('', #5043, .T.);
#5045 = CARTESIAN_POINT ('', (-10.495, 145.499999999968, -5.89019925136189));
#5046 = CARTESIAN_POINT ('', (-10.495, 145.499999999968, -2.67077142648074));
#5047 = CARTESIAN_POINT ('', (-10.495, 27.5742677833059, -5.89019925136189));
#5048 = CARTESIAN_POINT ('', (-10.495, 27.5742677833059, -2.67077142648074));
#5049 = B_SPLINE_SURFACE_WITH_KNOTS ('', 1, 1, ((#5045, #5046), (#5047, #5048)), .UNSPECIFIED., .F., .F., .U., (2, 2), (2, 2), (0., 1.), (0., 1.), .UNSPECIFIED.);
#5050 = ADVANCED_FACE ('', (#5044), #5049, .T.);
#5051 = CARTESIAN_POINT ('', (-9.99500000000008, 27.5742677833059, -6.39019925136189));
#5052 = VERTEX_POINT ('', #5051);
#5053 = CARTESIAN_POINT ('', (-10.495, 27.5742677833059, -5.89019925136199));
#5054 = CARTESIAN_POINT ('', (-10.4949999999999, 27.5742677833059, -6.18309247017535));
#5055 = CARTESIAN_POINT ('', (-10.2878932188134, 27.5742677833059, -6.39019925136184));
#5056 = CARTESIAN_POINT ('', (-9.99500000000008, 27.5742677833059, -6.39019925136189));
#5057 = (
   BOUNDED_CURVE ()
   B_SPLINE_CURVE (3, (#5053, #5054, #5055, #5056), .UNSPECIFIED., .F., .U.)
   B_SPLINE_CURVE_WITH_KNOTS ((4, 4), (0., 1.), .UNSPECIFIED.)
   CURVE ()
   GEOMETRIC_REPRESENTATION_ITEM ()
   RATIONAL_B_SPLINE_CURVE ((0.956578302349548, 0.76979477033479, 0.769794770334791, 0.956578302349549))
   REPRESENTATION_ITEM ('')
);
#5058 = EDGE_CURVE ('', #5030, #5052, #5057, .T.);
#5059 = ORIENTED_EDGE ('', *, *, #5058, .F.);
#5060 = ORIENTED_EDGE ('', *, *, #5041, .F.);
#5061 = CARTESIAN_POINT ('', (-9.9950000000001, 145.499999999968, -6.39019925136189));
#5062 = VERTEX_POINT ('', #5061);
#5063 = CARTESIAN_POINT ('', (-9.9950000000001, 145.499999999968, -6.39019925136189));
#5064 = CARTESIAN_POINT ('', (-10.2878932188135, 145.499999999968, -6.39019925136182));
#5065 = CARTESIAN_POINT ('', (-10.4949999999999, 145.499999999968, -6.18309247017534));
#5066 = CARTESIAN_POINT ('', (-10.495, 145.499999999968, -5.89019925136199));
#5067 = (
   BOUNDED_CURVE ()
   B_SPLINE_CURVE (3, (#5063, #5064, #5065, #5066), .UNSPECIFIED., .F., .U.)
   B_SPLINE_CURVE_WITH_KNOTS ((4, 4), (0., 1.), .UNSPECIFIED.)
   CURVE ()
   GEOMETRIC_REPRESENTATION_ITEM ()
   RATIONAL_B_SPLINE_CURVE ((0.956578302349527, 0.769794770334786, 0.769794770334792, 0.956578302349546))
   REPRESENTATION_ITEM ('')
);
#5068 = EDGE_CURVE ('', #5062, #4590, #5067, .T.);
#5069 = ORIENTED_EDGE ('', *, *, #5068, .F.);
#5070 = CARTESIAN_POINT ('', (-9.995, 27.5742677833059, -6.39019925136189));
#5071 = CARTESIAN_POINT ('', (-9.995, 145.499999999968, -6.39019925136189));
#5072 = B_SPLINE_CURVE_WITH_KNOTS ('', 1, (#5070, #5071), .UNSPECIFIED., .F., .U., (2, 2), (0., 1.), .UNSPECIFIED.);
#5073 = EDGE_CURVE ('', #5052, #5062, #5072, .T.);
#5074 = ORIENTED_EDGE ('', *, *, #5073, .F.);
#5075 = EDGE_LOOP ('', (#5059, #5060, #5069, #5074));
#5076 = FACE_OUTER_BOUND ('', #5075, .T.);
#5077 = CARTESIAN_POINT ('', (-10.495, 145.499999999968, -5.89019925136189));
#5078 = CARTESIAN_POINT ('', (-10.495, 27.5742677833059, -5.89019925136189));
#5079 = CARTESIAN_POINT ('', (-10.495, 145.499999999968, -6.18309247017534));
#5080 = CARTESIAN_POINT ('', (-10.495, 27.5742677833059, -6.18309247017534));
#5081 = CARTESIAN_POINT ('', (-10.2878932188135, 145.499999999968, -6.39019925136189));
#5082 = CARTESIAN_POINT ('', (-10.2878932188135, 27.5742677833059, -6.39019925136189));
#5083 = CARTESIAN_POINT ('', (-9.99500000000001, 145.499999999968, -6.39019925136189));
#5084 = CARTESIAN_POINT ('', (-9.995, 27.5742677833059, -6.39019925136189));
#5085 = (
   BOUNDED_SURFACE ()
   B_SPLINE_SURFACE (3, 1, ((#5077, #5078), (#5079, #5080), (#5081, #5082), (#5083, #5084)), .UNSPECIFIED., .F., .F., .U.)
   B_SPLINE_SURFACE_WITH_KNOTS ((4, 4), (2, 2), (0., 1.), (0., 1.), .UNSPECIFIED.)
   GEOMETRIC_REPRESENTATION_ITEM ()
   RATIONAL_B_SPLINE_SURFACE (((1., 1.), (0.804737854124365, 0.804737854124365), (0.804737854124365, 0.804737854124365), (1., 1.)))
   REPRESENTATION_ITEM ('')
   SURFACE ()
);
#5086 = ADVANCED_FACE ('', (#5076), #5085, .T.);
#5087 = CARTESIAN_POINT ('', (-7.49499999999996, 147.999999999968, -6.39019925136189));
#5088 = VERTEX_POINT ('', #5087);
#5089 = CARTESIAN_POINT ('', (-7.49499999999999, 148.499999999968, -5.89019925136199));
#5090 = CARTESIAN_POINT ('', (-7.49499999999999, 148.499999999968, -6.18309247017536));
#5091 = CARTESIAN_POINT ('', (-7.49499999999999, 148.292893218782, -6.39019925136184));
#5092 = CARTESIAN_POINT ('', (-7.49499999999998, 147.999999999968, -6.39019925136189));
#5093 = (
   BOUNDED_CURVE ()
   B_SPLINE_CURVE (3, (#5089, #5090, #5091, #5092), .UNSPECIFIED., .F., .U.)
   B_SPLINE_CURVE_WITH_KNOTS ((4, 4), (0., 1.), .UNSPECIFIED.)
   CURVE ()
   GEOMETRIC_REPRESENTATION_ITEM ()
   RATIONAL_B_SPLINE_CURVE ((0.956578302349547, 0.769794770334785, 0.769794770334786, 0.956578302349549))
   REPRESENTATION_ITEM ('')
);
#5094 = EDGE_CURVE ('', #4598, #5088, #5093, .T.);
#5095 = ORIENTED_EDGE ('', *, *, #5094, .T.);
#5096 = CARTESIAN_POINT ('', (-9.995, 145.499999999968, -6.39019925136189));
#5097 = CARTESIAN_POINT ('', (-9.995, 145.831520612268, -6.39019925136189));
#5098 = CARTESIAN_POINT ('', (-9.93156627709272, 146.150423472572, -6.39019925136189));
#5099 = CARTESIAN_POINT ('', (-9.8046988312782, 146.456708580881, -6.39019925136189));
#5100 = CARTESIAN_POINT ('', (-9.67783138546368, 146.76299368919, -6.39019925136189));
#5101 = CARTESIAN_POINT ('', (-9.49718742602643, 147.033346479874, -6.39019925136189));
#5102 = CARTESIAN_POINT ('', (-9.26276695296635, 147.267766952934, -6.39019925136189));
#5103 = CARTESIAN_POINT ('', (-9.02834647990628, 147.502187425995, -6.39019925136189));
#5104 = CARTESIAN_POINT ('', (-8.75799368922175, 147.682831385432, -6.39019925136189));
#5105 = CARTESIAN_POINT ('', (-8.4517085809127, 147.809698831246, -6.39019925136189));
#5106 = CARTESIAN_POINT ('', (-8.14542347260365, 147.936566277061, -6.39019925136189));
#5107 = CARTESIAN_POINT ('', (-7.82652061229942, 147.999999999968, -6.39019925136189));
#5108 = CARTESIAN_POINT ('', (-7.49499999999998, 147.999999999968, -6.39019925136189));
#5109 = B_SPLINE_CURVE_WITH_KNOTS ('', 3, (#5096, #5097, #5098, #5099, #5100, #5101, #5102, #5103, #5104, #5105, #5106, #5107, #5108), .UNSPECIFIED., .F., .U., (4, 3, 3, 3, 4), (0., 0.25, 0.5, 0.75, 1.), .UNSPECIFIED.);
#5110 = EDGE_CURVE ('', #5062, #5088, #5109, .T.);
#5111 = ORIENTED_EDGE ('', *, *, #5110, .F.);
#5112 = ORIENTED_EDGE ('', *, *, #5068, .T.);
#5113 = ORIENTED_EDGE ('', *, *, #4609, .T.);
#5114 = EDGE_LOOP ('', (#5095, #5111, #5112, #5113));
#5115 = FACE_OUTER_BOUND ('', #5114, .T.);
#5116 = CARTESIAN_POINT ('', (-7.49499999999998, 148.497502082607, -5.84028254303848));
#5117 = CARTESIAN_POINT ('', (-9.25089606676833, 148.497502082607, -5.84028254303848));
#5118 = CARTESIAN_POINT ('', (-10.492502082639, 147.255896066737, -5.84028254303848));
#5119 = CARTESIAN_POINT ('', (-10.492502082639, 145.499999999968, -5.84028254303848));
#5120 = CARTESIAN_POINT ('', (-7.49499999999998, 148.531610211331, -6.18022613397246));
#5121 = CARTESIAN_POINT ('', (-9.27087614598763, 148.531610211331, -6.18022613397246));
#5122 = CARTESIAN_POINT ('', (-10.5266102113629, 147.275876145956, -6.18022613397246));
#5123 = CARTESIAN_POINT ('', (-10.5266102113629, 145.499999999968, -6.18022613397246));
#5124 = CARTESIAN_POINT ('', (-7.49499999999998, 148.290026882579, -6.42180946272482));
#5125 = CARTESIAN_POINT ('', (-9.12935990844772, 148.290026882579, -6.42180946272482));
#5126 = CARTESIAN_POINT ('', (-10.2850268826105, 147.134359908416, -6.42180946272482));
#5127 = CARTESIAN_POINT ('', (-10.2850268826105, 145.499999999968, -6.42180946272482));
#5128 = CARTESIAN_POINT ('', (-7.49499999999998, 147.950083291645, -6.38770133400091));
#5129 = CARTESIAN_POINT ('', (-8.93022556332041, 147.950083291645, -6.38770133400091));
#5130 = CARTESIAN_POINT ('', (-9.94508329167657, 146.935225563289, -6.38770133400091));
#5131 = CARTESIAN_POINT ('', (-9.94508329167657, 145.499999999968, -6.38770133400091));
#5132 = (
   BOUNDED_SURFACE ()
   B_SPLINE_SURFACE (3, 3, ((#5116, #5117, #5118, #5119), (#5120, #5121, #5122, #5123), (#5124, #5125, #5126, #5127), (#5128, #5129, #5130, #5131)), .UNSPECIFIED., .F., .F., .U.)
   B_SPLINE_SURFACE_WITH_KNOTS ((4, 4), (4, 4), (0., 1.), (0., 1.), .UNSPECIFIED.)
   GEOMETRIC_REPRESENTATION_ITEM ()
   RATIONAL_B_SPLINE_SURFACE (((1., 0.804737854124365, 0.804737854124365, 1.), (0.755320871117968, 0.607835296998819, 0.607835296998819, 0.755320871117968), (0.755320871117968, 0.607835296998819, 0.607835296998819, 0.755320871117968), (1., 0.804737854124365, 0.804737854124365, 1.)))
   REPRESENTATION_ITEM ('')
   SURFACE ()
);
#5133 = ADVANCED_FACE ('', (#5115), #5132, .T.);
#5134 = CARTESIAN_POINT ('', (151.364999999998, 147.999999999968, -6.39019925136189));
#5135 = VERTEX_POINT ('', #5134);
#5136 = CARTESIAN_POINT ('', (151.364999999998, 147.999999999968, -6.39019925136189));
#5137 = CARTESIAN_POINT ('', (-7.49499999999997, 147.999999999968, -6.39019925136189));
#5138 = B_SPLINE_CURVE_WITH_KNOTS ('', 1, (#5136, #5137), .UNSPECIFIED., .F., .U., (2, 2), (0., 1.), .UNSPECIFIED.);
#5139 = EDGE_CURVE ('', #5135, #5088, #5138, .T.);
#5140 = ORIENTED_EDGE ('', *, *, #5139, .F.);
#5141 = CARTESIAN_POINT ('', (153.864999999998, 145.499999999968, -6.39019925136189));
#5142 = VERTEX_POINT ('', #5141);
#5143 = CARTESIAN_POINT ('', (151.364999999998, 147.999999999968, -6.39019925136189));
#5144 = CARTESIAN_POINT ('', (151.696520612297, 147.999999999968, -6.39019925136189));
#5145 = CARTESIAN_POINT ('', (152.015423472602, 147.936566277061, -6.39019925136189));
#5146 = CARTESIAN_POINT ('', (152.321708580911, 147.809698831246, -6.39019925136189));
#5147 = CARTESIAN_POINT ('', (152.62799368922, 147.682831385432, -6.39019925136189));
#5148 = CARTESIAN_POINT ('', (152.898346479904, 147.502187425995, -6.39019925136189));
#5149 = CARTESIAN_POINT ('', (153.132766952964, 147.267766952934, -6.39019925136189));
#5150 = CARTESIAN_POINT ('', (153.367187426024, 147.033346479874, -6.39019925136189));
#5151 = CARTESIAN_POINT ('', (153.547831385462, 146.76299368919, -6.39019925136189));
#5152 = CARTESIAN_POINT ('', (153.674698831276, 146.456708580881, -6.39019925136189));
#5153 = CARTESIAN_POINT ('', (153.801566277091, 146.150423472572, -6.39019925136189));
#5154 = CARTESIAN_POINT ('', (153.864999999998, 145.831520612268, -6.39019925136189));
#5155 = CARTESIAN_POINT ('', (153.864999999998, 145.499999999968, -6.39019925136189));
#5156 = B_SPLINE_CURVE_WITH_KNOTS ('', 3, (#5143, #5144, #5145, #5146, #5147, #5148, #5149, #5150, #5151, #5152, #5153, #5154, #5155), .UNSPECIFIED., .F., .U., (4, 3, 3, 3, 4), (0., 0.25, 0.5, 0.75, 1.), .UNSPECIFIED.);
#5157 = EDGE_CURVE ('', #5135, #5142, #5156, .T.);
#5158 = ORIENTED_EDGE ('', *, *, #5157, .T.);
#5159 = CARTESIAN_POINT ('', (153.864999999998, -7.53621407955039, -6.39019925136189));
#5160 = VERTEX_POINT ('', #5159);
#5161 = CARTESIAN_POINT ('', (153.864999999998, -7.53621407955039, -6.39019925136189));
#5162 = CARTESIAN_POINT ('', (153.864999999998, 145.499999999968, -6.39019925136189));
#5163 = B_SPLINE_CURVE_WITH_KNOTS ('', 1, (#5161, #5162), .UNSPECIFIED., .F., .U., (2, 2), (0., 1.), .UNSPECIFIED.);
#5164 = EDGE_CURVE ('', #5160, #5142, #5163, .T.);
#5165 = ORIENTED_EDGE ('', *, *, #5164, .F.);
#5166 = CARTESIAN_POINT ('', (151.364999999998, -10.0362140795505, -6.39019925136189));
#5167 = VERTEX_POINT ('', #5166);
#5168 = CARTESIAN_POINT ('', (153.864999999998, -7.53621407955039, -6.39019925136189));
#5169 = CARTESIAN_POINT ('', (153.864999999998, -7.86773469184965, -6.39019925136189));
#5170 = CARTESIAN_POINT ('', (153.801566277091, -8.18663755215406, -6.39019925136189));
#5171 = CARTESIAN_POINT ('', (153.674698831276, -8.49292266046312, -6.39019925136189));
#5172 = CARTESIAN_POINT ('', (153.547831385462, -8.79920776877217, -6.39019925136189));
#5173 = CARTESIAN_POINT ('', (153.367187426024, -9.06956055945672, -6.39019925136189));
#5174 = CARTESIAN_POINT ('', (153.132766952964, -9.30398103251676, -6.39019925136189));
#5175 = CARTESIAN_POINT ('', (152.898346479904, -9.5384015055768, -6.39019925136189));
#5176 = CARTESIAN_POINT ('', (152.62799368922, -9.71904546501409, -6.39019925136189));
#5177 = CARTESIAN_POINT ('', (152.321708580911, -9.84591291082861, -6.39019925136189));
#5178 = CARTESIAN_POINT ('', (152.015423472602, -9.97278035664314, -6.39019925136189));
#5179 = CARTESIAN_POINT ('', (151.696520612297, -10.0362140795504, -6.39019925136189));
#5180 = CARTESIAN_POINT ('', (151.364999999998, -10.0362140795504, -6.39019925136189));
#5181 = B_SPLINE_CURVE_WITH_KNOTS ('', 3, (#5168, #5169, #5170, #5171, #5172, #5173, #5174, #5175, #5176, #5177, #5178, #5179, #5180), .UNSPECIFIED., .F., .U., (4, 3, 3, 3, 4), (0., 0.25, 0.5, 0.75, 1.), .UNSPECIFIED.);
#5182 = EDGE_CURVE ('', #5160, #5167, #5181, .T.);
#5183 = ORIENTED_EDGE ('', *, *, #5182, .T.);
#5184 = CARTESIAN_POINT ('', (125.848081569976, -10.0362140795505, -6.39019925136189));
#5185 = VERTEX_POINT ('', #5184);
#5186 = CARTESIAN_POINT ('', (151.364999999998, -10.0362140795504, -6.39019925136189));
#5187 = CARTESIAN_POINT ('', (125.848081569976, -10.0362140795504, -6.39019925136189));
#5188 = B_SPLINE_CURVE_WITH_KNOTS ('', 1, (#5186, #5187), .UNSPECIFIED., .F., .U., (2, 2), (0., 1.), .UNSPECIFIED.);
#5189 = EDGE_CURVE ('', #5167, #5185, #5188, .T.);
#5190 = ORIENTED_EDGE ('', *, *, #5189, .T.);
#5191 = CARTESIAN_POINT ('', (125.211505856072, -9.95381027421733, -6.39019925136189));
#5192 = VERTEX_POINT ('', #5191);
#5193 = CARTESIAN_POINT ('', (125.211505856072, -9.95381027421733, -6.39019925136189));
#5194 = CARTESIAN_POINT ('', (125.419563422672, -10.0085937795373, -6.39019925136189));
#5195 = CARTESIAN_POINT ('', (125.632932357858, -10.0362140795505, -6.39019925136189));
#5196 = CARTESIAN_POINT ('', (125.848081569976, -10.0362140795505, -6.39019925136189));
#5197 = (
   BOUNDED_CURVE ()
   B_SPLINE_CURVE (3, (#5193, #5194, #5195, #5196), .UNSPECIFIED., .F., .U.)
   B_SPLINE_CURVE_WITH_KNOTS ((4, 4), (0., 1.), .UNSPECIFIED.)
   CURVE ()
   GEOMETRIC_REPRESENTATION_ITEM ()
   RATIONAL_B_SPLINE_CURVE ((0.956578302349546, 0.951301424133789, 0.951301424133789, 0.956578302349546))
   REPRESENTATION_ITEM ('')
);
#5198 = EDGE_CURVE ('', #5192, #5185, #5197, .T.);
#5199 = ORIENTED_EDGE ('', *, *, #5198, .F.);
#5200 = CARTESIAN_POINT ('', (-8.13157571390397, 25.156671588639, -6.39019925136189));
#5201 = VERTEX_POINT ('', #5200);
#5202 = CARTESIAN_POINT ('', (125.211505856072, -9.95381027421722, -6.39019925136189));
#5203 = CARTESIAN_POINT ('', (80.7638119994132, 1.7496836800682, -6.39019925136189));
#5204 = CARTESIAN_POINT ('', (36.3161181427546, 13.4531776343536, -6.39019925136189));
#5205 = CARTESIAN_POINT ('', (-8.13157571390396, 25.156671588639, -6.39019925136189));
#5206 = B_SPLINE_CURVE_WITH_KNOTS ('', 3, (#5202, #5203, #5204, #5205), .UNSPECIFIED., .F., .U., (4, 4), (0., 1.), .UNSPECIFIED.);
#5207 = EDGE_CURVE ('', #5192, #5201, #5206, .T.);
#5208 = ORIENTED_EDGE ('', *, *, #5207, .T.);
#5209 = CARTESIAN_POINT ('', (-8.13157571390396, 25.156671588639, -6.39019925136189));
#5210 = CARTESIAN_POINT ('', (-8.39857058562969, 25.2269738382258, -6.39019925136189));
#5211 = CARTESIAN_POINT ('', (-8.64709917957392, 25.3384466481858, -6.39019925136189));
#5212 = CARTESIAN_POINT ('', (-8.87716149573663, 25.4910900185189, -6.39019925136189));
#5213 = CARTESIAN_POINT ('', (-9.10722381189935, 25.643733388852, -6.39019925136189));
#5214 = CARTESIAN_POINT ('', (-9.30653021869628, 25.8293933079997, -6.39019925136189));
#5215 = CARTESIAN_POINT ('', (-9.47508071612747, 26.0480697759621, -6.39019925136189));
#5216 = CARTESIAN_POINT ('', (-9.64363121355866, 26.2667462439245, -6.39019925136189));
#5217 = CARTESIAN_POINT ('', (-9.7724220518952, 26.5067578464124, -6.39019925136189));
#5218 = CARTESIAN_POINT ('', (-9.86145323113712, 26.768104583426, -6.39019925136189));
#5219 = CARTESIAN_POINT ('', (-9.95048441037904, 27.0294513204395, -6.39019925136189));
#5220 = CARTESIAN_POINT ('', (-9.995, 27.2981723870661, -6.39019925136189));
#5221 = CARTESIAN_POINT ('', (-9.995, 27.5742677833059, -6.39019925136189));
#5222 = B_SPLINE_CURVE_WITH_KNOTS ('', 3, (#5209, #5210, #5211, #5212, #5213, #5214, #5215, #5216, #5217, #5218, #5219, #5220, #5221), .UNSPECIFIED., .F., .U., (4, 3, 3, 3, 4), (0., 0.25, 0.5, 0.75, 1.), .UNSPECIFIED.);
#5223 = EDGE_CURVE ('', #5201, #5052, #5222, .T.);
#5224 = ORIENTED_EDGE ('', *, *, #5223, .T.);
#5225 = ORIENTED_EDGE ('', *, *, #5073, .T.);
#5226 = ORIENTED_EDGE ('', *, *, #5110, .T.);
#5227 = EDGE_LOOP ('', (#5140, #5158, #5165, #5183, #5190, #5199, #5208, #5224, #5225, #5226));
#5228 = FACE_OUTER_BOUND ('', #5227, .T.);
#5229 = CARTESIAN_POINT ('', (-7.62114745801804, 30.5629026452807, -6.39019925136189));
#5230 = VERTEX_POINT ('', #5229);
#5231 = CARTESIAN_POINT ('', (-7.62114745801804, 30.5629026452807, -6.39019925136189));
#5232 = CARTESIAN_POINT ('', (-7.62114745801804, 30.0324696656016, -6.39019925136189));
#5233 = CARTESIAN_POINT ('', (-7.51965350136642, 29.5222250891148, -6.39019925136189));
#5234 = CARTESIAN_POINT ('', (-7.31666558806319, 29.0321689158203, -6.39019925136189));
#5235 = CARTESIAN_POINT ('', (-7.11367767475996, 28.5421127425258, -6.39019925136189));
#5236 = CARTESIAN_POINT ('', (-6.8246473396603, 28.1095482774306, -6.39019925136189));
#5237 = CARTESIAN_POINT ('', (-6.44957458276423, 27.7344755205345, -6.39019925136189));
#5238 = CARTESIAN_POINT ('', (-6.07450182586816, 27.3594027636384, -6.39019925136189));
#5239 = CARTESIAN_POINT ('', (-5.6419373607729, 27.0703724285388, -6.39019925136189));
#5240 = CARTESIAN_POINT ('', (-5.15188118747841, 26.8673845152355, -6.39019925136189));
#5241 = CARTESIAN_POINT ('', (-4.66182501418391, 26.6643966019323, -6.39019925136189));
#5242 = CARTESIAN_POINT ('', (-4.15158043769711, 26.5629026452807, -6.39019925136189));
#5243 = CARTESIAN_POINT ('', (-3.62114745801804, 26.5629026452807, -6.39019925136189));
#5244 = CARTESIAN_POINT ('', (-3.09071447833896, 26.5629026452807, -6.39019925136189));
#5245 = CARTESIAN_POINT ('', (-2.58046990185217, 26.6643966019323, -6.39019925136189));
#5246 = CARTESIAN_POINT ('', (-2.09041372855768, 26.8673845152355, -6.39019925136189));
#5247 = CARTESIAN_POINT ('', (-1.60035755526319, 27.0703724285388, -6.39019925136189));
#5248 = CARTESIAN_POINT ('', (-1.16779309016793, 27.3594027636384, -6.39019925136189));
#5249 = CARTESIAN_POINT ('', (-0.792720333271854, 27.7344755205345, -6.39019925136189));
#5250 = CARTESIAN_POINT ('', (-0.417647576375782, 28.1095482774306, -6.39019925136189));
#5251 = CARTESIAN_POINT ('', (-0.128617241276131, 28.5421127425258, -6.39019925136189));
#5252 = CARTESIAN_POINT ('', (0.0743706720271011, 29.0321689158203, -6.39019925136189));
#5253 = CARTESIAN_POINT ('', (0.277358585330334, 29.5222250891148, -6.39019925136189));
#5254 = CARTESIAN_POINT ('', (0.378852541981952, 30.0324696656016, -6.39019925136189));
#5255 = CARTESIAN_POINT ('', (0.378852541981952, 30.5629026452807, -6.39019925136189));
#5256 = CARTESIAN_POINT ('', (0.378852541981952, 31.0933356249598, -6.39019925136189));
#5257 = CARTESIAN_POINT ('', (0.277358585330335, 31.6035802014466, -6.39019925136189));
#5258 = CARTESIAN_POINT ('', (0.0743706720271025, 32.0936363747411, -6.39019925136189));
#5259 = CARTESIAN_POINT ('', (-0.12861724127613, 32.5836925480355, -6.39019925136189));
#5260 = CARTESIAN_POINT ('', (-0.417647576375782, 33.0162570131308, -6.39019925136189));
#5261 = CARTESIAN_POINT ('', (-0.792720333271853, 33.3913297700269, -6.39019925136189));
#5262 = CARTESIAN_POINT ('', (-1.16779309016792, 33.7664025269229, -6.39019925136189));
#5263 = CARTESIAN_POINT ('', (-1.6003575552632, 34.0554328620226, -6.39019925136189));
#5264 = CARTESIAN_POINT ('', (-2.09041372855768, 34.2584207753258, -6.39019925136189));
#5265 = CARTESIAN_POINT ('', (-2.58046990185216, 34.4614086886291, -6.39019925136189));
#5266 = CARTESIAN_POINT ('', (-3.09071447833893, 34.5629026452807, -6.39019925136189));
#5267 = CARTESIAN_POINT ('', (-3.62114745801804, 34.5629026452807, -6.39019925136189));
#5268 = CARTESIAN_POINT ('', (-4.15158043769714, 34.5629026452807, -6.39019925136189));
#5269 = CARTESIAN_POINT ('', (-4.66182501418393, 34.4614086886291, -6.39019925136189));
#5270 = CARTESIAN_POINT ('', (-5.15188118747841, 34.2584207753258, -6.39019925136189));
#5271 = CARTESIAN_POINT ('', (-5.64193736077289, 34.0554328620226, -6.39019925136189));
#5272 = CARTESIAN_POINT ('', (-6.07450182586816, 33.766402526923, -6.39019925136189));
#5273 = CARTESIAN_POINT ('', (-6.44957458276423, 33.3913297700269, -6.39019925136189));
#5274 = CARTESIAN_POINT ('', (-6.8246473396603, 33.0162570131308, -6.39019925136189));
#5275 = CARTESIAN_POINT ('', (-7.11367767475996, 32.5836925480355, -6.39019925136189));
#5276 = CARTESIAN_POINT ('', (-7.31666558806319, 32.0936363747411, -6.39019925136189));
#5277 = CARTESIAN_POINT ('', (-7.51965350136642, 31.6035802014466, -6.39019925136189));
#5278 = CARTESIAN_POINT ('', (-7.62114745801804, 31.0933356249598, -6.39019925136189));
#5279 = CARTESIAN_POINT ('', (-7.62114745801804, 30.5629026452807, -6.39019925136189));
#5280 = B_SPLINE_CURVE_WITH_KNOTS ('', 3, (#5231, #5232, #5233, #5234, #5235, #5236, #5237, #5238, #5239, #5240, #5241, #5242, #5243, #5244, #5245, #5246, #5247, #5248, #5249, #5250, #5251, #5252, #5253, #5254, #5255, #5256, #5257, #5258, #5259, #5260, #5261, #5262, #5263, #5264, #5265, #5266, #5267, #5268, #5269, #5270, #5271, #5272, #5273, #5274, #5275, #5276, #5277, #5278, #5279), .UNSPECIFIED., .T., .U., (4, 3, 3, 3, 3, 3, 3, 3, 3, 3, 3, 3, 3, 3, 3, 3, 4), (0., 0.0625, 0.125, 0.1875, 0.25, 0.3125, 0.375, 0.4375, 0.5, 0.5625, 0.625, 0.6875, 0.75, 0.8125, 0.875, 0.9375, 1.), .UNSPECIFIED.);
#5281 = EDGE_CURVE ('', #5230, #5230, #5280, .T.);
#5282 = ORIENTED_EDGE ('', *, *, #5281, .T.);
#5283 = EDGE_LOOP ('', (#5282));
#5284 = FACE_BOUND ('', #5283, .T.);
#5285 = CARTESIAN_POINT ('', (143.23632034356, -3.42684552819995, -6.39019925136189));
#5286 = VERTEX_POINT ('', #5285);
#5287 = CARTESIAN_POINT ('', (143.23632034356, -3.42684552819994, -6.39019925136189));
#5288 = CARTESIAN_POINT ('', (143.23632034356, -3.95727850787904, -6.39019925136189));
#5289 = CARTESIAN_POINT ('', (143.337814300211, -4.46752308436582, -6.39019925136189));
#5290 = CARTESIAN_POINT ('', (143.540802213514, -4.9575792576603, -6.39019925136189));
#5291 = CARTESIAN_POINT ('', (143.743790126818, -5.44763543095479, -6.39019925136189));
#5292 = CARTESIAN_POINT ('', (144.032820461917, -5.88019989605007, -6.39019925136189));
#5293 = CARTESIAN_POINT ('', (144.407893218813, -6.25527265294614, -6.39019925136189));
#5294 = CARTESIAN_POINT ('', (144.782965975709, -6.63034540984221, -6.39019925136189));
#5295 = CARTESIAN_POINT ('', (145.215530440805, -6.91937574494186, -6.39019925136189));
#5296 = CARTESIAN_POINT ('', (145.705586614099, -7.12236365824509, -6.39019925136189));
#5297 = CARTESIAN_POINT ('', (146.195642787394, -7.32535157154833, -6.39019925136189));
#5298 = CARTESIAN_POINT ('', (146.705887363881, -7.42684552819995, -6.39019925136189));
#5299 = CARTESIAN_POINT ('', (147.23632034356, -7.42684552819995, -6.39019925136189));
#5300 = CARTESIAN_POINT ('', (147.766753323239, -7.42684552819995, -6.39019925136189));
#5301 = CARTESIAN_POINT ('', (148.276997899725, -7.32535157154834, -6.39019925136189));
#5302 = CARTESIAN_POINT ('', (148.76705407302, -7.12236365824509, -6.39019925136189));
#5303 = CARTESIAN_POINT ('', (149.257110246314, -6.91937574494185, -6.39019925136189));
#5304 = CARTESIAN_POINT ('', (149.68967471141, -6.63034540984221, -6.39019925136189));
#5305 = CARTESIAN_POINT ('', (150.064747468306, -6.25527265294614, -6.39019925136189));
#5306 = CARTESIAN_POINT ('', (150.439820225202, -5.88019989605007, -6.39019925136189));
#5307 = CARTESIAN_POINT ('', (150.728850560302, -5.44763543095476, -6.39019925136189));
#5308 = CARTESIAN_POINT ('', (150.931838473605, -4.95757925766031, -6.39019925136189));
#5309 = CARTESIAN_POINT ('', (151.134826386908, -4.46752308436586, -6.39019925136189));
#5310 = CARTESIAN_POINT ('', (151.23632034356, -3.95727850787907, -6.39019925136189));
#5311 = CARTESIAN_POINT ('', (151.23632034356, -3.42684552819995, -6.39019925136189));
#5312 = CARTESIAN_POINT ('', (151.23632034356, -2.89641254852082, -6.39019925136189));
#5313 = CARTESIAN_POINT ('', (151.134826386908, -2.38616797203407, -6.39019925136189));
#5314 = CARTESIAN_POINT ('', (150.931838473605, -1.89611179873959, -6.39019925136189));
#5315 = CARTESIAN_POINT ('', (150.728850560301, -1.4060556254451, -6.39019925136189));
#5316 = CARTESIAN_POINT ('', (150.439820225202, -0.973491160349818, -6.39019925136189));
#5317 = CARTESIAN_POINT ('', (150.064747468306, -0.598418403453757, -6.39019925136189));
#5318 = CARTESIAN_POINT ('', (149.68967471141, -0.223345646557695, -6.39019925136189));
#5319 = CARTESIAN_POINT ('', (149.257110246314, 0.0656846885419624, -6.39019925136189));
#5320 = CARTESIAN_POINT ('', (148.76705407302, 0.268672601845198, -6.39019925136189));
#5321 = CARTESIAN_POINT ('', (148.276997899725, 0.471660515148434, -6.39019925136189));
#5322 = CARTESIAN_POINT ('', (147.766753323239, 0.573154471800052, -6.39019925136189));
#5323 = CARTESIAN_POINT ('', (147.23632034356, 0.573154471800052, -6.39019925136189));
#5324 = CARTESIAN_POINT ('', (146.70588736388, 0.573154471800052, -6.39019925136189));
#5325 = CARTESIAN_POINT ('', (146.195642787394, 0.471660515148443, -6.39019925136189));
#5326 = CARTESIAN_POINT ('', (145.705586614099, 0.268672601845199, -6.39019925136189));
#5327 = CARTESIAN_POINT ('', (145.215530440805, 0.0656846885419559, -6.39019925136189));
#5328 = CARTESIAN_POINT ('', (144.782965975709, -0.223345646557687, -6.39019925136189));
#5329 = CARTESIAN_POINT ('', (144.407893218813, -0.598418403453753, -6.39019925136189));
#5330 = CARTESIAN_POINT ('', (144.032820461917, -0.973491160349819, -6.39019925136189));
#5331 = CARTESIAN_POINT ('', (143.743790126818, -1.40605562544511, -6.39019925136189));
#5332 = CARTESIAN_POINT ('', (143.540802213514, -1.89611179873959, -6.39019925136189));
#5333 = CARTESIAN_POINT ('', (143.337814300211, -2.38616797203406, -6.39019925136189));
#5334 = CARTESIAN_POINT ('', (143.23632034356, -2.89641254852085, -6.39019925136189));
#5335 = CARTESIAN_POINT ('', (143.23632034356, -3.42684552819994, -6.39019925136189));
#5336 = B_SPLINE_CURVE_WITH_KNOTS ('', 3, (#5287, #5288, #5289, #5290, #5291, #5292, #5293, #5294, #5295, #5296, #5297, #5298, #5299, #5300, #5301, #5302, #5303, #5304, #5305, #5306, #5307, #5308, #5309, #5310, #5311, #5312, #5313, #5314, #5315, #5316, #5317, #5318, #5319, #5320, #5321, #5322, #5323, #5324, #5325, #5326, #5327, #5328, #5329, #5330, #5331, #5332, #5333, #5334, #5335), .UNSPECIFIED., .T., .U., (4, 3, 3, 3, 3, 3, 3, 3, 3, 3, 3, 3, 3, 3, 3, 3, 4), (0., 0.0625, 0.125, 0.1875, 0.25, 0.3125, 0.375, 0.4375, 0.5, 0.5625, 0.625, 0.6875, 0.75, 0.8125, 0.875, 0.9375, 1.), .UNSPECIFIED.);
#5337 = EDGE_CURVE ('', #5286, #5286, #5336, .T.);
#5338 = ORIENTED_EDGE ('', *, *, #5337, .T.);
#5339 = EDGE_LOOP ('', (#5338));
#5340 = FACE_BOUND ('', #5339, .T.);
#5341 = CARTESIAN_POINT ('', (143.23632034356, 141.371320343528, -6.39019925136189));
#5342 = VERTEX_POINT ('', #5341);
#5343 = CARTESIAN_POINT ('', (143.23632034356, 141.371320343528, -6.39019925136189));
#5344 = CARTESIAN_POINT ('', (143.23632034356, 140.840887363849, -6.39019925136189));
#5345 = CARTESIAN_POINT ('', (143.337814300211, 140.330642787362, -6.39019925136189));
#5346 = CARTESIAN_POINT ('', (143.540802213514, 139.840586614067, -6.39019925136189));
#5347 = CARTESIAN_POINT ('', (143.743790126818, 139.350530440773, -6.39019925136189));
#5348 = CARTESIAN_POINT ('', (144.032820461917, 138.917965975678, -6.39019925136189));
#5349 = CARTESIAN_POINT ('', (144.407893218813, 138.542893218782, -6.39019925136189));
#5350 = CARTESIAN_POINT ('', (144.782965975709, 138.167820461886, -6.39019925136189));
#5351 = CARTESIAN_POINT ('', (145.215530440805, 137.878790126786, -6.39019925136189));
#5352 = CARTESIAN_POINT ('', (145.705586614099, 137.675802213483, -6.39019925136189));
#5353 = CARTESIAN_POINT ('', (146.195642787394, 137.472814300179, -6.39019925136189));
#5354 = CARTESIAN_POINT ('', (146.70588736388, 137.371320343528, -6.39019925136189));
#5355 = CARTESIAN_POINT ('', (147.23632034356, 137.371320343528, -6.39019925136189));
#5356 = CARTESIAN_POINT ('', (147.766753323239, 137.371320343528, -6.39019925136189));
#5357 = CARTESIAN_POINT ('', (148.276997899725, 137.472814300179, -6.39019925136189));
#5358 = CARTESIAN_POINT ('', (148.76705407302, 137.675802213483, -6.39019925136189));
#5359 = CARTESIAN_POINT ('', (149.257110246314, 137.878790126786, -6.39019925136189));
#5360 = CARTESIAN_POINT ('', (149.68967471141, 138.167820461885, -6.39019925136189));
#5361 = CARTESIAN_POINT ('', (150.064747468306, 138.542893218782, -6.39019925136189));
#5362 = CARTESIAN_POINT ('', (150.439820225202, 138.917965975678, -6.39019925136189));
#5363 = CARTESIAN_POINT ('', (150.728850560302, 139.350530440773, -6.39019925136189));
#5364 = CARTESIAN_POINT ('', (150.931838473605, 139.840586614067, -6.39019925136189));
#5365 = CARTESIAN_POINT ('', (151.134826386908, 140.330642787362, -6.39019925136189));
#5366 = CARTESIAN_POINT ('', (151.23632034356, 140.840887363849, -6.39019925136189));
#5367 = CARTESIAN_POINT ('', (151.23632034356, 141.371320343528, -6.39019925136189));
#5368 = CARTESIAN_POINT ('', (151.23632034356, 141.901753323207, -6.39019925136189));
#5369 = CARTESIAN_POINT ('', (151.134826386908, 142.411997899694, -6.39019925136189));
#5370 = CARTESIAN_POINT ('', (150.931838473605, 142.902054072988, -6.39019925136189));
#5371 = CARTESIAN_POINT ('', (150.728850560301, 143.392110246283, -6.39019925136189));
#5372 = CARTESIAN_POINT ('', (150.439820225202, 143.824674711378, -6.39019925136189));
#5373 = CARTESIAN_POINT ('', (150.064747468306, 144.199747468274, -6.39019925136189));
#5374 = CARTESIAN_POINT ('', (149.68967471141, 144.57482022517, -6.39019925136189));
#5375 = CARTESIAN_POINT ('', (149.257110246314, 144.86385056027, -6.39019925136189));
#5376 = CARTESIAN_POINT ('', (148.76705407302, 145.066838473573, -6.39019925136189));
#5377 = CARTESIAN_POINT ('', (148.276997899726, 145.269826386876, -6.39019925136189));
#5378 = CARTESIAN_POINT ('', (147.766753323239, 145.371320343528, -6.39019925136189));
#5379 = CARTESIAN_POINT ('', (147.23632034356, 145.371320343528, -6.39019925136189));
#5380 = CARTESIAN_POINT ('', (146.70588736388, 145.371320343528, -6.39019925136189));
#5381 = CARTESIAN_POINT ('', (146.195642787394, 145.269826386876, -6.39019925136189));
#5382 = CARTESIAN_POINT ('', (145.705586614099, 145.066838473573, -6.39019925136189));
#5383 = CARTESIAN_POINT ('', (145.215530440805, 144.86385056027, -6.39019925136189));
#5384 = CARTESIAN_POINT ('', (144.782965975709, 144.57482022517, -6.39019925136189));
#5385 = CARTESIAN_POINT ('', (144.407893218813, 144.199747468274, -6.39019925136189));
#5386 = CARTESIAN_POINT ('', (144.032820461917, 143.824674711378, -6.39019925136189));
#5387 = CARTESIAN_POINT ('', (143.743790126818, 143.392110246283, -6.39019925136189));
#5388 = CARTESIAN_POINT ('', (143.540802213514, 142.902054072988, -6.39019925136189));
#5389 = CARTESIAN_POINT ('', (143.337814300211, 142.411997899694, -6.39019925136189));
#5390 = CARTESIAN_POINT ('', (143.23632034356, 141.901753323207, -6.39019925136189));
#5391 = CARTESIAN_POINT ('', (143.23632034356, 141.371320343528, -6.39019925136189));
#5392 = B_SPLINE_CURVE_WITH_KNOTS ('', 3, (#5343, #5344, #5345, #5346, #5347, #5348, #5349, #5350, #5351, #5352, #5353, #5354, #5355, #5356, #5357, #5358, #5359, #5360, #5361, #5362, #5363, #5364, #5365, #5366, #5367, #5368, #5369, #5370, #5371, #5372, #5373, #5374, #5375, #5376, #5377, #5378, #5379, #5380, #5381, #5382, #5383, #5384, #5385, #5386, #5387, #5388, #5389, #5390, #5391), .UNSPECIFIED., .T., .U., (4, 3, 3, 3, 3, 3, 3, 3, 3, 3, 3, 3, 3, 3, 3, 3, 4), (0., 0.0625, 0.125, 0.1875, 0.25, 0.3125, 0.375, 0.4375, 0.5, 0.5625, 0.625, 0.6875, 0.75, 0.8125, 0.875, 0.9375, 1.), .UNSPECIFIED.);
#5393 = EDGE_CURVE ('', #5342, #5342, #5392, .T.);
#5394 = ORIENTED_EDGE ('', *, *, #5393, .T.);
#5395 = EDGE_LOOP ('', (#5394));
#5396 = FACE_BOUND ('', #5395, .T.);
#5397 = CARTESIAN_POINT ('', (-7.36632034355968, 141.371320343528, -6.39019925136189));
#5398 = VERTEX_POINT ('', #5397);
#5399 = CARTESIAN_POINT ('', (-7.36632034355968, 141.371320343528, -6.39019925136189));
#5400 = CARTESIAN_POINT ('', (-7.36632034355968, 140.840887363849, -6.39019925136189));
#5401 = CARTESIAN_POINT ('', (-7.26482638690807, 140.330642787362, -6.39019925136189));
#5402 = CARTESIAN_POINT ('', (-7.06183847360483, 139.840586614067, -6.39019925136189));
#5403 = CARTESIAN_POINT ('', (-6.85885056030159, 139.350530440773, -6.39019925136189));
#5404 = CARTESIAN_POINT ('', (-6.56982022520194, 138.917965975678, -6.39019925136189));
#5405 = CARTESIAN_POINT ('', (-6.19474746830587, 138.542893218782, -6.39019925136189));
#5406 = CARTESIAN_POINT ('', (-5.8196747114098, 138.167820461885, -6.39019925136189));
#5407 = CARTESIAN_POINT ('', (-5.3871102463145, 137.878790126786, -6.39019925136189));
#5408 = CARTESIAN_POINT ('', (-4.89705407302004, 137.675802213483, -6.39019925136189));
#5409 = CARTESIAN_POINT ('', (-4.40699789972559, 137.472814300179, -6.39019925136189));
#5410 = CARTESIAN_POINT ('', (-3.89675332323878, 137.371320343528, -6.39019925136189));
#5411 = CARTESIAN_POINT ('', (-3.36632034355967, 137.371320343528, -6.39019925136189));
#5412 = CARTESIAN_POINT ('', (-2.83588736388056, 137.371320343528, -6.39019925136189));
#5413 = CARTESIAN_POINT ('', (-2.3256427873938, 137.472814300179, -6.39019925136189));
#5414 = CARTESIAN_POINT ('', (-1.83558661409932, 137.675802213483, -6.39019925136189));
#5415 = CARTESIAN_POINT ('', (-1.34553044080484, 137.878790126786, -6.39019925136189));
#5416 = CARTESIAN_POINT ('', (-0.912965975709562, 138.167820461886, -6.39019925136189));
#5417 = CARTESIAN_POINT ('', (-0.53789321881349, 138.542893218782, -6.39019925136189));
#5418 = CARTESIAN_POINT ('', (-0.162820461917419, 138.917965975678, -6.39019925136189));
#5419 = CARTESIAN_POINT ('', (0.126209873182219, 139.350530440773, -6.39019925136189));
#5420 = CARTESIAN_POINT ('', (0.329197786485464, 139.840586614067, -6.39019925136189));
#5421 = CARTESIAN_POINT ('', (0.532185699788709, 140.330642787362, -6.39019925136189));
#5422 = CARTESIAN_POINT ('', (0.633679656440332, 140.840887363849, -6.39019925136189));
#5423 = CARTESIAN_POINT ('', (0.633679656440332, 141.371320343528, -6.39019925136189));
#5424 = CARTESIAN_POINT ('', (0.633679656440332, 141.901753323207, -6.39019925136189));
#5425 = CARTESIAN_POINT ('', (0.532185699788698, 142.411997899694, -6.39019925136189));
#5426 = CARTESIAN_POINT ('', (0.329197786485466, 142.902054072988, -6.39019925136189));
#5427 = CARTESIAN_POINT ('', (0.126209873182233, 143.392110246283, -6.39019925136189));
#5428 = CARTESIAN_POINT ('', (-0.162820461917421, 143.824674711378, -6.39019925136189));
#5429 = CARTESIAN_POINT ('', (-0.537893218813492, 144.199747468274, -6.39019925136189));
#5430 = CARTESIAN_POINT ('', (-0.912965975709564, 144.57482022517, -6.39019925136189));
#5431 = CARTESIAN_POINT ('', (-1.34553044080486, 144.86385056027, -6.39019925136189));
#5432 = CARTESIAN_POINT ('', (-1.83558661409932, 145.066838473573, -6.39019925136189));
#5433 = CARTESIAN_POINT ('', (-2.32564278739378, 145.269826386876, -6.39019925136189));
#5434 = CARTESIAN_POINT ('', (-2.83588736388055, 145.371320343528, -6.39019925136189));
#5435 = CARTESIAN_POINT ('', (-3.36632034355967, 145.371320343528, -6.39019925136189));
#5436 = CARTESIAN_POINT ('', (-3.8967533232388, 145.371320343528, -6.39019925136189));
#5437 = CARTESIAN_POINT ('', (-4.40699789972559, 145.269826386876, -6.39019925136189));
#5438 = CARTESIAN_POINT ('', (-4.89705407302004, 145.066838473573, -6.39019925136189));
#5439 = CARTESIAN_POINT ('', (-5.3871102463145, 144.86385056027, -6.39019925136189));
#5440 = CARTESIAN_POINT ('', (-5.8196747114098, 144.57482022517, -6.39019925136189));
#5441 = CARTESIAN_POINT ('', (-6.19474746830587, 144.199747468274, -6.39019925136189));
#5442 = CARTESIAN_POINT ('', (-6.56982022520194, 143.824674711378, -6.39019925136189));
#5443 = CARTESIAN_POINT ('', (-6.8588505603016, 143.392110246283, -6.39019925136189));
#5444 = CARTESIAN_POINT ('', (-7.06183847360483, 142.902054072988, -6.39019925136189));
#5445 = CARTESIAN_POINT ('', (-7.26482638690806, 142.411997899694, -6.39019925136189));
#5446 = CARTESIAN_POINT ('', (-7.36632034355968, 141.901753323207, -6.39019925136189));
#5447 = CARTESIAN_POINT ('', (-7.36632034355968, 141.371320343528, -6.39019925136189));
#5448 = B_SPLINE_CURVE_WITH_KNOTS ('', 3, (#5399, #5400, #5401, #5402, #5403, #5404, #5405, #5406, #5407, #5408, #5409, #5410, #5411, #5412, #5413, #5414, #5415, #5416, #5417, #5418, #5419, #5420, #5421, #5422, #5423, #5424, #5425, #5426, #5427, #5428, #5429, #5430, #5431, #5432, #5433, #5434, #5435, #5436, #5437, #5438, #5439, #5440, #5441, #5442, #5443, #5444, #5445, #5446, #5447), .UNSPECIFIED., .T., .U., (4, 3, 3, 3, 3, 3, 3, 3, 3, 3, 3, 3, 3, 3, 3, 3, 4), (0., 0.0625, 0.125, 0.1875, 0.25, 0.3125, 0.375, 0.4375, 0.5, 0.5625, 0.625, 0.6875, 0.75, 0.8125, 0.875, 0.9375, 1.), .UNSPECIFIED.);
#5449 = EDGE_CURVE ('', #5398, #5398, #5448, .T.);
#5450 = ORIENTED_EDGE ('', *, *, #5449, .T.);
#5451 = EDGE_LOOP ('', (#5450));
#5452 = FACE_BOUND ('', #5451, .T.);
#5453 = CARTESIAN_POINT ('', (153.864999999998, -10.0362140795504, -6.39019925136189));
#5454 = CARTESIAN_POINT ('', (153.864999999998, 147.999999999968, -6.39019925136189));
#5455 = CARTESIAN_POINT ('', (-9.995, -10.0362140795504, -6.39019925136189));
#5456 = CARTESIAN_POINT ('', (-9.995, 147.999999999968, -6.39019925136189));
#5457 = B_SPLINE_SURFACE_WITH_KNOTS ('', 1, 1, ((#5453, #5454), (#5455, #5456)), .UNSPECIFIED., .F., .F., .U., (2, 2), (2, 2), (0., 1.), (0., 1.), .UNSPECIFIED.);
#5458 = ADVANCED_FACE ('', (#5228, #5284, #5340, #5396, #5452), #5457, .T.);
#5459 = CARTESIAN_POINT ('', (-7.36632034355968, 141.371320343528, -4.89019925136189));
#5460 = VERTEX_POINT ('', #5459);
#5461 = CARTESIAN_POINT ('', (-7.36632034355968, 141.371320343528, -4.89019925136189));
#5462 = CARTESIAN_POINT ('', (-7.36632034355968, 141.371320343528, -6.39019925136189));
#5463 = B_SPLINE_CURVE_WITH_KNOTS ('', 1, (#5461, #5462), .UNSPECIFIED., .F., .U., (2, 2), (0., 1.), .UNSPECIFIED.);
#5464 = EDGE_CURVE ('', #5460, #5398, #5463, .T.);
#5465 = ORIENTED_EDGE ('', *, *, #5464, .T.);
#5466 = ORIENTED_EDGE ('', *, *, #5449, .F.);
#5467 = ORIENTED_EDGE ('', *, *, #5464, .F.);
#5468 = CARTESIAN_POINT ('', (-7.36632034355968, 141.371320343528, -4.89019925136189));
#5469 = CARTESIAN_POINT ('', (-7.36632034355968, 141.901753323207, -4.89019925136189));
#5470 = CARTESIAN_POINT ('', (-7.26482638690806, 142.411997899694, -4.89019925136189));
#5471 = CARTESIAN_POINT ('', (-7.06183847360482, 142.902054072988, -4.89019925136189));
#5472 = CARTESIAN_POINT ('', (-6.85885056030158, 143.392110246283, -4.89019925136189));
#5473 = CARTESIAN_POINT ('', (-6.56982022520194, 143.824674711378, -4.89019925136189));
#5474 = CARTESIAN_POINT ('', (-6.19474746830586, 144.199747468274, -4.89019925136189));
#5475 = CARTESIAN_POINT ('', (-5.81967471140979, 144.57482022517, -4.89019925136189));
#5476 = CARTESIAN_POINT ('', (-5.3871102463145, 144.86385056027, -4.89019925136189));
#5477 = CARTESIAN_POINT ('', (-4.89705407302004, 145.066838473573, -4.89019925136189));
#5478 = CARTESIAN_POINT ('', (-4.40699789972557, 145.269826386876, -4.89019925136189));
#5479 = CARTESIAN_POINT ('', (-3.89675332323879, 145.371320343528, -4.89019925136189));
#5480 = CARTESIAN_POINT ('', (-3.36632034355968, 145.371320343528, -4.89019925136189));
#5481 = CARTESIAN_POINT ('', (-2.83588736388057, 145.371320343528, -4.89019925136189));
#5482 = CARTESIAN_POINT ('', (-2.3256427873938, 145.269826386876, -4.89019925136189));
#5483 = CARTESIAN_POINT ('', (-1.83558661409932, 145.066838473573, -4.89019925136189));
#5484 = CARTESIAN_POINT ('', (-1.34553044080483, 144.86385056027, -4.89019925136189));
#5485 = CARTESIAN_POINT ('', (-0.912965975709548, 144.57482022517, -4.89019925136189));
#5486 = CARTESIAN_POINT ('', (-0.537893218813486, 144.199747468274, -4.89019925136189));
#5487 = CARTESIAN_POINT ('', (-0.162820461917423, 143.824674711378, -4.89019925136189));
#5488 = CARTESIAN_POINT ('', (0.126209873182235, 143.392110246283, -4.89019925136189));
#5489 = CARTESIAN_POINT ('', (0.32919778648547, 142.902054072988, -4.89019925136189));
#5490 = CARTESIAN_POINT ('', (0.532185699788706, 142.411997899694, -4.89019925136189));
#5491 = CARTESIAN_POINT ('', (0.633679656440324, 141.901753323207, -4.89019925136189));
#5492 = CARTESIAN_POINT ('', (0.633679656440324, 141.371320343528, -4.89019925136189));
#5493 = CARTESIAN_POINT ('', (0.633679656440324, 140.840887363849, -4.89019925136189));
#5494 = CARTESIAN_POINT ('', (0.532185699788703, 140.330642787362, -4.89019925136189));
#5495 = CARTESIAN_POINT ('', (0.32919778648547, 139.840586614067, -4.89019925136189));
#5496 = CARTESIAN_POINT ('', (0.126209873182238, 139.350530440773, -4.89019925136189));
#5497 = CARTESIAN_POINT ('', (-0.162820461917414, 138.917965975678, -4.89019925136189));
#5498 = CARTESIAN_POINT ('', (-0.537893218813487, 138.542893218782, -4.89019925136189));
#5499 = CARTESIAN_POINT ('', (-0.912965975709559, 138.167820461886, -4.89019925136189));
#5500 = CARTESIAN_POINT ('', (-1.34553044080488, 137.878790126786, -4.89019925136189));
#5501 = CARTESIAN_POINT ('', (-1.83558661409932, 137.675802213483, -4.89019925136189));
#5502 = CARTESIAN_POINT ('', (-2.32564278739375, 137.472814300179, -4.89019925136189));
#5503 = CARTESIAN_POINT ('', (-2.83588736388054, 137.371320343528, -4.89019925136189));
#5504 = CARTESIAN_POINT ('', (-3.36632034355968, 137.371320343528, -4.89019925136189));
#5505 = CARTESIAN_POINT ('', (-3.89675332323882, 137.371320343528, -4.89019925136189));
#5506 = CARTESIAN_POINT ('', (-4.40699789972555, 137.472814300179, -4.89019925136189));
#5507 = CARTESIAN_POINT ('', (-4.89705407302004, 137.675802213483, -4.89019925136189));
#5508 = CARTESIAN_POINT ('', (-5.38711024631452, 137.878790126786, -4.89019925136189));
#5509 = CARTESIAN_POINT ('', (-5.8196747114098, 138.167820461886, -4.89019925136189));
#5510 = CARTESIAN_POINT ('', (-6.19474746830587, 138.542893218782, -4.89019925136189));
#5511 = CARTESIAN_POINT ('', (-6.56982022520193, 138.917965975678, -4.89019925136189));
#5512 = CARTESIAN_POINT ('', (-6.85885056030159, 139.350530440773, -4.89019925136189));
#5513 = CARTESIAN_POINT ('', (-7.06183847360482, 139.840586614067, -4.89019925136189));
#5514 = CARTESIAN_POINT ('', (-7.26482638690806, 140.330642787362, -4.89019925136189));
#5515 = CARTESIAN_POINT ('', (-7.36632034355968, 140.840887363849, -4.89019925136189));
#5516 = CARTESIAN_POINT ('', (-7.36632034355968, 141.371320343528, -4.89019925136189));
#5517 = B_SPLINE_CURVE_WITH_KNOTS ('', 3, (#5468, #5469, #5470, #5471, #5472, #5473, #5474, #5475, #5476, #5477, #5478, #5479, #5480, #5481, #5482, #5483, #5484, #5485, #5486, #5487, #5488, #5489, #5490, #5491, #5492, #5493, #5494, #5495, #5496, #5497, #5498, #5499, #5500, #5501, #5502, #5503, #5504, #5505, #5506, #5507, #5508, #5509, #5510, #5511, #5512, #5513, #5514, #5515, #5516), .UNSPECIFIED., .T., .U., (4, 3, 3, 3, 3, 3, 3, 3, 3, 3, 3, 3, 3, 3, 3, 3, 4), (0., 0.0625, 0.125, 0.1875, 0.25, 0.3125, 0.375, 0.4375, 0.5, 0.5625, 0.625, 0.6875, 0.75, 0.8125, 0.875, 0.9375, 1.), .UNSPECIFIED.);
#5518 = EDGE_CURVE ('', #5460, #5460, #5517, .T.);
#5519 = ORIENTED_EDGE ('', *, *, #5518, .F.);
#5520 = EDGE_LOOP ('', (#5465, #5466, #5467, #5519));
#5521 = FACE_OUTER_BOUND ('', #5520, .T.);
#5522 = CARTESIAN_POINT ('', (-7.36632034355968, 141.371320343528, -4.74019925136189));
#5523 = CARTESIAN_POINT ('', (-7.36632034355968, 141.371320343528, -6.54019925136189));
#5524 = CARTESIAN_POINT ('', (-7.36632034355968, 133.371320343528, -4.74019925136189));
#5525 = CARTESIAN_POINT ('', (-7.36632034355968, 133.371320343528, -6.54019925136189));
#5526 = CARTESIAN_POINT ('', (0.633679656440325, 133.371320343528, -4.74019925136189));
#5527 = CARTESIAN_POINT ('', (0.633679656440325, 133.371320343528, -6.54019925136189));
#5528 = CARTESIAN_POINT ('', (0.633679656440324, 141.371320343528, -4.74019925136189));
#5529 = CARTESIAN_POINT ('', (0.633679656440324, 141.371320343528, -6.54019925136189));
#5530 = CARTESIAN_POINT ('', (0.633679656440323, 149.371320343528, -4.74019925136189));
#5531 = CARTESIAN_POINT ('', (0.633679656440323, 149.371320343528, -6.54019925136189));
#5532 = CARTESIAN_POINT ('', (-7.36632034355968, 149.371320343528, -4.74019925136189));
#5533 = CARTESIAN_POINT ('', (-7.36632034355968, 149.371320343528, -6.54019925136189));
#5534 = CARTESIAN_POINT ('', (-7.36632034355968, 141.371320343528, -4.74019925136189));
#5535 = CARTESIAN_POINT ('', (-7.36632034355968, 141.371320343528, -6.54019925136189));
#5536 = (
   BOUNDED_SURFACE ()
   B_SPLINE_SURFACE (3, 1, ((#5522, #5523), (#5524, #5525), (#5526, #5527), (#5528, #5529), (#5530, #5531), (#5532, #5533), (#5534, #5535)), .UNSPECIFIED., .T., .F., .U.)
   B_SPLINE_SURFACE_WITH_KNOTS ((4, 3, 4), (2, 2), (0., 0.5, 1.), (0., 1.), .UNSPECIFIED.)
   GEOMETRIC_REPRESENTATION_ITEM ()
   RATIONAL_B_SPLINE_SURFACE (((1., 1.), (0.333333333333333, 0.333333333333333), (0.333333333333333, 0.333333333333333), (1., 1.), (0.333333333333333, 0.333333333333333), (0.333333333333333, 0.333333333333333), (1., 1.)))
   REPRESENTATION_ITEM ('')
   SURFACE ()
);
#5537 = ADVANCED_FACE ('', (#5521), #5536, .T.);
#5538 = ORIENTED_EDGE ('', *, *, #5518, .T.);
#5539 = EDGE_LOOP ('', (#5538));
#5540 = FACE_OUTER_BOUND ('', #5539, .T.);
#5541 = CARTESIAN_POINT ('', (0.681679656440324, 137.323320343528, -4.89019925136189));
#5542 = CARTESIAN_POINT ('', (0.681679656440324, 145.419320343528, -4.89019925136189));
#5543 = CARTESIAN_POINT ('', (-7.41432034355968, 137.323320343528, -4.89019925136189));
#5544 = CARTESIAN_POINT ('', (-7.41432034355968, 145.419320343528, -4.89019925136189));
#5545 = B_SPLINE_SURFACE_WITH_KNOTS ('', 1, 1, ((#5541, #5542), (#5543, #5544)), .UNSPECIFIED., .F., .F., .U., (2, 2), (2, 2), (0., 1.), (0., 1.), .UNSPECIFIED.);
#5546 = ADVANCED_FACE ('', (#5540), #5545, .T.);
#5547 = CARTESIAN_POINT ('', (143.23632034356, 141.371320343528, -4.89019925136189));
#5548 = VERTEX_POINT ('', #5547);
#5549 = CARTESIAN_POINT ('', (143.23632034356, 141.371320343528, -4.89019925136189));
#5550 = CARTESIAN_POINT ('', (143.23632034356, 141.371320343528, -6.39019925136189));
#5551 = B_SPLINE_CURVE_WITH_KNOTS ('', 1, (#5549, #5550), .UNSPECIFIED., .F., .U., (2, 2), (0., 1.), .UNSPECIFIED.);
#5552 = EDGE_CURVE ('', #5548, #5342, #5551, .T.);
#5553 = ORIENTED_EDGE ('', *, *, #5552, .T.);
#5554 = ORIENTED_EDGE ('', *, *, #5393, .F.);
#5555 = ORIENTED_EDGE ('', *, *, #5552, .F.);
#5556 = CARTESIAN_POINT ('', (143.23632034356, 141.371320343528, -4.89019925136189));
#5557 = CARTESIAN_POINT ('', (143.23632034356, 141.901753323207, -4.89019925136189));
#5558 = CARTESIAN_POINT ('', (143.337814300211, 142.411997899694, -4.89019925136189));
#5559 = CARTESIAN_POINT ('', (143.540802213514, 142.902054072988, -4.89019925136189));
#5560 = CARTESIAN_POINT ('', (143.743790126818, 143.392110246283, -4.89019925136189));
#5561 = CARTESIAN_POINT ('', (144.032820461917, 143.824674711378, -4.89019925136189));
#5562 = CARTESIAN_POINT ('', (144.407893218813, 144.199747468274, -4.89019925136189));
#5563 = CARTESIAN_POINT ('', (144.782965975709, 144.57482022517, -4.89019925136189));
#5564 = CARTESIAN_POINT ('', (145.215530440805, 144.86385056027, -4.89019925136189));
#5565 = CARTESIAN_POINT ('', (145.705586614099, 145.066838473573, -4.89019925136189));
#5566 = CARTESIAN_POINT ('', (146.195642787394, 145.269826386876, -4.89019925136189));
#5567 = CARTESIAN_POINT ('', (146.70588736388, 145.371320343528, -4.89019925136189));
#5568 = CARTESIAN_POINT ('', (147.23632034356, 145.371320343528, -4.89019925136189));
#5569 = CARTESIAN_POINT ('', (147.766753323239, 145.371320343528, -4.89019925136189));
#5570 = CARTESIAN_POINT ('', (148.276997899725, 145.269826386876, -4.89019925136189));
#5571 = CARTESIAN_POINT ('', (148.76705407302, 145.066838473573, -4.89019925136189));
#5572 = CARTESIAN_POINT ('', (149.257110246314, 144.86385056027, -4.89019925136189));
#5573 = CARTESIAN_POINT ('', (149.68967471141, 144.57482022517, -4.89019925136189));
#5574 = CARTESIAN_POINT ('', (150.064747468306, 144.199747468274, -4.89019925136189));
#5575 = CARTESIAN_POINT ('', (150.439820225202, 143.824674711378, -4.89019925136189));
#5576 = CARTESIAN_POINT ('', (150.728850560302, 143.392110246283, -4.89019925136189));
#5577 = CARTESIAN_POINT ('', (150.931838473605, 142.902054072988, -4.89019925136189));
#5578 = CARTESIAN_POINT ('', (151.134826386908, 142.411997899694, -4.89019925136189));
#5579 = CARTESIAN_POINT ('', (151.23632034356, 141.901753323207, -4.89019925136189));
#5580 = CARTESIAN_POINT ('', (151.23632034356, 141.371320343528, -4.89019925136189));
#5581 = CARTESIAN_POINT ('', (151.23632034356, 140.840887363849, -4.89019925136189));
#5582 = CARTESIAN_POINT ('', (151.134826386908, 140.330642787362, -4.89019925136189));
#5583 = CARTESIAN_POINT ('', (150.931838473605, 139.840586614067, -4.89019925136189));
#5584 = CARTESIAN_POINT ('', (150.728850560301, 139.350530440773, -4.89019925136189));
#5585 = CARTESIAN_POINT ('', (150.439820225202, 138.917965975678, -4.89019925136189));
#5586 = CARTESIAN_POINT ('', (150.064747468306, 138.542893218782, -4.89019925136189));
#5587 = CARTESIAN_POINT ('', (149.68967471141, 138.167820461886, -4.89019925136189));
#5588 = CARTESIAN_POINT ('', (149.257110246314, 137.878790126786, -4.89019925136189));
#5589 = CARTESIAN_POINT ('', (148.76705407302, 137.675802213483, -4.89019925136189));
#5590 = CARTESIAN_POINT ('', (148.276997899725, 137.472814300179, -4.89019925136189));
#5591 = CARTESIAN_POINT ('', (147.766753323239, 137.371320343528, -4.89019925136189));
#5592 = CARTESIAN_POINT ('', (147.23632034356, 137.371320343528, -4.89019925136189));
#5593 = CARTESIAN_POINT ('', (146.70588736388, 137.371320343528, -4.89019925136189));
#5594 = CARTESIAN_POINT ('', (146.195642787394, 137.472814300179, -4.89019925136189));
#5595 = CARTESIAN_POINT ('', (145.705586614099, 137.675802213483, -4.89019925136189));
#5596 = CARTESIAN_POINT ('', (145.215530440805, 137.878790126786, -4.89019925136189));
#5597 = CARTESIAN_POINT ('', (144.782965975709, 138.167820461886, -4.89019925136189));
#5598 = CARTESIAN_POINT ('', (144.407893218813, 138.542893218782, -4.89019925136189));
#5599 = CARTESIAN_POINT ('', (144.032820461917, 138.917965975678, -4.89019925136189));
#5600 = CARTESIAN_POINT ('', (143.743790126818, 139.350530440773, -4.89019925136189));
#5601 = CARTESIAN_POINT ('', (143.540802213514, 139.840586614067, -4.89019925136189));
#5602 = CARTESIAN_POINT ('', (143.337814300211, 140.330642787362, -4.89019925136189));
#5603 = CARTESIAN_POINT ('', (143.23632034356, 140.840887363849, -4.89019925136189));
#5604 = CARTESIAN_POINT ('', (143.23632034356, 141.371320343528, -4.89019925136189));
#5605 = B_SPLINE_CURVE_WITH_KNOTS ('', 3, (#5556, #5557, #5558, #5559, #5560, #5561, #5562, #5563, #5564, #5565, #5566, #5567, #5568, #5569, #5570, #5571, #5572, #5573, #5574, #5575, #5576, #5577, #5578, #5579, #5580, #5581, #5582, #5583, #5584, #5585, #5586, #5587, #5588, #5589, #5590, #5591, #5592, #5593, #5594, #5595, #5596, #5597, #5598, #5599, #5600, #5601, #5602, #5603, #5604), .UNSPECIFIED., .T., .U., (4, 3, 3, 3, 3, 3, 3, 3, 3, 3, 3, 3, 3, 3, 3, 3, 4), (0., 0.0625, 0.125, 0.1875, 0.25, 0.3125, 0.375, 0.4375, 0.5, 0.5625, 0.625, 0.6875, 0.75, 0.8125, 0.875, 0.9375, 1.), .UNSPECIFIED.);
#5606 = EDGE_CURVE ('', #5548, #5548, #5605, .T.);
#5607 = ORIENTED_EDGE ('', *, *, #5606, .F.);
#5608 = EDGE_LOOP ('', (#5553, #5554, #5555, #5607));
#5609 = FACE_OUTER_BOUND ('', #5608, .T.);
#5610 = CARTESIAN_POINT ('', (143.23632034356, 141.371320343528, -4.74019925136189));
#5611 = CARTESIAN_POINT ('', (143.23632034356, 141.371320343528, -6.54019925136189));
#5612 = CARTESIAN_POINT ('', (143.23632034356, 133.371320343528, -4.74019925136189));
#5613 = CARTESIAN_POINT ('', (143.23632034356, 133.371320343528, -6.54019925136189));
#5614 = CARTESIAN_POINT ('', (151.23632034356, 133.371320343528, -4.74019925136189));
#5615 = CARTESIAN_POINT ('', (151.23632034356, 133.371320343528, -6.54019925136189));
#5616 = CARTESIAN_POINT ('', (151.23632034356, 141.371320343528, -4.74019925136189));
#5617 = CARTESIAN_POINT ('', (151.23632034356, 141.371320343528, -6.54019925136189));
#5618 = CARTESIAN_POINT ('', (151.23632034356, 149.371320343528, -4.74019925136189));
#5619 = CARTESIAN_POINT ('', (151.23632034356, 149.371320343528, -6.54019925136189));
#5620 = CARTESIAN_POINT ('', (143.23632034356, 149.371320343528, -4.74019925136189));
#5621 = CARTESIAN_POINT ('', (143.23632034356, 149.371320343528, -6.54019925136189));
#5622 = CARTESIAN_POINT ('', (143.23632034356, 141.371320343528, -4.74019925136189));
#5623 = CARTESIAN_POINT ('', (143.23632034356, 141.371320343528, -6.54019925136189));
#5624 = (
   BOUNDED_SURFACE ()
   B_SPLINE_SURFACE (3, 1, ((#5610, #5611), (#5612, #5613), (#5614, #5615), (#5616, #5617), (#5618, #5619), (#5620, #5621), (#5622, #5623)), .UNSPECIFIED., .T., .F., .U.)
   B_SPLINE_SURFACE_WITH_KNOTS ((4, 3, 4), (2, 2), (0., 0.5, 1.), (0., 1.), .UNSPECIFIED.)
   GEOMETRIC_REPRESENTATION_ITEM ()
   RATIONAL_B_SPLINE_SURFACE (((1., 1.), (0.333333333333333, 0.333333333333333), (0.333333333333333, 0.333333333333333), (1., 1.), (0.333333333333333, 0.333333333333333), (0.333333333333333, 0.333333333333333), (1., 1.)))
   REPRESENTATION_ITEM ('')
   SURFACE ()
);
#5625 = ADVANCED_FACE ('', (#5609), #5624, .T.);
#5626 = ORIENTED_EDGE ('', *, *, #5606, .T.);
#5627 = EDGE_LOOP ('', (#5626));
#5628 = FACE_OUTER_BOUND ('', #5627, .T.);
#5629 = CARTESIAN_POINT ('', (151.28432034356, 137.323320343528, -4.89019925136189));
#5630 = CARTESIAN_POINT ('', (151.28432034356, 145.419320343528, -4.89019925136189));
#5631 = CARTESIAN_POINT ('', (143.18832034356, 137.323320343528, -4.89019925136189));
#5632 = CARTESIAN_POINT ('', (143.18832034356, 145.419320343528, -4.89019925136189));
#5633 = B_SPLINE_SURFACE_WITH_KNOTS ('', 1, 1, ((#5629, #5630), (#5631, #5632)), .UNSPECIFIED., .F., .F., .U., (2, 2), (2, 2), (0., 1.), (0., 1.), .UNSPECIFIED.);
#5634 = ADVANCED_FACE ('', (#5628), #5633, .T.);
#5635 = CARTESIAN_POINT ('', (143.23632034356, -3.42684552819995, -4.89019925136189));
#5636 = VERTEX_POINT ('', #5635);
#5637 = CARTESIAN_POINT ('', (143.23632034356, -3.42684552819995, -4.89019925136189));
#5638 = CARTESIAN_POINT ('', (143.23632034356, -3.42684552819995, -6.39019925136189));
#5639 = B_SPLINE_CURVE_WITH_KNOTS ('', 1, (#5637, #5638), .UNSPECIFIED., .F., .U., (2, 2), (0., 1.), .UNSPECIFIED.);
#5640 = EDGE_CURVE ('', #5636, #5286, #5639, .T.);
#5641 = ORIENTED_EDGE ('', *, *, #5640, .T.);
#5642 = ORIENTED_EDGE ('', *, *, #5337, .F.);
#5643 = ORIENTED_EDGE ('', *, *, #5640, .F.);
#5644 = CARTESIAN_POINT ('', (143.23632034356, -3.42684552819995, -4.89019925136189));
#5645 = CARTESIAN_POINT ('', (143.23632034356, -2.89641254852084, -4.89019925136189));
#5646 = CARTESIAN_POINT ('', (143.337814300211, -2.38616797203407, -4.89019925136189));
#5647 = CARTESIAN_POINT ('', (143.540802213514, -1.89611179873959, -4.89019925136189));
#5648 = CARTESIAN_POINT ('', (143.743790126818, -1.4060556254451, -4.89019925136189));
#5649 = CARTESIAN_POINT ('', (144.032820461917, -0.973491160349816, -4.89019925136189));
#5650 = CARTESIAN_POINT ('', (144.407893218813, -0.598418403453755, -4.89019925136189));
#5651 = CARTESIAN_POINT ('', (144.782965975709, -0.223345646557695, -4.89019925136189));
#5652 = CARTESIAN_POINT ('', (145.215530440805, 0.065684688541962, -4.89019925136189));
#5653 = CARTESIAN_POINT ('', (145.705586614099, 0.268672601845198, -4.89019925136189));
#5654 = CARTESIAN_POINT ('', (146.195642787394, 0.471660515148434, -4.89019925136189));
#5655 = CARTESIAN_POINT ('', (146.70588736388, 0.573154471800053, -4.89019925136189));
#5656 = CARTESIAN_POINT ('', (147.23632034356, 0.573154471800053, -4.89019925136189));
#5657 = CARTESIAN_POINT ('', (147.766753323239, 0.573154471800053, -4.89019925136189));
#5658 = CARTESIAN_POINT ('', (148.276997899725, 0.471660515148439, -4.89019925136189));
#5659 = CARTESIAN_POINT ('', (148.76705407302, 0.268672601845198, -4.89019925136189));
#5660 = CARTESIAN_POINT ('', (149.257110246314, 0.0656846885419572, -4.89019925136189));
#5661 = CARTESIAN_POINT ('', (149.68967471141, -0.223345646557685, -4.89019925136189));
#5662 = CARTESIAN_POINT ('', (150.064747468306, -0.598418403453758, -4.89019925136189));
#5663 = CARTESIAN_POINT ('', (150.439820225202, -0.973491160349831, -4.89019925136189));
#5664 = CARTESIAN_POINT ('', (150.728850560301, -1.40605562544512, -4.89019925136189));
#5665 = CARTESIAN_POINT ('', (150.931838473605, -1.89611179873959, -4.89019925136189));
#5666 = CARTESIAN_POINT ('', (151.134826386908, -2.38616797203405, -4.89019925136189));
#5667 = CARTESIAN_POINT ('', (151.23632034356, -2.89641254852084, -4.89019925136189));
#5668 = CARTESIAN_POINT ('', (151.23632034356, -3.42684552819995, -4.89019925136189));
#5669 = CARTESIAN_POINT ('', (151.23632034356, -3.95727850787906, -4.89019925136189));
#5670 = CARTESIAN_POINT ('', (151.134826386908, -4.46752308436583, -4.89019925136189));
#5671 = CARTESIAN_POINT ('', (150.931838473605, -4.95757925766031, -4.89019925136189));
#5672 = CARTESIAN_POINT ('', (150.728850560301, -5.44763543095479, -4.89019925136189));
#5673 = CARTESIAN_POINT ('', (150.439820225202, -5.88019989605007, -4.89019925136189));
#5674 = CARTESIAN_POINT ('', (150.064747468306, -6.25527265294614, -4.89019925136189));
#5675 = CARTESIAN_POINT ('', (149.68967471141, -6.6303454098422, -4.89019925136189));
#5676 = CARTESIAN_POINT ('', (149.257110246314, -6.91937574494186, -4.89019925136189));
#5677 = CARTESIAN_POINT ('', (148.76705407302, -7.12236365824509, -4.89019925136189));
#5678 = CARTESIAN_POINT ('', (148.276997899725, -7.32535157154833, -4.89019925136189));
#5679 = CARTESIAN_POINT ('', (147.766753323239, -7.42684552819995, -4.89019925136189));
#5680 = CARTESIAN_POINT ('', (147.23632034356, -7.42684552819995, -4.89019925136189));
#5681 = CARTESIAN_POINT ('', (146.70588736388, -7.42684552819995, -4.89019925136189));
#5682 = CARTESIAN_POINT ('', (146.195642787394, -7.32535157154833, -4.89019925136189));
#5683 = CARTESIAN_POINT ('', (145.705586614099, -7.12236365824509, -4.89019925136189));
#5684 = CARTESIAN_POINT ('', (145.215530440805, -6.91937574494186, -4.89019925136189));
#5685 = CARTESIAN_POINT ('', (144.782965975709, -6.63034540984221, -4.89019925136189));
#5686 = CARTESIAN_POINT ('', (144.407893218813, -6.25527265294614, -4.89019925136189));
#5687 = CARTESIAN_POINT ('', (144.032820461917, -5.88019989605007, -4.89019925136189));
#5688 = CARTESIAN_POINT ('', (143.743790126818, -5.44763543095477, -4.89019925136189));
#5689 = CARTESIAN_POINT ('', (143.540802213514, -4.95757925766031, -4.89019925136189));
#5690 = CARTESIAN_POINT ('', (143.337814300211, -4.46752308436584, -4.89019925136189));
#5691 = CARTESIAN_POINT ('', (143.23632034356, -3.95727850787906, -4.89019925136189));
#5692 = CARTESIAN_POINT ('', (143.23632034356, -3.42684552819995, -4.89019925136189));
#5693 = B_SPLINE_CURVE_WITH_KNOTS ('', 3, (#5644, #5645, #5646, #5647, #5648, #5649, #5650, #5651, #5652, #5653, #5654, #5655, #5656, #5657, #5658, #5659, #5660, #5661, #5662, #5663, #5664, #5665, #5666, #5667, #5668, #5669, #5670, #5671, #5672, #5673, #5674, #5675, #5676, #5677, #5678, #5679, #5680, #5681, #5682, #5683, #5684, #5685, #5686, #5687, #5688, #5689, #5690, #5691, #5692), .UNSPECIFIED., .T., .U., (4, 3, 3, 3, 3, 3, 3, 3, 3, 3, 3, 3, 3, 3, 3, 3, 4), (0., 0.0625, 0.125, 0.1875, 0.25, 0.3125, 0.375, 0.4375, 0.5, 0.5625, 0.625, 0.6875, 0.75, 0.8125, 0.875, 0.9375, 1.), .UNSPECIFIED.);
#5694 = EDGE_CURVE ('', #5636, #5636, #5693, .T.);
#5695 = ORIENTED_EDGE ('', *, *, #5694, .F.);
#5696 = EDGE_LOOP ('', (#5641, #5642, #5643, #5695));
#5697 = FACE_OUTER_BOUND ('', #5696, .T.);
#5698 = CARTESIAN_POINT ('', (143.23632034356, -3.42684552819995, -4.74019925136189));
#5699 = CARTESIAN_POINT ('', (143.23632034356, -3.42684552819995, -6.54019925136189));
#5700 = CARTESIAN_POINT ('', (143.23632034356, -11.4268455281999, -4.74019925136189));
#5701 = CARTESIAN_POINT ('', (143.23632034356, -11.4268455281999, -6.54019925136189));
#5702 = CARTESIAN_POINT ('', (151.23632034356, -11.4268455281999, -4.74019925136189));
#5703 = CARTESIAN_POINT ('', (151.23632034356, -11.4268455281999, -6.54019925136189));
#5704 = CARTESIAN_POINT ('', (151.23632034356, -3.42684552819995, -4.74019925136189));
#5705 = CARTESIAN_POINT ('', (151.23632034356, -3.42684552819995, -6.54019925136189));
#5706 = CARTESIAN_POINT ('', (151.23632034356, 4.57315447180005, -4.74019925136189));
#5707 = CARTESIAN_POINT ('', (151.23632034356, 4.57315447180005, -6.54019925136189));
#5708 = CARTESIAN_POINT ('', (143.23632034356, 4.57315447180005, -4.74019925136189));
#5709 = CARTESIAN_POINT ('', (143.23632034356, 4.57315447180005, -6.54019925136189));
#5710 = CARTESIAN_POINT ('', (143.23632034356, -3.42684552819995, -4.74019925136189));
#5711 = CARTESIAN_POINT ('', (143.23632034356, -3.42684552819995, -6.54019925136189));
#5712 = (
   BOUNDED_SURFACE ()
   B_SPLINE_SURFACE (3, 1, ((#5698, #5699), (#5700, #5701), (#5702, #5703), (#5704, #5705), (#5706, #5707), (#5708, #5709), (#5710, #5711)), .UNSPECIFIED., .T., .F., .U.)
   B_SPLINE_SURFACE_WITH_KNOTS ((4, 3, 4), (2, 2), (0., 0.5, 1.), (0., 1.), .UNSPECIFIED.)
   GEOMETRIC_REPRESENTATION_ITEM ()
   RATIONAL_B_SPLINE_SURFACE (((1., 1.), (0.333333333333333, 0.333333333333333), (0.333333333333333, 0.333333333333333), (1., 1.), (0.333333333333333, 0.333333333333333), (0.333333333333333, 0.333333333333333), (1., 1.)))
   REPRESENTATION_ITEM ('')
   SURFACE ()
);
#5713 = ADVANCED_FACE ('', (#5697), #5712, .T.);
#5714 = ORIENTED_EDGE ('', *, *, #5694, .T.);
#5715 = EDGE_LOOP ('', (#5714));
#5716 = FACE_OUTER_BOUND ('', #5715, .T.);
#5717 = CARTESIAN_POINT ('', (151.28432034356, -7.47484552819995, -4.89019925136189));
#5718 = CARTESIAN_POINT ('', (151.28432034356, 0.621154471800052, -4.89019925136189));
#5719 = CARTESIAN_POINT ('', (143.18832034356, -7.47484552819995, -4.89019925136189));
#5720 = CARTESIAN_POINT ('', (143.18832034356, 0.621154471800052, -4.89019925136189));
#5721 = B_SPLINE_SURFACE_WITH_KNOTS ('', 1, 1, ((#5717, #5718), (#5719, #5720)), .UNSPECIFIED., .F., .F., .U., (2, 2), (2, 2), (0., 1.), (0., 1.), .UNSPECIFIED.);
#5722 = ADVANCED_FACE ('', (#5716), #5721, .T.);
#5723 = CARTESIAN_POINT ('', (-7.62114745801804, 30.5629026452807, -4.89019925136189));
#5724 = VERTEX_POINT ('', #5723);
#5725 = CARTESIAN_POINT ('', (-7.62114745801804, 30.5629026452807, -4.89019925136189));
#5726 = CARTESIAN_POINT ('', (-7.62114745801804, 30.5629026452807, -6.39019925136189));
#5727 = B_SPLINE_CURVE_WITH_KNOTS ('', 1, (#5725, #5726), .UNSPECIFIED., .F., .U., (2, 2), (0., 1.), .UNSPECIFIED.);
#5728 = EDGE_CURVE ('', #5724, #5230, #5727, .T.);
#5729 = ORIENTED_EDGE ('', *, *, #5728, .T.);
#5730 = ORIENTED_EDGE ('', *, *, #5281, .F.);
#5731 = ORIENTED_EDGE ('', *, *, #5728, .F.);
#5732 = CARTESIAN_POINT ('', (-7.62114745801804, 30.5629026452807, -4.89019925136189));
#5733 = CARTESIAN_POINT ('', (-7.62114745801804, 31.0933356249598, -4.89019925136189));
#5734 = CARTESIAN_POINT ('', (-7.51965350136642, 31.6035802014466, -4.89019925136189));
#5735 = CARTESIAN_POINT ('', (-7.31666558806319, 32.093636374741, -4.89019925136189));
#5736 = CARTESIAN_POINT ('', (-7.11367767475995, 32.5836925480355, -4.89019925136189));
#5737 = CARTESIAN_POINT ('', (-6.82464733966029, 33.0162570131308, -4.89019925136189));
#5738 = CARTESIAN_POINT ('', (-6.44957458276423, 33.3913297700269, -4.89019925136189));
#5739 = CARTESIAN_POINT ('', (-6.07450182586817, 33.7664025269229, -4.89019925136189));
#5740 = CARTESIAN_POINT ('', (-5.6419373607729, 34.0554328620226, -4.89019925136189));
#5741 = CARTESIAN_POINT ('', (-5.1518811874784, 34.2584207753258, -4.89019925136189));
#5742 = CARTESIAN_POINT ('', (-4.66182501418391, 34.4614086886291, -4.89019925136189));
#5743 = CARTESIAN_POINT ('', (-4.15158043769713, 34.5629026452807, -4.89019925136189));
#5744 = CARTESIAN_POINT ('', (-3.62114745801804, 34.5629026452807, -4.89019925136189));
#5745 = CARTESIAN_POINT ('', (-3.09071447833895, 34.5629026452807, -4.89019925136189));
#5746 = CARTESIAN_POINT ('', (-2.58046990185216, 34.4614086886291, -4.89019925136189));
#5747 = CARTESIAN_POINT ('', (-2.09041372855768, 34.2584207753258, -4.89019925136189));
#5748 = CARTESIAN_POINT ('', (-1.6003575552632, 34.0554328620226, -4.89019925136189));
#5749 = CARTESIAN_POINT ('', (-1.16779309016792, 33.7664025269229, -4.89019925136189));
#5750 = CARTESIAN_POINT ('', (-0.792720333271852, 33.3913297700269, -4.89019925136189));
#5751 = CARTESIAN_POINT ('', (-0.417647576375782, 33.0162570131308, -4.89019925136189));
#5752 = CARTESIAN_POINT ('', (-0.128617241276131, 32.5836925480355, -4.89019925136189));
#5753 = CARTESIAN_POINT ('', (0.0743706720271048, 32.093636374741, -4.89019925136189));
#5754 = CARTESIAN_POINT ('', (0.27735858533034, 31.6035802014466, -4.89019925136189));
#5755 = CARTESIAN_POINT ('', (0.378852541981958, 31.0933356249598, -4.89019925136189));
#5756 = CARTESIAN_POINT ('', (0.378852541981958, 30.5629026452807, -4.89019925136189));
#5757 = CARTESIAN_POINT ('', (0.378852541981958, 30.0324696656016, -4.89019925136189));
#5758 = CARTESIAN_POINT ('', (0.277358585330342, 29.5222250891148, -4.89019925136189));
#5759 = CARTESIAN_POINT ('', (0.0743706720271048, 29.0321689158203, -4.89019925136189));
#5760 = CARTESIAN_POINT ('', (-0.128617241276132, 28.5421127425258, -4.89019925136189));
#5761 = CARTESIAN_POINT ('', (-0.417647576375789, 28.1095482774306, -4.89019925136189));
#5762 = CARTESIAN_POINT ('', (-0.792720333271852, 27.7344755205345, -4.89019925136189));
#5763 = CARTESIAN_POINT ('', (-1.16779309016792, 27.3594027636384, -4.89019925136189));
#5764 = CARTESIAN_POINT ('', (-1.60035755526319, 27.0703724285388, -4.89019925136189));
#5765 = CARTESIAN_POINT ('', (-2.09041372855768, 26.8673845152355, -4.89019925136189));
#5766 = CARTESIAN_POINT ('', (-2.58046990185217, 26.6643966019323, -4.89019925136189));
#5767 = CARTESIAN_POINT ('', (-3.09071447833896, 26.5629026452807, -4.89019925136189));
#5768 = CARTESIAN_POINT ('', (-3.62114745801804, 26.5629026452807, -4.89019925136189));
#5769 = CARTESIAN_POINT ('', (-4.15158043769712, 26.5629026452807, -4.89019925136189));
#5770 = CARTESIAN_POINT ('', (-4.66182501418392, 26.6643966019323, -4.89019925136189));
#5771 = CARTESIAN_POINT ('', (-5.1518811874784, 26.8673845152355, -4.89019925136189));
#5772 = CARTESIAN_POINT ('', (-5.64193736077289, 27.0703724285388, -4.89019925136189));
#5773 = CARTESIAN_POINT ('', (-6.07450182586816, 27.3594027636384, -4.89019925136189));
#5774 = CARTESIAN_POINT ('', (-6.44957458276423, 27.7344755205345, -4.89019925136189));
#5775 = CARTESIAN_POINT ('', (-6.8246473396603, 28.1095482774306, -4.89019925136189));
#5776 = CARTESIAN_POINT ('', (-7.11367767475995, 28.5421127425258, -4.89019925136189));
#5777 = CARTESIAN_POINT ('', (-7.31666558806319, 29.0321689158203, -4.89019925136189));
#5778 = CARTESIAN_POINT ('', (-7.51965350136642, 29.5222250891148, -4.89019925136189));
#5779 = CARTESIAN_POINT ('', (-7.62114745801804, 30.0324696656016, -4.89019925136189));
#5780 = CARTESIAN_POINT ('', (-7.62114745801804, 30.5629026452807, -4.89019925136189));
#5781 = B_SPLINE_CURVE_WITH_KNOTS ('', 3, (#5732, #5733, #5734, #5735, #5736, #5737, #5738, #5739, #5740, #5741, #5742, #5743, #5744, #5745, #5746, #5747, #5748, #5749, #5750, #5751, #5752, #5753, #5754, #5755, #5756, #5757, #5758, #5759, #5760, #5761, #5762, #5763, #5764, #5765, #5766, #5767, #5768, #5769, #5770, #5771, #5772, #5773, #5774, #5775, #5776, #5777, #5778, #5779, #5780), .UNSPECIFIED., .T., .U., (4, 3, 3, 3, 3, 3, 3, 3, 3, 3, 3, 3, 3, 3, 3, 3, 4), (0., 0.0625, 0.125, 0.1875, 0.25, 0.3125, 0.375, 0.4375, 0.5, 0.5625, 0.625, 0.6875, 0.75, 0.8125, 0.875, 0.9375, 1.), .UNSPECIFIED.);
#5782 = EDGE_CURVE ('', #5724, #5724, #5781, .T.);
#5783 = ORIENTED_EDGE ('', *, *, #5782, .F.);
#5784 = EDGE_LOOP ('', (#5729, #5730, #5731, #5783));
#5785 = FACE_OUTER_BOUND ('', #5784, .T.);
#5786 = CARTESIAN_POINT ('', (-7.62114745801804, 30.5629026452807, -4.74019925136189));
#5787 = CARTESIAN_POINT ('', (-7.62114745801804, 30.5629026452807, -6.54019925136189));
#5788 = CARTESIAN_POINT ('', (-7.62114745801804, 22.5629026452807, -4.74019925136189));
#5789 = CARTESIAN_POINT ('', (-7.62114745801804, 22.5629026452807, -6.54019925136189));
#5790 = CARTESIAN_POINT ('', (0.378852541981959, 22.5629026452807, -4.74019925136189));
#5791 = CARTESIAN_POINT ('', (0.378852541981959, 22.5629026452807, -6.54019925136189));
#5792 = CARTESIAN_POINT ('', (0.378852541981958, 30.5629026452807, -4.74019925136189));
#5793 = CARTESIAN_POINT ('', (0.378852541981958, 30.5629026452807, -6.54019925136189));
#5794 = CARTESIAN_POINT ('', (0.378852541981957, 38.5629026452807, -4.74019925136189));
#5795 = CARTESIAN_POINT ('', (0.378852541981957, 38.5629026452807, -6.54019925136189));
#5796 = CARTESIAN_POINT ('', (-7.62114745801804, 38.5629026452807, -4.74019925136189));
#5797 = CARTESIAN_POINT ('', (-7.62114745801804, 38.5629026452807, -6.54019925136189));
#5798 = CARTESIAN_POINT ('', (-7.62114745801804, 30.5629026452807, -4.74019925136189));
#5799 = CARTESIAN_POINT ('', (-7.62114745801804, 30.5629026452807, -6.54019925136189));
#5800 = (
   BOUNDED_SURFACE ()
   B_SPLINE_SURFACE (3, 1, ((#5786, #5787), (#5788, #5789), (#5790, #5791), (#5792, #5793), (#5794, #5795), (#5796, #5797), (#5798, #5799)), .UNSPECIFIED., .T., .F., .U.)
   B_SPLINE_SURFACE_WITH_KNOTS ((4, 3, 4), (2, 2), (0., 0.5, 1.), (0., 1.), .UNSPECIFIED.)
   GEOMETRIC_REPRESENTATION_ITEM ()
   RATIONAL_B_SPLINE_SURFACE (((1., 1.), (0.333333333333333, 0.333333333333333), (0.333333333333333, 0.333333333333333), (1., 1.), (0.333333333333333, 0.333333333333333), (0.333333333333333, 0.333333333333333), (1., 1.)))
   REPRESENTATION_ITEM ('')
   SURFACE ()
);
#5801 = ADVANCED_FACE ('', (#5785), #5800, .T.);
#5802 = ORIENTED_EDGE ('', *, *, #5782, .T.);
#5803 = EDGE_LOOP ('', (#5802));
#5804 = FACE_OUTER_BOUND ('', #5803, .T.);
#5805 = CARTESIAN_POINT ('', (0.426852541981958, 26.5149026452807, -4.89019925136189));
#5806 = CARTESIAN_POINT ('', (0.426852541981958, 34.6109026452807, -4.89019925136189));
#5807 = CARTESIAN_POINT ('', (-7.66914745801804, 26.5149026452807, -4.89019925136189));
#5808 = CARTESIAN_POINT ('', (-7.66914745801804, 34.6109026452807, -4.89019925136189));
#5809 = B_SPLINE_SURFACE_WITH_KNOTS ('', 1, 1, ((#5805, #5806), (#5807, #5808)), .UNSPECIFIED., .F., .F., .U., (2, 2), (2, 2), (0., 1.), (0., 1.), .UNSPECIFIED.);
#5810 = ADVANCED_FACE ('', (#5804), #5809, .T.);
#5811 = CARTESIAN_POINT ('', (154.364999999998, 145.499999999968, -5.89019925136199));
#5812 = CARTESIAN_POINT ('', (154.364999999998, 145.499999999968, -6.18309247017535));
#5813 = CARTESIAN_POINT ('', (154.157893218811, 145.499999999968, -6.39019925136184));
#5814 = CARTESIAN_POINT ('', (153.864999999998, 145.499999999968, -6.39019925136189));
#5815 = (
   BOUNDED_CURVE ()
   B_SPLINE_CURVE (3, (#5811, #5812, #5813, #5814), .UNSPECIFIED., .F., .U.)
   B_SPLINE_CURVE_WITH_KNOTS ((4, 4), (0., 1.), .UNSPECIFIED.)
   CURVE ()
   GEOMETRIC_REPRESENTATION_ITEM ()
   RATIONAL_B_SPLINE_CURVE ((0.956578302349546, 0.769794770334785, 0.769794770334786, 0.95657830234955))
   REPRESENTATION_ITEM ('')
);
#5816 = EDGE_CURVE ('', #4714, #5142, #5815, .T.);
#5817 = ORIENTED_EDGE ('', *, *, #5816, .T.);
#5818 = ORIENTED_EDGE ('', *, *, #5157, .F.);
#5819 = CARTESIAN_POINT ('', (151.364999999998, 148.499999999968, -5.89019925136189));
#5820 = CARTESIAN_POINT ('', (151.364999999998, 148.499999999968, -6.18309247017534));
#5821 = CARTESIAN_POINT ('', (151.364999999998, 148.292893218782, -6.39019925136189));
#5822 = CARTESIAN_POINT ('', (151.364999999998, 147.999999999968, -6.39019925136189));
#5823 = (
   BOUNDED_CURVE ()
   B_SPLINE_CURVE (3, (#5819, #5820, #5821, #5822), .UNSPECIFIED., .F., .U.)
   B_SPLINE_CURVE_WITH_KNOTS ((4, 4), (0., 1.), .UNSPECIFIED.)
   CURVE ()
   GEOMETRIC_REPRESENTATION_ITEM ()
   RATIONAL_B_SPLINE_CURVE ((1., 0.804737854124365, 0.804737854124365, 1.))
   REPRESENTATION_ITEM ('')
);
#5824 = EDGE_CURVE ('', #4632, #5135, #5823, .T.);
#5825 = ORIENTED_EDGE ('', *, *, #5824, .F.);
#5826 = ORIENTED_EDGE ('', *, *, #4725, .T.);
#5827 = EDGE_LOOP ('', (#5817, #5818, #5825, #5826));
#5828 = FACE_OUTER_BOUND ('', #5827, .T.);
#5829 = CARTESIAN_POINT ('', (154.362502082637, 145.499999999968, -5.84028254303848));
#5830 = CARTESIAN_POINT ('', (154.362502082637, 147.255896066736, -5.84028254303848));
#5831 = CARTESIAN_POINT ('', (153.120896066766, 148.497502082607, -5.84028254303848));
#5832 = CARTESIAN_POINT ('', (151.364999999998, 148.497502082607, -5.84028254303848));
#5833 = CARTESIAN_POINT ('', (154.396610211361, 145.499999999968, -6.18022613397246));
#5834 = CARTESIAN_POINT ('', (154.396610211361, 147.275876145956, -6.18022613397246));
#5835 = CARTESIAN_POINT ('', (153.140876145986, 148.531610211331, -6.18022613397246));
#5836 = CARTESIAN_POINT ('', (151.364999999998, 148.531610211331, -6.18022613397246));
#5837 = CARTESIAN_POINT ('', (154.155026882608, 145.499999999968, -6.42180946272482));
#5838 = CARTESIAN_POINT ('', (154.155026882608, 147.134359908416, -6.42180946272482));
#5839 = CARTESIAN_POINT ('', (152.999359908446, 148.290026882579, -6.42180946272482));
#5840 = CARTESIAN_POINT ('', (151.364999999998, 148.290026882579, -6.42180946272482));
#5841 = CARTESIAN_POINT ('', (153.815083291675, 145.499999999968, -6.38770133400091));
#5842 = CARTESIAN_POINT ('', (153.815083291675, 146.935225563288, -6.38770133400091));
#5843 = CARTESIAN_POINT ('', (152.800225563318, 147.950083291645, -6.38770133400091));
#5844 = CARTESIAN_POINT ('', (151.364999999998, 147.950083291645, -6.38770133400091));
#5845 = (
   BOUNDED_SURFACE ()
   B_SPLINE_SURFACE (3, 3, ((#5829, #5830, #5831, #5832), (#5833, #5834, #5835, #5836), (#5837, #5838, #5839, #5840), (#5841, #5842, #5843, #5844)), .UNSPECIFIED., .F., .F., .U.)
   B_SPLINE_SURFACE_WITH_KNOTS ((4, 4), (4, 4), (0., 1.), (0., 1.), .UNSPECIFIED.)
   GEOMETRIC_REPRESENTATION_ITEM ()
   RATIONAL_B_SPLINE_SURFACE (((1., 0.804737854124365, 0.804737854124365, 1.), (0.755320871117968, 0.60783529699882, 0.60783529699882, 0.755320871117968), (0.755320871117968, 0.60783529699882, 0.60783529699882, 0.755320871117968), (1., 0.804737854124365, 0.804737854124365, 1.)))
   REPRESENTATION_ITEM ('')
   SURFACE ()
);
#5846 = ADVANCED_FACE ('', (#5828), #5845, .T.);
#5847 = ORIENTED_EDGE ('', *, *, #5824, .T.);
#5848 = ORIENTED_EDGE ('', *, *, #5139, .T.);
#5849 = ORIENTED_EDGE ('', *, *, #5094, .F.);
#5850 = ORIENTED_EDGE ('', *, *, #4641, .T.);
#5851 = EDGE_LOOP ('', (#5847, #5848, #5849, #5850));
#5852 = FACE_OUTER_BOUND ('', #5851, .T.);
#5853 = CARTESIAN_POINT ('', (151.364999999998, 148.499999999968, -5.89019925136189));
#5854 = CARTESIAN_POINT ('', (-7.49499999999997, 148.499999999968, -5.89019925136189));
#5855 = CARTESIAN_POINT ('', (151.364999999998, 148.499999999968, -6.18309247017534));
#5856 = CARTESIAN_POINT ('', (-7.49499999999996, 148.499999999968, -6.18309247017534));
#5857 = CARTESIAN_POINT ('', (151.364999999998, 148.292893218782, -6.39019925136189));
#5858 = CARTESIAN_POINT ('', (-7.49499999999996, 148.292893218782, -6.39019925136189));
#5859 = CARTESIAN_POINT ('', (151.364999999998, 147.999999999968, -6.39019925136189));
#5860 = CARTESIAN_POINT ('', (-7.49499999999997, 147.999999999968, -6.39019925136189));
#5861 = (
   BOUNDED_SURFACE ()
   B_SPLINE_SURFACE (3, 1, ((#5853, #5854), (#5855, #5856), (#5857, #5858), (#5859, #5860)), .UNSPECIFIED., .F., .F., .U.)
   B_SPLINE_SURFACE_WITH_KNOTS ((4, 4), (2, 2), (0., 1.), (0., 1.), .UNSPECIFIED.)
   GEOMETRIC_REPRESENTATION_ITEM ()
   RATIONAL_B_SPLINE_SURFACE (((1., 1.), (0.804737854124365, 0.804737854124365), (0.804737854124365, 0.804737854124365), (1., 1.)))
   REPRESENTATION_ITEM ('')
   SURFACE ()
);
#5862 = ADVANCED_FACE ('', (#5852), #5861, .T.);
#5863 = CARTESIAN_POINT ('', (154.364999999998, -7.53621407955039, -5.89019925136189));
#5864 = CARTESIAN_POINT ('', (154.364999999998, -7.53621407955039, -6.18309247017534));
#5865 = CARTESIAN_POINT ('', (154.157893218811, -7.53621407955039, -6.39019925136189));
#5866 = CARTESIAN_POINT ('', (153.864999999998, -7.53621407955039, -6.39019925136189));
#5867 = (
   BOUNDED_CURVE ()
   B_SPLINE_CURVE (3, (#5863, #5864, #5865, #5866), .UNSPECIFIED., .F., .U.)
   B_SPLINE_CURVE_WITH_KNOTS ((4, 4), (0., 1.), .UNSPECIFIED.)
   CURVE ()
   GEOMETRIC_REPRESENTATION_ITEM ()
   RATIONAL_B_SPLINE_CURVE ((1., 0.804737854124365, 0.804737854124365, 1.))
   REPRESENTATION_ITEM ('')
);
#5868 = EDGE_CURVE ('', #4748, #5160, #5867, .T.);
#5869 = ORIENTED_EDGE ('', *, *, #5868, .T.);
#5870 = ORIENTED_EDGE ('', *, *, #5164, .T.);
#5871 = ORIENTED_EDGE ('', *, *, #5816, .F.);
#5872 = ORIENTED_EDGE ('', *, *, #4757, .F.);
#5873 = EDGE_LOOP ('', (#5869, #5870, #5871, #5872));
#5874 = FACE_OUTER_BOUND ('', #5873, .T.);
#5875 = CARTESIAN_POINT ('', (154.364999999998, -7.53621407955039, -5.89019925136189));
#5876 = CARTESIAN_POINT ('', (154.364999999998, 145.499999999968, -5.89019925136189));
#5877 = CARTESIAN_POINT ('', (154.364999999998, -7.53621407955039, -6.18309247017534));
#5878 = CARTESIAN_POINT ('', (154.364999999998, 145.499999999968, -6.18309247017534));
#5879 = CARTESIAN_POINT ('', (154.157893218811, -7.53621407955039, -6.39019925136189));
#5880 = CARTESIAN_POINT ('', (154.157893218811, 145.499999999968, -6.39019925136189));
#5881 = CARTESIAN_POINT ('', (153.864999999998, -7.53621407955039, -6.39019925136189));
#5882 = CARTESIAN_POINT ('', (153.864999999998, 145.499999999968, -6.39019925136189));
#5883 = (
   BOUNDED_SURFACE ()
   B_SPLINE_SURFACE (3, 1, ((#5875, #5876), (#5877, #5878), (#5879, #5880), (#5881, #5882)), .UNSPECIFIED., .F., .F., .U.)
   B_SPLINE_SURFACE_WITH_KNOTS ((4, 4), (2, 2), (0., 1.), (0., 1.), .UNSPECIFIED.)
   GEOMETRIC_REPRESENTATION_ITEM ()
   RATIONAL_B_SPLINE_SURFACE (((1., 1.), (0.804737854124365, 0.804737854124365), (0.804737854124365, 0.804737854124365), (1., 1.)))
   REPRESENTATION_ITEM ('')
   SURFACE ()
);
#5884 = ADVANCED_FACE ('', (#5874), #5883, .T.);
#5885 = CARTESIAN_POINT ('', (151.364999999998, -10.5362140795504, -5.89019925136199));
#5886 = CARTESIAN_POINT ('', (151.364999999998, -10.5362140795503, -6.18309247017535));
#5887 = CARTESIAN_POINT ('', (151.364999999998, -10.3291072983639, -6.39019925136184));
#5888 = CARTESIAN_POINT ('', (151.364999999998, -10.0362140795505, -6.39019925136189));
#5889 = (
   BOUNDED_CURVE ()
   B_SPLINE_CURVE (3, (#5885, #5886, #5887, #5888), .UNSPECIFIED., .F., .U.)
   B_SPLINE_CURVE_WITH_KNOTS ((4, 4), (0., 1.), .UNSPECIFIED.)
   CURVE ()
   GEOMETRIC_REPRESENTATION_ITEM ()
   RATIONAL_B_SPLINE_CURVE ((0.956578302349549, 0.769794770334791, 0.769794770334791, 0.95657830234955))
   REPRESENTATION_ITEM ('')
);
#5890 = EDGE_CURVE ('', #4830, #5167, #5889, .T.);
#5891 = ORIENTED_EDGE ('', *, *, #5890, .T.);
#5892 = ORIENTED_EDGE ('', *, *, #5182, .F.);
#5893 = ORIENTED_EDGE ('', *, *, #5868, .F.);
#5894 = ORIENTED_EDGE ('', *, *, #4841, .T.);
#5895 = EDGE_LOOP ('', (#5891, #5892, #5893, #5894));
#5896 = FACE_OUTER_BOUND ('', #5895, .T.);
#5897 = CARTESIAN_POINT ('', (151.364999999998, -10.5337161621894, -5.84028254303848));
#5898 = CARTESIAN_POINT ('', (153.120896066766, -10.5337161621894, -5.84028254303848));
#5899 = CARTESIAN_POINT ('', (154.362502082637, -9.29211014631874, -5.84028254303848));
#5900 = CARTESIAN_POINT ('', (154.362502082637, -7.53621407955041, -5.84028254303848));
#5901 = CARTESIAN_POINT ('', (151.364999999998, -10.5678242909133, -6.18022613397246));
#5902 = CARTESIAN_POINT ('', (153.140876145986, -10.5678242909133, -6.18022613397246));
#5903 = CARTESIAN_POINT ('', (154.396610211361, -9.31209022553803, -6.18022613397246));
#5904 = CARTESIAN_POINT ('', (154.396610211361, -7.53621407955039, -6.18022613397246));
#5905 = CARTESIAN_POINT ('', (151.364999999998, -10.326240962161, -6.42180946272482));
#5906 = CARTESIAN_POINT ('', (152.999359908446, -10.326240962161, -6.42180946272482));
#5907 = CARTESIAN_POINT ('', (154.155026882608, -9.17057398799813, -6.42180946272482));
#5908 = CARTESIAN_POINT ('', (154.155026882608, -7.53621407955039, -6.42180946272482));
#5909 = CARTESIAN_POINT ('', (151.364999999998, -9.98629737122699, -6.38770133400091));
#5910 = CARTESIAN_POINT ('', (152.800225563318, -9.98629737122699, -6.38770133400091));
#5911 = CARTESIAN_POINT ('', (153.815083291674, -8.97143964287084, -6.38770133400091));
#5912 = CARTESIAN_POINT ('', (153.815083291674, -7.53621407955041, -6.38770133400091));
#5913 = (
   BOUNDED_SURFACE ()
   B_SPLINE_SURFACE (3, 3, ((#5897, #5898, #5899, #5900), (#5901, #5902, #5903, #5904), (#5905, #5906, #5907, #5908), (#5909, #5910, #5911, #5912)), .UNSPECIFIED., .F., .F., .U.)
   B_SPLINE_SURFACE_WITH_KNOTS ((4, 4), (4, 4), (0., 1.), (0., 1.), .UNSPECIFIED.)
   GEOMETRIC_REPRESENTATION_ITEM ()
   RATIONAL_B_SPLINE_SURFACE (((1., 0.804737854124365, 0.804737854124365, 1.), (0.755320871117974, 0.607835296998824, 0.607835296998824, 0.755320871117974), (0.755320871117974, 0.607835296998824, 0.607835296998824, 0.755320871117974), (1., 0.804737854124365, 0.804737854124365, 1.)))
   REPRESENTATION_ITEM ('')
   SURFACE ()
);
#5914 = ADVANCED_FACE ('', (#5896), #5913, .T.);
#5915 = CARTESIAN_POINT ('', (125.848081569976, -10.0362140795505, -6.39019925136189));
#5916 = CARTESIAN_POINT ('', (125.848081569976, -10.3291072983638, -6.39019925136183));
#5917 = CARTESIAN_POINT ('', (125.848081569976, -10.5362140795503, -6.18309247017535));
#5918 = CARTESIAN_POINT ('', (125.848081569976, -10.5362140795504, -5.89019925136199));
#5919 = (
   BOUNDED_CURVE ()
   B_SPLINE_CURVE (3, (#5915, #5916, #5917, #5918), .UNSPECIFIED., .F., .U.)
   B_SPLINE_CURVE_WITH_KNOTS ((4, 4), (0., 1.), .UNSPECIFIED.)
   CURVE ()
   GEOMETRIC_REPRESENTATION_ITEM ()
   RATIONAL_B_SPLINE_CURVE ((0.95657830234954, 0.769794770334788, 0.769794770334791, 0.95657830234955))
   REPRESENTATION_ITEM ('')
);
#5920 = EDGE_CURVE ('', #5185, #4864, #5919, .T.);
#5921 = ORIENTED_EDGE ('', *, *, #5920, .F.);
#5922 = ORIENTED_EDGE ('', *, *, #5189, .F.);
#5923 = ORIENTED_EDGE ('', *, *, #5890, .F.);
#5924 = ORIENTED_EDGE ('', *, *, #4873, .F.);
#5925 = EDGE_LOOP ('', (#5921, #5922, #5923, #5924));
#5926 = FACE_OUTER_BOUND ('', #5925, .T.);
#5927 = CARTESIAN_POINT ('', (123.296389726974, -10.5362140795504, -5.89019925136189));
#5928 = CARTESIAN_POINT ('', (153.916691843, -10.5362140795504, -5.89019925136189));
#5929 = CARTESIAN_POINT ('', (123.296389726974, -10.5362140795504, -6.18309247017534));
#5930 = CARTESIAN_POINT ('', (153.916691843, -10.5362140795504, -6.18309247017534));
#5931 = CARTESIAN_POINT ('', (123.296389726974, -10.3291072983638, -6.39019925136189));
#5932 = CARTESIAN_POINT ('', (153.916691843, -10.3291072983638, -6.39019925136189));
#5933 = CARTESIAN_POINT ('', (123.296389726974, -10.0362140795504, -6.39019925136189));
#5934 = CARTESIAN_POINT ('', (153.916691843, -10.0362140795504, -6.39019925136189));
#5935 = (
   BOUNDED_SURFACE ()
   B_SPLINE_SURFACE (3, 1, ((#5927, #5928), (#5929, #5930), (#5931, #5932), (#5933, #5934)), .UNSPECIFIED., .F., .F., .U.)
   B_SPLINE_SURFACE_WITH_KNOTS ((4, 4), (2, 2), (0., 1.), (0., 1.), .UNSPECIFIED.)
   GEOMETRIC_REPRESENTATION_ITEM ()
   RATIONAL_B_SPLINE_SURFACE (((1., 1.), (0.804737854124365, 0.804737854124365), (0.804737854124365, 0.804737854124365), (1., 1.)))
   REPRESENTATION_ITEM ('')
   SURFACE ()
);
#5936 = ADVANCED_FACE ('', (#5926), #5935, .T.);
#5937 = ORIENTED_EDGE ('', *, *, #5920, .T.);
#5938 = CARTESIAN_POINT ('', (125.084190713291, -10.4373295131506, -5.89019925136199));
#5939 = VERTEX_POINT ('', #5938);
#5940 = CARTESIAN_POINT ('', (125.848081569976, -10.5362140795504, -5.89019925136199));
#5941 = CARTESIAN_POINT ('', (125.589902515434, -10.5362140795504, -5.89019925136199));
#5942 = CARTESIAN_POINT ('', (125.333859793212, -10.5030697195345, -5.89019925136199));
#5943 = CARTESIAN_POINT ('', (125.084190713291, -10.4373295131506, -5.89019925136199));
#5944 = (
   BOUNDED_CURVE ()
   B_SPLINE_CURVE (3, (#5940, #5941, #5942, #5943), .UNSPECIFIED., .F., .U.)
   B_SPLINE_CURVE_WITH_KNOTS ((4, 4), (0., 1.), .UNSPECIFIED.)
   CURVE ()
   GEOMETRIC_REPRESENTATION_ITEM ()
   RATIONAL_B_SPLINE_CURVE ((0.956578302349547, 0.951301424133789, 0.951301424133789, 0.956578302349547))
   REPRESENTATION_ITEM ('')
);
#5945 = EDGE_CURVE ('', #4864, #5939, #5944, .T.);
#5946 = ORIENTED_EDGE ('', *, *, #5945, .T.);
#5947 = CARTESIAN_POINT ('', (125.084190713291, -10.4373295131506, -5.89019925136199));
#5948 = CARTESIAN_POINT ('', (125.084190713291, -10.4373295131506, -6.18309247017535));
#5949 = CARTESIAN_POINT ('', (125.136926372126, -10.2370492867161, -6.39019925136184));
#5950 = CARTESIAN_POINT ('', (125.211505856072, -9.95381027421733, -6.39019925136189));
#5951 = (
   BOUNDED_CURVE ()
   B_SPLINE_CURVE (3, (#5947, #5948, #5949, #5950), .UNSPECIFIED., .F., .U.)
   B_SPLINE_CURVE_WITH_KNOTS ((4, 4), (0., 1.), .UNSPECIFIED.)
   CURVE ()
   GEOMETRIC_REPRESENTATION_ITEM ()
   RATIONAL_B_SPLINE_CURVE ((0.956578302349548, 0.769794770334789, 0.769794770334788, 0.956578302349546))
   REPRESENTATION_ITEM ('')
);
#5952 = EDGE_CURVE ('', #5939, #5192, #5951, .T.);
#5953 = ORIENTED_EDGE ('', *, *, #5952, .T.);
#5954 = ORIENTED_EDGE ('', *, *, #5198, .T.);
#5955 = EDGE_LOOP ('', (#5937, #5946, #5953, #5954));
#5956 = FACE_OUTER_BOUND ('', #5955, .T.);
#5957 = CARTESIAN_POINT ('', (125.084826758702, -10.434913930948, -5.84028254303848));
#5958 = CARTESIAN_POINT ('', (125.33428795438, -10.5005993994643, -5.84028254303848));
#5959 = CARTESIAN_POINT ('', (125.590117485415, -10.5337161621894, -5.84028254303848));
#5960 = CARTESIAN_POINT ('', (125.848081569976, -10.5337161621894, -5.84028254303848));
#5961 = CARTESIAN_POINT ('', (125.076141796145, -10.4678978038321, -6.18022613397246));
#5962 = CARTESIAN_POINT ('', (125.328441573528, -10.5343306974889, -6.18022613397246));
#5963 = CARTESIAN_POINT ('', (125.587182150607, -10.5678242909133, -6.18022613397246));
#5964 = CARTESIAN_POINT ('', (125.848081569976, -10.5678242909133, -6.18022613397246));
#5965 = CARTESIAN_POINT ('', (125.137656228132, -10.2342774293174, -6.42180946272482));
#5966 = CARTESIAN_POINT ('', (125.369850709711, -10.2954164103439, -6.42180946272482));
#5967 = CARTESIAN_POINT ('', (125.607972735743, -10.326240962161, -6.42180946272482));
#5968 = CARTESIAN_POINT ('', (125.848081569976, -10.3262409621609, -6.42180946272482));
#5969 = CARTESIAN_POINT ('', (125.224216161766, -9.90553889658004, -6.38770133400091));
#5970 = CARTESIAN_POINT ('', (125.428119508821, -9.95922855699758, -6.3877013340009));
#5971 = CARTESIAN_POINT ('', (125.637228174045, -9.98629737122697, -6.3877013340009));
#5972 = CARTESIAN_POINT ('', (125.848081569976, -9.98629737122697, -6.38770133400091));
#5973 = (
   BOUNDED_SURFACE ()
   B_SPLINE_SURFACE (3, 3, ((#5957, #5958, #5959, #5960), (#5961, #5962, #5963, #5964), (#5965, #5966, #5967, #5968), (#5969, #5970, #5971, #5972)), .UNSPECIFIED., .F., .F., .U.)
   B_SPLINE_SURFACE_WITH_KNOTS ((4, 4), (4, 4), (0., 1.), (0., 1.), .UNSPECIFIED.)
   GEOMETRIC_REPRESENTATION_ITEM ()
   RATIONAL_B_SPLINE_SURFACE (((1., 0.994483589892436, 0.994483589892436, 1.), (0.755320871117971, 0.751154211430082, 0.751154211430082, 0.755320871117971), (0.755320871117971, 0.751154211430082, 0.751154211430082, 0.755320871117971), (1., 0.994483589892436, 0.994483589892436, 1.)))
   REPRESENTATION_ITEM ('')
   SURFACE ()
);
#5974 = ADVANCED_FACE ('', (#5956), #5973, .T.);
#5975 = ORIENTED_EDGE ('', *, *, #4868, .F.);
#5976 = ORIENTED_EDGE ('', *, *, #4921, .T.);
#5977 = CARTESIAN_POINT ('', (125.084190713291, -10.4373295131506, -2.67077142648074));
#5978 = CARTESIAN_POINT ('', (125.084190713291, -10.4373295131506, -5.89019925136189));
#5979 = B_SPLINE_CURVE_WITH_KNOTS ('', 1, (#5977, #5978), .UNSPECIFIED., .F., .U., (2, 2), (0., 1.), .UNSPECIFIED.);
#5980 = EDGE_CURVE ('', #4908, #5939, #5979, .T.);
#5981 = ORIENTED_EDGE ('', *, *, #5980, .T.);
#5982 = ORIENTED_EDGE ('', *, *, #5945, .F.);
#5983 = EDGE_LOOP ('', (#5975, #5976, #5981, #5982));
#5984 = FACE_OUTER_BOUND ('', #5983, .T.);
#5985 = CARTESIAN_POINT ('', (125.848081569976, -10.5362140795504, -2.34882864399262));
#5986 = CARTESIAN_POINT ('', (125.848081569976, -10.5362140795504, -6.21214203385001));
#5987 = CARTESIAN_POINT ('', (125.589902515434, -10.5362140795504, -2.34882864399262));
#5988 = CARTESIAN_POINT ('', (125.589902515434, -10.5362140795504, -6.21214203385));
#5989 = CARTESIAN_POINT ('', (125.333859793212, -10.5030697195345, -2.34882864399262));
#5990 = CARTESIAN_POINT ('', (125.333859793212, -10.5030697195345, -6.21214203385));
#5991 = CARTESIAN_POINT ('', (125.084190713291, -10.4373295131506, -2.34882864399262));
#5992 = CARTESIAN_POINT ('', (125.084190713291, -10.4373295131506, -6.21214203385001));
#5993 = (
   BOUNDED_SURFACE ()
   B_SPLINE_SURFACE (3, 1, ((#5985, #5986), (#5987, #5988), (#5989, #5990), (#5991, #5992)), .UNSPECIFIED., .F., .F., .U.)
   B_SPLINE_SURFACE_WITH_KNOTS ((4, 4), (2, 2), (0., 1.), (0., 1.), .UNSPECIFIED.)
   GEOMETRIC_REPRESENTATION_ITEM ()
   RATIONAL_B_SPLINE_SURFACE (((1., 1.), (0.994483589892436, 0.994483589892436), (0.994483589892436, 0.994483589892436), (1., 1.)))
   REPRESENTATION_ITEM ('')
   SURFACE ()
);
#5994 = ADVANCED_FACE ('', (#5984), #5993, .T.);
#5995 = ORIENTED_EDGE ('', *, *, #5980, .F.);
#5996 = ORIENTED_EDGE ('', *, *, #4957, .F.);
#5997 = CARTESIAN_POINT ('', (-8.25889085668474, 24.6731523497057, -5.89019925136199));
#5998 = VERTEX_POINT ('', #5997);
#5999 = CARTESIAN_POINT ('', (-8.25889085668474, 24.6731523497057, -5.89019925136189));
#6000 = CARTESIAN_POINT ('', (-8.25889085668474, 24.6731523497057, -2.67077142648074));
#6001 = B_SPLINE_CURVE_WITH_KNOTS ('', 1, (#5999, #6000), .UNSPECIFIED., .F., .U., (2, 2), (0., 1.), .UNSPECIFIED.);
#6002 = EDGE_CURVE ('', #5998, #4946, #6001, .T.);
#6003 = ORIENTED_EDGE ('', *, *, #6002, .F.);
#6004 = CARTESIAN_POINT ('', (-8.25889085668474, 24.6731523497057, -5.89019925136189));
#6005 = CARTESIAN_POINT ('', (125.084190713291, -10.4373295131506, -5.89019925136189));
#6006 = B_SPLINE_CURVE_WITH_KNOTS ('', 1, (#6004, #6005), .UNSPECIFIED., .F., .U., (2, 2), (0., 1.), .UNSPECIFIED.);
#6007 = EDGE_CURVE ('', #5998, #5939, #6006, .T.);
#6008 = ORIENTED_EDGE ('', *, *, #6007, .T.);
#6009 = EDGE_LOOP ('', (#5995, #5996, #6003, #6008));
#6010 = FACE_OUTER_BOUND ('', #6009, .T.);
#6011 = CARTESIAN_POINT ('', (-8.25889085668474, 24.6731523497057, -5.89019925136189));
#6012 = CARTESIAN_POINT ('', (-8.25889085668474, 24.6731523497057, -2.67077142648074));
#6013 = CARTESIAN_POINT ('', (125.084190713291, -10.4373295131506, -5.89019925136189));
#6014 = CARTESIAN_POINT ('', (125.084190713291, -10.4373295131506, -2.67077142648074));
#6015 = B_SPLINE_SURFACE_WITH_KNOTS ('', 1, 1, ((#6011, #6012), (#6013, #6014)), .UNSPECIFIED., .F., .F., .U., (2, 2), (2, 2), (0., 1.), (0., 1.), .UNSPECIFIED.);
#6016 = ADVANCED_FACE ('', (#6010), #6015, .T.);
#6017 = ORIENTED_EDGE ('', *, *, #6002, .T.);
#6018 = ORIENTED_EDGE ('', *, *, #4987, .T.);
#6019 = ORIENTED_EDGE ('', *, *, #5034, .F.);
#6020 = CARTESIAN_POINT ('', (-8.25889085668474, 24.6731523497057, -5.89019925136199));
#6021 = CARTESIAN_POINT ('', (-9.62965430904304, 25.0340872011103, -5.89019925136199));
#6022 = CARTESIAN_POINT ('', (-10.495, 26.1567818365397, -5.89019925136199));
#6023 = CARTESIAN_POINT ('', (-10.495, 27.5742677833059, -5.89019925136199));
#6024 = (
   BOUNDED_CURVE ()
   B_SPLINE_CURVE (3, (#6020, #6021, #6022, #6023), .UNSPECIFIED., .F., .U.)
   B_SPLINE_CURVE_WITH_KNOTS ((4, 4), (0., 1.), .UNSPECIFIED.)
   CURVE ()
   GEOMETRIC_REPRESENTATION_ITEM ()
   RATIONAL_B_SPLINE_CURVE ((0.956578302349548, 0.823953367436066, 0.823953367436066, 0.956578302349548))
   REPRESENTATION_ITEM ('')
);
#6025 = EDGE_CURVE ('', #5998, #5030, #6024, .T.);
#6026 = ORIENTED_EDGE ('', *, *, #6025, .F.);
#6027 = EDGE_LOOP ('', (#6017, #6018, #6019, #6026));
#6028 = FACE_OUTER_BOUND ('', #6027, .T.);
#6029 = CARTESIAN_POINT ('', (-8.25889085668474, 24.6731523497057, -2.34882864399262));
#6030 = CARTESIAN_POINT ('', (-8.25889085668474, 24.6731523497057, -6.21214203385001));
#6031 = CARTESIAN_POINT ('', (-9.62965430904304, 25.0340872011103, -2.34882864399262));
#6032 = CARTESIAN_POINT ('', (-9.62965430904304, 25.0340872011103, -6.21214203385));
#6033 = CARTESIAN_POINT ('', (-10.495, 26.1567818365397, -2.34882864399262));
#6034 = CARTESIAN_POINT ('', (-10.495, 26.1567818365397, -6.21214203385));
#6035 = CARTESIAN_POINT ('', (-10.495, 27.5742677833059, -2.34882864399262));
#6036 = CARTESIAN_POINT ('', (-10.495, 27.5742677833059, -6.21214203385001));
#6037 = (
   BOUNDED_SURFACE ()
   B_SPLINE_SURFACE (3, 1, ((#6029, #6030), (#6031, #6032), (#6033, #6034), (#6035, #6036)), .UNSPECIFIED., .F., .F., .U.)
   B_SPLINE_SURFACE_WITH_KNOTS ((4, 4), (2, 2), (0., 1.), (0., 1.), .UNSPECIFIED.)
   GEOMETRIC_REPRESENTATION_ITEM ()
   RATIONAL_B_SPLINE_SURFACE (((1., 1.), (0.861354857633997, 0.861354857633997), (0.861354857633997, 0.861354857633997), (1., 1.)))
   REPRESENTATION_ITEM ('')
   SURFACE ()
);
#6038 = ADVANCED_FACE ('', (#6028), #6037, .T.);
#6039 = CARTESIAN_POINT ('', (-8.13157571390397, 25.156671588639, -6.39019925136189));
#6040 = CARTESIAN_POINT ('', (-8.20615519784947, 24.8734325761402, -6.39019925136184));
#6041 = CARTESIAN_POINT ('', (-8.25889085668472, 24.6731523497057, -6.18309247017535));
#6042 = CARTESIAN_POINT ('', (-8.25889085668474, 24.6731523497057, -5.89019925136199));
#6043 = (
   BOUNDED_CURVE ()
   B_SPLINE_CURVE (3, (#6039, #6040, #6041, #6042), .UNSPECIFIED., .F., .U.)
   B_SPLINE_CURVE_WITH_KNOTS ((4, 4), (0., 1.), .UNSPECIFIED.)
   CURVE ()
   GEOMETRIC_REPRESENTATION_ITEM ()
   RATIONAL_B_SPLINE_CURVE ((0.956578302349557, 0.76979477033479, 0.769794770334788, 0.956578302349548))
   REPRESENTATION_ITEM ('')
);
#6044 = EDGE_CURVE ('', #5201, #5998, #6043, .T.);
#6045 = ORIENTED_EDGE ('', *, *, #6044, .T.);
#6046 = ORIENTED_EDGE ('', *, *, #6025, .T.);
#6047 = ORIENTED_EDGE ('', *, *, #5058, .T.);
#6048 = ORIENTED_EDGE ('', *, *, #5223, .F.);
#6049 = EDGE_LOOP ('', (#6045, #6046, #6047, #6048));
#6050 = FACE_OUTER_BOUND ('', #6049, .T.);
#6051 = CARTESIAN_POINT ('', (-10.492502082639, 27.5742677833059, -5.84028254303848));
#6052 = CARTESIAN_POINT ('', (-10.492502082639, 26.1579620907915, -5.84028254303848));
#6053 = CARTESIAN_POINT ('', (-9.62787691235695, 25.0362022548357, -5.84028254303848));
#6054 = CARTESIAN_POINT ('', (-8.2582548112738, 24.6755679319083, -5.84028254303848));
#6055 = CARTESIAN_POINT ('', (-10.5266102113629, 27.5742677833059, -6.18022613397246));
#6056 = CARTESIAN_POINT ('', (-10.5266102113629, 26.1418461597459, -6.18022613397246));
#6057 = CARTESIAN_POINT ('', (-9.65214660034158, 25.0073219860759, -6.18022613397246));
#6058 = CARTESIAN_POINT ('', (-8.26693977383074, 24.6425840590242, -6.18022613397246));
#6059 = CARTESIAN_POINT ('', (-10.2850268826106, 27.5742677833059, -6.42180946272482));
#6060 = CARTESIAN_POINT ('', (-10.2850268826106, 26.2559931509058, -6.42180946272482));
#6061 = CARTESIAN_POINT ('', (-9.48024763577019, 25.2118770796355, -6.42180946272482));
#6062 = CARTESIAN_POINT ('', (-8.20542534184361, 24.8762044335389, -6.42180946272482));
#6063 = CARTESIAN_POINT ('', (-9.94508329167657, 27.5742677833059, -6.38770133400091));
#6064 = CARTESIAN_POINT ('', (-9.94508329167657, 26.4166149051865, -6.38770133400091));
#6065 = CARTESIAN_POINT ('', (-9.23836028536392, 25.499716449213, -6.38770133400091));
#6066 = CARTESIAN_POINT ('', (-8.11886540820926, 25.2049429662762, -6.38770133400091));
#6067 = (
   BOUNDED_SURFACE ()
   B_SPLINE_SURFACE (3, 3, ((#6051, #6052, #6053, #6054), (#6055, #6056, #6057, #6058), (#6059, #6060, #6061, #6062), (#6063, #6064, #6065, #6066)), .UNSPECIFIED., .F., .F., .U.)
   B_SPLINE_SURFACE_WITH_KNOTS ((4, 4), (4, 4), (0., 1.), (0., 1.), .UNSPECIFIED.)
   GEOMETRIC_REPRESENTATION_ITEM ()
   RATIONAL_B_SPLINE_SURFACE (((1., 0.861354857633997, 0.861354857633997, 1.), (0.755320871117973, 0.650599301409809, 0.650599301409809, 0.755320871117973), (0.755320871117973, 0.650599301409809, 0.650599301409809, 0.755320871117973), (1., 0.861354857633997, 0.861354857633997, 1.)))
   REPRESENTATION_ITEM ('')
   SURFACE ()
);
#6068 = ADVANCED_FACE ('', (#6050), #6067, .T.);
#6069 = ORIENTED_EDGE ('', *, *, #5952, .F.);
#6070 = ORIENTED_EDGE ('', *, *, #6007, .F.);
#6071 = ORIENTED_EDGE ('', *, *, #6044, .F.);
#6072 = ORIENTED_EDGE ('', *, *, #5207, .F.);
#6073 = EDGE_LOOP ('', (#6069, #6070, #6071, #6072));
#6074 = FACE_OUTER_BOUND ('', #6073, .T.);
#6075 = CARTESIAN_POINT ('', (-8.25889085668474, 24.6731523497057, -5.89019925136189));
#6076 = CARTESIAN_POINT ('', (125.084190713291, -10.4373295131506, -5.89019925136189));
#6077 = CARTESIAN_POINT ('', (-8.25889085668474, 24.6731523497057, -6.18309247017534));
#6078 = CARTESIAN_POINT ('', (125.084190713291, -10.4373295131506, -6.18309247017534));
#6079 = CARTESIAN_POINT ('', (-8.20615519784947, 24.8734325761402, -6.39019925136189));
#6080 = CARTESIAN_POINT ('', (125.136926372126, -10.2370492867161, -6.39019925136189));
#6081 = CARTESIAN_POINT ('', (-8.13157571390395, 25.156671588639, -6.39019925136189));
#6082 = CARTESIAN_POINT ('', (125.211505856072, -9.95381027421723, -6.39019925136189));
#6083 = (
   BOUNDED_SURFACE ()
   B_SPLINE_SURFACE (3, 1, ((#6075, #6076), (#6077, #6078), (#6079, #6080), (#6081, #6082)), .UNSPECIFIED., .F., .F., .U.)
   B_SPLINE_SURFACE_WITH_KNOTS ((4, 4), (2, 2), (0., 1.), (0., 1.), .UNSPECIFIED.)
   GEOMETRIC_REPRESENTATION_ITEM ()
   RATIONAL_B_SPLINE_SURFACE (((1., 1.), (0.804737854124365, 0.804737854124365), (0.804737854124365, 0.804737854124365), (1., 1.)))
   REPRESENTATION_ITEM ('')
   SURFACE ()
);
#6084 = ADVANCED_FACE ('', (#6074), #6083, .T.);
#6085 = CLOSED_SHELL ('', (#53, #81, #126, #182, #236, #264, #318, #346, #400, #484, #512, #557, #594, #895, #974, #983, #1062, #1071, #1150, #1159, #1187, #1215, #1265, #1302, #1352, #1413, #1464, #1500, #1528, #1574, #1889, #1968, #1977, #2056, #2065, #2144, #2153, #2181, #2209, #2251, #2279, #2316, #2347, #2479, #2558, #2567, #2646, #2655, #2731, #2765, #2808, #2850, #2862, #2890, #2912, #2934, #2970, #3007, #3268, #3347, #3356, #3435, #3444, #3523, #3532, #3548, #3564, #3580, #3608, #3632, #3660, #3696, #3712, #3740, #3760, #3782, #3798, #3820, #3836, #3872, #3892, #3908, #3924, #3946, #3962, #4144, #4181, #4203, #4234, #4344, #4423, #4432, #4460, #4482, #4504, #4526, #4542, #4588, #4622, #4650, #4672, #4710, #4738, #4766, #4788, #4826, #4854, #4882, #4904, #4942, #4970, #5008, #5028, #5050, #5086, #5133, #5458, #5537, #5546, #5625, #5634, #5713, #5722, #5801, #5810, #5846, #5862, #5884, #5914, #5936, #5974, #5994, #6016, #6038, #6068, #6084));
#6086 = MANIFOLD_SOLID_BREP ('', #6085);
#6087 = (
   LENGTH_UNIT ()
   NAMED_UNIT (*)
   SI_UNIT (.MILLI., .METRE.)
);
#6088 = (
   NAMED_UNIT (*)
   SI_UNIT ($, .STERADIAN.)
   SOLID_ANGLE_UNIT ()
);
#6089 = (
   NAMED_UNIT (*)
   PLANE_ANGLE_UNIT ()
   SI_UNIT ($, .RADIAN.)
);
#6090 = UNCERTAINTY_MEASURE_WITH_UNIT (LENGTH_MEASURE(1.E-6), #6087, 'DISTANCE_ACCURACY_VALUE', '');
#6091 = (
   GEOMETRIC_REPRESENTATION_CONTEXT (3)
   GLOBAL_UNCERTAINTY_ASSIGNED_CONTEXT ((#6090))
   GLOBAL_UNIT_ASSIGNED_CONTEXT ((#6087, #6088, #6089))
   REPRESENTATION_CONTEXT ('', '3D')
);
#6092 = SHAPE_REPRESENTATION ('', (), #6091);
#6093 = APPLICATION_CONTEXT ('configuration controlled 3D designs of mechanical parts and assemblies');
#6094 = APPLICATION_PROTOCOL_DEFINITION ('International Standard', 'config_control_design', 1997, #6093);
#6095 = MECHANICAL_CONTEXT ('', #6093, 'mechanical');
#6096 = PRODUCT ('', '', '', (#6095));
#6097 = PERSON_AND_ORGANIZATION_ROLE ('design_owner');
#6098 = PERSON ('#6098', '', $, $, $, $);
#6099 = ORGANIZATION ($, '', '');
#6100 = PERSON_AND_ORGANIZATION (#6098, #6099);
#6101 = CC_DESIGN_PERSON_AND_ORGANIZATION_ASSIGNMENT (#6100, #6097, (#6096));
#6102 = PRODUCT_RELATED_PRODUCT_CATEGORY ('detail', $, (#6096));
#6103 = PRODUCT_DEFINITION_FORMATION_WITH_SPECIFIED_SOURCE ('', '', #6096, .NOT_KNOWN.);
#6104 = APPROVAL_STATUS ('approved');
#6105 = APPROVAL (#6104, '');
#6106 = CALENDAR_DATE (2026, 5, 5);
#6107 = COORDINATED_UNIVERSAL_TIME_OFFSET (0, $, .AHEAD.);
#6108 = LOCAL_TIME (18, 19, 2., #6107);
#6109 = DATE_AND_TIME (#6106, #6108);
#6110 = APPROVAL_DATE_TIME (#6109, #6105);
#6111 = APPROVAL_ROLE ('');
#6112 = PERSON ('#6112', '', $, $, $, $);
#6113 = ORGANIZATION ($, '', '');
#6114 = PERSON_AND_ORGANIZATION (#6112, #6113);
#6115 = APPROVAL_PERSON_ORGANIZATION (#6114, #6105, #6111);
#6116 = CC_DESIGN_APPROVAL (#6105, (#6103));
#6117 = PERSON_AND_ORGANIZATION_ROLE ('creator');
#6118 = PERSON ('#6118', '', $, $, $, $);
#6119 = ORGANIZATION ($, '', '');
#6120 = PERSON_AND_ORGANIZATION (#6118, #6119);
#6121 = CC_DESIGN_PERSON_AND_ORGANIZATION_ASSIGNMENT (#6120, #6117, (#6103));
#6122 = PERSON_AND_ORGANIZATION_ROLE ('part_supplier');
#6123 = PERSON ('#6123', '', $, $, $, $);
#6124 = ORGANIZATION ($, '', '');
#6125 = PERSON_AND_ORGANIZATION (#6123, #6124);
#6126 = CC_DESIGN_PERSON_AND_ORGANIZATION_ASSIGNMENT (#6125, #6122, (#6103));
#6127 = SECURITY_CLASSIFICATION_LEVEL ('unclassified');
#6128 = SECURITY_CLASSIFICATION ('', '', #6127);
#6129 = APPROVAL_STATUS ('approved');
#6130 = APPROVAL (#6129, '');
#6131 = CALENDAR_DATE (2026, 5, 5);
#6132 = COORDINATED_UNIVERSAL_TIME_OFFSET (0, $, .AHEAD.);
#6133 = LOCAL_TIME (18, 19, 2., #6132);
#6134 = DATE_AND_TIME (#6131, #6133);
#6135 = APPROVAL_DATE_TIME (#6134, #6130);
#6136 = APPROVAL_ROLE ('');
#6137 = PERSON ('#6137', '', $, $, $, $);
#6138 = ORGANIZATION ($, '', '');
#6139 = PERSON_AND_ORGANIZATION (#6137, #6138);
#6140 = APPROVAL_PERSON_ORGANIZATION (#6139, #6130, #6136);
#6141 = CC_DESIGN_APPROVAL (#6130, (#6128));
#6142 = DATE_TIME_ROLE ('classification_date');
#6143 = CALENDAR_DATE (2026, 5, 5);
#6144 = COORDINATED_UNIVERSAL_TIME_OFFSET (0, $, .AHEAD.);
#6145 = LOCAL_TIME (18, 19, 2., #6144);
#6146 = DATE_AND_TIME (#6143, #6145);
#6147 = CC_DESIGN_DATE_AND_TIME_ASSIGNMENT (#6146, #6142, (#6128));
#6148 = PERSON_AND_ORGANIZATION_ROLE ('classification_officer');
#6149 = PERSON ('#6149', '', $, $, $, $);
#6150 = ORGANIZATION ($, '', '');
#6151 = PERSON_AND_ORGANIZATION (#6149, #6150);
#6152 = CC_DESIGN_PERSON_AND_ORGANIZATION_ASSIGNMENT (#6151, #6148, (#6128));
#6153 = CC_DESIGN_SECURITY_CLASSIFICATION (#6128, (#6103));
#6154 = DESIGN_CONTEXT ('', #6093, 'design');
#6155 = APPROVAL_STATUS ('approved');
#6156 = APPROVAL (#6155, '');
#6157 = CALENDAR_DATE (2026, 5, 5);
#6158 = COORDINATED_UNIVERSAL_TIME_OFFSET (0, $, .AHEAD.);
#6159 = LOCAL_TIME (18, 19, 2., #6158);
#6160 = DATE_AND_TIME (#6157, #6159);
#6161 = APPROVAL_DATE_TIME (#6160, #6156);
#6162 = APPROVAL_ROLE ('');
#6163 = PERSON ('#6163', '', $, $, $, $);
#6164 = ORGANIZATION ($, '', '');
#6165 = PERSON_AND_ORGANIZATION (#6163, #6164);
#6166 = APPROVAL_PERSON_ORGANIZATION (#6165, #6156, #6162);
#6167 = CC_DESIGN_APPROVAL (#6156, (*));
#6168 = DATE_TIME_ROLE ('creation_date');
#6169 = CALENDAR_DATE (2026, 5, 5);
#6170 = COORDINATED_UNIVERSAL_TIME_OFFSET (0, $, .AHEAD.);
#6171 = LOCAL_TIME (18, 19, 2., #6170);
#6172 = DATE_AND_TIME (#6169, #6171);
#6173 = CC_DESIGN_DATE_AND_TIME_ASSIGNMENT (#6172, #6168, (*));
#6174 = PERSON_AND_ORGANIZATION_ROLE ('creator');
#6175 = PERSON ('#6175', '', $, $, $, $);
#6176 = ORGANIZATION ($, '', '');
#6177 = PERSON_AND_ORGANIZATION (#6175, #6176);
#6178 = CC_DESIGN_PERSON_AND_ORGANIZATION_ASSIGNMENT (#6177, #6174, (*));
#6179 = PRODUCT_DEFINITION ('', '', #6103, #6154);
#6180 = PRODUCT_DEFINITION_SHAPE ('', '', #6179);
#6181 = SHAPE_DEFINITION_REPRESENTATION (#6180, #6092);
#6182 = SHAPE_REPRESENTATION_RELATIONSHIP ('', '', #6092, #6183);
#6183 = ADVANCED_BREP_SHAPE_REPRESENTATION ('', (#6086), #6091);
ENDSEC;
END-ISO-10303-21;
